"Time stamp","System power generated | (kW)"
"Jan 1, 12:00 am",0
"Jan 1, 01:00 am",0
"Jan 1, 02:00 am",0
"Jan 1, 03:00 am",0
"Jan 1, 04:00 am",0
"Jan 1, 05:00 am",0
"Jan 1, 06:00 am",0
"Jan 1, 07:00 am",0
"Jan 1, 08:00 am",6.34797
"Jan 1, 09:00 am",10.9016
"Jan 1, 10:00 am",13.562
"Jan 1, 11:00 am",14.9471
"Jan 1, 12:00 pm",15.4077
"Jan 1, 01:00 pm",14.8118
"Jan 1, 02:00 pm",13.2246
"Jan 1, 03:00 pm",10.3841
"Jan 1, 04:00 pm",6.10883
"Jan 1, 05:00 pm",-0
"Jan 1, 06:00 pm",0
"Jan 1, 07:00 pm",0
"Jan 1, 08:00 pm",0
"Jan 1, 09:00 pm",0
"Jan 1, 10:00 pm",0
"Jan 1, 11:00 pm",0
"Jan 2, 12:00 am",0
"Jan 2, 01:00 am",0
"Jan 2, 02:00 am",0
"Jan 2, 03:00 am",0
"Jan 2, 04:00 am",0
"Jan 2, 05:00 am",0
"Jan 2, 06:00 am",0
"Jan 2, 07:00 am",0
"Jan 2, 08:00 am",6.06787
"Jan 2, 09:00 am",10.7256
"Jan 2, 10:00 am",13.5289
"Jan 2, 11:00 am",14.938
"Jan 2, 12:00 pm",15.4116
"Jan 2, 01:00 pm",14.7846
"Jan 2, 02:00 pm",13.1268
"Jan 2, 03:00 pm",10.2059
"Jan 2, 04:00 pm",6.06936
"Jan 2, 05:00 pm",-0
"Jan 2, 06:00 pm",0
"Jan 2, 07:00 pm",0
"Jan 2, 08:00 pm",0
"Jan 2, 09:00 pm",0
"Jan 2, 10:00 pm",0
"Jan 2, 11:00 pm",0
"Jan 3, 12:00 am",0
"Jan 3, 01:00 am",0
"Jan 3, 02:00 am",0
"Jan 3, 03:00 am",0
"Jan 3, 04:00 am",0
"Jan 3, 05:00 am",0
"Jan 3, 06:00 am",0
"Jan 3, 07:00 am",0
"Jan 3, 08:00 am",5.84525
"Jan 3, 09:00 am",10.2696
"Jan 3, 10:00 am",12.9598
"Jan 3, 11:00 am",14.4888
"Jan 3, 12:00 pm",11.466
"Jan 3, 01:00 pm",1.9113
"Jan 3, 02:00 pm",4.3965
"Jan 3, 03:00 pm",10.3151
"Jan 3, 04:00 pm",6.15818
"Jan 3, 05:00 pm",-0
"Jan 3, 06:00 pm",0
"Jan 3, 07:00 pm",0
"Jan 3, 08:00 pm",0
"Jan 3, 09:00 pm",0
"Jan 3, 10:00 pm",0
"Jan 3, 11:00 pm",0
"Jan 4, 12:00 am",0
"Jan 4, 01:00 am",0
"Jan 4, 02:00 am",0
"Jan 4, 03:00 am",0
"Jan 4, 04:00 am",0
"Jan 4, 05:00 am",0
"Jan 4, 06:00 am",0
"Jan 4, 07:00 am",0
"Jan 4, 08:00 am",6.31125
"Jan 4, 09:00 am",10.8276
"Jan 4, 10:00 am",13.5761
"Jan 4, 11:00 am",14.7355
"Jan 4, 12:00 pm",15.1857
"Jan 4, 01:00 pm",14.6462
"Jan 4, 02:00 pm",12.9876
"Jan 4, 03:00 pm",10.336
"Jan 4, 04:00 pm",6.23453
"Jan 4, 05:00 pm",-0
"Jan 4, 06:00 pm",0
"Jan 4, 07:00 pm",0
"Jan 4, 08:00 pm",0
"Jan 4, 09:00 pm",0
"Jan 4, 10:00 pm",0
"Jan 4, 11:00 pm",0
"Jan 5, 12:00 am",0
"Jan 5, 01:00 am",0
"Jan 5, 02:00 am",0
"Jan 5, 03:00 am",0
"Jan 5, 04:00 am",0
"Jan 5, 05:00 am",0
"Jan 5, 06:00 am",0
"Jan 5, 07:00 am",0
"Jan 5, 08:00 am",5.97682
"Jan 5, 09:00 am",10.5877
"Jan 5, 10:00 am",13.2034
"Jan 5, 11:00 am",14.7012
"Jan 5, 12:00 pm",15.1891
"Jan 5, 01:00 pm",14.6942
"Jan 5, 02:00 pm",13.0833
"Jan 5, 03:00 pm",10.4722
"Jan 5, 04:00 pm",6.33239
"Jan 5, 05:00 pm",-0
"Jan 5, 06:00 pm",0
"Jan 5, 07:00 pm",0
"Jan 5, 08:00 pm",0
"Jan 5, 09:00 pm",0
"Jan 5, 10:00 pm",0
"Jan 5, 11:00 pm",0
"Jan 6, 12:00 am",0
"Jan 6, 01:00 am",0
"Jan 6, 02:00 am",0
"Jan 6, 03:00 am",0
"Jan 6, 04:00 am",0
"Jan 6, 05:00 am",0
"Jan 6, 06:00 am",0
"Jan 6, 07:00 am",0
"Jan 6, 08:00 am",5.73076
"Jan 6, 09:00 am",10.2641
"Jan 6, 10:00 am",12.9889
"Jan 6, 11:00 am",14.284
"Jan 6, 12:00 pm",14.7334
"Jan 6, 01:00 pm",14.1953
"Jan 6, 02:00 pm",12.8565
"Jan 6, 03:00 pm",10.2479
"Jan 6, 04:00 pm",6.23197
"Jan 6, 05:00 pm",-0
"Jan 6, 06:00 pm",0
"Jan 6, 07:00 pm",0
"Jan 6, 08:00 pm",0
"Jan 6, 09:00 pm",0
"Jan 6, 10:00 pm",0
"Jan 6, 11:00 pm",0
"Jan 7, 12:00 am",0
"Jan 7, 01:00 am",0
"Jan 7, 02:00 am",0
"Jan 7, 03:00 am",0
"Jan 7, 04:00 am",0
"Jan 7, 05:00 am",0
"Jan 7, 06:00 am",0
"Jan 7, 07:00 am",0
"Jan 7, 08:00 am",5.54424
"Jan 7, 09:00 am",10.1346
"Jan 7, 10:00 am",13.0028
"Jan 7, 11:00 am",14.6303
"Jan 7, 12:00 pm",15.0182
"Jan 7, 01:00 pm",14.5077
"Jan 7, 02:00 pm",12.9988
"Jan 7, 03:00 pm",10.1834
"Jan 7, 04:00 pm",5.99943
"Jan 7, 05:00 pm",-0
"Jan 7, 06:00 pm",0
"Jan 7, 07:00 pm",0
"Jan 7, 08:00 pm",0
"Jan 7, 09:00 pm",0
"Jan 7, 10:00 pm",0
"Jan 7, 11:00 pm",0
"Jan 8, 12:00 am",0
"Jan 8, 01:00 am",0
"Jan 8, 02:00 am",0
"Jan 8, 03:00 am",0
"Jan 8, 04:00 am",0
"Jan 8, 05:00 am",0
"Jan 8, 06:00 am",0
"Jan 8, 07:00 am",0
"Jan 8, 08:00 am",5.33464
"Jan 8, 09:00 am",10.3586
"Jan 8, 10:00 am",13.7907
"Jan 8, 11:00 am",15.8437
"Jan 8, 12:00 pm",16.4953
"Jan 8, 01:00 pm",16.0299
"Jan 8, 02:00 pm",14.2559
"Jan 8, 03:00 pm",11.1533
"Jan 8, 04:00 pm",6.68615
"Jan 8, 05:00 pm",-0
"Jan 8, 06:00 pm",0
"Jan 8, 07:00 pm",0
"Jan 8, 08:00 pm",0
"Jan 8, 09:00 pm",0
"Jan 8, 10:00 pm",0
"Jan 8, 11:00 pm",0
"Jan 9, 12:00 am",0
"Jan 9, 01:00 am",0
"Jan 9, 02:00 am",0
"Jan 9, 03:00 am",0
"Jan 9, 04:00 am",0
"Jan 9, 05:00 am",0
"Jan 9, 06:00 am",0
"Jan 9, 07:00 am",0
"Jan 9, 08:00 am",1.62255
"Jan 9, 09:00 am",10.3451
"Jan 9, 10:00 am",13.1316
"Jan 9, 11:00 am",14.6538
"Jan 9, 12:00 pm",15.2257
"Jan 9, 01:00 pm",9.69532
"Jan 9, 02:00 pm",13.2272
"Jan 9, 03:00 pm",10.4444
"Jan 9, 04:00 pm",5.20836
"Jan 9, 05:00 pm",-0
"Jan 9, 06:00 pm",0
"Jan 9, 07:00 pm",0
"Jan 9, 08:00 pm",0
"Jan 9, 09:00 pm",0
"Jan 9, 10:00 pm",0
"Jan 9, 11:00 pm",0
"Jan 10, 12:00 am",0
"Jan 10, 01:00 am",0
"Jan 10, 02:00 am",0
"Jan 10, 03:00 am",0
"Jan 10, 04:00 am",0
"Jan 10, 05:00 am",0
"Jan 10, 06:00 am",0
"Jan 10, 07:00 am",0
"Jan 10, 08:00 am",5.75299
"Jan 10, 09:00 am",10.2421
"Jan 10, 10:00 am",12.8494
"Jan 10, 11:00 am",14.0014
"Jan 10, 12:00 pm",14.3763
"Jan 10, 01:00 pm",10.5078
"Jan 10, 02:00 pm",13.0893
"Jan 10, 03:00 pm",6.13766
"Jan 10, 04:00 pm",6.46559
"Jan 10, 05:00 pm",-0
"Jan 10, 06:00 pm",0
"Jan 10, 07:00 pm",0
"Jan 10, 08:00 pm",0
"Jan 10, 09:00 pm",0
"Jan 10, 10:00 pm",0
"Jan 10, 11:00 pm",0
"Jan 11, 12:00 am",0
"Jan 11, 01:00 am",0
"Jan 11, 02:00 am",0
"Jan 11, 03:00 am",0
"Jan 11, 04:00 am",0
"Jan 11, 05:00 am",0
"Jan 11, 06:00 am",0
"Jan 11, 07:00 am",0
"Jan 11, 08:00 am",1.81257
"Jan 11, 09:00 am",6.89143
"Jan 11, 10:00 am",5.96448
"Jan 11, 11:00 am",8.51043
"Jan 11, 12:00 pm",11.8801
"Jan 11, 01:00 pm",9.26196
"Jan 11, 02:00 pm",9.07095
"Jan 11, 03:00 pm",8.01796
"Jan 11, 04:00 pm",2.44755
"Jan 11, 05:00 pm",-0
"Jan 11, 06:00 pm",0
"Jan 11, 07:00 pm",0
"Jan 11, 08:00 pm",0
"Jan 11, 09:00 pm",0
"Jan 11, 10:00 pm",0
"Jan 11, 11:00 pm",0
"Jan 12, 12:00 am",0
"Jan 12, 01:00 am",0
"Jan 12, 02:00 am",0
"Jan 12, 03:00 am",0
"Jan 12, 04:00 am",0
"Jan 12, 05:00 am",0
"Jan 12, 06:00 am",0
"Jan 12, 07:00 am",0
"Jan 12, 08:00 am",-0
"Jan 12, 09:00 am",1.38226
"Jan 12, 10:00 am",7.45153
"Jan 12, 11:00 am",11.105
"Jan 12, 12:00 pm",3.33134
"Jan 12, 01:00 pm",5.48414
"Jan 12, 02:00 pm",4.17249
"Jan 12, 03:00 pm",5.53287
"Jan 12, 04:00 pm",6.65419
"Jan 12, 05:00 pm",0.295596
"Jan 12, 06:00 pm",0
"Jan 12, 07:00 pm",0
"Jan 12, 08:00 pm",0
"Jan 12, 09:00 pm",0
"Jan 12, 10:00 pm",0
"Jan 12, 11:00 pm",0
"Jan 13, 12:00 am",0
"Jan 13, 01:00 am",0
"Jan 13, 02:00 am",0
"Jan 13, 03:00 am",0
"Jan 13, 04:00 am",0
"Jan 13, 05:00 am",0
"Jan 13, 06:00 am",0
"Jan 13, 07:00 am",0
"Jan 13, 08:00 am",6.72694
"Jan 13, 09:00 am",11.3228
"Jan 13, 10:00 am",14.1004
"Jan 13, 11:00 am",15.4332
"Jan 13, 12:00 pm",15.984
"Jan 13, 01:00 pm",15.4906
"Jan 13, 02:00 pm",13.9486
"Jan 13, 03:00 pm",11.2333
"Jan 13, 04:00 pm",7.1725
"Jan 13, 05:00 pm",0.648264
"Jan 13, 06:00 pm",0
"Jan 13, 07:00 pm",0
"Jan 13, 08:00 pm",0
"Jan 13, 09:00 pm",0
"Jan 13, 10:00 pm",0
"Jan 13, 11:00 pm",0
"Jan 14, 12:00 am",0
"Jan 14, 01:00 am",0
"Jan 14, 02:00 am",0
"Jan 14, 03:00 am",0
"Jan 14, 04:00 am",0
"Jan 14, 05:00 am",0
"Jan 14, 06:00 am",0
"Jan 14, 07:00 am",0
"Jan 14, 08:00 am",1.6695
"Jan 14, 09:00 am",5.24908
"Jan 14, 10:00 am",13.3506
"Jan 14, 11:00 am",10.7572
"Jan 14, 12:00 pm",12.5097
"Jan 14, 01:00 pm",13.4091
"Jan 14, 02:00 pm",8.5574
"Jan 14, 03:00 pm",1.61579
"Jan 14, 04:00 pm",0.238176
"Jan 14, 05:00 pm",-0
"Jan 14, 06:00 pm",0
"Jan 14, 07:00 pm",0
"Jan 14, 08:00 pm",0
"Jan 14, 09:00 pm",0
"Jan 14, 10:00 pm",0
"Jan 14, 11:00 pm",0
"Jan 15, 12:00 am",0
"Jan 15, 01:00 am",0
"Jan 15, 02:00 am",0
"Jan 15, 03:00 am",0
"Jan 15, 04:00 am",0
"Jan 15, 05:00 am",0
"Jan 15, 06:00 am",0
"Jan 15, 07:00 am",0
"Jan 15, 08:00 am",0.00335605
"Jan 15, 09:00 am",1.62876
"Jan 15, 10:00 am",1.24939
"Jan 15, 11:00 am",3.19649
"Jan 15, 12:00 pm",0.963927
"Jan 15, 01:00 pm",4.49944
"Jan 15, 02:00 pm",2.60942
"Jan 15, 03:00 pm",1.87386
"Jan 15, 04:00 pm",0.327497
"Jan 15, 05:00 pm",-0
"Jan 15, 06:00 pm",0
"Jan 15, 07:00 pm",0
"Jan 15, 08:00 pm",0
"Jan 15, 09:00 pm",0
"Jan 15, 10:00 pm",0
"Jan 15, 11:00 pm",0
"Jan 16, 12:00 am",0
"Jan 16, 01:00 am",0
"Jan 16, 02:00 am",0
"Jan 16, 03:00 am",0
"Jan 16, 04:00 am",0
"Jan 16, 05:00 am",0
"Jan 16, 06:00 am",0
"Jan 16, 07:00 am",0
"Jan 16, 08:00 am",0.879279
"Jan 16, 09:00 am",9.84503
"Jan 16, 10:00 am",12.8931
"Jan 16, 11:00 am",9.40509
"Jan 16, 12:00 pm",11.5151
"Jan 16, 01:00 pm",10.0358
"Jan 16, 02:00 pm",7.87246
"Jan 16, 03:00 pm",10.2229
"Jan 16, 04:00 pm",6.08315
"Jan 16, 05:00 pm",0.310718
"Jan 16, 06:00 pm",0
"Jan 16, 07:00 pm",0
"Jan 16, 08:00 pm",0
"Jan 16, 09:00 pm",0
"Jan 16, 10:00 pm",0
"Jan 16, 11:00 pm",0
"Jan 17, 12:00 am",0
"Jan 17, 01:00 am",0
"Jan 17, 02:00 am",0
"Jan 17, 03:00 am",0
"Jan 17, 04:00 am",0
"Jan 17, 05:00 am",0
"Jan 17, 06:00 am",0
"Jan 17, 07:00 am",0
"Jan 17, 08:00 am",5.62935
"Jan 17, 09:00 am",10.2784
"Jan 17, 10:00 am",13.3267
"Jan 17, 11:00 am",14.7467
"Jan 17, 12:00 pm",15.279
"Jan 17, 01:00 pm",14.7292
"Jan 17, 02:00 pm",13.0142
"Jan 17, 03:00 pm",10.5153
"Jan 17, 04:00 pm",6.47256
"Jan 17, 05:00 pm",0.426684
"Jan 17, 06:00 pm",0
"Jan 17, 07:00 pm",0
"Jan 17, 08:00 pm",0
"Jan 17, 09:00 pm",0
"Jan 17, 10:00 pm",0
"Jan 17, 11:00 pm",0
"Jan 18, 12:00 am",0
"Jan 18, 01:00 am",0
"Jan 18, 02:00 am",0
"Jan 18, 03:00 am",0
"Jan 18, 04:00 am",0
"Jan 18, 05:00 am",0
"Jan 18, 06:00 am",0
"Jan 18, 07:00 am",0
"Jan 18, 08:00 am",5.72607
"Jan 18, 09:00 am",10.2796
"Jan 18, 10:00 am",13.0752
"Jan 18, 11:00 am",14.3145
"Jan 18, 12:00 pm",14.8681
"Jan 18, 01:00 pm",14.4309
"Jan 18, 02:00 pm",13.1297
"Jan 18, 03:00 pm",10.5343
"Jan 18, 04:00 pm",6.64567
"Jan 18, 05:00 pm",0.54968
"Jan 18, 06:00 pm",0
"Jan 18, 07:00 pm",0
"Jan 18, 08:00 pm",0
"Jan 18, 09:00 pm",0
"Jan 18, 10:00 pm",0
"Jan 18, 11:00 pm",0
"Jan 19, 12:00 am",0
"Jan 19, 01:00 am",0
"Jan 19, 02:00 am",0
"Jan 19, 03:00 am",0
"Jan 19, 04:00 am",0
"Jan 19, 05:00 am",0
"Jan 19, 06:00 am",0
"Jan 19, 07:00 am",0
"Jan 19, 08:00 am",5.50249
"Jan 19, 09:00 am",10.1615
"Jan 19, 10:00 am",13.0082
"Jan 19, 11:00 am",14.2853
"Jan 19, 12:00 pm",14.6199
"Jan 19, 01:00 pm",13.9793
"Jan 19, 02:00 pm",12.8603
"Jan 19, 03:00 pm",10.6287
"Jan 19, 04:00 pm",7.00012
"Jan 19, 05:00 pm",0.92144
"Jan 19, 06:00 pm",0
"Jan 19, 07:00 pm",0
"Jan 19, 08:00 pm",0
"Jan 19, 09:00 pm",0
"Jan 19, 10:00 pm",0
"Jan 19, 11:00 pm",0
"Jan 20, 12:00 am",0
"Jan 20, 01:00 am",0
"Jan 20, 02:00 am",0
"Jan 20, 03:00 am",0
"Jan 20, 04:00 am",0
"Jan 20, 05:00 am",0
"Jan 20, 06:00 am",0
"Jan 20, 07:00 am",0
"Jan 20, 08:00 am",5.72995
"Jan 20, 09:00 am",10.2769
"Jan 20, 10:00 am",13.039
"Jan 20, 11:00 am",14.3213
"Jan 20, 12:00 pm",14.9508
"Jan 20, 01:00 pm",14.5838
"Jan 20, 02:00 pm",13.3958
"Jan 20, 03:00 pm",10.7431
"Jan 20, 04:00 pm",6.87836
"Jan 20, 05:00 pm",0.962425
"Jan 20, 06:00 pm",0
"Jan 20, 07:00 pm",0
"Jan 20, 08:00 pm",0
"Jan 20, 09:00 pm",0
"Jan 20, 10:00 pm",0
"Jan 20, 11:00 pm",0
"Jan 21, 12:00 am",0
"Jan 21, 01:00 am",0
"Jan 21, 02:00 am",0
"Jan 21, 03:00 am",0
"Jan 21, 04:00 am",0
"Jan 21, 05:00 am",0
"Jan 21, 06:00 am",0
"Jan 21, 07:00 am",0
"Jan 21, 08:00 am",1.28076
"Jan 21, 09:00 am",3.47707
"Jan 21, 10:00 am",6.30343
"Jan 21, 11:00 am",3.43004
"Jan 21, 12:00 pm",3.44647
"Jan 21, 01:00 pm",2.69815
"Jan 21, 02:00 pm",9.61162
"Jan 21, 03:00 pm",10.5071
"Jan 21, 04:00 pm",6.03679
"Jan 21, 05:00 pm",0.101829
"Jan 21, 06:00 pm",0
"Jan 21, 07:00 pm",0
"Jan 21, 08:00 pm",0
"Jan 21, 09:00 pm",0
"Jan 21, 10:00 pm",0
"Jan 21, 11:00 pm",0
"Jan 22, 12:00 am",0
"Jan 22, 01:00 am",0
"Jan 22, 02:00 am",0
"Jan 22, 03:00 am",0
"Jan 22, 04:00 am",0
"Jan 22, 05:00 am",0
"Jan 22, 06:00 am",0
"Jan 22, 07:00 am",-0
"Jan 22, 08:00 am",6.02491
"Jan 22, 09:00 am",6.07998
"Jan 22, 10:00 am",8.29755
"Jan 22, 11:00 am",7.99675
"Jan 22, 12:00 pm",11.3432
"Jan 22, 01:00 pm",8.25265
"Jan 22, 02:00 pm",6.79188
"Jan 22, 03:00 pm",2.3013
"Jan 22, 04:00 pm",2.9152
"Jan 22, 05:00 pm",0.0419856
"Jan 22, 06:00 pm",0
"Jan 22, 07:00 pm",0
"Jan 22, 08:00 pm",0
"Jan 22, 09:00 pm",0
"Jan 22, 10:00 pm",0
"Jan 22, 11:00 pm",0
"Jan 23, 12:00 am",0
"Jan 23, 01:00 am",0
"Jan 23, 02:00 am",0
"Jan 23, 03:00 am",0
"Jan 23, 04:00 am",0
"Jan 23, 05:00 am",0
"Jan 23, 06:00 am",0
"Jan 23, 07:00 am",-0
"Jan 23, 08:00 am",2.54201
"Jan 23, 09:00 am",10.2768
"Jan 23, 10:00 am",8.49497
"Jan 23, 11:00 am",5.9474
"Jan 23, 12:00 pm",6.63065
"Jan 23, 01:00 pm",7.33968
"Jan 23, 02:00 pm",8.73672
"Jan 23, 03:00 pm",1.8642
"Jan 23, 04:00 pm",1.01592
"Jan 23, 05:00 pm",0.0437935
"Jan 23, 06:00 pm",0
"Jan 23, 07:00 pm",0
"Jan 23, 08:00 pm",0
"Jan 23, 09:00 pm",0
"Jan 23, 10:00 pm",0
"Jan 23, 11:00 pm",0
"Jan 24, 12:00 am",0
"Jan 24, 01:00 am",0
"Jan 24, 02:00 am",0
"Jan 24, 03:00 am",0
"Jan 24, 04:00 am",0
"Jan 24, 05:00 am",0
"Jan 24, 06:00 am",0
"Jan 24, 07:00 am",-0
"Jan 24, 08:00 am",5.82028
"Jan 24, 09:00 am",10.6326
"Jan 24, 10:00 am",13.9695
"Jan 24, 11:00 am",15.7203
"Jan 24, 12:00 pm",16.5091
"Jan 24, 01:00 pm",16.1037
"Jan 24, 02:00 pm",14.5124
"Jan 24, 03:00 pm",11.6396
"Jan 24, 04:00 pm",7.44061
"Jan 24, 05:00 pm",1.2137
"Jan 24, 06:00 pm",0
"Jan 24, 07:00 pm",0
"Jan 24, 08:00 pm",0
"Jan 24, 09:00 pm",0
"Jan 24, 10:00 pm",0
"Jan 24, 11:00 pm",0
"Jan 25, 12:00 am",0
"Jan 25, 01:00 am",0
"Jan 25, 02:00 am",0
"Jan 25, 03:00 am",0
"Jan 25, 04:00 am",0
"Jan 25, 05:00 am",0
"Jan 25, 06:00 am",0
"Jan 25, 07:00 am",-0
"Jan 25, 08:00 am",6.26055
"Jan 25, 09:00 am",10.9774
"Jan 25, 10:00 am",14.2197
"Jan 25, 11:00 am",16.024
"Jan 25, 12:00 pm",16.7809
"Jan 25, 01:00 pm",16.3033
"Jan 25, 02:00 pm",14.6258
"Jan 25, 03:00 pm",11.8281
"Jan 25, 04:00 pm",7.65522
"Jan 25, 05:00 pm",1.4143
"Jan 25, 06:00 pm",0
"Jan 25, 07:00 pm",0
"Jan 25, 08:00 pm",0
"Jan 25, 09:00 pm",0
"Jan 25, 10:00 pm",0
"Jan 25, 11:00 pm",0
"Jan 26, 12:00 am",0
"Jan 26, 01:00 am",0
"Jan 26, 02:00 am",0
"Jan 26, 03:00 am",0
"Jan 26, 04:00 am",0
"Jan 26, 05:00 am",0
"Jan 26, 06:00 am",0
"Jan 26, 07:00 am",-0
"Jan 26, 08:00 am",5.95106
"Jan 26, 09:00 am",10.4956
"Jan 26, 10:00 am",13.1925
"Jan 26, 11:00 am",14.4856
"Jan 26, 12:00 pm",15.0568
"Jan 26, 01:00 pm",14.701
"Jan 26, 02:00 pm",13.4846
"Jan 26, 03:00 pm",11.0474
"Jan 26, 04:00 pm",7.31895
"Jan 26, 05:00 pm",1.28186
"Jan 26, 06:00 pm",0
"Jan 26, 07:00 pm",0
"Jan 26, 08:00 pm",0
"Jan 26, 09:00 pm",0
"Jan 26, 10:00 pm",0
"Jan 26, 11:00 pm",0
"Jan 27, 12:00 am",0
"Jan 27, 01:00 am",0
"Jan 27, 02:00 am",0
"Jan 27, 03:00 am",0
"Jan 27, 04:00 am",0
"Jan 27, 05:00 am",0
"Jan 27, 06:00 am",0
"Jan 27, 07:00 am",-0
"Jan 27, 08:00 am",1.41563
"Jan 27, 09:00 am",6.93166
"Jan 27, 10:00 am",6.93196
"Jan 27, 11:00 am",8.20661
"Jan 27, 12:00 pm",6.08442
"Jan 27, 01:00 pm",8.19835
"Jan 27, 02:00 pm",8.96339
"Jan 27, 03:00 pm",5.61482
"Jan 27, 04:00 pm",1.3695
"Jan 27, 05:00 pm",0.0499416
"Jan 27, 06:00 pm",0
"Jan 27, 07:00 pm",0
"Jan 27, 08:00 pm",0
"Jan 27, 09:00 pm",0
"Jan 27, 10:00 pm",0
"Jan 27, 11:00 pm",0
"Jan 28, 12:00 am",0
"Jan 28, 01:00 am",0
"Jan 28, 02:00 am",0
"Jan 28, 03:00 am",0
"Jan 28, 04:00 am",0
"Jan 28, 05:00 am",0
"Jan 28, 06:00 am",0
"Jan 28, 07:00 am",-0
"Jan 28, 08:00 am",6.20576
"Jan 28, 09:00 am",10.9805
"Jan 28, 10:00 am",14.0252
"Jan 28, 11:00 am",15.7477
"Jan 28, 12:00 pm",16.5064
"Jan 28, 01:00 pm",16.0908
"Jan 28, 02:00 pm",14.5386
"Jan 28, 03:00 pm",11.7532
"Jan 28, 04:00 pm",7.76814
"Jan 28, 05:00 pm",1.70729
"Jan 28, 06:00 pm",0
"Jan 28, 07:00 pm",0
"Jan 28, 08:00 pm",0
"Jan 28, 09:00 pm",0
"Jan 28, 10:00 pm",0
"Jan 28, 11:00 pm",0
"Jan 29, 12:00 am",0
"Jan 29, 01:00 am",0
"Jan 29, 02:00 am",0
"Jan 29, 03:00 am",0
"Jan 29, 04:00 am",0
"Jan 29, 05:00 am",0
"Jan 29, 06:00 am",0
"Jan 29, 07:00 am",-0
"Jan 29, 08:00 am",6.1225
"Jan 29, 09:00 am",10.8436
"Jan 29, 10:00 am",13.7112
"Jan 29, 11:00 am",15.3062
"Jan 29, 12:00 pm",16.0256
"Jan 29, 01:00 pm",15.5987
"Jan 29, 02:00 pm",14.0821
"Jan 29, 03:00 pm",11.3887
"Jan 29, 04:00 pm",7.62165
"Jan 29, 05:00 pm",1.72044
"Jan 29, 06:00 pm",0
"Jan 29, 07:00 pm",0
"Jan 29, 08:00 pm",0
"Jan 29, 09:00 pm",0
"Jan 29, 10:00 pm",0
"Jan 29, 11:00 pm",0
"Jan 30, 12:00 am",0
"Jan 30, 01:00 am",0
"Jan 30, 02:00 am",0
"Jan 30, 03:00 am",0
"Jan 30, 04:00 am",0
"Jan 30, 05:00 am",0
"Jan 30, 06:00 am",0
"Jan 30, 07:00 am",-0
"Jan 30, 08:00 am",6.06457
"Jan 30, 09:00 am",10.5103
"Jan 30, 10:00 am",12.9148
"Jan 30, 11:00 am",14.4294
"Jan 30, 12:00 pm",14.9141
"Jan 30, 01:00 pm",14.3649
"Jan 30, 02:00 pm",13.3759
"Jan 30, 03:00 pm",11.3599
"Jan 30, 04:00 pm",7.61867
"Jan 30, 05:00 pm",1.84981
"Jan 30, 06:00 pm",0
"Jan 30, 07:00 pm",0
"Jan 30, 08:00 pm",0
"Jan 30, 09:00 pm",0
"Jan 30, 10:00 pm",0
"Jan 30, 11:00 pm",0
"Jan 31, 12:00 am",0
"Jan 31, 01:00 am",0
"Jan 31, 02:00 am",0
"Jan 31, 03:00 am",0
"Jan 31, 04:00 am",0
"Jan 31, 05:00 am",0
"Jan 31, 06:00 am",0
"Jan 31, 07:00 am",-0
"Jan 31, 08:00 am",0.929749
"Jan 31, 09:00 am",10.0675
"Jan 31, 10:00 am",5.0231
"Jan 31, 11:00 am",14.78
"Jan 31, 12:00 pm",15.1919
"Jan 31, 01:00 pm",14.9109
"Jan 31, 02:00 pm",13.7112
"Jan 31, 03:00 pm",11.2084
"Jan 31, 04:00 pm",7.44766
"Jan 31, 05:00 pm",1.09466
"Jan 31, 06:00 pm",0
"Jan 31, 07:00 pm",0
"Jan 31, 08:00 pm",0
"Jan 31, 09:00 pm",0
"Jan 31, 10:00 pm",0
"Jan 31, 11:00 pm",0
"Feb 1, 12:00 am",0
"Feb 1, 01:00 am",0
"Feb 1, 02:00 am",0
"Feb 1, 03:00 am",0
"Feb 1, 04:00 am",0
"Feb 1, 05:00 am",0
"Feb 1, 06:00 am",0
"Feb 1, 07:00 am",-0
"Feb 1, 08:00 am",6.83089
"Feb 1, 09:00 am",11.5322
"Feb 1, 10:00 am",14.7231
"Feb 1, 11:00 am",16.4805
"Feb 1, 12:00 pm",17.2154
"Feb 1, 01:00 pm",16.7134
"Feb 1, 02:00 pm",15.1326
"Feb 1, 03:00 pm",12.2863
"Feb 1, 04:00 pm",8.32283
"Feb 1, 05:00 pm",2.47089
"Feb 1, 06:00 pm",0
"Feb 1, 07:00 pm",0
"Feb 1, 08:00 pm",0
"Feb 1, 09:00 pm",0
"Feb 1, 10:00 pm",0
"Feb 1, 11:00 pm",0
"Feb 2, 12:00 am",0
"Feb 2, 01:00 am",0
"Feb 2, 02:00 am",0
"Feb 2, 03:00 am",0
"Feb 2, 04:00 am",0
"Feb 2, 05:00 am",0
"Feb 2, 06:00 am",0
"Feb 2, 07:00 am",-0
"Feb 2, 08:00 am",6.29439
"Feb 2, 09:00 am",10.8708
"Feb 2, 10:00 am",13.6924
"Feb 2, 11:00 am",15.175
"Feb 2, 12:00 pm",15.7922
"Feb 2, 01:00 pm",15.5185
"Feb 2, 02:00 pm",14.1939
"Feb 2, 03:00 pm",11.6306
"Feb 2, 04:00 pm",7.77529
"Feb 2, 05:00 pm",2.32587
"Feb 2, 06:00 pm",0
"Feb 2, 07:00 pm",0
"Feb 2, 08:00 pm",0
"Feb 2, 09:00 pm",0
"Feb 2, 10:00 pm",0
"Feb 2, 11:00 pm",0
"Feb 3, 12:00 am",0
"Feb 3, 01:00 am",0
"Feb 3, 02:00 am",0
"Feb 3, 03:00 am",0
"Feb 3, 04:00 am",0
"Feb 3, 05:00 am",0
"Feb 3, 06:00 am",0
"Feb 3, 07:00 am",-0
"Feb 3, 08:00 am",6.25863
"Feb 3, 09:00 am",10.7355
"Feb 3, 10:00 am",13.5539
"Feb 3, 11:00 am",11.939
"Feb 3, 12:00 pm",15.9124
"Feb 3, 01:00 pm",15.5235
"Feb 3, 02:00 pm",14.0516
"Feb 3, 03:00 pm",8.71591
"Feb 3, 04:00 pm",6.34037
"Feb 3, 05:00 pm",2.47842
"Feb 3, 06:00 pm",0
"Feb 3, 07:00 pm",0
"Feb 3, 08:00 pm",0
"Feb 3, 09:00 pm",0
"Feb 3, 10:00 pm",0
"Feb 3, 11:00 pm",0
"Feb 4, 12:00 am",0
"Feb 4, 01:00 am",0
"Feb 4, 02:00 am",0
"Feb 4, 03:00 am",0
"Feb 4, 04:00 am",0
"Feb 4, 05:00 am",0
"Feb 4, 06:00 am",0
"Feb 4, 07:00 am",-0
"Feb 4, 08:00 am",6.36183
"Feb 4, 09:00 am",10.7055
"Feb 4, 10:00 am",13.4429
"Feb 4, 11:00 am",14.934
"Feb 4, 12:00 pm",15.5478
"Feb 4, 01:00 pm",15.1178
"Feb 4, 02:00 pm",13.7728
"Feb 4, 03:00 pm",11.2731
"Feb 4, 04:00 pm",7.78368
"Feb 4, 05:00 pm",2.69726
"Feb 4, 06:00 pm",0
"Feb 4, 07:00 pm",0
"Feb 4, 08:00 pm",0
"Feb 4, 09:00 pm",0
"Feb 4, 10:00 pm",0
"Feb 4, 11:00 pm",0
"Feb 5, 12:00 am",0
"Feb 5, 01:00 am",0
"Feb 5, 02:00 am",0
"Feb 5, 03:00 am",0
"Feb 5, 04:00 am",0
"Feb 5, 05:00 am",0
"Feb 5, 06:00 am",0
"Feb 5, 07:00 am",-0
"Feb 5, 08:00 am",6.30308
"Feb 5, 09:00 am",10.3953
"Feb 5, 10:00 am",13.0473
"Feb 5, 11:00 am",14.5083
"Feb 5, 12:00 pm",15.1893
"Feb 5, 01:00 pm",14.9419
"Feb 5, 02:00 pm",13.6412
"Feb 5, 03:00 pm",11.2254
"Feb 5, 04:00 pm",7.88842
"Feb 5, 05:00 pm",2.71289
"Feb 5, 06:00 pm",0
"Feb 5, 07:00 pm",0
"Feb 5, 08:00 pm",0
"Feb 5, 09:00 pm",0
"Feb 5, 10:00 pm",0
"Feb 5, 11:00 pm",0
"Feb 6, 12:00 am",0
"Feb 6, 01:00 am",0
"Feb 6, 02:00 am",0
"Feb 6, 03:00 am",0
"Feb 6, 04:00 am",0
"Feb 6, 05:00 am",0
"Feb 6, 06:00 am",0
"Feb 6, 07:00 am",0.00914057
"Feb 6, 08:00 am",6.10397
"Feb 6, 09:00 am",10.4581
"Feb 6, 10:00 am",9.49378
"Feb 6, 11:00 am",14.9765
"Feb 6, 12:00 pm",15.7265
"Feb 6, 01:00 pm",13.2083
"Feb 6, 02:00 pm",14.0009
"Feb 6, 03:00 pm",9.79744
"Feb 6, 04:00 pm",5.87947
"Feb 6, 05:00 pm",1.61081
"Feb 6, 06:00 pm",0
"Feb 6, 07:00 pm",0
"Feb 6, 08:00 pm",0
"Feb 6, 09:00 pm",0
"Feb 6, 10:00 pm",0
"Feb 6, 11:00 pm",0
"Feb 7, 12:00 am",0
"Feb 7, 01:00 am",0
"Feb 7, 02:00 am",0
"Feb 7, 03:00 am",0
"Feb 7, 04:00 am",0
"Feb 7, 05:00 am",0
"Feb 7, 06:00 am",0
"Feb 7, 07:00 am",0.123851
"Feb 7, 08:00 am",5.76533
"Feb 7, 09:00 am",10.3519
"Feb 7, 10:00 am",13.507
"Feb 7, 11:00 am",15.5346
"Feb 7, 12:00 pm",16.2254
"Feb 7, 01:00 pm",15.691
"Feb 7, 02:00 pm",14.2753
"Feb 7, 03:00 pm",11.5848
"Feb 7, 04:00 pm",7.45069
"Feb 7, 05:00 pm",2.11113
"Feb 7, 06:00 pm",0
"Feb 7, 07:00 pm",0
"Feb 7, 08:00 pm",0
"Feb 7, 09:00 pm",0
"Feb 7, 10:00 pm",0
"Feb 7, 11:00 pm",0
"Feb 8, 12:00 am",0
"Feb 8, 01:00 am",0
"Feb 8, 02:00 am",0
"Feb 8, 03:00 am",0
"Feb 8, 04:00 am",0
"Feb 8, 05:00 am",0
"Feb 8, 06:00 am",0
"Feb 8, 07:00 am",0.00286569
"Feb 8, 08:00 am",3.95582
"Feb 8, 09:00 am",6.45497
"Feb 8, 10:00 am",7.85854
"Feb 8, 11:00 am",16.3365
"Feb 8, 12:00 pm",17.1792
"Feb 8, 01:00 pm",12.3877
"Feb 8, 02:00 pm",11.6065
"Feb 8, 03:00 pm",12.1586
"Feb 8, 04:00 pm",8.03514
"Feb 8, 05:00 pm",2.70275
"Feb 8, 06:00 pm",0
"Feb 8, 07:00 pm",0
"Feb 8, 08:00 pm",0
"Feb 8, 09:00 pm",0
"Feb 8, 10:00 pm",0
"Feb 8, 11:00 pm",0
"Feb 9, 12:00 am",0
"Feb 9, 01:00 am",0
"Feb 9, 02:00 am",0
"Feb 9, 03:00 am",0
"Feb 9, 04:00 am",0
"Feb 9, 05:00 am",0
"Feb 9, 06:00 am",0
"Feb 9, 07:00 am",0.352874
"Feb 9, 08:00 am",6.31476
"Feb 9, 09:00 am",10.9704
"Feb 9, 10:00 am",14.2649
"Feb 9, 11:00 am",16.1602
"Feb 9, 12:00 pm",16.9275
"Feb 9, 01:00 pm",16.5426
"Feb 9, 02:00 pm",15.137
"Feb 9, 03:00 pm",12.5433
"Feb 9, 04:00 pm",8.55713
"Feb 9, 05:00 pm",3.03039
"Feb 9, 06:00 pm",0
"Feb 9, 07:00 pm",0
"Feb 9, 08:00 pm",0
"Feb 9, 09:00 pm",0
"Feb 9, 10:00 pm",0
"Feb 9, 11:00 pm",0
"Feb 10, 12:00 am",0
"Feb 10, 01:00 am",0
"Feb 10, 02:00 am",0
"Feb 10, 03:00 am",0
"Feb 10, 04:00 am",0
"Feb 10, 05:00 am",0
"Feb 10, 06:00 am",0
"Feb 10, 07:00 am",0.12339
"Feb 10, 08:00 am",6.52601
"Feb 10, 09:00 am",10.8542
"Feb 10, 10:00 am",13.5418
"Feb 10, 11:00 am",12.9335
"Feb 10, 12:00 pm",14.1896
"Feb 10, 01:00 pm",15.1257
"Feb 10, 02:00 pm",10.2386
"Feb 10, 03:00 pm",11.503
"Feb 10, 04:00 pm",7.88926
"Feb 10, 05:00 pm",2.29368
"Feb 10, 06:00 pm",0
"Feb 10, 07:00 pm",0
"Feb 10, 08:00 pm",0
"Feb 10, 09:00 pm",0
"Feb 10, 10:00 pm",0
"Feb 10, 11:00 pm",0
"Feb 11, 12:00 am",0
"Feb 11, 01:00 am",0
"Feb 11, 02:00 am",0
"Feb 11, 03:00 am",0
"Feb 11, 04:00 am",0
"Feb 11, 05:00 am",0
"Feb 11, 06:00 am",0
"Feb 11, 07:00 am",0.465042
"Feb 11, 08:00 am",6.35659
"Feb 11, 09:00 am",10.7682
"Feb 11, 10:00 am",13.4492
"Feb 11, 11:00 am",14.8086
"Feb 11, 12:00 pm",15.3782
"Feb 11, 01:00 pm",15.2149
"Feb 11, 02:00 pm",14.0846
"Feb 11, 03:00 pm",11.9966
"Feb 11, 04:00 pm",8.38518
"Feb 11, 05:00 pm",3.08121
"Feb 11, 06:00 pm",0
"Feb 11, 07:00 pm",0
"Feb 11, 08:00 pm",0
"Feb 11, 09:00 pm",0
"Feb 11, 10:00 pm",0
"Feb 11, 11:00 pm",0
"Feb 12, 12:00 am",0
"Feb 12, 01:00 am",0
"Feb 12, 02:00 am",0
"Feb 12, 03:00 am",0
"Feb 12, 04:00 am",0
"Feb 12, 05:00 am",0
"Feb 12, 06:00 am",0
"Feb 12, 07:00 am",0.582732
"Feb 12, 08:00 am",6.50826
"Feb 12, 09:00 am",10.7565
"Feb 12, 10:00 am",13.7301
"Feb 12, 11:00 am",15.7375
"Feb 12, 12:00 pm",16.5807
"Feb 12, 01:00 pm",16.2883
"Feb 12, 02:00 pm",14.8499
"Feb 12, 03:00 pm",12.2487
"Feb 12, 04:00 pm",8.48627
"Feb 12, 05:00 pm",3.11738
"Feb 12, 06:00 pm",0
"Feb 12, 07:00 pm",0
"Feb 12, 08:00 pm",0
"Feb 12, 09:00 pm",0
"Feb 12, 10:00 pm",0
"Feb 12, 11:00 pm",0
"Feb 13, 12:00 am",0
"Feb 13, 01:00 am",0
"Feb 13, 02:00 am",0
"Feb 13, 03:00 am",0
"Feb 13, 04:00 am",0
"Feb 13, 05:00 am",0
"Feb 13, 06:00 am",0
"Feb 13, 07:00 am",0.672057
"Feb 13, 08:00 am",6.53043
"Feb 13, 09:00 am",11.1168
"Feb 13, 10:00 am",14.1385
"Feb 13, 11:00 am",12.7191
"Feb 13, 12:00 pm",8.99231
"Feb 13, 01:00 pm",2.54973
"Feb 13, 02:00 pm",1.03105
"Feb 13, 03:00 pm",9.85525
"Feb 13, 04:00 pm",5.15609
"Feb 13, 05:00 pm",1.11636
"Feb 13, 06:00 pm",0
"Feb 13, 07:00 pm",0
"Feb 13, 08:00 pm",0
"Feb 13, 09:00 pm",0
"Feb 13, 10:00 pm",0
"Feb 13, 11:00 pm",0
"Feb 14, 12:00 am",0
"Feb 14, 01:00 am",0
"Feb 14, 02:00 am",0
"Feb 14, 03:00 am",0
"Feb 14, 04:00 am",0
"Feb 14, 05:00 am",0
"Feb 14, 06:00 am",0
"Feb 14, 07:00 am",0.105058
"Feb 14, 08:00 am",0.424017
"Feb 14, 09:00 am",4.22546
"Feb 14, 10:00 am",7.04795
"Feb 14, 11:00 am",3.93907
"Feb 14, 12:00 pm",10.1319
"Feb 14, 01:00 pm",0.323959
"Feb 14, 02:00 pm",11.7489
"Feb 14, 03:00 pm",12.0631
"Feb 14, 04:00 pm",0.505552
"Feb 14, 05:00 pm",-0
"Feb 14, 06:00 pm",0
"Feb 14, 07:00 pm",0
"Feb 14, 08:00 pm",0
"Feb 14, 09:00 pm",0
"Feb 14, 10:00 pm",0
"Feb 14, 11:00 pm",0
"Feb 15, 12:00 am",0
"Feb 15, 01:00 am",0
"Feb 15, 02:00 am",0
"Feb 15, 03:00 am",0
"Feb 15, 04:00 am",0
"Feb 15, 05:00 am",0
"Feb 15, 06:00 am",0
"Feb 15, 07:00 am",0.773103
"Feb 15, 08:00 am",6.66776
"Feb 15, 09:00 am",11.1149
"Feb 15, 10:00 am",13.9837
"Feb 15, 11:00 am",15.5341
"Feb 15, 12:00 pm",16.0471
"Feb 15, 01:00 pm",15.5629
"Feb 15, 02:00 pm",14.2954
"Feb 15, 03:00 pm",11.9465
"Feb 15, 04:00 pm",8.44293
"Feb 15, 05:00 pm",3.31614
"Feb 15, 06:00 pm",0
"Feb 15, 07:00 pm",0
"Feb 15, 08:00 pm",0
"Feb 15, 09:00 pm",0
"Feb 15, 10:00 pm",0
"Feb 15, 11:00 pm",0
"Feb 16, 12:00 am",0
"Feb 16, 01:00 am",0
"Feb 16, 02:00 am",0
"Feb 16, 03:00 am",0
"Feb 16, 04:00 am",0
"Feb 16, 05:00 am",0
"Feb 16, 06:00 am",0
"Feb 16, 07:00 am",0.101658
"Feb 16, 08:00 am",2.71072
"Feb 16, 09:00 am",6.42466
"Feb 16, 10:00 am",8.5804
"Feb 16, 11:00 am",10.79
"Feb 16, 12:00 pm",11.8046
"Feb 16, 01:00 pm",13.7536
"Feb 16, 02:00 pm",14.6128
"Feb 16, 03:00 pm",12.2994
"Feb 16, 04:00 pm",8.5857
"Feb 16, 05:00 pm",3.43536
"Feb 16, 06:00 pm",0
"Feb 16, 07:00 pm",0
"Feb 16, 08:00 pm",0
"Feb 16, 09:00 pm",0
"Feb 16, 10:00 pm",0
"Feb 16, 11:00 pm",0
"Feb 17, 12:00 am",0
"Feb 17, 01:00 am",0
"Feb 17, 02:00 am",0
"Feb 17, 03:00 am",0
"Feb 17, 04:00 am",0
"Feb 17, 05:00 am",0
"Feb 17, 06:00 am",0
"Feb 17, 07:00 am",0.802695
"Feb 17, 08:00 am",5.23922
"Feb 17, 09:00 am",7.13042
"Feb 17, 10:00 am",10.5698
"Feb 17, 11:00 am",13.8952
"Feb 17, 12:00 pm",9.37755
"Feb 17, 01:00 pm",7.53649
"Feb 17, 02:00 pm",6.60006
"Feb 17, 03:00 pm",4.36931
"Feb 17, 04:00 pm",4.46137
"Feb 17, 05:00 pm",0.923699
"Feb 17, 06:00 pm",0
"Feb 17, 07:00 pm",0
"Feb 17, 08:00 pm",0
"Feb 17, 09:00 pm",0
"Feb 17, 10:00 pm",0
"Feb 17, 11:00 pm",0
"Feb 18, 12:00 am",0
"Feb 18, 01:00 am",0
"Feb 18, 02:00 am",0
"Feb 18, 03:00 am",0
"Feb 18, 04:00 am",0
"Feb 18, 05:00 am",0
"Feb 18, 06:00 am",0
"Feb 18, 07:00 am",0.105001
"Feb 18, 08:00 am",4.57741
"Feb 18, 09:00 am",10.8025
"Feb 18, 10:00 am",13.325
"Feb 18, 11:00 am",14.4164
"Feb 18, 12:00 pm",15.1696
"Feb 18, 01:00 pm",15.2333
"Feb 18, 02:00 pm",14.1458
"Feb 18, 03:00 pm",11.982
"Feb 18, 04:00 pm",8.38244
"Feb 18, 05:00 pm",3.29507
"Feb 18, 06:00 pm",0
"Feb 18, 07:00 pm",0
"Feb 18, 08:00 pm",0
"Feb 18, 09:00 pm",0
"Feb 18, 10:00 pm",0
"Feb 18, 11:00 pm",0
"Feb 19, 12:00 am",0
"Feb 19, 01:00 am",0
"Feb 19, 02:00 am",0
"Feb 19, 03:00 am",0
"Feb 19, 04:00 am",0
"Feb 19, 05:00 am",0
"Feb 19, 06:00 am",0
"Feb 19, 07:00 am",0.978805
"Feb 19, 08:00 am",6.75797
"Feb 19, 09:00 am",11.0133
"Feb 19, 10:00 am",13.6509
"Feb 19, 11:00 am",15.0896
"Feb 19, 12:00 pm",15.4245
"Feb 19, 01:00 pm",15.0005
"Feb 19, 02:00 pm",14.0298
"Feb 19, 03:00 pm",11.7445
"Feb 19, 04:00 pm",8.14398
"Feb 19, 05:00 pm",3.03528
"Feb 19, 06:00 pm",0
"Feb 19, 07:00 pm",0
"Feb 19, 08:00 pm",0
"Feb 19, 09:00 pm",0
"Feb 19, 10:00 pm",0
"Feb 19, 11:00 pm",0
"Feb 20, 12:00 am",0
"Feb 20, 01:00 am",0
"Feb 20, 02:00 am",0
"Feb 20, 03:00 am",0
"Feb 20, 04:00 am",0
"Feb 20, 05:00 am",0
"Feb 20, 06:00 am",0
"Feb 20, 07:00 am",0.784504
"Feb 20, 08:00 am",6.28506
"Feb 20, 09:00 am",10.4193
"Feb 20, 10:00 am",13.1876
"Feb 20, 11:00 am",14.8458
"Feb 20, 12:00 pm",15.2438
"Feb 20, 01:00 pm",14.8303
"Feb 20, 02:00 pm",13.7863
"Feb 20, 03:00 pm",11.7892
"Feb 20, 04:00 pm",8.33363
"Feb 20, 05:00 pm",3.35225
"Feb 20, 06:00 pm",0
"Feb 20, 07:00 pm",0
"Feb 20, 08:00 pm",0
"Feb 20, 09:00 pm",0
"Feb 20, 10:00 pm",0
"Feb 20, 11:00 pm",0
"Feb 21, 12:00 am",0
"Feb 21, 01:00 am",0
"Feb 21, 02:00 am",0
"Feb 21, 03:00 am",0
"Feb 21, 04:00 am",0
"Feb 21, 05:00 am",0
"Feb 21, 06:00 am",0
"Feb 21, 07:00 am",1.09731
"Feb 21, 08:00 am",6.62878
"Feb 21, 09:00 am",10.8039
"Feb 21, 10:00 am",13.6692
"Feb 21, 11:00 am",12.8245
"Feb 21, 12:00 pm",15.8707
"Feb 21, 01:00 pm",15.5036
"Feb 21, 02:00 pm",14.2156
"Feb 21, 03:00 pm",11.845
"Feb 21, 04:00 pm",8.10041
"Feb 21, 05:00 pm",3.11745
"Feb 21, 06:00 pm",0
"Feb 21, 07:00 pm",0
"Feb 21, 08:00 pm",0
"Feb 21, 09:00 pm",0
"Feb 21, 10:00 pm",0
"Feb 21, 11:00 pm",0
"Feb 22, 12:00 am",0
"Feb 22, 01:00 am",0
"Feb 22, 02:00 am",0
"Feb 22, 03:00 am",0
"Feb 22, 04:00 am",0
"Feb 22, 05:00 am",0
"Feb 22, 06:00 am",0
"Feb 22, 07:00 am",0.783928
"Feb 22, 08:00 am",3.41663
"Feb 22, 09:00 am",10.257
"Feb 22, 10:00 am",10.6797
"Feb 22, 11:00 am",12.0613
"Feb 22, 12:00 pm",12.7115
"Feb 22, 01:00 pm",11.6431
"Feb 22, 02:00 pm",10.0008
"Feb 22, 03:00 pm",8.78307
"Feb 22, 04:00 pm",3.74326
"Feb 22, 05:00 pm",2.8537
"Feb 22, 06:00 pm",0
"Feb 22, 07:00 pm",0
"Feb 22, 08:00 pm",0
"Feb 22, 09:00 pm",0
"Feb 22, 10:00 pm",0
"Feb 22, 11:00 pm",0
"Feb 23, 12:00 am",0
"Feb 23, 01:00 am",0
"Feb 23, 02:00 am",0
"Feb 23, 03:00 am",0
"Feb 23, 04:00 am",0
"Feb 23, 05:00 am",0
"Feb 23, 06:00 am",0
"Feb 23, 07:00 am",-0
"Feb 23, 08:00 am",1.26068
"Feb 23, 09:00 am",0.994187
"Feb 23, 10:00 am",10.7649
"Feb 23, 11:00 am",16.4531
"Feb 23, 12:00 pm",17.2787
"Feb 23, 01:00 pm",16.9509
"Feb 23, 02:00 pm",15.3941
"Feb 23, 03:00 pm",12.6966
"Feb 23, 04:00 pm",6.60116
"Feb 23, 05:00 pm",3.17717
"Feb 23, 06:00 pm",0
"Feb 23, 07:00 pm",0
"Feb 23, 08:00 pm",0
"Feb 23, 09:00 pm",0
"Feb 23, 10:00 pm",0
"Feb 23, 11:00 pm",0
"Feb 24, 12:00 am",0
"Feb 24, 01:00 am",0
"Feb 24, 02:00 am",0
"Feb 24, 03:00 am",0
"Feb 24, 04:00 am",0
"Feb 24, 05:00 am",0
"Feb 24, 06:00 am",0
"Feb 24, 07:00 am",1.41551
"Feb 24, 08:00 am",6.79882
"Feb 24, 09:00 am",11.0084
"Feb 24, 10:00 am",14.0782
"Feb 24, 11:00 am",16.0838
"Feb 24, 12:00 pm",16.8877
"Feb 24, 01:00 pm",13.9556
"Feb 24, 02:00 pm",14.83
"Feb 24, 03:00 pm",9.97176
"Feb 24, 04:00 pm",6.13923
"Feb 24, 05:00 pm",1.70561
"Feb 24, 06:00 pm",0
"Feb 24, 07:00 pm",0
"Feb 24, 08:00 pm",0
"Feb 24, 09:00 pm",0
"Feb 24, 10:00 pm",0
"Feb 24, 11:00 pm",0
"Feb 25, 12:00 am",0
"Feb 25, 01:00 am",0
"Feb 25, 02:00 am",0
"Feb 25, 03:00 am",0
"Feb 25, 04:00 am",0
"Feb 25, 05:00 am",0
"Feb 25, 06:00 am",0
"Feb 25, 07:00 am",0.0700673
"Feb 25, 08:00 am",1.52264
"Feb 25, 09:00 am",6.50944
"Feb 25, 10:00 am",7.60869
"Feb 25, 11:00 am",12.3126
"Feb 25, 12:00 pm",11.6227
"Feb 25, 01:00 pm",8.76384
"Feb 25, 02:00 pm",7.77221
"Feb 25, 03:00 pm",4.60769
"Feb 25, 04:00 pm",1.94959
"Feb 25, 05:00 pm",0.384469
"Feb 25, 06:00 pm",0
"Feb 25, 07:00 pm",0
"Feb 25, 08:00 pm",0
"Feb 25, 09:00 pm",0
"Feb 25, 10:00 pm",0
"Feb 25, 11:00 pm",0
"Feb 26, 12:00 am",0
"Feb 26, 01:00 am",0
"Feb 26, 02:00 am",0
"Feb 26, 03:00 am",0
"Feb 26, 04:00 am",0
"Feb 26, 05:00 am",0
"Feb 26, 06:00 am",0
"Feb 26, 07:00 am",0.0601561
"Feb 26, 08:00 am",2.93526
"Feb 26, 09:00 am",10.9992
"Feb 26, 10:00 am",9.51601
"Feb 26, 11:00 am",11.0862
"Feb 26, 12:00 pm",13.4661
"Feb 26, 01:00 pm",3.76261
"Feb 26, 02:00 pm",7.43712
"Feb 26, 03:00 pm",12.0643
"Feb 26, 04:00 pm",8.36102
"Feb 26, 05:00 pm",3.45654
"Feb 26, 06:00 pm",0
"Feb 26, 07:00 pm",0
"Feb 26, 08:00 pm",0
"Feb 26, 09:00 pm",0
"Feb 26, 10:00 pm",0
"Feb 26, 11:00 pm",0
"Feb 27, 12:00 am",0
"Feb 27, 01:00 am",0
"Feb 27, 02:00 am",0
"Feb 27, 03:00 am",0
"Feb 27, 04:00 am",0
"Feb 27, 05:00 am",0
"Feb 27, 06:00 am",0
"Feb 27, 07:00 am",1.61072
"Feb 27, 08:00 am",6.71929
"Feb 27, 09:00 am",7.79663
"Feb 27, 10:00 am",10.8339
"Feb 27, 11:00 am",13.5754
"Feb 27, 12:00 pm",8.99393
"Feb 27, 01:00 pm",9.14489
"Feb 27, 02:00 pm",0.500001
"Feb 27, 03:00 pm",3.66074
"Feb 27, 04:00 pm",1.98925
"Feb 27, 05:00 pm",0.466763
"Feb 27, 06:00 pm",0
"Feb 27, 07:00 pm",0
"Feb 27, 08:00 pm",0
"Feb 27, 09:00 pm",0
"Feb 27, 10:00 pm",0
"Feb 27, 11:00 pm",0
"Feb 28, 12:00 am",0
"Feb 28, 01:00 am",0
"Feb 28, 02:00 am",0
"Feb 28, 03:00 am",0
"Feb 28, 04:00 am",0
"Feb 28, 05:00 am",0
"Feb 28, 06:00 am",0
"Feb 28, 07:00 am",0.840663
"Feb 28, 08:00 am",4.88632
"Feb 28, 09:00 am",8.83373
"Feb 28, 10:00 am",3.40216
"Feb 28, 11:00 am",2.08659
"Feb 28, 12:00 pm",8.82812
"Feb 28, 01:00 pm",0.754728
"Feb 28, 02:00 pm",0.684448
"Feb 28, 03:00 pm",5.63521
"Feb 28, 04:00 pm",1.43635
"Feb 28, 05:00 pm",3.52531
"Feb 28, 06:00 pm",0
"Feb 28, 07:00 pm",0
"Feb 28, 08:00 pm",0
"Feb 28, 09:00 pm",0
"Feb 28, 10:00 pm",0
"Feb 28, 11:00 pm",0
"Mar 1, 12:00 am",0
"Mar 1, 01:00 am",0
"Mar 1, 02:00 am",0
"Mar 1, 03:00 am",0
"Mar 1, 04:00 am",0
"Mar 1, 05:00 am",0
"Mar 1, 06:00 am",0
"Mar 1, 07:00 am",0.462133
"Mar 1, 08:00 am",2.90847
"Mar 1, 09:00 am",7.72011
"Mar 1, 10:00 am",10.9973
"Mar 1, 11:00 am",14.6651
"Mar 1, 12:00 pm",15.3296
"Mar 1, 01:00 pm",13.8175
"Mar 1, 02:00 pm",12.5521
"Mar 1, 03:00 pm",11.6196
"Mar 1, 04:00 pm",8.0927
"Mar 1, 05:00 pm",3.27959
"Mar 1, 06:00 pm",0
"Mar 1, 07:00 pm",0
"Mar 1, 08:00 pm",0
"Mar 1, 09:00 pm",0
"Mar 1, 10:00 pm",0
"Mar 1, 11:00 pm",0
"Mar 2, 12:00 am",0
"Mar 2, 01:00 am",0
"Mar 2, 02:00 am",0
"Mar 2, 03:00 am",0
"Mar 2, 04:00 am",0
"Mar 2, 05:00 am",0
"Mar 2, 06:00 am",0
"Mar 2, 07:00 am",1.84287
"Mar 2, 08:00 am",7.20657
"Mar 2, 09:00 am",11.1156
"Mar 2, 10:00 am",13.4718
"Mar 2, 11:00 am",12.5549
"Mar 2, 12:00 pm",12.6274
"Mar 2, 01:00 pm",14.9289
"Mar 2, 02:00 pm",13.7163
"Mar 2, 03:00 pm",11.5922
"Mar 2, 04:00 pm",8.26129
"Mar 2, 05:00 pm",1.30882
"Mar 2, 06:00 pm",0
"Mar 2, 07:00 pm",0
"Mar 2, 08:00 pm",0
"Mar 2, 09:00 pm",0
"Mar 2, 10:00 pm",0
"Mar 2, 11:00 pm",0
"Mar 3, 12:00 am",0
"Mar 3, 01:00 am",0
"Mar 3, 02:00 am",0
"Mar 3, 03:00 am",0
"Mar 3, 04:00 am",0
"Mar 3, 05:00 am",0
"Mar 3, 06:00 am",0
"Mar 3, 07:00 am",1.95348
"Mar 3, 08:00 am",7.07407
"Mar 3, 09:00 am",10.94
"Mar 3, 10:00 am",13.5959
"Mar 3, 11:00 am",15.3633
"Mar 3, 12:00 pm",16.0384
"Mar 3, 01:00 pm",15.7329
"Mar 3, 02:00 pm",14.4739
"Mar 3, 03:00 pm",12.1661
"Mar 3, 04:00 pm",7.59421
"Mar 3, 05:00 pm",3.53432
"Mar 3, 06:00 pm",0
"Mar 3, 07:00 pm",0
"Mar 3, 08:00 pm",0
"Mar 3, 09:00 pm",0
"Mar 3, 10:00 pm",0
"Mar 3, 11:00 pm",0
"Mar 4, 12:00 am",0
"Mar 4, 01:00 am",0
"Mar 4, 02:00 am",0
"Mar 4, 03:00 am",0
"Mar 4, 04:00 am",0
"Mar 4, 05:00 am",0
"Mar 4, 06:00 am",0
"Mar 4, 07:00 am",0.346677
"Mar 4, 08:00 am",4.50681
"Mar 4, 09:00 am",6.87773
"Mar 4, 10:00 am",9.98678
"Mar 4, 11:00 am",12.2463
"Mar 4, 12:00 pm",13.5037
"Mar 4, 01:00 pm",13.4293
"Mar 4, 02:00 pm",11.0476
"Mar 4, 03:00 pm",9.1519
"Mar 4, 04:00 pm",8.36186
"Mar 4, 05:00 pm",3.43191
"Mar 4, 06:00 pm",0
"Mar 4, 07:00 pm",0
"Mar 4, 08:00 pm",0
"Mar 4, 09:00 pm",0
"Mar 4, 10:00 pm",0
"Mar 4, 11:00 pm",0
"Mar 5, 12:00 am",0
"Mar 5, 01:00 am",0
"Mar 5, 02:00 am",0
"Mar 5, 03:00 am",0
"Mar 5, 04:00 am",0
"Mar 5, 05:00 am",0
"Mar 5, 06:00 am",0
"Mar 5, 07:00 am",1.86725
"Mar 5, 08:00 am",7.11899
"Mar 5, 09:00 am",11.0677
"Mar 5, 10:00 am",13.5115
"Mar 5, 11:00 am",14.8625
"Mar 5, 12:00 pm",15.1513
"Mar 5, 01:00 pm",14.4777
"Mar 5, 02:00 pm",13.4586
"Mar 5, 03:00 pm",11.5168
"Mar 5, 04:00 pm",8.32058
"Mar 5, 05:00 pm",3.61283
"Mar 5, 06:00 pm",0
"Mar 5, 07:00 pm",0
"Mar 5, 08:00 pm",0
"Mar 5, 09:00 pm",0
"Mar 5, 10:00 pm",0
"Mar 5, 11:00 pm",0
"Mar 6, 12:00 am",0
"Mar 6, 01:00 am",0
"Mar 6, 02:00 am",0
"Mar 6, 03:00 am",0
"Mar 6, 04:00 am",0
"Mar 6, 05:00 am",0
"Mar 6, 06:00 am",0
"Mar 6, 07:00 am",2.02429
"Mar 6, 08:00 am",7.1602
"Mar 6, 09:00 am",11.134
"Mar 6, 10:00 am",13.8247
"Mar 6, 11:00 am",15.6061
"Mar 6, 12:00 pm",16.4242
"Mar 6, 01:00 pm",16.1318
"Mar 6, 02:00 pm",14.7589
"Mar 6, 03:00 pm",12.2463
"Mar 6, 04:00 pm",8.65884
"Mar 6, 05:00 pm",3.6182
"Mar 6, 06:00 pm",0
"Mar 6, 07:00 pm",0
"Mar 6, 08:00 pm",0
"Mar 6, 09:00 pm",0
"Mar 6, 10:00 pm",0
"Mar 6, 11:00 pm",0
"Mar 7, 12:00 am",0
"Mar 7, 01:00 am",0
"Mar 7, 02:00 am",0
"Mar 7, 03:00 am",0
"Mar 7, 04:00 am",0
"Mar 7, 05:00 am",0
"Mar 7, 06:00 am",0
"Mar 7, 07:00 am",1.90961
"Mar 7, 08:00 am",6.95683
"Mar 7, 09:00 am",0.626729
"Mar 7, 10:00 am",1.81499
"Mar 7, 11:00 am",0.546174
"Mar 7, 12:00 pm",3.73316
"Mar 7, 01:00 pm",1.89269
"Mar 7, 02:00 pm",2.55955
"Mar 7, 03:00 pm",6.06466
"Mar 7, 04:00 pm",3.43067
"Mar 7, 05:00 pm",-0
"Mar 7, 06:00 pm",0
"Mar 7, 07:00 pm",0
"Mar 7, 08:00 pm",0
"Mar 7, 09:00 pm",0
"Mar 7, 10:00 pm",0
"Mar 7, 11:00 pm",0
"Mar 8, 12:00 am",0
"Mar 8, 01:00 am",0
"Mar 8, 02:00 am",0
"Mar 8, 03:00 am",0
"Mar 8, 04:00 am",0
"Mar 8, 05:00 am",0
"Mar 8, 06:00 am",0
"Mar 8, 07:00 am",1.95519
"Mar 8, 08:00 am",7.10019
"Mar 8, 09:00 am",10.9969
"Mar 8, 10:00 am",13.8842
"Mar 8, 11:00 am",15.8001
"Mar 8, 12:00 pm",16.5797
"Mar 8, 01:00 pm",16.1762
"Mar 8, 02:00 pm",14.7327
"Mar 8, 03:00 pm",12.2075
"Mar 8, 04:00 pm",8.6205
"Mar 8, 05:00 pm",2.15838
"Mar 8, 06:00 pm",-0
"Mar 8, 07:00 pm",0
"Mar 8, 08:00 pm",0
"Mar 8, 09:00 pm",0
"Mar 8, 10:00 pm",0
"Mar 8, 11:00 pm",0
"Mar 9, 12:00 am",0
"Mar 9, 01:00 am",0
"Mar 9, 02:00 am",0
"Mar 9, 03:00 am",0
"Mar 9, 04:00 am",0
"Mar 9, 05:00 am",0
"Mar 9, 06:00 am",0
"Mar 9, 07:00 am",2.15274
"Mar 9, 08:00 am",7.38765
"Mar 9, 09:00 am",11.359
"Mar 9, 10:00 am",14.113
"Mar 9, 11:00 am",15.6622
"Mar 9, 12:00 pm",16.1879
"Mar 9, 01:00 pm",15.7348
"Mar 9, 02:00 pm",14.3342
"Mar 9, 03:00 pm",11.9608
"Mar 9, 04:00 pm",8.47531
"Mar 9, 05:00 pm",3.59643
"Mar 9, 06:00 pm",-0
"Mar 9, 07:00 pm",0
"Mar 9, 08:00 pm",0
"Mar 9, 09:00 pm",0
"Mar 9, 10:00 pm",0
"Mar 9, 11:00 pm",0
"Mar 10, 12:00 am",0
"Mar 10, 01:00 am",0
"Mar 10, 02:00 am",0
"Mar 10, 03:00 am",0
"Mar 10, 04:00 am",0
"Mar 10, 05:00 am",0
"Mar 10, 06:00 am",0
"Mar 10, 07:00 am",0.647396
"Mar 10, 08:00 am",5.30991
"Mar 10, 09:00 am",11.4446
"Mar 10, 10:00 am",13.9308
"Mar 10, 11:00 am",15.346
"Mar 10, 12:00 pm",15.6614
"Mar 10, 01:00 pm",15.3105
"Mar 10, 02:00 pm",14.0749
"Mar 10, 03:00 pm",11.8235
"Mar 10, 04:00 pm",8.31447
"Mar 10, 05:00 pm",3.54488
"Mar 10, 06:00 pm",-0
"Mar 10, 07:00 pm",0
"Mar 10, 08:00 pm",0
"Mar 10, 09:00 pm",0
"Mar 10, 10:00 pm",0
"Mar 10, 11:00 pm",0
"Mar 11, 12:00 am",0
"Mar 11, 01:00 am",0
"Mar 11, 02:00 am",0
"Mar 11, 03:00 am",0
"Mar 11, 04:00 am",0
"Mar 11, 05:00 am",0
"Mar 11, 06:00 am",0
"Mar 11, 07:00 am",2.11117
"Mar 11, 08:00 am",7.05941
"Mar 11, 09:00 am",11.1635
"Mar 11, 10:00 am",14.0284
"Mar 11, 11:00 am",15.8376
"Mar 11, 12:00 pm",16.4245
"Mar 11, 01:00 pm",16.3258
"Mar 11, 02:00 pm",14.7918
"Mar 11, 03:00 pm",12.0261
"Mar 11, 04:00 pm",7.19961
"Mar 11, 05:00 pm",2.81544
"Mar 11, 06:00 pm",-0
"Mar 11, 07:00 pm",0
"Mar 11, 08:00 pm",0
"Mar 11, 09:00 pm",0
"Mar 11, 10:00 pm",0
"Mar 11, 11:00 pm",0
"Mar 12, 12:00 am",0
"Mar 12, 01:00 am",0
"Mar 12, 02:00 am",0
"Mar 12, 03:00 am",0
"Mar 12, 04:00 am",0
"Mar 12, 05:00 am",0
"Mar 12, 06:00 am",0
"Mar 12, 07:00 am",2.22503
"Mar 12, 08:00 am",7.37633
"Mar 12, 09:00 am",11.5841
"Mar 12, 10:00 am",14.6233
"Mar 12, 11:00 am",16.3779
"Mar 12, 12:00 pm",17.0499
"Mar 12, 01:00 pm",16.5028
"Mar 12, 02:00 pm",14.9151
"Mar 12, 03:00 pm",12.2692
"Mar 12, 04:00 pm",8.48095
"Mar 12, 05:00 pm",3.50816
"Mar 12, 06:00 pm",-0
"Mar 12, 07:00 pm",0
"Mar 12, 08:00 pm",0
"Mar 12, 09:00 pm",0
"Mar 12, 10:00 pm",0
"Mar 12, 11:00 pm",0
"Mar 13, 12:00 am",0
"Mar 13, 01:00 am",0
"Mar 13, 02:00 am",0
"Mar 13, 03:00 am",0
"Mar 13, 04:00 am",0
"Mar 13, 05:00 am",0
"Mar 13, 06:00 am",0
"Mar 13, 07:00 am",2.42371
"Mar 13, 08:00 am",7.48887
"Mar 13, 09:00 am",11.1218
"Mar 13, 10:00 am",13.2899
"Mar 13, 11:00 am",15.0589
"Mar 13, 12:00 pm",15.9193
"Mar 13, 01:00 pm",15.6267
"Mar 13, 02:00 pm",14.348
"Mar 13, 03:00 pm",11.9912
"Mar 13, 04:00 pm",8.40161
"Mar 13, 05:00 pm",3.55147
"Mar 13, 06:00 pm",-0
"Mar 13, 07:00 pm",0
"Mar 13, 08:00 pm",0
"Mar 13, 09:00 pm",0
"Mar 13, 10:00 pm",0
"Mar 13, 11:00 pm",0
"Mar 14, 12:00 am",0
"Mar 14, 01:00 am",0
"Mar 14, 02:00 am",0
"Mar 14, 03:00 am",0
"Mar 14, 04:00 am",0
"Mar 14, 05:00 am",0
"Mar 14, 06:00 am",0
"Mar 14, 07:00 am",2.44945
"Mar 14, 08:00 am",7.40515
"Mar 14, 09:00 am",11.1344
"Mar 14, 10:00 am",13.8596
"Mar 14, 11:00 am",13.7306
"Mar 14, 12:00 pm",14.3798
"Mar 14, 01:00 pm",13.902
"Mar 14, 02:00 pm",9.62735
"Mar 14, 03:00 pm",9.30955
"Mar 14, 04:00 pm",0.464164
"Mar 14, 05:00 pm",1.59022
"Mar 14, 06:00 pm",-0
"Mar 14, 07:00 pm",0
"Mar 14, 08:00 pm",0
"Mar 14, 09:00 pm",0
"Mar 14, 10:00 pm",0
"Mar 14, 11:00 pm",0
"Mar 15, 12:00 am",0
"Mar 15, 01:00 am",0
"Mar 15, 02:00 am",0
"Mar 15, 03:00 am",0
"Mar 15, 04:00 am",0
"Mar 15, 05:00 am",0
"Mar 15, 06:00 am",0
"Mar 15, 07:00 am",1.13624
"Mar 15, 08:00 am",1.68896
"Mar 15, 09:00 am",6.0677
"Mar 15, 10:00 am",13.5287
"Mar 15, 11:00 am",16.1251
"Mar 15, 12:00 pm",16.8321
"Mar 15, 01:00 pm",16.3452
"Mar 15, 02:00 pm",14.8372
"Mar 15, 03:00 pm",12.091
"Mar 15, 04:00 pm",8.30423
"Mar 15, 05:00 pm",3.35294
"Mar 15, 06:00 pm",-0
"Mar 15, 07:00 pm",0
"Mar 15, 08:00 pm",0
"Mar 15, 09:00 pm",0
"Mar 15, 10:00 pm",0
"Mar 15, 11:00 pm",0
"Mar 16, 12:00 am",0
"Mar 16, 01:00 am",0
"Mar 16, 02:00 am",0
"Mar 16, 03:00 am",0
"Mar 16, 04:00 am",0
"Mar 16, 05:00 am",0
"Mar 16, 06:00 am",0
"Mar 16, 07:00 am",-0
"Mar 16, 08:00 am",4.04063
"Mar 16, 09:00 am",0.231151
"Mar 16, 10:00 am",1.69406
"Mar 16, 11:00 am",3.83966
"Mar 16, 12:00 pm",3.86714
"Mar 16, 01:00 pm",6.06408
"Mar 16, 02:00 pm",6.53161
"Mar 16, 03:00 pm",9.85725
"Mar 16, 04:00 pm",0.149209
"Mar 16, 05:00 pm",0.468128
"Mar 16, 06:00 pm",-0
"Mar 16, 07:00 pm",0
"Mar 16, 08:00 pm",0
"Mar 16, 09:00 pm",0
"Mar 16, 10:00 pm",0
"Mar 16, 11:00 pm",0
"Mar 17, 12:00 am",0
"Mar 17, 01:00 am",0
"Mar 17, 02:00 am",0
"Mar 17, 03:00 am",0
"Mar 17, 04:00 am",0
"Mar 17, 05:00 am",0
"Mar 17, 06:00 am",0
"Mar 17, 07:00 am",1.35461
"Mar 17, 08:00 am",2.08428
"Mar 17, 09:00 am",1.43824
"Mar 17, 10:00 am",4.77015
"Mar 17, 11:00 am",2.59866
"Mar 17, 12:00 pm",4.42821
"Mar 17, 01:00 pm",7.39014
"Mar 17, 02:00 pm",10.8187
"Mar 17, 03:00 pm",11.3008
"Mar 17, 04:00 pm",5.60445
"Mar 17, 05:00 pm",1.48638
"Mar 17, 06:00 pm",-0
"Mar 17, 07:00 pm",0
"Mar 17, 08:00 pm",0
"Mar 17, 09:00 pm",0
"Mar 17, 10:00 pm",0
"Mar 17, 11:00 pm",0
"Mar 18, 12:00 am",0
"Mar 18, 01:00 am",0
"Mar 18, 02:00 am",0
"Mar 18, 03:00 am",0
"Mar 18, 04:00 am",0
"Mar 18, 05:00 am",0
"Mar 18, 06:00 am",0
"Mar 18, 07:00 am",2.48248
"Mar 18, 08:00 am",7.36222
"Mar 18, 09:00 am",11.1595
"Mar 18, 10:00 am",13.9488
"Mar 18, 11:00 am",15.6585
"Mar 18, 12:00 pm",16.2855
"Mar 18, 01:00 pm",15.8061
"Mar 18, 02:00 pm",14.2367
"Mar 18, 03:00 pm",11.8051
"Mar 18, 04:00 pm",8.16454
"Mar 18, 05:00 pm",3.3549
"Mar 18, 06:00 pm",-0
"Mar 18, 07:00 pm",0
"Mar 18, 08:00 pm",0
"Mar 18, 09:00 pm",0
"Mar 18, 10:00 pm",0
"Mar 18, 11:00 pm",0
"Mar 19, 12:00 am",0
"Mar 19, 01:00 am",0
"Mar 19, 02:00 am",0
"Mar 19, 03:00 am",0
"Mar 19, 04:00 am",0
"Mar 19, 05:00 am",0
"Mar 19, 06:00 am",0
"Mar 19, 07:00 am",2.54471
"Mar 19, 08:00 am",7.41253
"Mar 19, 09:00 am",11.2197
"Mar 19, 10:00 am",13.8858
"Mar 19, 11:00 am",15.5579
"Mar 19, 12:00 pm",16.1918
"Mar 19, 01:00 pm",15.7399
"Mar 19, 02:00 pm",14.2765
"Mar 19, 03:00 pm",10.7571
"Mar 19, 04:00 pm",8.20635
"Mar 19, 05:00 pm",3.3897
"Mar 19, 06:00 pm",-0
"Mar 19, 07:00 pm",0
"Mar 19, 08:00 pm",0
"Mar 19, 09:00 pm",0
"Mar 19, 10:00 pm",0
"Mar 19, 11:00 pm",0
"Mar 20, 12:00 am",0
"Mar 20, 01:00 am",0
"Mar 20, 02:00 am",0
"Mar 20, 03:00 am",0
"Mar 20, 04:00 am",0
"Mar 20, 05:00 am",0
"Mar 20, 06:00 am",0
"Mar 20, 07:00 am",2.58049
"Mar 20, 08:00 am",5.80888
"Mar 20, 09:00 am",8.90344
"Mar 20, 10:00 am",13.0241
"Mar 20, 11:00 am",14.6575
"Mar 20, 12:00 pm",15.5511
"Mar 20, 01:00 pm",15.2741
"Mar 20, 02:00 pm",13.8599
"Mar 20, 03:00 pm",11.4651
"Mar 20, 04:00 pm",8.13002
"Mar 20, 05:00 pm",3.48543
"Mar 20, 06:00 pm",0.0101352
"Mar 20, 07:00 pm",0
"Mar 20, 08:00 pm",0
"Mar 20, 09:00 pm",0
"Mar 20, 10:00 pm",0
"Mar 20, 11:00 pm",0
"Mar 21, 12:00 am",0
"Mar 21, 01:00 am",0
"Mar 21, 02:00 am",0
"Mar 21, 03:00 am",0
"Mar 21, 04:00 am",0
"Mar 21, 05:00 am",0
"Mar 21, 06:00 am",0
"Mar 21, 07:00 am",2.77373
"Mar 21, 08:00 am",7.77405
"Mar 21, 09:00 am",11.5576
"Mar 21, 10:00 am",14.1511
"Mar 21, 11:00 am",15.6599
"Mar 21, 12:00 pm",16.1254
"Mar 21, 01:00 pm",15.5912
"Mar 21, 02:00 pm",14.0531
"Mar 21, 03:00 pm",11.573
"Mar 21, 04:00 pm",8.13777
"Mar 21, 05:00 pm",3.4767
"Mar 21, 06:00 pm",0.0201824
"Mar 21, 07:00 pm",0
"Mar 21, 08:00 pm",0
"Mar 21, 09:00 pm",0
"Mar 21, 10:00 pm",0
"Mar 21, 11:00 pm",0
"Mar 22, 12:00 am",0
"Mar 22, 01:00 am",0
"Mar 22, 02:00 am",0
"Mar 22, 03:00 am",0
"Mar 22, 04:00 am",0
"Mar 22, 05:00 am",0
"Mar 22, 06:00 am",-0
"Mar 22, 07:00 am",2.7887
"Mar 22, 08:00 am",7.71247
"Mar 22, 09:00 am",11.372
"Mar 22, 10:00 am",13.5799
"Mar 22, 11:00 am",14.6627
"Mar 22, 12:00 pm",15.2702
"Mar 22, 01:00 pm",15.1418
"Mar 22, 02:00 pm",13.9423
"Mar 22, 03:00 pm",11.6903
"Mar 22, 04:00 pm",8.17799
"Mar 22, 05:00 pm",3.45695
"Mar 22, 06:00 pm",0.0277509
"Mar 22, 07:00 pm",0
"Mar 22, 08:00 pm",0
"Mar 22, 09:00 pm",0
"Mar 22, 10:00 pm",0
"Mar 22, 11:00 pm",0
"Mar 23, 12:00 am",0
"Mar 23, 01:00 am",0
"Mar 23, 02:00 am",0
"Mar 23, 03:00 am",0
"Mar 23, 04:00 am",0
"Mar 23, 05:00 am",0
"Mar 23, 06:00 am",-0
"Mar 23, 07:00 am",2.56796
"Mar 23, 08:00 am",7.357
"Mar 23, 09:00 am",11.2804
"Mar 23, 10:00 am",14.0892
"Mar 23, 11:00 am",15.6113
"Mar 23, 12:00 pm",15.9916
"Mar 23, 01:00 pm",15.6896
"Mar 23, 02:00 pm",14.0148
"Mar 23, 03:00 pm",11.4801
"Mar 23, 04:00 pm",7.88954
"Mar 23, 05:00 pm",3.26765
"Mar 23, 06:00 pm",0.0274742
"Mar 23, 07:00 pm",0
"Mar 23, 08:00 pm",0
"Mar 23, 09:00 pm",0
"Mar 23, 10:00 pm",0
"Mar 23, 11:00 pm",0
"Mar 24, 12:00 am",0
"Mar 24, 01:00 am",0
"Mar 24, 02:00 am",0
"Mar 24, 03:00 am",0
"Mar 24, 04:00 am",0
"Mar 24, 05:00 am",0
"Mar 24, 06:00 am",-0
"Mar 24, 07:00 am",2.67541
"Mar 24, 08:00 am",7.39506
"Mar 24, 09:00 am",10.9391
"Mar 24, 10:00 am",13.0614
"Mar 24, 11:00 am",14.2467
"Mar 24, 12:00 pm",14.9786
"Mar 24, 01:00 pm",14.6978
"Mar 24, 02:00 pm",13.4082
"Mar 24, 03:00 pm",11.1694
"Mar 24, 04:00 pm",7.78322
"Mar 24, 05:00 pm",3.24419
"Mar 24, 06:00 pm",0.0343765
"Mar 24, 07:00 pm",0
"Mar 24, 08:00 pm",0
"Mar 24, 09:00 pm",0
"Mar 24, 10:00 pm",0
"Mar 24, 11:00 pm",0
"Mar 25, 12:00 am",0
"Mar 25, 01:00 am",0
"Mar 25, 02:00 am",0
"Mar 25, 03:00 am",0
"Mar 25, 04:00 am",0
"Mar 25, 05:00 am",0
"Mar 25, 06:00 am",-0
"Mar 25, 07:00 am",2.29912
"Mar 25, 08:00 am",3.03025
"Mar 25, 09:00 am",9.241
"Mar 25, 10:00 am",12.7537
"Mar 25, 11:00 am",13.3216
"Mar 25, 12:00 pm",15.7162
"Mar 25, 01:00 pm",13.4444
"Mar 25, 02:00 pm",9.4219
"Mar 25, 03:00 pm",3.70891
"Mar 25, 04:00 pm",1.77856
"Mar 25, 05:00 pm",1.69751
"Mar 25, 06:00 pm",-0
"Mar 25, 07:00 pm",0
"Mar 25, 08:00 pm",0
"Mar 25, 09:00 pm",0
"Mar 25, 10:00 pm",0
"Mar 25, 11:00 pm",0
"Mar 26, 12:00 am",0
"Mar 26, 01:00 am",0
"Mar 26, 02:00 am",0
"Mar 26, 03:00 am",0
"Mar 26, 04:00 am",0
"Mar 26, 05:00 am",0
"Mar 26, 06:00 am",-0
"Mar 26, 07:00 am",0.0542728
"Mar 26, 08:00 am",2.35429
"Mar 26, 09:00 am",4.49465
"Mar 26, 10:00 am",9.29193
"Mar 26, 11:00 am",10.2341
"Mar 26, 12:00 pm",7.85159
"Mar 26, 01:00 pm",5.53891
"Mar 26, 02:00 pm",2.88033
"Mar 26, 03:00 pm",6.59242
"Mar 26, 04:00 pm",4.82235
"Mar 26, 05:00 pm",3.17049
"Mar 26, 06:00 pm",0.0743914
"Mar 26, 07:00 pm",0
"Mar 26, 08:00 pm",0
"Mar 26, 09:00 pm",0
"Mar 26, 10:00 pm",0
"Mar 26, 11:00 pm",0
"Mar 27, 12:00 am",0
"Mar 27, 01:00 am",0
"Mar 27, 02:00 am",0
"Mar 27, 03:00 am",0
"Mar 27, 04:00 am",0
"Mar 27, 05:00 am",0
"Mar 27, 06:00 am",-0
"Mar 27, 07:00 am",2.74447
"Mar 27, 08:00 am",7.41918
"Mar 27, 09:00 am",11.1034
"Mar 27, 10:00 am",13.7587
"Mar 27, 11:00 am",15.301
"Mar 27, 12:00 pm",15.7349
"Mar 27, 01:00 pm",15.2482
"Mar 27, 02:00 pm",13.8447
"Mar 27, 03:00 pm",11.3457
"Mar 27, 04:00 pm",7.84181
"Mar 27, 05:00 pm",3.26714
"Mar 27, 06:00 pm",0.0650367
"Mar 27, 07:00 pm",0
"Mar 27, 08:00 pm",0
"Mar 27, 09:00 pm",0
"Mar 27, 10:00 pm",0
"Mar 27, 11:00 pm",0
"Mar 28, 12:00 am",0
"Mar 28, 01:00 am",0
"Mar 28, 02:00 am",0
"Mar 28, 03:00 am",0
"Mar 28, 04:00 am",0
"Mar 28, 05:00 am",0
"Mar 28, 06:00 am",-0
"Mar 28, 07:00 am",2.8467
"Mar 28, 08:00 am",7.50275
"Mar 28, 09:00 am",10.9779
"Mar 28, 10:00 am",13.3984
"Mar 28, 11:00 am",14.9332
"Mar 28, 12:00 pm",15.3919
"Mar 28, 01:00 pm",14.8121
"Mar 28, 02:00 pm",13.4815
"Mar 28, 03:00 pm",11.1618
"Mar 28, 04:00 pm",7.80933
"Mar 28, 05:00 pm",3.25052
"Mar 28, 06:00 pm",0.0595132
"Mar 28, 07:00 pm",0
"Mar 28, 08:00 pm",0
"Mar 28, 09:00 pm",0
"Mar 28, 10:00 pm",0
"Mar 28, 11:00 pm",0
"Mar 29, 12:00 am",0
"Mar 29, 01:00 am",0
"Mar 29, 02:00 am",0
"Mar 29, 03:00 am",0
"Mar 29, 04:00 am",0
"Mar 29, 05:00 am",0
"Mar 29, 06:00 am",0.00868832
"Mar 29, 07:00 am",2.83523
"Mar 29, 08:00 am",7.28269
"Mar 29, 09:00 am",10.744
"Mar 29, 10:00 am",13.2352
"Mar 29, 11:00 am",14.933
"Mar 29, 12:00 pm",15.602
"Mar 29, 01:00 pm",15.1229
"Mar 29, 02:00 pm",13.6017
"Mar 29, 03:00 pm",11.116
"Mar 29, 04:00 pm",7.51146
"Mar 29, 05:00 pm",3.01733
"Mar 29, 06:00 pm",0.0448903
"Mar 29, 07:00 pm",0
"Mar 29, 08:00 pm",0
"Mar 29, 09:00 pm",0
"Mar 29, 10:00 pm",0
"Mar 29, 11:00 pm",0
"Mar 30, 12:00 am",0
"Mar 30, 01:00 am",0
"Mar 30, 02:00 am",0
"Mar 30, 03:00 am",0
"Mar 30, 04:00 am",0
"Mar 30, 05:00 am",0
"Mar 30, 06:00 am",0.00820497
"Mar 30, 07:00 am",2.75695
"Mar 30, 08:00 am",7.30546
"Mar 30, 09:00 am",10.8339
"Mar 30, 10:00 am",13.1981
"Mar 30, 11:00 am",14.3803
"Mar 30, 12:00 pm",14.9932
"Mar 30, 01:00 pm",14.6204
"Mar 30, 02:00 pm",13.1251
"Mar 30, 03:00 pm",10.9341
"Mar 30, 04:00 pm",7.60912
"Mar 30, 05:00 pm",3.06226
"Mar 30, 06:00 pm",0.0740114
"Mar 30, 07:00 pm",0
"Mar 30, 08:00 pm",0
"Mar 30, 09:00 pm",0
"Mar 30, 10:00 pm",0
"Mar 30, 11:00 pm",0
"Mar 31, 12:00 am",0
"Mar 31, 01:00 am",0
"Mar 31, 02:00 am",0
"Mar 31, 03:00 am",0
"Mar 31, 04:00 am",0
"Mar 31, 05:00 am",0
"Mar 31, 06:00 am",0.027902
"Mar 31, 07:00 am",2.82824
"Mar 31, 08:00 am",7.52957
"Mar 31, 09:00 am",11.2899
"Mar 31, 10:00 am",13.9951
"Mar 31, 11:00 am",15.499
"Mar 31, 12:00 pm",16.0719
"Mar 31, 01:00 pm",15.5717
"Mar 31, 02:00 pm",14.0331
"Mar 31, 03:00 pm",11.3688
"Mar 31, 04:00 pm",7.60379
"Mar 31, 05:00 pm",3.14777
"Mar 31, 06:00 pm",0.065722
"Mar 31, 07:00 pm",0
"Mar 31, 08:00 pm",0
"Mar 31, 09:00 pm",0
"Mar 31, 10:00 pm",0
"Mar 31, 11:00 pm",0
"Apr 1, 12:00 am",0
"Apr 1, 01:00 am",0
"Apr 1, 02:00 am",0
"Apr 1, 03:00 am",0
"Apr 1, 04:00 am",0
"Apr 1, 05:00 am",0
"Apr 1, 06:00 am",0.0543294
"Apr 1, 07:00 am",2.99449
"Apr 1, 08:00 am",7.56778
"Apr 1, 09:00 am",10.796
"Apr 1, 10:00 am",12.7977
"Apr 1, 11:00 am",13.8112
"Apr 1, 12:00 pm",14.6108
"Apr 1, 01:00 pm",14.4426
"Apr 1, 02:00 pm",13.236
"Apr 1, 03:00 pm",10.9997
"Apr 1, 04:00 pm",7.5527
"Apr 1, 05:00 pm",3.13557
"Apr 1, 06:00 pm",0.0726195
"Apr 1, 07:00 pm",0
"Apr 1, 08:00 pm",0
"Apr 1, 09:00 pm",0
"Apr 1, 10:00 pm",0
"Apr 1, 11:00 pm",0
"Apr 2, 12:00 am",0
"Apr 2, 01:00 am",0
"Apr 2, 02:00 am",0
"Apr 2, 03:00 am",0
"Apr 2, 04:00 am",0
"Apr 2, 05:00 am",0
"Apr 2, 06:00 am",0.0498069
"Apr 2, 07:00 am",2.8206
"Apr 2, 08:00 am",7.17106
"Apr 2, 09:00 am",10.5271
"Apr 2, 10:00 am",12.7174
"Apr 2, 11:00 am",13.7641
"Apr 2, 12:00 pm",14.1529
"Apr 2, 01:00 pm",12.1691
"Apr 2, 02:00 pm",8.68427
"Apr 2, 03:00 pm",6.66409
"Apr 2, 04:00 pm",6.55678
"Apr 2, 05:00 pm",1.52701
"Apr 2, 06:00 pm",0.0844557
"Apr 2, 07:00 pm",0
"Apr 2, 08:00 pm",0
"Apr 2, 09:00 pm",0
"Apr 2, 10:00 pm",0
"Apr 2, 11:00 pm",0
"Apr 3, 12:00 am",0
"Apr 3, 01:00 am",0
"Apr 3, 02:00 am",0
"Apr 3, 03:00 am",0
"Apr 3, 04:00 am",0
"Apr 3, 05:00 am",0
"Apr 3, 06:00 am",0.0973437
"Apr 3, 07:00 am",2.72194
"Apr 3, 08:00 am",7.41593
"Apr 3, 09:00 am",10.8938
"Apr 3, 10:00 am",13.1958
"Apr 3, 11:00 am",14.429
"Apr 3, 12:00 pm",14.8036
"Apr 3, 01:00 pm",14.5425
"Apr 3, 02:00 pm",13.3873
"Apr 3, 03:00 pm",10.9591
"Apr 3, 04:00 pm",7.39909
"Apr 3, 05:00 pm",2.95416
"Apr 3, 06:00 pm",0.108366
"Apr 3, 07:00 pm",0
"Apr 3, 08:00 pm",0
"Apr 3, 09:00 pm",0
"Apr 3, 10:00 pm",0
"Apr 3, 11:00 pm",0
"Apr 4, 12:00 am",0
"Apr 4, 01:00 am",0
"Apr 4, 02:00 am",0
"Apr 4, 03:00 am",0
"Apr 4, 04:00 am",0
"Apr 4, 05:00 am",0
"Apr 4, 06:00 am",0.104276
"Apr 4, 07:00 am",3.34384
"Apr 4, 08:00 am",8.37941
"Apr 4, 09:00 am",12.1356
"Apr 4, 10:00 am",14.7086
"Apr 4, 11:00 am",15.9011
"Apr 4, 12:00 pm",16.1566
"Apr 4, 01:00 pm",15.5395
"Apr 4, 02:00 pm",13.9696
"Apr 4, 03:00 pm",11.4555
"Apr 4, 04:00 pm",7.97518
"Apr 4, 05:00 pm",3.31653
"Apr 4, 06:00 pm",0.0949958
"Apr 4, 07:00 pm",0
"Apr 4, 08:00 pm",0
"Apr 4, 09:00 pm",0
"Apr 4, 10:00 pm",0
"Apr 4, 11:00 pm",0
"Apr 5, 12:00 am",0
"Apr 5, 01:00 am",0
"Apr 5, 02:00 am",0
"Apr 5, 03:00 am",0
"Apr 5, 04:00 am",0
"Apr 5, 05:00 am",0
"Apr 5, 06:00 am",0.101314
"Apr 5, 07:00 am",3.22984
"Apr 5, 08:00 am",7.7486
"Apr 5, 09:00 am",10.748
"Apr 5, 10:00 am",12.8905
"Apr 5, 11:00 am",14.1831
"Apr 5, 12:00 pm",14.6089
"Apr 5, 01:00 pm",13.0811
"Apr 5, 02:00 pm",11.6002
"Apr 5, 03:00 pm",10.3991
"Apr 5, 04:00 pm",6.01332
"Apr 5, 05:00 pm",2.47239
"Apr 5, 06:00 pm",0.104082
"Apr 5, 07:00 pm",0
"Apr 5, 08:00 pm",0
"Apr 5, 09:00 pm",0
"Apr 5, 10:00 pm",0
"Apr 5, 11:00 pm",0
"Apr 6, 12:00 am",0
"Apr 6, 01:00 am",0
"Apr 6, 02:00 am",0
"Apr 6, 03:00 am",0
"Apr 6, 04:00 am",0
"Apr 6, 05:00 am",0
"Apr 6, 06:00 am",0.0666483
"Apr 6, 07:00 am",0.344342
"Apr 6, 08:00 am",3.26022
"Apr 6, 09:00 am",6.15009
"Apr 6, 10:00 am",6.83181
"Apr 6, 11:00 am",2.75586
"Apr 6, 12:00 pm",2.18915
"Apr 6, 01:00 pm",4.52195
"Apr 6, 02:00 pm",0.239388
"Apr 6, 03:00 pm",6.45623
"Apr 6, 04:00 pm",0.403497
"Apr 6, 05:00 pm",1.78643
"Apr 6, 06:00 pm",0.0364634
"Apr 6, 07:00 pm",0
"Apr 6, 08:00 pm",0
"Apr 6, 09:00 pm",0
"Apr 6, 10:00 pm",0
"Apr 6, 11:00 pm",0
"Apr 7, 12:00 am",0
"Apr 7, 01:00 am",0
"Apr 7, 02:00 am",0
"Apr 7, 03:00 am",0
"Apr 7, 04:00 am",0
"Apr 7, 05:00 am",0
"Apr 7, 06:00 am",0.0314955
"Apr 7, 07:00 am",1.79141
"Apr 7, 08:00 am",7.49451
"Apr 7, 09:00 am",10.9066
"Apr 7, 10:00 am",13.4636
"Apr 7, 11:00 am",15.0525
"Apr 7, 12:00 pm",10.4289
"Apr 7, 01:00 pm",15.051
"Apr 7, 02:00 pm",13.7226
"Apr 7, 03:00 pm",11.17
"Apr 7, 04:00 pm",7.60352
"Apr 7, 05:00 pm",3.1026
"Apr 7, 06:00 pm",0.139974
"Apr 7, 07:00 pm",0
"Apr 7, 08:00 pm",0
"Apr 7, 09:00 pm",0
"Apr 7, 10:00 pm",0
"Apr 7, 11:00 pm",0
"Apr 8, 12:00 am",0
"Apr 8, 01:00 am",0
"Apr 8, 02:00 am",0
"Apr 8, 03:00 am",0
"Apr 8, 04:00 am",0
"Apr 8, 05:00 am",0
"Apr 8, 06:00 am",0.139372
"Apr 8, 07:00 am",1.75747
"Apr 8, 08:00 am",5.21845
"Apr 8, 09:00 am",7.26083
"Apr 8, 10:00 am",13.5012
"Apr 8, 11:00 am",11.9963
"Apr 8, 12:00 pm",13.3103
"Apr 8, 01:00 pm",14.6683
"Apr 8, 02:00 pm",11.2025
"Apr 8, 03:00 pm",8.33237
"Apr 8, 04:00 pm",5.60391
"Apr 8, 05:00 pm",1.49563
"Apr 8, 06:00 pm",0.170129
"Apr 8, 07:00 pm",0
"Apr 8, 08:00 pm",0
"Apr 8, 09:00 pm",0
"Apr 8, 10:00 pm",0
"Apr 8, 11:00 pm",0
"Apr 9, 12:00 am",0
"Apr 9, 01:00 am",0
"Apr 9, 02:00 am",0
"Apr 9, 03:00 am",0
"Apr 9, 04:00 am",0
"Apr 9, 05:00 am",0
"Apr 9, 06:00 am",-0
"Apr 9, 07:00 am",0.807934
"Apr 9, 08:00 am",0.142039
"Apr 9, 09:00 am",1.47651
"Apr 9, 10:00 am",4.19886
"Apr 9, 11:00 am",4.50336
"Apr 9, 12:00 pm",6.13507
"Apr 9, 01:00 pm",5.81086
"Apr 9, 02:00 pm",8.96346
"Apr 9, 03:00 pm",11.4985
"Apr 9, 04:00 pm",7.88773
"Apr 9, 05:00 pm",3.24473
"Apr 9, 06:00 pm",-0
"Apr 9, 07:00 pm",0
"Apr 9, 08:00 pm",0
"Apr 9, 09:00 pm",0
"Apr 9, 10:00 pm",0
"Apr 9, 11:00 pm",0
"Apr 10, 12:00 am",0
"Apr 10, 01:00 am",0
"Apr 10, 02:00 am",0
"Apr 10, 03:00 am",0
"Apr 10, 04:00 am",0
"Apr 10, 05:00 am",0
"Apr 10, 06:00 am",0.230423
"Apr 10, 07:00 am",3.43008
"Apr 10, 08:00 am",8.16368
"Apr 10, 09:00 am",11.6305
"Apr 10, 10:00 am",13.8717
"Apr 10, 11:00 am",15.0429
"Apr 10, 12:00 pm",15.7729
"Apr 10, 01:00 pm",15.2916
"Apr 10, 02:00 pm",13.7456
"Apr 10, 03:00 pm",11.1957
"Apr 10, 04:00 pm",7.62948
"Apr 10, 05:00 pm",3.12374
"Apr 10, 06:00 pm",0.208927
"Apr 10, 07:00 pm",0
"Apr 10, 08:00 pm",0
"Apr 10, 09:00 pm",0
"Apr 10, 10:00 pm",0
"Apr 10, 11:00 pm",0
"Apr 11, 12:00 am",0
"Apr 11, 01:00 am",0
"Apr 11, 02:00 am",0
"Apr 11, 03:00 am",0
"Apr 11, 04:00 am",0
"Apr 11, 05:00 am",0
"Apr 11, 06:00 am",0.248712
"Apr 11, 07:00 am",3.45737
"Apr 11, 08:00 am",8.14577
"Apr 11, 09:00 am",11.581
"Apr 11, 10:00 am",13.7862
"Apr 11, 11:00 am",14.8527
"Apr 11, 12:00 pm",14.0055
"Apr 11, 01:00 pm",14.7178
"Apr 11, 02:00 pm",13.4904
"Apr 11, 03:00 pm",11.238
"Apr 11, 04:00 pm",7.74207
"Apr 11, 05:00 pm",3.14803
"Apr 11, 06:00 pm",0.206923
"Apr 11, 07:00 pm",0
"Apr 11, 08:00 pm",0
"Apr 11, 09:00 pm",0
"Apr 11, 10:00 pm",0
"Apr 11, 11:00 pm",0
"Apr 12, 12:00 am",0
"Apr 12, 01:00 am",0
"Apr 12, 02:00 am",0
"Apr 12, 03:00 am",0
"Apr 12, 04:00 am",0
"Apr 12, 05:00 am",0
"Apr 12, 06:00 am",-0
"Apr 12, 07:00 am",3.14835
"Apr 12, 08:00 am",7.83246
"Apr 12, 09:00 am",11.2129
"Apr 12, 10:00 am",13.3061
"Apr 12, 11:00 am",14.266
"Apr 12, 12:00 pm",14.3444
"Apr 12, 01:00 pm",13.7757
"Apr 12, 02:00 pm",12.5774
"Apr 12, 03:00 pm",10.3532
"Apr 12, 04:00 pm",7.0885
"Apr 12, 05:00 pm",2.94193
"Apr 12, 06:00 pm",0.206035
"Apr 12, 07:00 pm",0
"Apr 12, 08:00 pm",0
"Apr 12, 09:00 pm",0
"Apr 12, 10:00 pm",0
"Apr 12, 11:00 pm",0
"Apr 13, 12:00 am",0
"Apr 13, 01:00 am",0
"Apr 13, 02:00 am",0
"Apr 13, 03:00 am",0
"Apr 13, 04:00 am",0
"Apr 13, 05:00 am",0
"Apr 13, 06:00 am",0.289537
"Apr 13, 07:00 am",3.23202
"Apr 13, 08:00 am",7.5845
"Apr 13, 09:00 am",10.9355
"Apr 13, 10:00 am",13.2347
"Apr 13, 11:00 am",14.454
"Apr 13, 12:00 pm",14.8192
"Apr 13, 01:00 pm",14.6123
"Apr 13, 02:00 pm",13.5794
"Apr 13, 03:00 pm",11.0996
"Apr 13, 04:00 pm",7.47343
"Apr 13, 05:00 pm",2.96806
"Apr 13, 06:00 pm",0.268136
"Apr 13, 07:00 pm",0
"Apr 13, 08:00 pm",0
"Apr 13, 09:00 pm",0
"Apr 13, 10:00 pm",0
"Apr 13, 11:00 pm",0
"Apr 14, 12:00 am",0
"Apr 14, 01:00 am",0
"Apr 14, 02:00 am",0
"Apr 14, 03:00 am",0
"Apr 14, 04:00 am",0
"Apr 14, 05:00 am",0
"Apr 14, 06:00 am",0.358435
"Apr 14, 07:00 am",3.42801
"Apr 14, 08:00 am",8.0101
"Apr 14, 09:00 am",11.6688
"Apr 14, 10:00 am",14.3314
"Apr 14, 11:00 am",15.6078
"Apr 14, 12:00 pm",16.0513
"Apr 14, 01:00 pm",15.416
"Apr 14, 02:00 pm",13.7331
"Apr 14, 03:00 pm",11.0704
"Apr 14, 04:00 pm",7.44261
"Apr 14, 05:00 pm",3.02523
"Apr 14, 06:00 pm",0.280808
"Apr 14, 07:00 pm",0
"Apr 14, 08:00 pm",0
"Apr 14, 09:00 pm",0
"Apr 14, 10:00 pm",0
"Apr 14, 11:00 pm",0
"Apr 15, 12:00 am",0
"Apr 15, 01:00 am",0
"Apr 15, 02:00 am",0
"Apr 15, 03:00 am",0
"Apr 15, 04:00 am",0
"Apr 15, 05:00 am",0
"Apr 15, 06:00 am",0.346333
"Apr 15, 07:00 am",3.39538
"Apr 15, 08:00 am",7.91157
"Apr 15, 09:00 am",11.4476
"Apr 15, 10:00 am",13.7701
"Apr 15, 11:00 am",15.1319
"Apr 15, 12:00 pm",15.344
"Apr 15, 01:00 pm",14.7107
"Apr 15, 02:00 pm",13.2111
"Apr 15, 03:00 pm",10.7653
"Apr 15, 04:00 pm",7.26206
"Apr 15, 05:00 pm",2.93987
"Apr 15, 06:00 pm",0.24952
"Apr 15, 07:00 pm",0
"Apr 15, 08:00 pm",0
"Apr 15, 09:00 pm",0
"Apr 15, 10:00 pm",0
"Apr 15, 11:00 pm",0
"Apr 16, 12:00 am",0
"Apr 16, 01:00 am",0
"Apr 16, 02:00 am",0
"Apr 16, 03:00 am",0
"Apr 16, 04:00 am",0
"Apr 16, 05:00 am",0
"Apr 16, 06:00 am",0.346693
"Apr 16, 07:00 am",3.34141
"Apr 16, 08:00 am",7.77793
"Apr 16, 09:00 am",11.1455
"Apr 16, 10:00 am",13.4043
"Apr 16, 11:00 am",14.5736
"Apr 16, 12:00 pm",14.8998
"Apr 16, 01:00 pm",14.3409
"Apr 16, 02:00 pm",12.7589
"Apr 16, 03:00 pm",10.4564
"Apr 16, 04:00 pm",7.06085
"Apr 16, 05:00 pm",2.82797
"Apr 16, 06:00 pm",0.25598
"Apr 16, 07:00 pm",0
"Apr 16, 08:00 pm",0
"Apr 16, 09:00 pm",0
"Apr 16, 10:00 pm",0
"Apr 16, 11:00 pm",0
"Apr 17, 12:00 am",0
"Apr 17, 01:00 am",0
"Apr 17, 02:00 am",0
"Apr 17, 03:00 am",0
"Apr 17, 04:00 am",0
"Apr 17, 05:00 am",0
"Apr 17, 06:00 am",0.331007
"Apr 17, 07:00 am",3.2413
"Apr 17, 08:00 am",7.46309
"Apr 17, 09:00 am",10.6313
"Apr 17, 10:00 am",12.8022
"Apr 17, 11:00 am",14.0962
"Apr 17, 12:00 pm",14.5796
"Apr 17, 01:00 pm",14.0766
"Apr 17, 02:00 pm",13.0016
"Apr 17, 03:00 pm",10.4471
"Apr 17, 04:00 pm",6.91099
"Apr 17, 05:00 pm",2.74975
"Apr 17, 06:00 pm",0.297291
"Apr 17, 07:00 pm",0
"Apr 17, 08:00 pm",0
"Apr 17, 09:00 pm",0
"Apr 17, 10:00 pm",0
"Apr 17, 11:00 pm",0
"Apr 18, 12:00 am",0
"Apr 18, 01:00 am",0
"Apr 18, 02:00 am",0
"Apr 18, 03:00 am",0
"Apr 18, 04:00 am",0
"Apr 18, 05:00 am",0
"Apr 18, 06:00 am",0.378896
"Apr 18, 07:00 am",3.0428
"Apr 18, 08:00 am",7.50378
"Apr 18, 09:00 am",10.6907
"Apr 18, 10:00 am",12.7912
"Apr 18, 11:00 am",14.162
"Apr 18, 12:00 pm",14.5954
"Apr 18, 01:00 pm",14.05
"Apr 18, 02:00 pm",12.6495
"Apr 18, 03:00 pm",10.4223
"Apr 18, 04:00 pm",4.87035
"Apr 18, 05:00 pm",2.00774
"Apr 18, 06:00 pm",-0
"Apr 18, 07:00 pm",0
"Apr 18, 08:00 pm",0
"Apr 18, 09:00 pm",0
"Apr 18, 10:00 pm",0
"Apr 18, 11:00 pm",0
"Apr 19, 12:00 am",0
"Apr 19, 01:00 am",0
"Apr 19, 02:00 am",0
"Apr 19, 03:00 am",0
"Apr 19, 04:00 am",0
"Apr 19, 05:00 am",0
"Apr 19, 06:00 am",0.427853
"Apr 19, 07:00 am",3.20109
"Apr 19, 08:00 am",7.41493
"Apr 19, 09:00 am",10.6456
"Apr 19, 10:00 am",12.7773
"Apr 19, 11:00 am",12.7895
"Apr 19, 12:00 pm",14.11
"Apr 19, 01:00 pm",13.5171
"Apr 19, 02:00 pm",11.3793
"Apr 19, 03:00 pm",9.4692
"Apr 19, 04:00 pm",5.04272
"Apr 19, 05:00 pm",2.40671
"Apr 19, 06:00 pm",0.32267
"Apr 19, 07:00 pm",0
"Apr 19, 08:00 pm",0
"Apr 19, 09:00 pm",0
"Apr 19, 10:00 pm",0
"Apr 19, 11:00 pm",0
"Apr 20, 12:00 am",0
"Apr 20, 01:00 am",0
"Apr 20, 02:00 am",0
"Apr 20, 03:00 am",0
"Apr 20, 04:00 am",0
"Apr 20, 05:00 am",0
"Apr 20, 06:00 am",0.441836
"Apr 20, 07:00 am",3.27694
"Apr 20, 08:00 am",7.41624
"Apr 20, 09:00 am",10.5042
"Apr 20, 10:00 am",10.334
"Apr 20, 11:00 am",13.1458
"Apr 20, 12:00 pm",12.6059
"Apr 20, 01:00 pm",11.7465
"Apr 20, 02:00 pm",12.1495
"Apr 20, 03:00 pm",10.1317
"Apr 20, 04:00 pm",6.9611
"Apr 20, 05:00 pm",2.78629
"Apr 20, 06:00 pm",0.317257
"Apr 20, 07:00 pm",0
"Apr 20, 08:00 pm",0
"Apr 20, 09:00 pm",0
"Apr 20, 10:00 pm",0
"Apr 20, 11:00 pm",0
"Apr 21, 12:00 am",0
"Apr 21, 01:00 am",0
"Apr 21, 02:00 am",0
"Apr 21, 03:00 am",0
"Apr 21, 04:00 am",0
"Apr 21, 05:00 am",0
"Apr 21, 06:00 am",0.412793
"Apr 21, 07:00 am",3.30458
"Apr 21, 08:00 am",7.65185
"Apr 21, 09:00 am",11.0022
"Apr 21, 10:00 am",13.2808
"Apr 21, 11:00 am",14.5496
"Apr 21, 12:00 pm",15.0731
"Apr 21, 01:00 pm",14.507
"Apr 21, 02:00 pm",12.993
"Apr 21, 03:00 pm",10.4687
"Apr 21, 04:00 pm",6.98879
"Apr 21, 05:00 pm",2.81079
"Apr 21, 06:00 pm",0.33738
"Apr 21, 07:00 pm",0
"Apr 21, 08:00 pm",0
"Apr 21, 09:00 pm",0
"Apr 21, 10:00 pm",0
"Apr 21, 11:00 pm",0
"Apr 22, 12:00 am",0
"Apr 22, 01:00 am",0
"Apr 22, 02:00 am",0
"Apr 22, 03:00 am",0
"Apr 22, 04:00 am",0
"Apr 22, 05:00 am",0
"Apr 22, 06:00 am",0.413545
"Apr 22, 07:00 am",3.3367
"Apr 22, 08:00 am",7.64426
"Apr 22, 09:00 am",10.8975
"Apr 22, 10:00 am",12.9942
"Apr 22, 11:00 am",14.1896
"Apr 22, 12:00 pm",14.5674
"Apr 22, 01:00 pm",14.0508
"Apr 22, 02:00 pm",12.6152
"Apr 22, 03:00 pm",10.3306
"Apr 22, 04:00 pm",6.95061
"Apr 22, 05:00 pm",2.75158
"Apr 22, 06:00 pm",0.318598
"Apr 22, 07:00 pm",0
"Apr 22, 08:00 pm",0
"Apr 22, 09:00 pm",0
"Apr 22, 10:00 pm",0
"Apr 22, 11:00 pm",0
"Apr 23, 12:00 am",0
"Apr 23, 01:00 am",0
"Apr 23, 02:00 am",0
"Apr 23, 03:00 am",0
"Apr 23, 04:00 am",0
"Apr 23, 05:00 am",0
"Apr 23, 06:00 am",0.242264
"Apr 23, 07:00 am",0.854978
"Apr 23, 08:00 am",2.39276
"Apr 23, 09:00 am",10.6275
"Apr 23, 10:00 am",10.7564
"Apr 23, 11:00 am",13.3646
"Apr 23, 12:00 pm",13.2867
"Apr 23, 01:00 pm",11.1898
"Apr 23, 02:00 pm",10.2659
"Apr 23, 03:00 pm",8.46787
"Apr 23, 04:00 pm",5.28353
"Apr 23, 05:00 pm",2.39312
"Apr 23, 06:00 pm",0.346993
"Apr 23, 07:00 pm",0
"Apr 23, 08:00 pm",0
"Apr 23, 09:00 pm",0
"Apr 23, 10:00 pm",0
"Apr 23, 11:00 pm",0
"Apr 24, 12:00 am",0
"Apr 24, 01:00 am",0
"Apr 24, 02:00 am",0
"Apr 24, 03:00 am",0
"Apr 24, 04:00 am",0
"Apr 24, 05:00 am",0
"Apr 24, 06:00 am",0.521044
"Apr 24, 07:00 am",3.24611
"Apr 24, 08:00 am",7.39319
"Apr 24, 09:00 am",10.6889
"Apr 24, 10:00 am",13.0495
"Apr 24, 11:00 am",14.2346
"Apr 24, 12:00 pm",14.7151
"Apr 24, 01:00 pm",14.2914
"Apr 24, 02:00 pm",12.8972
"Apr 24, 03:00 pm",9.29977
"Apr 24, 04:00 pm",6.36155
"Apr 24, 05:00 pm",2.74345
"Apr 24, 06:00 pm",0.426106
"Apr 24, 07:00 pm",0
"Apr 24, 08:00 pm",0
"Apr 24, 09:00 pm",0
"Apr 24, 10:00 pm",0
"Apr 24, 11:00 pm",0
"Apr 25, 12:00 am",0
"Apr 25, 01:00 am",0
"Apr 25, 02:00 am",0
"Apr 25, 03:00 am",0
"Apr 25, 04:00 am",0
"Apr 25, 05:00 am",0
"Apr 25, 06:00 am",0.581453
"Apr 25, 07:00 am",3.3062
"Apr 25, 08:00 am",7.47805
"Apr 25, 09:00 am",10.7796
"Apr 25, 10:00 am",12.931
"Apr 25, 11:00 am",14.1703
"Apr 25, 12:00 pm",14.4531
"Apr 25, 01:00 pm",13.8758
"Apr 25, 02:00 pm",12.4587
"Apr 25, 03:00 pm",10.1541
"Apr 25, 04:00 pm",6.76989
"Apr 25, 05:00 pm",2.74721
"Apr 25, 06:00 pm",0.431148
"Apr 25, 07:00 pm",0
"Apr 25, 08:00 pm",0
"Apr 25, 09:00 pm",0
"Apr 25, 10:00 pm",0
"Apr 25, 11:00 pm",0
"Apr 26, 12:00 am",0
"Apr 26, 01:00 am",0
"Apr 26, 02:00 am",0
"Apr 26, 03:00 am",0
"Apr 26, 04:00 am",0
"Apr 26, 05:00 am",0
"Apr 26, 06:00 am",0.511806
"Apr 26, 07:00 am",3.47104
"Apr 26, 08:00 am",7.89551
"Apr 26, 09:00 am",11.4012
"Apr 26, 10:00 am",13.7868
"Apr 26, 11:00 am",14.9008
"Apr 26, 12:00 pm",15.2868
"Apr 26, 01:00 pm",14.7241
"Apr 26, 02:00 pm",13.1222
"Apr 26, 03:00 pm",10.6278
"Apr 26, 04:00 pm",7.06345
"Apr 26, 05:00 pm",2.80743
"Apr 26, 06:00 pm",0.359493
"Apr 26, 07:00 pm",0
"Apr 26, 08:00 pm",0
"Apr 26, 09:00 pm",0
"Apr 26, 10:00 pm",0
"Apr 26, 11:00 pm",0
"Apr 27, 12:00 am",0
"Apr 27, 01:00 am",0
"Apr 27, 02:00 am",0
"Apr 27, 03:00 am",0
"Apr 27, 04:00 am",0
"Apr 27, 05:00 am",0
"Apr 27, 06:00 am",0.392585
"Apr 27, 07:00 am",3.55056
"Apr 27, 08:00 am",8.05656
"Apr 27, 09:00 am",11.3878
"Apr 27, 10:00 am",13.6273
"Apr 27, 11:00 am",14.7896
"Apr 27, 12:00 pm",14.9176
"Apr 27, 01:00 pm",14.2035
"Apr 27, 02:00 pm",12.7279
"Apr 27, 03:00 pm",10.418
"Apr 27, 04:00 pm",7.06281
"Apr 27, 05:00 pm",2.73376
"Apr 27, 06:00 pm",0.30883
"Apr 27, 07:00 pm",0
"Apr 27, 08:00 pm",0
"Apr 27, 09:00 pm",0
"Apr 27, 10:00 pm",0
"Apr 27, 11:00 pm",0
"Apr 28, 12:00 am",0
"Apr 28, 01:00 am",0
"Apr 28, 02:00 am",0
"Apr 28, 03:00 am",0
"Apr 28, 04:00 am",0
"Apr 28, 05:00 am",0
"Apr 28, 06:00 am",0.42334
"Apr 28, 07:00 am",3.42582
"Apr 28, 08:00 am",7.62211
"Apr 28, 09:00 am",10.6712
"Apr 28, 10:00 am",13.0094
"Apr 28, 11:00 am",14.1459
"Apr 28, 12:00 pm",14.4325
"Apr 28, 01:00 pm",13.6746
"Apr 28, 02:00 pm",12.1001
"Apr 28, 03:00 pm",9.81174
"Apr 28, 04:00 pm",6.57963
"Apr 28, 05:00 pm",2.69929
"Apr 28, 06:00 pm",0.378679
"Apr 28, 07:00 pm",0
"Apr 28, 08:00 pm",0
"Apr 28, 09:00 pm",0
"Apr 28, 10:00 pm",0
"Apr 28, 11:00 pm",0
"Apr 29, 12:00 am",0
"Apr 29, 01:00 am",0
"Apr 29, 02:00 am",0
"Apr 29, 03:00 am",0
"Apr 29, 04:00 am",0
"Apr 29, 05:00 am",0
"Apr 29, 06:00 am",0.500832
"Apr 29, 07:00 am",3.39496
"Apr 29, 08:00 am",7.67688
"Apr 29, 09:00 am",11.0296
"Apr 29, 10:00 am",13.3237
"Apr 29, 11:00 am",14.7563
"Apr 29, 12:00 pm",15.1621
"Apr 29, 01:00 pm",14.561
"Apr 29, 02:00 pm",13.0011
"Apr 29, 03:00 pm",10.5097
"Apr 29, 04:00 pm",7.01271
"Apr 29, 05:00 pm",2.72646
"Apr 29, 06:00 pm",0.401711
"Apr 29, 07:00 pm",0
"Apr 29, 08:00 pm",0
"Apr 29, 09:00 pm",0
"Apr 29, 10:00 pm",0
"Apr 29, 11:00 pm",0
"Apr 30, 12:00 am",0
"Apr 30, 01:00 am",0
"Apr 30, 02:00 am",0
"Apr 30, 03:00 am",0
"Apr 30, 04:00 am",0
"Apr 30, 05:00 am",0
"Apr 30, 06:00 am",0.586792
"Apr 30, 07:00 am",3.61273
"Apr 30, 08:00 am",8.1134
"Apr 30, 09:00 am",11.624
"Apr 30, 10:00 am",14.1565
"Apr 30, 11:00 am",15.4511
"Apr 30, 12:00 pm",15.7146
"Apr 30, 01:00 pm",15.3688
"Apr 30, 02:00 pm",13.6686
"Apr 30, 03:00 pm",10.9075
"Apr 30, 04:00 pm",7.24754
"Apr 30, 05:00 pm",2.64178
"Apr 30, 06:00 pm",0.422606
"Apr 30, 07:00 pm",0
"Apr 30, 08:00 pm",0
"Apr 30, 09:00 pm",0
"Apr 30, 10:00 pm",0
"Apr 30, 11:00 pm",0
"May 1, 12:00 am",0
"May 1, 01:00 am",0
"May 1, 02:00 am",0
"May 1, 03:00 am",0
"May 1, 04:00 am",0
"May 1, 05:00 am",0
"May 1, 06:00 am",0.595502
"May 1, 07:00 am",3.3808
"May 1, 08:00 am",7.45613
"May 1, 09:00 am",10.6441
"May 1, 10:00 am",12.9422
"May 1, 11:00 am",14.2349
"May 1, 12:00 pm",14.6622
"May 1, 01:00 pm",14.1842
"May 1, 02:00 pm",12.824
"May 1, 03:00 pm",10.2947
"May 1, 04:00 pm",6.821
"May 1, 05:00 pm",2.69823
"May 1, 06:00 pm",0.445814
"May 1, 07:00 pm",0
"May 1, 08:00 pm",0
"May 1, 09:00 pm",0
"May 1, 10:00 pm",0
"May 1, 11:00 pm",0
"May 2, 12:00 am",0
"May 2, 01:00 am",0
"May 2, 02:00 am",0
"May 2, 03:00 am",0
"May 2, 04:00 am",0
"May 2, 05:00 am",0
"May 2, 06:00 am",0.580612
"May 2, 07:00 am",3.43483
"May 2, 08:00 am",7.52954
"May 2, 09:00 am",10.4998
"May 2, 10:00 am",12.307
"May 2, 11:00 am",13.4358
"May 2, 12:00 pm",13.6174
"May 2, 01:00 pm",13.0363
"May 2, 02:00 pm",11.8613
"May 2, 03:00 pm",9.89731
"May 2, 04:00 pm",6.64087
"May 2, 05:00 pm",2.6579
"May 2, 06:00 pm",0.461268
"May 2, 07:00 pm",0
"May 2, 08:00 pm",0
"May 2, 09:00 pm",0
"May 2, 10:00 pm",0
"May 2, 11:00 pm",0
"May 3, 12:00 am",0
"May 3, 01:00 am",0
"May 3, 02:00 am",0
"May 3, 03:00 am",0
"May 3, 04:00 am",0
"May 3, 05:00 am",0
"May 3, 06:00 am",0.604586
"May 3, 07:00 am",3.04256
"May 3, 08:00 am",7.9389
"May 3, 09:00 am",11.5402
"May 3, 10:00 am",13.9979
"May 3, 11:00 am",15.4157
"May 3, 12:00 pm",15.7593
"May 3, 01:00 pm",15.1176
"May 3, 02:00 pm",13.4842
"May 3, 03:00 pm",10.8724
"May 3, 04:00 pm",7.23045
"May 3, 05:00 pm",2.76597
"May 3, 06:00 pm",0.452714
"May 3, 07:00 pm",0
"May 3, 08:00 pm",0
"May 3, 09:00 pm",0
"May 3, 10:00 pm",0
"May 3, 11:00 pm",0
"May 4, 12:00 am",0
"May 4, 01:00 am",0
"May 4, 02:00 am",0
"May 4, 03:00 am",0
"May 4, 04:00 am",0
"May 4, 05:00 am",0
"May 4, 06:00 am",0.565441
"May 4, 07:00 am",3.51707
"May 4, 08:00 am",7.8108
"May 4, 09:00 am",11.0959
"May 4, 10:00 am",13.3763
"May 4, 11:00 am",14.7305
"May 4, 12:00 pm",15.0356
"May 4, 01:00 pm",14.3694
"May 4, 02:00 pm",12.8491
"May 4, 03:00 pm",10.4635
"May 4, 04:00 pm",6.91884
"May 4, 05:00 pm",2.66389
"May 4, 06:00 pm",0.432232
"May 4, 07:00 pm",0
"May 4, 08:00 pm",0
"May 4, 09:00 pm",0
"May 4, 10:00 pm",0
"May 4, 11:00 pm",0
"May 5, 12:00 am",0
"May 5, 01:00 am",0
"May 5, 02:00 am",0
"May 5, 03:00 am",0
"May 5, 04:00 am",0
"May 5, 05:00 am",0
"May 5, 06:00 am",0.546353
"May 5, 07:00 am",3.41421
"May 5, 08:00 am",7.57152
"May 5, 09:00 am",10.7294
"May 5, 10:00 am",13.0698
"May 5, 11:00 am",14.5224
"May 5, 12:00 pm",14.9978
"May 5, 01:00 pm",14.3938
"May 5, 02:00 pm",12.8723
"May 5, 03:00 pm",10.3863
"May 5, 04:00 pm",6.89173
"May 5, 05:00 pm",2.63966
"May 5, 06:00 pm",0.441909
"May 5, 07:00 pm",0
"May 5, 08:00 pm",0
"May 5, 09:00 pm",0
"May 5, 10:00 pm",0
"May 5, 11:00 pm",0
"May 6, 12:00 am",0
"May 6, 01:00 am",0
"May 6, 02:00 am",0
"May 6, 03:00 am",0
"May 6, 04:00 am",0
"May 6, 05:00 am",0
"May 6, 06:00 am",0.68802
"May 6, 07:00 am",3.4207
"May 6, 08:00 am",7.44686
"May 6, 09:00 am",10.4551
"May 6, 10:00 am",12.6705
"May 6, 11:00 am",14.1804
"May 6, 12:00 pm",14.6004
"May 6, 01:00 pm",14.0297
"May 6, 02:00 pm",12.5713
"May 6, 03:00 pm",10.0639
"May 6, 04:00 pm",6.66332
"May 6, 05:00 pm",2.55869
"May 6, 06:00 pm",0.457192
"May 6, 07:00 pm",0
"May 6, 08:00 pm",0
"May 6, 09:00 pm",0
"May 6, 10:00 pm",0
"May 6, 11:00 pm",0
"May 7, 12:00 am",0
"May 7, 01:00 am",0
"May 7, 02:00 am",0
"May 7, 03:00 am",0
"May 7, 04:00 am",0
"May 7, 05:00 am",0
"May 7, 06:00 am",0.647833
"May 7, 07:00 am",3.3783
"May 7, 08:00 am",7.35329
"May 7, 09:00 am",10.2072
"May 7, 10:00 am",12.1068
"May 7, 11:00 am",13.3292
"May 7, 12:00 pm",13.6402
"May 7, 01:00 pm",13.0734
"May 7, 02:00 pm",11.72
"May 7, 03:00 pm",9.53576
"May 7, 04:00 pm",6.39239
"May 7, 05:00 pm",2.47835
"May 7, 06:00 pm",0.422369
"May 7, 07:00 pm",0
"May 7, 08:00 pm",0
"May 7, 09:00 pm",0
"May 7, 10:00 pm",0
"May 7, 11:00 pm",0
"May 8, 12:00 am",0
"May 8, 01:00 am",0
"May 8, 02:00 am",0
"May 8, 03:00 am",0
"May 8, 04:00 am",0
"May 8, 05:00 am",0
"May 8, 06:00 am",0.562013
"May 8, 07:00 am",3.32322
"May 8, 08:00 am",7.30713
"May 8, 09:00 am",10.2834
"May 8, 10:00 am",12.1644
"May 8, 11:00 am",12.9237
"May 8, 12:00 pm",12.9216
"May 8, 01:00 pm",12.716
"May 8, 02:00 pm",11.6512
"May 8, 03:00 pm",9.52893
"May 8, 04:00 pm",6.4012
"May 8, 05:00 pm",2.46793
"May 8, 06:00 pm",0.428375
"May 8, 07:00 pm",0
"May 8, 08:00 pm",0
"May 8, 09:00 pm",0
"May 8, 10:00 pm",0
"May 8, 11:00 pm",0
"May 9, 12:00 am",0
"May 9, 01:00 am",0
"May 9, 02:00 am",0
"May 9, 03:00 am",0
"May 9, 04:00 am",0
"May 9, 05:00 am",0
"May 9, 06:00 am",0.610805
"May 9, 07:00 am",3.256
"May 9, 08:00 am",6.98711
"May 9, 09:00 am",9.82563
"May 9, 10:00 am",11.9243
"May 9, 11:00 am",13.2822
"May 9, 12:00 pm",13.7969
"May 9, 01:00 pm",13.3409
"May 9, 02:00 pm",12.0066
"May 9, 03:00 pm",9.7724
"May 9, 04:00 pm",6.44636
"May 9, 05:00 pm",2.52588
"May 9, 06:00 pm",0.46529
"May 9, 07:00 pm",0
"May 9, 08:00 pm",0
"May 9, 09:00 pm",0
"May 9, 10:00 pm",0
"May 9, 11:00 pm",0
"May 10, 12:00 am",0
"May 10, 01:00 am",0
"May 10, 02:00 am",0
"May 10, 03:00 am",0
"May 10, 04:00 am",0
"May 10, 05:00 am",0
"May 10, 06:00 am",0.647471
"May 10, 07:00 am",3.29349
"May 10, 08:00 am",7.11658
"May 10, 09:00 am",10.1175
"May 10, 10:00 am",12.2501
"May 10, 11:00 am",13.6167
"May 10, 12:00 pm",14.0406
"May 10, 01:00 pm",13.4952
"May 10, 02:00 pm",12.0761
"May 10, 03:00 pm",9.77374
"May 10, 04:00 pm",6.41156
"May 10, 05:00 pm",2.50692
"May 10, 06:00 pm",0.4551
"May 10, 07:00 pm",0
"May 10, 08:00 pm",0
"May 10, 09:00 pm",0
"May 10, 10:00 pm",0
"May 10, 11:00 pm",0
"May 11, 12:00 am",0
"May 11, 01:00 am",0
"May 11, 02:00 am",0
"May 11, 03:00 am",0
"May 11, 04:00 am",0
"May 11, 05:00 am",0
"May 11, 06:00 am",0.614547
"May 11, 07:00 am",3.28665
"May 11, 08:00 am",7.18613
"May 11, 09:00 am",10.2749
"May 11, 10:00 am",12.3265
"May 11, 11:00 am",13.5821
"May 11, 12:00 pm",13.9781
"May 11, 01:00 pm",13.4645
"May 11, 02:00 pm",12.0595
"May 11, 03:00 pm",9.74693
"May 11, 04:00 pm",6.40499
"May 11, 05:00 pm",2.49968
"May 11, 06:00 pm",0.474943
"May 11, 07:00 pm",0
"May 11, 08:00 pm",0
"May 11, 09:00 pm",0
"May 11, 10:00 pm",0
"May 11, 11:00 pm",0
"May 12, 12:00 am",0
"May 12, 01:00 am",0
"May 12, 02:00 am",0
"May 12, 03:00 am",0
"May 12, 04:00 am",0
"May 12, 05:00 am",-0
"May 12, 06:00 am",0.72488
"May 12, 07:00 am",3.26738
"May 12, 08:00 am",7.04981
"May 12, 09:00 am",10.0551
"May 12, 10:00 am",12.2124
"May 12, 11:00 am",13.4216
"May 12, 12:00 pm",13.7677
"May 12, 01:00 pm",13.1675
"May 12, 02:00 pm",11.662
"May 12, 03:00 pm",9.31379
"May 12, 04:00 pm",4.81544
"May 12, 05:00 pm",1.99372
"May 12, 06:00 pm",0.227536
"May 12, 07:00 pm",0
"May 12, 08:00 pm",0
"May 12, 09:00 pm",0
"May 12, 10:00 pm",0
"May 12, 11:00 pm",0
"May 13, 12:00 am",0
"May 13, 01:00 am",0
"May 13, 02:00 am",0
"May 13, 03:00 am",0
"May 13, 04:00 am",0
"May 13, 05:00 am",-0
"May 13, 06:00 am",0.648345
"May 13, 07:00 am",3.21386
"May 13, 08:00 am",6.85794
"May 13, 09:00 am",9.71091
"May 13, 10:00 am",11.5969
"May 13, 11:00 am",8.65285
"May 13, 12:00 pm",12.8388
"May 13, 01:00 pm",11.911
"May 13, 02:00 pm",10.801
"May 13, 03:00 pm",8.2928
"May 13, 04:00 pm",6.01993
"May 13, 05:00 pm",2.39984
"May 13, 06:00 pm",0.56477
"May 13, 07:00 pm",0
"May 13, 08:00 pm",0
"May 13, 09:00 pm",0
"May 13, 10:00 pm",0
"May 13, 11:00 pm",0
"May 14, 12:00 am",0
"May 14, 01:00 am",0
"May 14, 02:00 am",0
"May 14, 03:00 am",0
"May 14, 04:00 am",0
"May 14, 05:00 am",-0
"May 14, 06:00 am",0.723743
"May 14, 07:00 am",3.29462
"May 14, 08:00 am",7.07866
"May 14, 09:00 am",10.0373
"May 14, 10:00 am",12.1359
"May 14, 11:00 am",13.4529
"May 14, 12:00 pm",13.9041
"May 14, 01:00 pm",13.4715
"May 14, 02:00 pm",12.0309
"May 14, 03:00 pm",9.77715
"May 14, 04:00 pm",6.4618
"May 14, 05:00 pm",2.32761
"May 14, 06:00 pm",0.564084
"May 14, 07:00 pm",0
"May 14, 08:00 pm",0
"May 14, 09:00 pm",0
"May 14, 10:00 pm",0
"May 14, 11:00 pm",0
"May 15, 12:00 am",0
"May 15, 01:00 am",0
"May 15, 02:00 am",0
"May 15, 03:00 am",0
"May 15, 04:00 am",0
"May 15, 05:00 am",-0
"May 15, 06:00 am",0.619367
"May 15, 07:00 am",3.26132
"May 15, 08:00 am",7.22754
"May 15, 09:00 am",10.2898
"May 15, 10:00 am",12.4932
"May 15, 11:00 am",13.8526
"May 15, 12:00 pm",14.2935
"May 15, 01:00 pm",13.8113
"May 15, 02:00 pm",12.3695
"May 15, 03:00 pm",9.97771
"May 15, 04:00 pm",6.59584
"May 15, 05:00 pm",2.48618
"May 15, 06:00 pm",0.562061
"May 15, 07:00 pm",0
"May 15, 08:00 pm",0
"May 15, 09:00 pm",0
"May 15, 10:00 pm",0
"May 15, 11:00 pm",0
"May 16, 12:00 am",0
"May 16, 01:00 am",0
"May 16, 02:00 am",0
"May 16, 03:00 am",0
"May 16, 04:00 am",0
"May 16, 05:00 am",-0
"May 16, 06:00 am",0.54417
"May 16, 07:00 am",3.30737
"May 16, 08:00 am",7.28237
"May 16, 09:00 am",10.2371
"May 16, 10:00 am",12.2946
"May 16, 11:00 am",13.5428
"May 16, 12:00 pm",14.0094
"May 16, 01:00 pm",13.5772
"May 16, 02:00 pm",12.273
"May 16, 03:00 pm",9.99259
"May 16, 04:00 pm",6.63307
"May 16, 05:00 pm",2.49135
"May 16, 06:00 pm",0.398288
"May 16, 07:00 pm",0
"May 16, 08:00 pm",0
"May 16, 09:00 pm",0
"May 16, 10:00 pm",0
"May 16, 11:00 pm",0
"May 17, 12:00 am",0
"May 17, 01:00 am",0
"May 17, 02:00 am",0
"May 17, 03:00 am",0
"May 17, 04:00 am",0
"May 17, 05:00 am",-0
"May 17, 06:00 am",0.499633
"May 17, 07:00 am",3.23907
"May 17, 08:00 am",6.97077
"May 17, 09:00 am",8.51349
"May 17, 10:00 am",11.5142
"May 17, 11:00 am",12.1696
"May 17, 12:00 pm",9.49997
"May 17, 01:00 pm",12.9715
"May 17, 02:00 pm",11.7464
"May 17, 03:00 pm",9.53724
"May 17, 04:00 pm",6.31139
"May 17, 05:00 pm",2.36793
"May 17, 06:00 pm",0.440458
"May 17, 07:00 pm",0
"May 17, 08:00 pm",0
"May 17, 09:00 pm",0
"May 17, 10:00 pm",0
"May 17, 11:00 pm",0
"May 18, 12:00 am",0
"May 18, 01:00 am",0
"May 18, 02:00 am",0
"May 18, 03:00 am",0
"May 18, 04:00 am",0
"May 18, 05:00 am",-0
"May 18, 06:00 am",0.638418
"May 18, 07:00 am",3.13811
"May 18, 08:00 am",6.71043
"May 18, 09:00 am",3.67652
"May 18, 10:00 am",11.8443
"May 18, 11:00 am",13.1573
"May 18, 12:00 pm",10.7458
"May 18, 01:00 pm",9.08242
"May 18, 02:00 pm",8.56484
"May 18, 03:00 pm",0.339534
"May 18, 04:00 pm",5.04379
"May 18, 05:00 pm",1.88396
"May 18, 06:00 pm",0.594914
"May 18, 07:00 pm",0
"May 18, 08:00 pm",0
"May 18, 09:00 pm",0
"May 18, 10:00 pm",0
"May 18, 11:00 pm",0
"May 19, 12:00 am",0
"May 19, 01:00 am",0
"May 19, 02:00 am",0
"May 19, 03:00 am",0
"May 19, 04:00 am",0
"May 19, 05:00 am",-0
"May 19, 06:00 am",-0
"May 19, 07:00 am",1.0922
"May 19, 08:00 am",1.56568
"May 19, 09:00 am",6.87452
"May 19, 10:00 am",10.4692
"May 19, 11:00 am",5.03724
"May 19, 12:00 pm",9.41692
"May 19, 01:00 pm",9.65498
"May 19, 02:00 pm",10.0702
"May 19, 03:00 pm",4.36141
"May 19, 04:00 pm",2.07804
"May 19, 05:00 pm",-0
"May 19, 06:00 pm",0.474962
"May 19, 07:00 pm",0
"May 19, 08:00 pm",0
"May 19, 09:00 pm",0
"May 19, 10:00 pm",0
"May 19, 11:00 pm",0
"May 20, 12:00 am",0
"May 20, 01:00 am",0
"May 20, 02:00 am",0
"May 20, 03:00 am",0
"May 20, 04:00 am",0
"May 20, 05:00 am",-0
"May 20, 06:00 am",0.654284
"May 20, 07:00 am",3.14024
"May 20, 08:00 am",6.94297
"May 20, 09:00 am",9.89962
"May 20, 10:00 am",11.8663
"May 20, 11:00 am",12.9368
"May 20, 12:00 pm",13.0238
"May 20, 01:00 pm",12.4164
"May 20, 02:00 pm",11.1442
"May 20, 03:00 pm",9.17532
"May 20, 04:00 pm",6.07283
"May 20, 05:00 pm",2.35877
"May 20, 06:00 pm",0.508195
"May 20, 07:00 pm",0
"May 20, 08:00 pm",0
"May 20, 09:00 pm",0
"May 20, 10:00 pm",0
"May 20, 11:00 pm",0
"May 21, 12:00 am",0
"May 21, 01:00 am",0
"May 21, 02:00 am",0
"May 21, 03:00 am",0
"May 21, 04:00 am",0
"May 21, 05:00 am",-0
"May 21, 06:00 am",0.615914
"May 21, 07:00 am",3.15939
"May 21, 08:00 am",7.06134
"May 21, 09:00 am",9.9333
"May 21, 10:00 am",11.7109
"May 21, 11:00 am",12.6233
"May 21, 12:00 pm",12.637
"May 21, 01:00 pm",12.1431
"May 21, 02:00 pm",10.9712
"May 21, 03:00 pm",9.01899
"May 21, 04:00 pm",6.07252
"May 21, 05:00 pm",2.35577
"May 21, 06:00 pm",0.423669
"May 21, 07:00 pm",0
"May 21, 08:00 pm",0
"May 21, 09:00 pm",0
"May 21, 10:00 pm",0
"May 21, 11:00 pm",0
"May 22, 12:00 am",0
"May 22, 01:00 am",0
"May 22, 02:00 am",0
"May 22, 03:00 am",0
"May 22, 04:00 am",0
"May 22, 05:00 am",-0
"May 22, 06:00 am",0.536406
"May 22, 07:00 am",3.18069
"May 22, 08:00 am",7.01895
"May 22, 09:00 am",9.89373
"May 22, 10:00 am",11.7468
"May 22, 11:00 am",12.7294
"May 22, 12:00 pm",12.9432
"May 22, 01:00 pm",12.532
"May 22, 02:00 pm",11.3806
"May 22, 03:00 pm",9.35129
"May 22, 04:00 pm",6.24655
"May 22, 05:00 pm",2.38612
"May 22, 06:00 pm",0.406663
"May 22, 07:00 pm",0
"May 22, 08:00 pm",0
"May 22, 09:00 pm",0
"May 22, 10:00 pm",0
"May 22, 11:00 pm",0
"May 23, 12:00 am",0
"May 23, 01:00 am",0
"May 23, 02:00 am",0
"May 23, 03:00 am",0
"May 23, 04:00 am",0
"May 23, 05:00 am",-0
"May 23, 06:00 am",0.495916
"May 23, 07:00 am",3.17168
"May 23, 08:00 am",7.05205
"May 23, 09:00 am",9.86649
"May 23, 10:00 am",11.6429
"May 23, 11:00 am",12.6778
"May 23, 12:00 pm",13.0979
"May 23, 01:00 pm",12.739
"May 23, 02:00 pm",11.4889
"May 23, 03:00 pm",9.3791
"May 23, 04:00 pm",6.25958
"May 23, 05:00 pm",2.37199
"May 23, 06:00 pm",0.407476
"May 23, 07:00 pm",0
"May 23, 08:00 pm",0
"May 23, 09:00 pm",0
"May 23, 10:00 pm",0
"May 23, 11:00 pm",0
"May 24, 12:00 am",0
"May 24, 01:00 am",0
"May 24, 02:00 am",0
"May 24, 03:00 am",0
"May 24, 04:00 am",0
"May 24, 05:00 am",-0
"May 24, 06:00 am",0.526842
"May 24, 07:00 am",3.11597
"May 24, 08:00 am",6.87672
"May 24, 09:00 am",9.53716
"May 24, 10:00 am",11.4592
"May 24, 11:00 am",12.9002
"May 24, 12:00 pm",13.445
"May 24, 01:00 pm",13.0229
"May 24, 02:00 pm",11.7066
"May 24, 03:00 pm",9.47353
"May 24, 04:00 pm",6.25006
"May 24, 05:00 pm",2.37968
"May 24, 06:00 pm",0.452488
"May 24, 07:00 pm",0
"May 24, 08:00 pm",0
"May 24, 09:00 pm",0
"May 24, 10:00 pm",0
"May 24, 11:00 pm",0
"May 25, 12:00 am",0
"May 25, 01:00 am",0
"May 25, 02:00 am",0
"May 25, 03:00 am",0
"May 25, 04:00 am",0
"May 25, 05:00 am",-0
"May 25, 06:00 am",0.608218
"May 25, 07:00 am",3.03932
"May 25, 08:00 am",6.78342
"May 25, 09:00 am",9.72509
"May 25, 10:00 am",11.8451
"May 25, 11:00 am",13.1263
"May 25, 12:00 pm",13.5686
"May 25, 01:00 pm",13.1904
"May 25, 02:00 pm",11.8646
"May 25, 03:00 pm",9.60337
"May 25, 04:00 pm",6.32052
"May 25, 05:00 pm",2.36757
"May 25, 06:00 pm",0.490662
"May 25, 07:00 pm",0
"May 25, 08:00 pm",0
"May 25, 09:00 pm",0
"May 25, 10:00 pm",0
"May 25, 11:00 pm",0
"May 26, 12:00 am",0
"May 26, 01:00 am",0
"May 26, 02:00 am",0
"May 26, 03:00 am",0
"May 26, 04:00 am",0
"May 26, 05:00 am",-0
"May 26, 06:00 am",0.607187
"May 26, 07:00 am",2.24578
"May 26, 08:00 am",6.78544
"May 26, 09:00 am",9.73147
"May 26, 10:00 am",11.8098
"May 26, 11:00 am",12.5167
"May 26, 12:00 pm",12.7715
"May 26, 01:00 pm",12.6175
"May 26, 02:00 pm",11.2914
"May 26, 03:00 pm",9.57135
"May 26, 04:00 pm",6.28559
"May 26, 05:00 pm",2.32548
"May 26, 06:00 pm",0.463934
"May 26, 07:00 pm",0
"May 26, 08:00 pm",0
"May 26, 09:00 pm",0
"May 26, 10:00 pm",0
"May 26, 11:00 pm",0
"May 27, 12:00 am",0
"May 27, 01:00 am",0
"May 27, 02:00 am",0
"May 27, 03:00 am",0
"May 27, 04:00 am",0
"May 27, 05:00 am",-0
"May 27, 06:00 am",0.482231
"May 27, 07:00 am",2.88037
"May 27, 08:00 am",5.31636
"May 27, 09:00 am",8.4705
"May 27, 10:00 am",10.2773
"May 27, 11:00 am",11.5024
"May 27, 12:00 pm",11.9679
"May 27, 01:00 pm",11.5103
"May 27, 02:00 pm",7.93749
"May 27, 03:00 pm",3.31107
"May 27, 04:00 pm",3.71071
"May 27, 05:00 pm",2.00313
"May 27, 06:00 pm",0.044211
"May 27, 07:00 pm",0
"May 27, 08:00 pm",0
"May 27, 09:00 pm",0
"May 27, 10:00 pm",0
"May 27, 11:00 pm",0
"May 28, 12:00 am",0
"May 28, 01:00 am",0
"May 28, 02:00 am",0
"May 28, 03:00 am",0
"May 28, 04:00 am",0
"May 28, 05:00 am",-0
"May 28, 06:00 am",0.714248
"May 28, 07:00 am",3.2314
"May 28, 08:00 am",7.15971
"May 28, 09:00 am",10.2398
"May 28, 10:00 am",12.2005
"May 28, 11:00 am",13.3342
"May 28, 12:00 pm",13.6804
"May 28, 01:00 pm",13.17
"May 28, 02:00 pm",11.8173
"May 28, 03:00 pm",9.53043
"May 28, 04:00 pm",6.29505
"May 28, 05:00 pm",2.39097
"May 28, 06:00 pm",0.488106
"May 28, 07:00 pm",-0
"May 28, 08:00 pm",0
"May 28, 09:00 pm",0
"May 28, 10:00 pm",0
"May 28, 11:00 pm",0
"May 29, 12:00 am",0
"May 29, 01:00 am",0
"May 29, 02:00 am",0
"May 29, 03:00 am",0
"May 29, 04:00 am",0
"May 29, 05:00 am",-0
"May 29, 06:00 am",0.640596
"May 29, 07:00 am",3.08272
"May 29, 08:00 am",6.85428
"May 29, 09:00 am",9.59602
"May 29, 10:00 am",11.5483
"May 29, 11:00 am",12.8265
"May 29, 12:00 pm",13.1867
"May 29, 01:00 pm",12.6812
"May 29, 02:00 pm",11.3601
"May 29, 03:00 pm",9.21789
"May 29, 04:00 pm",5.42508
"May 29, 05:00 pm",2.36808
"May 29, 06:00 pm",0.627669
"May 29, 07:00 pm",-0
"May 29, 08:00 pm",0
"May 29, 09:00 pm",0
"May 29, 10:00 pm",0
"May 29, 11:00 pm",0
"May 30, 12:00 am",0
"May 30, 01:00 am",0
"May 30, 02:00 am",0
"May 30, 03:00 am",0
"May 30, 04:00 am",0
"May 30, 05:00 am",-0
"May 30, 06:00 am",0.658174
"May 30, 07:00 am",3.02085
"May 30, 08:00 am",6.8216
"May 30, 09:00 am",9.76773
"May 30, 10:00 am",11.6875
"May 30, 11:00 am",12.8713
"May 30, 12:00 pm",13.2381
"May 30, 01:00 pm",12.7324
"May 30, 02:00 pm",11.382
"May 30, 03:00 pm",9.22828
"May 30, 04:00 pm",6.08635
"May 30, 05:00 pm",2.36458
"May 30, 06:00 pm",0.560771
"May 30, 07:00 pm",-0
"May 30, 08:00 pm",0
"May 30, 09:00 pm",0
"May 30, 10:00 pm",0
"May 30, 11:00 pm",0
"May 31, 12:00 am",0
"May 31, 01:00 am",0
"May 31, 02:00 am",0
"May 31, 03:00 am",0
"May 31, 04:00 am",0
"May 31, 05:00 am",-0
"May 31, 06:00 am",0.624723
"May 31, 07:00 am",2.98359
"May 31, 08:00 am",6.72596
"May 31, 09:00 am",9.53556
"May 31, 10:00 am",11.4585
"May 31, 11:00 am",12.679
"May 31, 12:00 pm",13.139
"May 31, 01:00 pm",12.7736
"May 31, 02:00 pm",11.5567
"May 31, 03:00 pm",9.36481
"May 31, 04:00 pm",6.19181
"May 31, 05:00 pm",2.3817
"May 31, 06:00 pm",0.52874
"May 31, 07:00 pm",-0
"May 31, 08:00 pm",0
"May 31, 09:00 pm",0
"May 31, 10:00 pm",0
"May 31, 11:00 pm",0
"Jun 1, 12:00 am",0
"Jun 1, 01:00 am",0
"Jun 1, 02:00 am",0
"Jun 1, 03:00 am",0
"Jun 1, 04:00 am",0
"Jun 1, 05:00 am",0.00405965
"Jun 1, 06:00 am",0.573544
"Jun 1, 07:00 am",2.96697
"Jun 1, 08:00 am",6.67447
"Jun 1, 09:00 am",9.41421
"Jun 1, 10:00 am",11.1923
"Jun 1, 11:00 am",12.3356
"Jun 1, 12:00 pm",12.782
"Jun 1, 01:00 pm",11.12
"Jun 1, 02:00 pm",11.2396
"Jun 1, 03:00 pm",9.14343
"Jun 1, 04:00 pm",6.10311
"Jun 1, 05:00 pm",2.39855
"Jun 1, 06:00 pm",0.535004
"Jun 1, 07:00 pm",-0
"Jun 1, 08:00 pm",0
"Jun 1, 09:00 pm",0
"Jun 1, 10:00 pm",0
"Jun 1, 11:00 pm",0
"Jun 2, 12:00 am",0
"Jun 2, 01:00 am",0
"Jun 2, 02:00 am",0
"Jun 2, 03:00 am",0
"Jun 2, 04:00 am",0
"Jun 2, 05:00 am",-0
"Jun 2, 06:00 am",0.682534
"Jun 2, 07:00 am",2.95498
"Jun 2, 08:00 am",6.65325
"Jun 2, 09:00 am",9.6378
"Jun 2, 10:00 am",11.6247
"Jun 2, 11:00 am",12.8579
"Jun 2, 12:00 pm",13.2696
"Jun 2, 01:00 pm",12.8822
"Jun 2, 02:00 pm",11.4871
"Jun 2, 03:00 pm",9.34271
"Jun 2, 04:00 pm",6.16644
"Jun 2, 05:00 pm",2.4235
"Jun 2, 06:00 pm",0.570463
"Jun 2, 07:00 pm",-0
"Jun 2, 08:00 pm",0
"Jun 2, 09:00 pm",0
"Jun 2, 10:00 pm",0
"Jun 2, 11:00 pm",0
"Jun 3, 12:00 am",0
"Jun 3, 01:00 am",0
"Jun 3, 02:00 am",0
"Jun 3, 03:00 am",0
"Jun 3, 04:00 am",0
"Jun 3, 05:00 am",0.00360323
"Jun 3, 06:00 am",0.562017
"Jun 3, 07:00 am",2.98083
"Jun 3, 08:00 am",6.76614
"Jun 3, 09:00 am",9.76385
"Jun 3, 10:00 am",11.8193
"Jun 3, 11:00 am",13.0245
"Jun 3, 12:00 pm",13.393
"Jun 3, 01:00 pm",12.9405
"Jun 3, 02:00 pm",11.6291
"Jun 3, 03:00 pm",9.46433
"Jun 3, 04:00 pm",6.27854
"Jun 3, 05:00 pm",2.43955
"Jun 3, 06:00 pm",0.56411
"Jun 3, 07:00 pm",-0
"Jun 3, 08:00 pm",0
"Jun 3, 09:00 pm",0
"Jun 3, 10:00 pm",0
"Jun 3, 11:00 pm",0
"Jun 4, 12:00 am",0
"Jun 4, 01:00 am",0
"Jun 4, 02:00 am",0
"Jun 4, 03:00 am",0
"Jun 4, 04:00 am",0
"Jun 4, 05:00 am",0.0212754
"Jun 4, 06:00 am",0.556766
"Jun 4, 07:00 am",2.88936
"Jun 4, 08:00 am",6.54721
"Jun 4, 09:00 am",9.36365
"Jun 4, 10:00 am",11.3659
"Jun 4, 11:00 am",12.5524
"Jun 4, 12:00 pm",12.9331
"Jun 4, 01:00 pm",12.523
"Jun 4, 02:00 pm",11.1261
"Jun 4, 03:00 pm",9.09974
"Jun 4, 04:00 pm",6.07191
"Jun 4, 05:00 pm",2.48835
"Jun 4, 06:00 pm",0.635331
"Jun 4, 07:00 pm",-0
"Jun 4, 08:00 pm",0
"Jun 4, 09:00 pm",0
"Jun 4, 10:00 pm",0
"Jun 4, 11:00 pm",0
"Jun 5, 12:00 am",0
"Jun 5, 01:00 am",0
"Jun 5, 02:00 am",0
"Jun 5, 03:00 am",0
"Jun 5, 04:00 am",0
"Jun 5, 05:00 am",-0
"Jun 5, 06:00 am",0.741531
"Jun 5, 07:00 am",3.01736
"Jun 5, 08:00 am",6.62319
"Jun 5, 09:00 am",9.47637
"Jun 5, 10:00 am",11.2863
"Jun 5, 11:00 am",12.1291
"Jun 5, 12:00 pm",12.541
"Jun 5, 01:00 pm",12.265
"Jun 5, 02:00 pm",11.1052
"Jun 5, 03:00 pm",9.10446
"Jun 5, 04:00 pm",6.1325
"Jun 5, 05:00 pm",2.40164
"Jun 5, 06:00 pm",0.522625
"Jun 5, 07:00 pm",-0
"Jun 5, 08:00 pm",0
"Jun 5, 09:00 pm",0
"Jun 5, 10:00 pm",0
"Jun 5, 11:00 pm",0
"Jun 6, 12:00 am",0
"Jun 6, 01:00 am",0
"Jun 6, 02:00 am",0
"Jun 6, 03:00 am",0
"Jun 6, 04:00 am",0
"Jun 6, 05:00 am",0.00315936
"Jun 6, 06:00 am",0.586049
"Jun 6, 07:00 am",2.87018
"Jun 6, 08:00 am",6.64093
"Jun 6, 09:00 am",9.44322
"Jun 6, 10:00 am",11.1633
"Jun 6, 11:00 am",12.0244
"Jun 6, 12:00 pm",12.4597
"Jun 6, 01:00 pm",12.2644
"Jun 6, 02:00 pm",11.0291
"Jun 6, 03:00 pm",9.01322
"Jun 6, 04:00 pm",6.00594
"Jun 6, 05:00 pm",2.50897
"Jun 6, 06:00 pm",0.692038
"Jun 6, 07:00 pm",-0
"Jun 6, 08:00 pm",0
"Jun 6, 09:00 pm",0
"Jun 6, 10:00 pm",0
"Jun 6, 11:00 pm",0
"Jun 7, 12:00 am",0
"Jun 7, 01:00 am",0
"Jun 7, 02:00 am",0
"Jun 7, 03:00 am",0
"Jun 7, 04:00 am",0
"Jun 7, 05:00 am",-0
"Jun 7, 06:00 am",0.743767
"Jun 7, 07:00 am",2.9094
"Jun 7, 08:00 am",6.38907
"Jun 7, 09:00 am",9.06087
"Jun 7, 10:00 am",10.8861
"Jun 7, 11:00 am",12.1009
"Jun 7, 12:00 pm",12.6579
"Jun 7, 01:00 pm",12.3486
"Jun 7, 02:00 pm",11.2402
"Jun 7, 03:00 pm",9.15319
"Jun 7, 04:00 pm",6.10854
"Jun 7, 05:00 pm",2.38971
"Jun 7, 06:00 pm",0.548247
"Jun 7, 07:00 pm",-0
"Jun 7, 08:00 pm",0
"Jun 7, 09:00 pm",0
"Jun 7, 10:00 pm",0
"Jun 7, 11:00 pm",0
"Jun 8, 12:00 am",0
"Jun 8, 01:00 am",0
"Jun 8, 02:00 am",0
"Jun 8, 03:00 am",0
"Jun 8, 04:00 am",0
"Jun 8, 05:00 am",0.00270181
"Jun 8, 06:00 am",0.617597
"Jun 8, 07:00 am",2.86096
"Jun 8, 08:00 am",6.66828
"Jun 8, 09:00 am",9.75025
"Jun 8, 10:00 am",11.9039
"Jun 8, 11:00 am",13.2785
"Jun 8, 12:00 pm",13.64
"Jun 8, 01:00 pm",13.0767
"Jun 8, 02:00 pm",11.6119
"Jun 8, 03:00 pm",9.3458
"Jun 8, 04:00 pm",6.14187
"Jun 8, 05:00 pm",2.56154
"Jun 8, 06:00 pm",0.696591
"Jun 8, 07:00 pm",-0
"Jun 8, 08:00 pm",0
"Jun 8, 09:00 pm",0
"Jun 8, 10:00 pm",0
"Jun 8, 11:00 pm",0
"Jun 9, 12:00 am",0
"Jun 9, 01:00 am",0
"Jun 9, 02:00 am",0
"Jun 9, 03:00 am",0
"Jun 9, 04:00 am",0
"Jun 9, 05:00 am",0.00312395
"Jun 9, 06:00 am",0.670408
"Jun 9, 07:00 am",2.85674
"Jun 9, 08:00 am",6.57854
"Jun 9, 09:00 am",9.52302
"Jun 9, 10:00 am",11.4295
"Jun 9, 11:00 am",12.5759
"Jun 9, 12:00 pm",13.0664
"Jun 9, 01:00 pm",12.7004
"Jun 9, 02:00 pm",11.6102
"Jun 9, 03:00 pm",9.42854
"Jun 9, 04:00 pm",6.25571
"Jun 9, 05:00 pm",2.46188
"Jun 9, 06:00 pm",0.494082
"Jun 9, 07:00 pm",-0
"Jun 9, 08:00 pm",0
"Jun 9, 09:00 pm",0
"Jun 9, 10:00 pm",0
"Jun 9, 11:00 pm",0
"Jun 10, 12:00 am",0
"Jun 10, 01:00 am",0
"Jun 10, 02:00 am",0
"Jun 10, 03:00 am",0
"Jun 10, 04:00 am",0
"Jun 10, 05:00 am",0.0117015
"Jun 10, 06:00 am",0.568714
"Jun 10, 07:00 am",2.86259
"Jun 10, 08:00 am",6.57394
"Jun 10, 09:00 am",9.46269
"Jun 10, 10:00 am",11.5298
"Jun 10, 11:00 am",11.6989
"Jun 10, 12:00 pm",13.3117
"Jun 10, 01:00 pm",12.897
"Jun 10, 02:00 pm",11.5339
"Jun 10, 03:00 pm",9.332
"Jun 10, 04:00 pm",6.15935
"Jun 10, 05:00 pm",2.52439
"Jun 10, 06:00 pm",0.620478
"Jun 10, 07:00 pm",-0
"Jun 10, 08:00 pm",0
"Jun 10, 09:00 pm",0
"Jun 10, 10:00 pm",0
"Jun 10, 11:00 pm",0
"Jun 11, 12:00 am",0
"Jun 11, 01:00 am",0
"Jun 11, 02:00 am",0
"Jun 11, 03:00 am",0
"Jun 11, 04:00 am",0
"Jun 11, 05:00 am",0.00315529
"Jun 11, 06:00 am",0.681762
"Jun 11, 07:00 am",2.82092
"Jun 11, 08:00 am",6.43871
"Jun 11, 09:00 am",9.05984
"Jun 11, 10:00 am",10.6068
"Jun 11, 11:00 am",11.8152
"Jun 11, 12:00 pm",12.1658
"Jun 11, 01:00 pm",11.7398
"Jun 11, 02:00 pm",10.6696
"Jun 11, 03:00 pm",8.80116
"Jun 11, 04:00 pm",5.9809
"Jun 11, 05:00 pm",2.47975
"Jun 11, 06:00 pm",0.599748
"Jun 11, 07:00 pm",-0
"Jun 11, 08:00 pm",0
"Jun 11, 09:00 pm",0
"Jun 11, 10:00 pm",0
"Jun 11, 11:00 pm",0
"Jun 12, 12:00 am",0
"Jun 12, 01:00 am",0
"Jun 12, 02:00 am",0
"Jun 12, 03:00 am",0
"Jun 12, 04:00 am",0
"Jun 12, 05:00 am",0.00174115
"Jun 12, 06:00 am",0.637982
"Jun 12, 07:00 am",2.75646
"Jun 12, 08:00 am",6.37788
"Jun 12, 09:00 am",9.2564
"Jun 12, 10:00 am",10.552
"Jun 12, 11:00 am",11.0461
"Jun 12, 12:00 pm",12.3414
"Jun 12, 01:00 pm",12.1775
"Jun 12, 02:00 pm",11.1265
"Jun 12, 03:00 pm",9.00857
"Jun 12, 04:00 pm",6.02057
"Jun 12, 05:00 pm",2.54993
"Jun 12, 06:00 pm",0.648369
"Jun 12, 07:00 pm",-0
"Jun 12, 08:00 pm",0
"Jun 12, 09:00 pm",0
"Jun 12, 10:00 pm",0
"Jun 12, 11:00 pm",0
"Jun 13, 12:00 am",0
"Jun 13, 01:00 am",0
"Jun 13, 02:00 am",0
"Jun 13, 03:00 am",0
"Jun 13, 04:00 am",0
"Jun 13, 05:00 am",-0
"Jun 13, 06:00 am",0.839293
"Jun 13, 07:00 am",2.85542
"Jun 13, 08:00 am",6.25148
"Jun 13, 09:00 am",6.07546
"Jun 13, 10:00 am",8.73689
"Jun 13, 11:00 am",11.6357
"Jun 13, 12:00 pm",11.9123
"Jun 13, 01:00 pm",11.2749
"Jun 13, 02:00 pm",10.2367
"Jun 13, 03:00 pm",8.46007
"Jun 13, 04:00 pm",5.81121
"Jun 13, 05:00 pm",2.54211
"Jun 13, 06:00 pm",0.671372
"Jun 13, 07:00 pm",-0
"Jun 13, 08:00 pm",0
"Jun 13, 09:00 pm",0
"Jun 13, 10:00 pm",0
"Jun 13, 11:00 pm",0
"Jun 14, 12:00 am",0
"Jun 14, 01:00 am",0
"Jun 14, 02:00 am",0
"Jun 14, 03:00 am",0
"Jun 14, 04:00 am",0
"Jun 14, 05:00 am",-0
"Jun 14, 06:00 am",0.882694
"Jun 14, 07:00 am",2.87311
"Jun 14, 08:00 am",6.12832
"Jun 14, 09:00 am",8.82273
"Jun 14, 10:00 am",10.8422
"Jun 14, 11:00 am",12.3139
"Jun 14, 12:00 pm",12.8001
"Jun 14, 01:00 pm",12.4506
"Jun 14, 02:00 pm",11.2115
"Jun 14, 03:00 pm",9.19633
"Jun 14, 04:00 pm",6.16539
"Jun 14, 05:00 pm",2.47643
"Jun 14, 06:00 pm",0.563583
"Jun 14, 07:00 pm",-0
"Jun 14, 08:00 pm",0
"Jun 14, 09:00 pm",0
"Jun 14, 10:00 pm",0
"Jun 14, 11:00 pm",0
"Jun 15, 12:00 am",0
"Jun 15, 01:00 am",0
"Jun 15, 02:00 am",0
"Jun 15, 03:00 am",0
"Jun 15, 04:00 am",0
"Jun 15, 05:00 am",0.00221956
"Jun 15, 06:00 am",0.696926
"Jun 15, 07:00 am",2.75037
"Jun 15, 08:00 am",6.16897
"Jun 15, 09:00 am",8.96532
"Jun 15, 10:00 am",10.8305
"Jun 15, 11:00 am",11.9391
"Jun 15, 12:00 pm",12.3291
"Jun 15, 01:00 pm",11.9177
"Jun 15, 02:00 pm",10.7303
"Jun 15, 03:00 pm",8.74418
"Jun 15, 04:00 pm",5.90642
"Jun 15, 05:00 pm",2.5824
"Jun 15, 06:00 pm",0.713987
"Jun 15, 07:00 pm",-0
"Jun 15, 08:00 pm",0
"Jun 15, 09:00 pm",0
"Jun 15, 10:00 pm",0
"Jun 15, 11:00 pm",0
"Jun 16, 12:00 am",0
"Jun 16, 01:00 am",0
"Jun 16, 02:00 am",0
"Jun 16, 03:00 am",0
"Jun 16, 04:00 am",0
"Jun 16, 05:00 am",0.00269226
"Jun 16, 06:00 am",0.665778
"Jun 16, 07:00 am",2.72657
"Jun 16, 08:00 am",6.33825
"Jun 16, 09:00 am",9.22526
"Jun 16, 10:00 am",10.977
"Jun 16, 11:00 am",11.6955
"Jun 16, 12:00 pm",12.1068
"Jun 16, 01:00 pm",11.9354
"Jun 16, 02:00 pm",10.9039
"Jun 16, 03:00 pm",9.04526
"Jun 16, 04:00 pm",6.12294
"Jun 16, 05:00 pm",2.51655
"Jun 16, 06:00 pm",0.598561
"Jun 16, 07:00 pm",-0
"Jun 16, 08:00 pm",0
"Jun 16, 09:00 pm",0
"Jun 16, 10:00 pm",0
"Jun 16, 11:00 pm",0
"Jun 17, 12:00 am",0
"Jun 17, 01:00 am",0
"Jun 17, 02:00 am",0
"Jun 17, 03:00 am",0
"Jun 17, 04:00 am",0
"Jun 17, 05:00 am",0.00223103
"Jun 17, 06:00 am",0.508132
"Jun 17, 07:00 am",2.74241
"Jun 17, 08:00 am",6.57818
"Jun 17, 09:00 am",9.44342
"Jun 17, 10:00 am",11.0929
"Jun 17, 11:00 am",12.1813
"Jun 17, 12:00 pm",12.8574
"Jun 17, 01:00 pm",12.5907
"Jun 17, 02:00 pm",11.4097
"Jun 17, 03:00 pm",9.37128
"Jun 17, 04:00 pm",6.31998
"Jun 17, 05:00 pm",2.57302
"Jun 17, 06:00 pm",0.529594
"Jun 17, 07:00 pm",-0
"Jun 17, 08:00 pm",0
"Jun 17, 09:00 pm",0
"Jun 17, 10:00 pm",0
"Jun 17, 11:00 pm",0
"Jun 18, 12:00 am",0
"Jun 18, 01:00 am",0
"Jun 18, 02:00 am",0
"Jun 18, 03:00 am",0
"Jun 18, 04:00 am",0
"Jun 18, 05:00 am",0.00268288
"Jun 18, 06:00 am",0.610064
"Jun 18, 07:00 am",2.7318
"Jun 18, 08:00 am",6.48803
"Jun 18, 09:00 am",9.27579
"Jun 18, 10:00 am",11.2246
"Jun 18, 11:00 am",12.578
"Jun 18, 12:00 pm",13.0446
"Jun 18, 01:00 pm",12.6584
"Jun 18, 02:00 pm",11.5823
"Jun 18, 03:00 pm",9.49416
"Jun 18, 04:00 pm",6.43526
"Jun 18, 05:00 pm",2.61508
"Jun 18, 06:00 pm",0.5063
"Jun 18, 07:00 pm",0.000348673
"Jun 18, 08:00 pm",0
"Jun 18, 09:00 pm",0
"Jun 18, 10:00 pm",0
"Jun 18, 11:00 pm",0
"Jun 19, 12:00 am",0
"Jun 19, 01:00 am",0
"Jun 19, 02:00 am",0
"Jun 19, 03:00 am",0
"Jun 19, 04:00 am",0
"Jun 19, 05:00 am",0.00361804
"Jun 19, 06:00 am",0.653396
"Jun 19, 07:00 am",2.79048
"Jun 19, 08:00 am",6.608
"Jun 19, 09:00 am",9.5996
"Jun 19, 10:00 am",11.4785
"Jun 19, 11:00 am",12.4868
"Jun 19, 12:00 pm",12.6354
"Jun 19, 01:00 pm",12.0507
"Jun 19, 02:00 pm",10.8434
"Jun 19, 03:00 pm",8.93462
"Jun 19, 04:00 pm",6.10566
"Jun 19, 05:00 pm",2.58507
"Jun 19, 06:00 pm",0.66186
"Jun 19, 07:00 pm",-0
"Jun 19, 08:00 pm",0
"Jun 19, 09:00 pm",0
"Jun 19, 10:00 pm",0
"Jun 19, 11:00 pm",0
"Jun 20, 12:00 am",0
"Jun 20, 01:00 am",0
"Jun 20, 02:00 am",0
"Jun 20, 03:00 am",0
"Jun 20, 04:00 am",0
"Jun 20, 05:00 am",0.00407364
"Jun 20, 06:00 am",0.587752
"Jun 20, 07:00 am",2.69466
"Jun 20, 08:00 am",6.45936
"Jun 20, 09:00 am",9.27585
"Jun 20, 10:00 am",11.011
"Jun 20, 11:00 am",12.1842
"Jun 20, 12:00 pm",12.7547
"Jun 20, 01:00 pm",12.5567
"Jun 20, 02:00 pm",11.3588
"Jun 20, 03:00 pm",9.31792
"Jun 20, 04:00 pm",6.32593
"Jun 20, 05:00 pm",2.62822
"Jun 20, 06:00 pm",0.630462
"Jun 20, 07:00 pm",-0
"Jun 20, 08:00 pm",0
"Jun 20, 09:00 pm",0
"Jun 20, 10:00 pm",0
"Jun 20, 11:00 pm",0
"Jun 21, 12:00 am",0
"Jun 21, 01:00 am",0
"Jun 21, 02:00 am",0
"Jun 21, 03:00 am",0
"Jun 21, 04:00 am",0
"Jun 21, 05:00 am",-0
"Jun 21, 06:00 am",0.63876
"Jun 21, 07:00 am",2.71186
"Jun 21, 08:00 am",6.45089
"Jun 21, 09:00 am",8.50058
"Jun 21, 10:00 am",10.3447
"Jun 21, 11:00 am",11.9023
"Jun 21, 12:00 pm",11.7412
"Jun 21, 01:00 pm",8.34255
"Jun 21, 02:00 pm",11.4272
"Jun 21, 03:00 pm",9.38564
"Jun 21, 04:00 pm",6.30441
"Jun 21, 05:00 pm",2.68747
"Jun 21, 06:00 pm",0.688996
"Jun 21, 07:00 pm",-0
"Jun 21, 08:00 pm",0
"Jun 21, 09:00 pm",0
"Jun 21, 10:00 pm",0
"Jun 21, 11:00 pm",0
"Jun 22, 12:00 am",0
"Jun 22, 01:00 am",0
"Jun 22, 02:00 am",0
"Jun 22, 03:00 am",0
"Jun 22, 04:00 am",0
"Jun 22, 05:00 am",-0
"Jun 22, 06:00 am",0.625804
"Jun 22, 07:00 am",2.50233
"Jun 22, 08:00 am",5.72216
"Jun 22, 09:00 am",9.32226
"Jun 22, 10:00 am",9.13968
"Jun 22, 11:00 am",9.73479
"Jun 22, 12:00 pm",9.66159
"Jun 22, 01:00 pm",10.9753
"Jun 22, 02:00 pm",11.219
"Jun 22, 03:00 pm",9.22361
"Jun 22, 04:00 pm",6.29715
"Jun 22, 05:00 pm",2.6103
"Jun 22, 06:00 pm",0.63834
"Jun 22, 07:00 pm",-0
"Jun 22, 08:00 pm",0
"Jun 22, 09:00 pm",0
"Jun 22, 10:00 pm",0
"Jun 22, 11:00 pm",0
"Jun 23, 12:00 am",0
"Jun 23, 01:00 am",0
"Jun 23, 02:00 am",0
"Jun 23, 03:00 am",0
"Jun 23, 04:00 am",0
"Jun 23, 05:00 am",-0
"Jun 23, 06:00 am",0.681034
"Jun 23, 07:00 am",2.68412
"Jun 23, 08:00 am",6.29771
"Jun 23, 09:00 am",9.13786
"Jun 23, 10:00 am",11.1934
"Jun 23, 11:00 am",12.6098
"Jun 23, 12:00 pm",13.1549
"Jun 23, 01:00 pm",12.7969
"Jun 23, 02:00 pm",11.624
"Jun 23, 03:00 pm",9.47602
"Jun 23, 04:00 pm",6.39631
"Jun 23, 05:00 pm",2.65297
"Jun 23, 06:00 pm",0.625452
"Jun 23, 07:00 pm",0.00035805
"Jun 23, 08:00 pm",0
"Jun 23, 09:00 pm",0
"Jun 23, 10:00 pm",0
"Jun 23, 11:00 pm",0
"Jun 24, 12:00 am",0
"Jun 24, 01:00 am",0
"Jun 24, 02:00 am",0
"Jun 24, 03:00 am",0
"Jun 24, 04:00 am",0
"Jun 24, 05:00 am",-0
"Jun 24, 06:00 am",0.575415
"Jun 24, 07:00 am",2.61313
"Jun 24, 08:00 am",6.29168
"Jun 24, 09:00 am",9.04287
"Jun 24, 10:00 am",10.8008
"Jun 24, 11:00 am",11.1944
"Jun 24, 12:00 pm",12.5544
"Jun 24, 01:00 pm",11.0469
"Jun 24, 02:00 pm",9.25146
"Jun 24, 03:00 pm",8.9863
"Jun 24, 04:00 pm",6.11163
"Jun 24, 05:00 pm",2.64312
"Jun 24, 06:00 pm",0.656358
"Jun 24, 07:00 pm",0.000348673
"Jun 24, 08:00 pm",0
"Jun 24, 09:00 pm",0
"Jun 24, 10:00 pm",0
"Jun 24, 11:00 pm",0
"Jun 25, 12:00 am",0
"Jun 25, 01:00 am",0
"Jun 25, 02:00 am",0
"Jun 25, 03:00 am",0
"Jun 25, 04:00 am",0
"Jun 25, 05:00 am",0.00407364
"Jun 25, 06:00 am",0.526107
"Jun 25, 07:00 am",2.61339
"Jun 25, 08:00 am",6.37495
"Jun 25, 09:00 am",9.31664
"Jun 25, 10:00 am",11.0993
"Jun 25, 11:00 am",11.8081
"Jun 25, 12:00 pm",11.9725
"Jun 25, 01:00 pm",11.6524
"Jun 25, 02:00 pm",10.7239
"Jun 25, 03:00 pm",8.95207
"Jun 25, 04:00 pm",6.20363
"Jun 25, 05:00 pm",2.66959
"Jun 25, 06:00 pm",0.650729
"Jun 25, 07:00 pm",-0
"Jun 25, 08:00 pm",0
"Jun 25, 09:00 pm",0
"Jun 25, 10:00 pm",0
"Jun 25, 11:00 pm",0
"Jun 26, 12:00 am",0
"Jun 26, 01:00 am",0
"Jun 26, 02:00 am",0
"Jun 26, 03:00 am",0
"Jun 26, 04:00 am",0
"Jun 26, 05:00 am",-0
"Jun 26, 06:00 am",0.553598
"Jun 26, 07:00 am",2.6777
"Jun 26, 08:00 am",6.47564
"Jun 26, 09:00 am",9.60411
"Jun 26, 10:00 am",11.8205
"Jun 26, 11:00 am",13.1792
"Jun 26, 12:00 pm",13.654
"Jun 26, 01:00 pm",13.2053
"Jun 26, 02:00 pm",11.8222
"Jun 26, 03:00 pm",9.60378
"Jun 26, 04:00 pm",6.51355
"Jun 26, 05:00 pm",2.67048
"Jun 26, 06:00 pm",0.550673
"Jun 26, 07:00 pm",-0
"Jun 26, 08:00 pm",0
"Jun 26, 09:00 pm",0
"Jun 26, 10:00 pm",0
"Jun 26, 11:00 pm",0
"Jun 27, 12:00 am",0
"Jun 27, 01:00 am",0
"Jun 27, 02:00 am",0
"Jun 27, 03:00 am",0
"Jun 27, 04:00 am",0
"Jun 27, 05:00 am",-0
"Jun 27, 06:00 am",0.584816
"Jun 27, 07:00 am",2.59422
"Jun 27, 08:00 am",6.24203
"Jun 27, 09:00 am",9.02667
"Jun 27, 10:00 am",10.9506
"Jun 27, 11:00 am",12.1928
"Jun 27, 12:00 pm",12.6699
"Jun 27, 01:00 pm",12.2589
"Jun 27, 02:00 pm",11.1356
"Jun 27, 03:00 pm",9.04494
"Jun 27, 04:00 pm",6.14653
"Jun 27, 05:00 pm",2.71527
"Jun 27, 06:00 pm",0.64914
"Jun 27, 07:00 pm",-0
"Jun 27, 08:00 pm",0
"Jun 27, 09:00 pm",0
"Jun 27, 10:00 pm",0
"Jun 27, 11:00 pm",0
"Jun 28, 12:00 am",0
"Jun 28, 01:00 am",0
"Jun 28, 02:00 am",0
"Jun 28, 03:00 am",0
"Jun 28, 04:00 am",0
"Jun 28, 05:00 am",-0
"Jun 28, 06:00 am",0.68426
"Jun 28, 07:00 am",2.59518
"Jun 28, 08:00 am",6.11412
"Jun 28, 09:00 am",9.0499
"Jun 28, 10:00 am",10.9175
"Jun 28, 11:00 am",11.9056
"Jun 28, 12:00 pm",12.1728
"Jun 28, 01:00 pm",11.7444
"Jun 28, 02:00 pm",10.4917
"Jun 28, 03:00 pm",8.45698
"Jun 28, 04:00 pm",5.65169
"Jun 28, 05:00 pm",2.68437
"Jun 28, 06:00 pm",0.579032
"Jun 28, 07:00 pm",-0
"Jun 28, 08:00 pm",0
"Jun 28, 09:00 pm",0
"Jun 28, 10:00 pm",0
"Jun 28, 11:00 pm",0
"Jun 29, 12:00 am",0
"Jun 29, 01:00 am",0
"Jun 29, 02:00 am",0
"Jun 29, 03:00 am",0
"Jun 29, 04:00 am",0
"Jun 29, 05:00 am",-0
"Jun 29, 06:00 am",0.152778
"Jun 29, 07:00 am",2.39131
"Jun 29, 08:00 am",5.623
"Jun 29, 09:00 am",5.68631
"Jun 29, 10:00 am",10.4808
"Jun 29, 11:00 am",11.5048
"Jun 29, 12:00 pm",12.025
"Jun 29, 01:00 pm",11.6655
"Jun 29, 02:00 pm",10.503
"Jun 29, 03:00 pm",8.53158
"Jun 29, 04:00 pm",5.80825
"Jun 29, 05:00 pm",2.73509
"Jun 29, 06:00 pm",0.691148
"Jun 29, 07:00 pm",-0
"Jun 29, 08:00 pm",0
"Jun 29, 09:00 pm",0
"Jun 29, 10:00 pm",0
"Jun 29, 11:00 pm",0
"Jun 30, 12:00 am",0
"Jun 30, 01:00 am",0
"Jun 30, 02:00 am",0
"Jun 30, 03:00 am",0
"Jun 30, 04:00 am",0
"Jun 30, 05:00 am",-0
"Jun 30, 06:00 am",0.677471
"Jun 30, 07:00 am",2.7269
"Jun 30, 08:00 am",5.74165
"Jun 30, 09:00 am",8.40527
"Jun 30, 10:00 am",10.4659
"Jun 30, 11:00 am",11.9554
"Jun 30, 12:00 pm",12.4078
"Jun 30, 01:00 pm",12.0239
"Jun 30, 02:00 pm",10.6053
"Jun 30, 03:00 pm",8.61828
"Jun 30, 04:00 pm",4.66305
"Jun 30, 05:00 pm",2.67205
"Jun 30, 06:00 pm",0.556179
"Jun 30, 07:00 pm",-0
"Jun 30, 08:00 pm",0
"Jun 30, 09:00 pm",0
"Jun 30, 10:00 pm",0
"Jun 30, 11:00 pm",0
"Jul 1, 12:00 am",0
"Jul 1, 01:00 am",0
"Jul 1, 02:00 am",0
"Jul 1, 03:00 am",0
"Jul 1, 04:00 am",0
"Jul 1, 05:00 am",-0
"Jul 1, 06:00 am",0.624629
"Jul 1, 07:00 am",2.60562
"Jul 1, 08:00 am",6.3679
"Jul 1, 09:00 am",9.39498
"Jul 1, 10:00 am",11.5028
"Jul 1, 11:00 am",12.8406
"Jul 1, 12:00 pm",13.2915
"Jul 1, 01:00 pm",12.9266
"Jul 1, 02:00 pm",11.5531
"Jul 1, 03:00 pm",9.44946
"Jul 1, 04:00 pm",6.42305
"Jul 1, 05:00 pm",2.67192
"Jul 1, 06:00 pm",0.556437
"Jul 1, 07:00 pm",-0
"Jul 1, 08:00 pm",0
"Jul 1, 09:00 pm",0
"Jul 1, 10:00 pm",0
"Jul 1, 11:00 pm",0
"Jul 2, 12:00 am",0
"Jul 2, 01:00 am",0
"Jul 2, 02:00 am",0
"Jul 2, 03:00 am",0
"Jul 2, 04:00 am",0
"Jul 2, 05:00 am",-0
"Jul 2, 06:00 am",0.532765
"Jul 2, 07:00 am",2.47589
"Jul 2, 08:00 am",6.17467
"Jul 2, 09:00 am",9.157
"Jul 2, 10:00 am",11.1634
"Jul 2, 11:00 am",12.2437
"Jul 2, 12:00 pm",12.5679
"Jul 2, 01:00 pm",12.2147
"Jul 2, 02:00 pm",11.0658
"Jul 2, 03:00 pm",9.03626
"Jul 2, 04:00 pm",6.15865
"Jul 2, 05:00 pm",2.5861
"Jul 2, 06:00 pm",0.551307
"Jul 2, 07:00 pm",-0
"Jul 2, 08:00 pm",0
"Jul 2, 09:00 pm",0
"Jul 2, 10:00 pm",0
"Jul 2, 11:00 pm",0
"Jul 3, 12:00 am",0
"Jul 3, 01:00 am",0
"Jul 3, 02:00 am",0
"Jul 3, 03:00 am",0
"Jul 3, 04:00 am",0
"Jul 3, 05:00 am",-0
"Jul 3, 06:00 am",0.589858
"Jul 3, 07:00 am",2.45232
"Jul 3, 08:00 am",5.93482
"Jul 3, 09:00 am",8.94767
"Jul 3, 10:00 am",10.9519
"Jul 3, 11:00 am",12.3488
"Jul 3, 12:00 pm",12.8302
"Jul 3, 01:00 pm",12.456
"Jul 3, 02:00 pm",11.2406
"Jul 3, 03:00 pm",9.20888
"Jul 3, 04:00 pm",6.28526
"Jul 3, 05:00 pm",2.66726
"Jul 3, 06:00 pm",0.592728
"Jul 3, 07:00 pm",-0
"Jul 3, 08:00 pm",0
"Jul 3, 09:00 pm",0
"Jul 3, 10:00 pm",0
"Jul 3, 11:00 pm",0
"Jul 4, 12:00 am",0
"Jul 4, 01:00 am",0
"Jul 4, 02:00 am",0
"Jul 4, 03:00 am",0
"Jul 4, 04:00 am",0
"Jul 4, 05:00 am",-0
"Jul 4, 06:00 am",0.579602
"Jul 4, 07:00 am",2.47088
"Jul 4, 08:00 am",6.08392
"Jul 4, 09:00 am",9.07828
"Jul 4, 10:00 am",11.1115
"Jul 4, 11:00 am",12.416
"Jul 4, 12:00 pm",12.9167
"Jul 4, 01:00 pm",12.571
"Jul 4, 02:00 pm",11.4174
"Jul 4, 03:00 pm",9.35127
"Jul 4, 04:00 pm",6.41013
"Jul 4, 05:00 pm",2.68202
"Jul 4, 06:00 pm",0.530009
"Jul 4, 07:00 pm",-0
"Jul 4, 08:00 pm",0
"Jul 4, 09:00 pm",0
"Jul 4, 10:00 pm",0
"Jul 4, 11:00 pm",0
"Jul 5, 12:00 am",0
"Jul 5, 01:00 am",0
"Jul 5, 02:00 am",0
"Jul 5, 03:00 am",0
"Jul 5, 04:00 am",0
"Jul 5, 05:00 am",-0
"Jul 5, 06:00 am",0.700879
"Jul 5, 07:00 am",2.56529
"Jul 5, 08:00 am",6.00649
"Jul 5, 09:00 am",8.99656
"Jul 5, 10:00 am",11.1028
"Jul 5, 11:00 am",12.4319
"Jul 5, 12:00 pm",12.9333
"Jul 5, 01:00 pm",12.5733
"Jul 5, 02:00 pm",11.3226
"Jul 5, 03:00 pm",9.33444
"Jul 5, 04:00 pm",6.39831
"Jul 5, 05:00 pm",2.69881
"Jul 5, 06:00 pm",0.575499
"Jul 5, 07:00 pm",-0
"Jul 5, 08:00 pm",0
"Jul 5, 09:00 pm",0
"Jul 5, 10:00 pm",0
"Jul 5, 11:00 pm",0
"Jul 6, 12:00 am",0
"Jul 6, 01:00 am",0
"Jul 6, 02:00 am",0
"Jul 6, 03:00 am",0
"Jul 6, 04:00 am",0
"Jul 6, 05:00 am",-0
"Jul 6, 06:00 am",0.612872
"Jul 6, 07:00 am",2.50324
"Jul 6, 08:00 am",5.86111
"Jul 6, 09:00 am",8.72309
"Jul 6, 10:00 am",10.6693
"Jul 6, 11:00 am",11.8631
"Jul 6, 12:00 pm",12.2117
"Jul 6, 01:00 pm",11.9582
"Jul 6, 02:00 pm",10.9715
"Jul 6, 03:00 pm",9.07432
"Jul 6, 04:00 pm",6.27179
"Jul 6, 05:00 pm",2.68248
"Jul 6, 06:00 pm",0.647206
"Jul 6, 07:00 pm",-0
"Jul 6, 08:00 pm",0
"Jul 6, 09:00 pm",0
"Jul 6, 10:00 pm",0
"Jul 6, 11:00 pm",0
"Jul 7, 12:00 am",0
"Jul 7, 01:00 am",0
"Jul 7, 02:00 am",0
"Jul 7, 03:00 am",0
"Jul 7, 04:00 am",0
"Jul 7, 05:00 am",-0
"Jul 7, 06:00 am",0.700425
"Jul 7, 07:00 am",2.51035
"Jul 7, 08:00 am",5.88914
"Jul 7, 09:00 am",8.78298
"Jul 7, 10:00 am",10.7872
"Jul 7, 11:00 am",11.9216
"Jul 7, 12:00 pm",12.0163
"Jul 7, 01:00 pm",11.7608
"Jul 7, 02:00 pm",10.67
"Jul 7, 03:00 pm",8.81039
"Jul 7, 04:00 pm",5.70218
"Jul 7, 05:00 pm",2.64254
"Jul 7, 06:00 pm",0.807151
"Jul 7, 07:00 pm",-0
"Jul 7, 08:00 pm",0
"Jul 7, 09:00 pm",0
"Jul 7, 10:00 pm",0
"Jul 7, 11:00 pm",0
"Jul 8, 12:00 am",0
"Jul 8, 01:00 am",0
"Jul 8, 02:00 am",0
"Jul 8, 03:00 am",0
"Jul 8, 04:00 am",0
"Jul 8, 05:00 am",-0
"Jul 8, 06:00 am",0.629668
"Jul 8, 07:00 am",2.46374
"Jul 8, 08:00 am",5.87773
"Jul 8, 09:00 am",6.20012
"Jul 8, 10:00 am",10.8459
"Jul 8, 11:00 am",11.9735
"Jul 8, 12:00 pm",12.3688
"Jul 8, 01:00 pm",12.0347
"Jul 8, 02:00 pm",10.8393
"Jul 8, 03:00 pm",8.29175
"Jul 8, 04:00 pm",5.01301
"Jul 8, 05:00 pm",2.44616
"Jul 8, 06:00 pm",0.837281
"Jul 8, 07:00 pm",-0
"Jul 8, 08:00 pm",0
"Jul 8, 09:00 pm",0
"Jul 8, 10:00 pm",0
"Jul 8, 11:00 pm",0
"Jul 9, 12:00 am",0
"Jul 9, 01:00 am",0
"Jul 9, 02:00 am",0
"Jul 9, 03:00 am",0
"Jul 9, 04:00 am",0
"Jul 9, 05:00 am",-0
"Jul 9, 06:00 am",0.686546
"Jul 9, 07:00 am",2.48104
"Jul 9, 08:00 am",5.78919
"Jul 9, 09:00 am",8.61553
"Jul 9, 10:00 am",10.7341
"Jul 9, 11:00 am",12.2012
"Jul 9, 12:00 pm",12.5462
"Jul 9, 01:00 pm",12.2479
"Jul 9, 02:00 pm",11.0898
"Jul 9, 03:00 pm",9.04475
"Jul 9, 04:00 pm",6.17993
"Jul 9, 05:00 pm",2.72667
"Jul 9, 06:00 pm",0.602315
"Jul 9, 07:00 pm",-0
"Jul 9, 08:00 pm",0
"Jul 9, 09:00 pm",0
"Jul 9, 10:00 pm",0
"Jul 9, 11:00 pm",0
"Jul 10, 12:00 am",0
"Jul 10, 01:00 am",0
"Jul 10, 02:00 am",0
"Jul 10, 03:00 am",0
"Jul 10, 04:00 am",0
"Jul 10, 05:00 am",-0
"Jul 10, 06:00 am",0.598023
"Jul 10, 07:00 am",2.48164
"Jul 10, 08:00 am",6.09021
"Jul 10, 09:00 am",9.13527
"Jul 10, 10:00 am",11.0311
"Jul 10, 11:00 am",12.2409
"Jul 10, 12:00 pm",12.8322
"Jul 10, 01:00 pm",12.5658
"Jul 10, 02:00 pm",11.3102
"Jul 10, 03:00 pm",9.24706
"Jul 10, 04:00 pm",6.37019
"Jul 10, 05:00 pm",2.7191
"Jul 10, 06:00 pm",0.568473
"Jul 10, 07:00 pm",-0
"Jul 10, 08:00 pm",0
"Jul 10, 09:00 pm",0
"Jul 10, 10:00 pm",0
"Jul 10, 11:00 pm",0
"Jul 11, 12:00 am",0
"Jul 11, 01:00 am",0
"Jul 11, 02:00 am",0
"Jul 11, 03:00 am",0
"Jul 11, 04:00 am",0
"Jul 11, 05:00 am",-0
"Jul 11, 06:00 am",0.697541
"Jul 11, 07:00 am",2.43648
"Jul 11, 08:00 am",3.9938
"Jul 11, 09:00 am",6.9334
"Jul 11, 10:00 am",10.1132
"Jul 11, 11:00 am",9.37385
"Jul 11, 12:00 pm",8.09531
"Jul 11, 01:00 pm",12.191
"Jul 11, 02:00 pm",11.088
"Jul 11, 03:00 pm",9.12422
"Jul 11, 04:00 pm",5.73148
"Jul 11, 05:00 pm",2.69664
"Jul 11, 06:00 pm",0.56959
"Jul 11, 07:00 pm",-0
"Jul 11, 08:00 pm",0
"Jul 11, 09:00 pm",0
"Jul 11, 10:00 pm",0
"Jul 11, 11:00 pm",0
"Jul 12, 12:00 am",0
"Jul 12, 01:00 am",0
"Jul 12, 02:00 am",0
"Jul 12, 03:00 am",0
"Jul 12, 04:00 am",0
"Jul 12, 05:00 am",-0
"Jul 12, 06:00 am",0.620422
"Jul 12, 07:00 am",2.41178
"Jul 12, 08:00 am",5.75433
"Jul 12, 09:00 am",8.62368
"Jul 12, 10:00 am",10.69
"Jul 12, 11:00 am",12.025
"Jul 12, 12:00 pm",12.5655
"Jul 12, 01:00 pm",12.2213
"Jul 12, 02:00 pm",11.0577
"Jul 12, 03:00 pm",9.10148
"Jul 12, 04:00 pm",6.23841
"Jul 12, 05:00 pm",2.73026
"Jul 12, 06:00 pm",0.614402
"Jul 12, 07:00 pm",-0
"Jul 12, 08:00 pm",0
"Jul 12, 09:00 pm",0
"Jul 12, 10:00 pm",0
"Jul 12, 11:00 pm",0
"Jul 13, 12:00 am",0
"Jul 13, 01:00 am",0
"Jul 13, 02:00 am",0
"Jul 13, 03:00 am",0
"Jul 13, 04:00 am",0
"Jul 13, 05:00 am",-0
"Jul 13, 06:00 am",0.588695
"Jul 13, 07:00 am",2.41005
"Jul 13, 08:00 am",5.79766
"Jul 13, 09:00 am",8.67341
"Jul 13, 10:00 am",10.8236
"Jul 13, 11:00 am",12.2012
"Jul 13, 12:00 pm",12.7281
"Jul 13, 01:00 pm",12.3924
"Jul 13, 02:00 pm",11.2133
"Jul 13, 03:00 pm",9.23752
"Jul 13, 04:00 pm",6.30433
"Jul 13, 05:00 pm",2.72151
"Jul 13, 06:00 pm",0.60704
"Jul 13, 07:00 pm",-0
"Jul 13, 08:00 pm",0
"Jul 13, 09:00 pm",0
"Jul 13, 10:00 pm",0
"Jul 13, 11:00 pm",0
"Jul 14, 12:00 am",0
"Jul 14, 01:00 am",0
"Jul 14, 02:00 am",0
"Jul 14, 03:00 am",0
"Jul 14, 04:00 am",0
"Jul 14, 05:00 am",-0
"Jul 14, 06:00 am",0.599721
"Jul 14, 07:00 am",2.42777
"Jul 14, 08:00 am",5.85493
"Jul 14, 09:00 am",8.79144
"Jul 14, 10:00 am",10.7714
"Jul 14, 11:00 am",12.0203
"Jul 14, 12:00 pm",12.5149
"Jul 14, 01:00 pm",12.2012
"Jul 14, 02:00 pm",10.9696
"Jul 14, 03:00 pm",9.01029
"Jul 14, 04:00 pm",6.10554
"Jul 14, 05:00 pm",2.64426
"Jul 14, 06:00 pm",0.737075
"Jul 14, 07:00 pm",-0
"Jul 14, 08:00 pm",0
"Jul 14, 09:00 pm",0
"Jul 14, 10:00 pm",0
"Jul 14, 11:00 pm",0
"Jul 15, 12:00 am",0
"Jul 15, 01:00 am",0
"Jul 15, 02:00 am",0
"Jul 15, 03:00 am",0
"Jul 15, 04:00 am",0
"Jul 15, 05:00 am",-0
"Jul 15, 06:00 am",0.672493
"Jul 15, 07:00 am",2.38339
"Jul 15, 08:00 am",5.77057
"Jul 15, 09:00 am",8.63412
"Jul 15, 10:00 am",10.5845
"Jul 15, 11:00 am",11.7239
"Jul 15, 12:00 pm",12.1588
"Jul 15, 01:00 pm",11.8479
"Jul 15, 02:00 pm",10.7407
"Jul 15, 03:00 pm",8.86638
"Jul 15, 04:00 pm",6.1156
"Jul 15, 05:00 pm",2.47891
"Jul 15, 06:00 pm",0.802039
"Jul 15, 07:00 pm",-0
"Jul 15, 08:00 pm",0
"Jul 15, 09:00 pm",0
"Jul 15, 10:00 pm",0
"Jul 15, 11:00 pm",0
"Jul 16, 12:00 am",0
"Jul 16, 01:00 am",0
"Jul 16, 02:00 am",0
"Jul 16, 03:00 am",0
"Jul 16, 04:00 am",0
"Jul 16, 05:00 am",-0
"Jul 16, 06:00 am",0.376415
"Jul 16, 07:00 am",1.18281
"Jul 16, 08:00 am",4.41115
"Jul 16, 09:00 am",8.50372
"Jul 16, 10:00 am",10.4622
"Jul 16, 11:00 am",11.7434
"Jul 16, 12:00 pm",12.2838
"Jul 16, 01:00 pm",12.1584
"Jul 16, 02:00 pm",10.9754
"Jul 16, 03:00 pm",9.034
"Jul 16, 04:00 pm",6.21907
"Jul 16, 05:00 pm",2.80261
"Jul 16, 06:00 pm",0.608597
"Jul 16, 07:00 pm",-0
"Jul 16, 08:00 pm",0
"Jul 16, 09:00 pm",0
"Jul 16, 10:00 pm",0
"Jul 16, 11:00 pm",0
"Jul 17, 12:00 am",0
"Jul 17, 01:00 am",0
"Jul 17, 02:00 am",0
"Jul 17, 03:00 am",0
"Jul 17, 04:00 am",0
"Jul 17, 05:00 am",0
"Jul 17, 06:00 am",0.518029
"Jul 17, 07:00 am",1.64589
"Jul 17, 08:00 am",0.812853
"Jul 17, 09:00 am",5.36269
"Jul 17, 10:00 am",8.87244
"Jul 17, 11:00 am",10.3308
"Jul 17, 12:00 pm",11.8894
"Jul 17, 01:00 pm",12.6173
"Jul 17, 02:00 pm",11.269
"Jul 17, 03:00 pm",9.27638
"Jul 17, 04:00 pm",6.38256
"Jul 17, 05:00 pm",2.68648
"Jul 17, 06:00 pm",0.770538
"Jul 17, 07:00 pm",-0
"Jul 17, 08:00 pm",0
"Jul 17, 09:00 pm",0
"Jul 17, 10:00 pm",0
"Jul 17, 11:00 pm",0
"Jul 18, 12:00 am",0
"Jul 18, 01:00 am",0
"Jul 18, 02:00 am",0
"Jul 18, 03:00 am",0
"Jul 18, 04:00 am",0
"Jul 18, 05:00 am",0
"Jul 18, 06:00 am",0.618592
"Jul 18, 07:00 am",2.43333
"Jul 18, 08:00 am",5.85708
"Jul 18, 09:00 am",8.80545
"Jul 18, 10:00 am",10.9448
"Jul 18, 11:00 am",12.3532
"Jul 18, 12:00 pm",12.8275
"Jul 18, 01:00 pm",12.2731
"Jul 18, 02:00 pm",10.9204
"Jul 18, 03:00 pm",8.88764
"Jul 18, 04:00 pm",0.137199
"Jul 18, 05:00 pm",0.103728
"Jul 18, 06:00 pm",-0
"Jul 18, 07:00 pm",-0
"Jul 18, 08:00 pm",0
"Jul 18, 09:00 pm",0
"Jul 18, 10:00 pm",0
"Jul 18, 11:00 pm",0
"Jul 19, 12:00 am",0
"Jul 19, 01:00 am",0
"Jul 19, 02:00 am",0
"Jul 19, 03:00 am",0
"Jul 19, 04:00 am",0
"Jul 19, 05:00 am",0
"Jul 19, 06:00 am",0.670813
"Jul 19, 07:00 am",2.50533
"Jul 19, 08:00 am",5.90428
"Jul 19, 09:00 am",8.88604
"Jul 19, 10:00 am",10.901
"Jul 19, 11:00 am",12.2156
"Jul 19, 12:00 pm",12.5369
"Jul 19, 01:00 pm",10.2561
"Jul 19, 02:00 pm",9.72836
"Jul 19, 03:00 pm",8.25177
"Jul 19, 04:00 pm",5.04303
"Jul 19, 05:00 pm",2.23202
"Jul 19, 06:00 pm",0.79324
"Jul 19, 07:00 pm",-0
"Jul 19, 08:00 pm",0
"Jul 19, 09:00 pm",0
"Jul 19, 10:00 pm",0
"Jul 19, 11:00 pm",0
"Jul 20, 12:00 am",0
"Jul 20, 01:00 am",0
"Jul 20, 02:00 am",0
"Jul 20, 03:00 am",0
"Jul 20, 04:00 am",0
"Jul 20, 05:00 am",0
"Jul 20, 06:00 am",0.677659
"Jul 20, 07:00 am",2.11238
"Jul 20, 08:00 am",4.55079
"Jul 20, 09:00 am",4.93757
"Jul 20, 10:00 am",3.44376
"Jul 20, 11:00 am",11.4732
"Jul 20, 12:00 pm",11.7589
"Jul 20, 01:00 pm",11.5469
"Jul 20, 02:00 pm",10.7164
"Jul 20, 03:00 pm",8.91275
"Jul 20, 04:00 pm",6.22295
"Jul 20, 05:00 pm",2.82437
"Jul 20, 06:00 pm",0.618423
"Jul 20, 07:00 pm",-0
"Jul 20, 08:00 pm",0
"Jul 20, 09:00 pm",0
"Jul 20, 10:00 pm",0
"Jul 20, 11:00 pm",0
"Jul 21, 12:00 am",0
"Jul 21, 01:00 am",0
"Jul 21, 02:00 am",0
"Jul 21, 03:00 am",0
"Jul 21, 04:00 am",0
"Jul 21, 05:00 am",0
"Jul 21, 06:00 am",0.640429
"Jul 21, 07:00 am",2.46342
"Jul 21, 08:00 am",5.17327
"Jul 21, 09:00 am",8.9459
"Jul 21, 10:00 am",11.1301
"Jul 21, 11:00 am",12.5144
"Jul 21, 12:00 pm",13.0071
"Jul 21, 01:00 pm",12.6114
"Jul 21, 02:00 pm",11.343
"Jul 21, 03:00 pm",9.24793
"Jul 21, 04:00 pm",6.31989
"Jul 21, 05:00 pm",2.8106
"Jul 21, 06:00 pm",0.569192
"Jul 21, 07:00 pm",-0
"Jul 21, 08:00 pm",0
"Jul 21, 09:00 pm",0
"Jul 21, 10:00 pm",0
"Jul 21, 11:00 pm",0
"Jul 22, 12:00 am",0
"Jul 22, 01:00 am",0
"Jul 22, 02:00 am",0
"Jul 22, 03:00 am",0
"Jul 22, 04:00 am",0
"Jul 22, 05:00 am",0
"Jul 22, 06:00 am",0.571401
"Jul 22, 07:00 am",1.96929
"Jul 22, 08:00 am",4.89485
"Jul 22, 09:00 am",5.90473
"Jul 22, 10:00 am",11.0644
"Jul 22, 11:00 am",12.3329
"Jul 22, 12:00 pm",12.8165
"Jul 22, 01:00 pm",12.4332
"Jul 22, 02:00 pm",11.2808
"Jul 22, 03:00 pm",9.13618
"Jul 22, 04:00 pm",5.98485
"Jul 22, 05:00 pm",2.18036
"Jul 22, 06:00 pm",0.761303
"Jul 22, 07:00 pm",-0
"Jul 22, 08:00 pm",0
"Jul 22, 09:00 pm",0
"Jul 22, 10:00 pm",0
"Jul 22, 11:00 pm",0
"Jul 23, 12:00 am",0
"Jul 23, 01:00 am",0
"Jul 23, 02:00 am",0
"Jul 23, 03:00 am",0
"Jul 23, 04:00 am",0
"Jul 23, 05:00 am",0
"Jul 23, 06:00 am",0.598512
"Jul 23, 07:00 am",2.36978
"Jul 23, 08:00 am",3.49405
"Jul 23, 09:00 am",8.82517
"Jul 23, 10:00 am",10.8557
"Jul 23, 11:00 am",12.1549
"Jul 23, 12:00 pm",12.4997
"Jul 23, 01:00 pm",12.3372
"Jul 23, 02:00 pm",11.1219
"Jul 23, 03:00 pm",9.19945
"Jul 23, 04:00 pm",6.3553
"Jul 23, 05:00 pm",2.84031
"Jul 23, 06:00 pm",0.570374
"Jul 23, 07:00 pm",-0
"Jul 23, 08:00 pm",0
"Jul 23, 09:00 pm",0
"Jul 23, 10:00 pm",0
"Jul 23, 11:00 pm",0
"Jul 24, 12:00 am",0
"Jul 24, 01:00 am",0
"Jul 24, 02:00 am",0
"Jul 24, 03:00 am",0
"Jul 24, 04:00 am",0
"Jul 24, 05:00 am",0
"Jul 24, 06:00 am",0.667357
"Jul 24, 07:00 am",2.39045
"Jul 24, 08:00 am",2.48472
"Jul 24, 09:00 am",0.246594
"Jul 24, 10:00 am",0.451163
"Jul 24, 11:00 am",6.70773
"Jul 24, 12:00 pm",9.27051
"Jul 24, 01:00 pm",12.0962
"Jul 24, 02:00 pm",7.83608
"Jul 24, 03:00 pm",7.22994
"Jul 24, 04:00 pm",5.7621
"Jul 24, 05:00 pm",2.93304
"Jul 24, 06:00 pm",0.608257
"Jul 24, 07:00 pm",-0
"Jul 24, 08:00 pm",0
"Jul 24, 09:00 pm",0
"Jul 24, 10:00 pm",0
"Jul 24, 11:00 pm",0
"Jul 25, 12:00 am",0
"Jul 25, 01:00 am",0
"Jul 25, 02:00 am",0
"Jul 25, 03:00 am",0
"Jul 25, 04:00 am",0
"Jul 25, 05:00 am",0
"Jul 25, 06:00 am",0.529324
"Jul 25, 07:00 am",2.44057
"Jul 25, 08:00 am",5.95801
"Jul 25, 09:00 am",8.98488
"Jul 25, 10:00 am",7.48594
"Jul 25, 11:00 am",11.7898
"Jul 25, 12:00 pm",12.7063
"Jul 25, 01:00 pm",12.3612
"Jul 25, 02:00 pm",11.1642
"Jul 25, 03:00 pm",3.64122
"Jul 25, 04:00 pm",6.3505
"Jul 25, 05:00 pm",2.81722
"Jul 25, 06:00 pm",0.557268
"Jul 25, 07:00 pm",-0
"Jul 25, 08:00 pm",0
"Jul 25, 09:00 pm",0
"Jul 25, 10:00 pm",0
"Jul 25, 11:00 pm",0
"Jul 26, 12:00 am",0
"Jul 26, 01:00 am",0
"Jul 26, 02:00 am",0
"Jul 26, 03:00 am",0
"Jul 26, 04:00 am",0
"Jul 26, 05:00 am",0
"Jul 26, 06:00 am",0.46858
"Jul 26, 07:00 am",2.36064
"Jul 26, 08:00 am",5.8892
"Jul 26, 09:00 am",8.78788
"Jul 26, 10:00 am",10.9188
"Jul 26, 11:00 am",12.3926
"Jul 26, 12:00 pm",13.0102
"Jul 26, 01:00 pm",12.7549
"Jul 26, 02:00 pm",11.5626
"Jul 26, 03:00 pm",9.49763
"Jul 26, 04:00 pm",6.57551
"Jul 26, 05:00 pm",2.85354
"Jul 26, 06:00 pm",0.538867
"Jul 26, 07:00 pm",-0
"Jul 26, 08:00 pm",0
"Jul 26, 09:00 pm",0
"Jul 26, 10:00 pm",0
"Jul 26, 11:00 pm",0
"Jul 27, 12:00 am",0
"Jul 27, 01:00 am",0
"Jul 27, 02:00 am",0
"Jul 27, 03:00 am",0
"Jul 27, 04:00 am",0
"Jul 27, 05:00 am",0
"Jul 27, 06:00 am",0.450288
"Jul 27, 07:00 am",2.3376
"Jul 27, 08:00 am",5.95289
"Jul 27, 09:00 am",8.9074
"Jul 27, 10:00 am",10.9607
"Jul 27, 11:00 am",12.2538
"Jul 27, 12:00 pm",12.7633
"Jul 27, 01:00 pm",12.4537
"Jul 27, 02:00 pm",11.2413
"Jul 27, 03:00 pm",9.29391
"Jul 27, 04:00 pm",5.67233
"Jul 27, 05:00 pm",0.871992
"Jul 27, 06:00 pm",0.273221
"Jul 27, 07:00 pm",-0
"Jul 27, 08:00 pm",0
"Jul 27, 09:00 pm",0
"Jul 27, 10:00 pm",0
"Jul 27, 11:00 pm",0
"Jul 28, 12:00 am",0
"Jul 28, 01:00 am",0
"Jul 28, 02:00 am",0
"Jul 28, 03:00 am",0
"Jul 28, 04:00 am",0
"Jul 28, 05:00 am",0
"Jul 28, 06:00 am",0.593723
"Jul 28, 07:00 am",2.03736
"Jul 28, 08:00 am",0.323627
"Jul 28, 09:00 am",6.64022
"Jul 28, 10:00 am",4.03375
"Jul 28, 11:00 am",12.2399
"Jul 28, 12:00 pm",13.2326
"Jul 28, 01:00 pm",13.1851
"Jul 28, 02:00 pm",12.0423
"Jul 28, 03:00 pm",9.77832
"Jul 28, 04:00 pm",6.69472
"Jul 28, 05:00 pm",2.92784
"Jul 28, 06:00 pm",0.563017
"Jul 28, 07:00 pm",-0
"Jul 28, 08:00 pm",0
"Jul 28, 09:00 pm",0
"Jul 28, 10:00 pm",0
"Jul 28, 11:00 pm",0
"Jul 29, 12:00 am",0
"Jul 29, 01:00 am",0
"Jul 29, 02:00 am",0
"Jul 29, 03:00 am",0
"Jul 29, 04:00 am",0
"Jul 29, 05:00 am",0
"Jul 29, 06:00 am",0.550956
"Jul 29, 07:00 am",2.26553
"Jul 29, 08:00 am",4.87978
"Jul 29, 09:00 am",7.14863
"Jul 29, 10:00 am",9.80399
"Jul 29, 11:00 am",12.297
"Jul 29, 12:00 pm",12.7695
"Jul 29, 01:00 pm",3.95251
"Jul 29, 02:00 pm",6.06339
"Jul 29, 03:00 pm",8.79185
"Jul 29, 04:00 pm",4.60181
"Jul 29, 05:00 pm",2.17018
"Jul 29, 06:00 pm",0.710333
"Jul 29, 07:00 pm",0
"Jul 29, 08:00 pm",0
"Jul 29, 09:00 pm",0
"Jul 29, 10:00 pm",0
"Jul 29, 11:00 pm",0
"Jul 30, 12:00 am",0
"Jul 30, 01:00 am",0
"Jul 30, 02:00 am",0
"Jul 30, 03:00 am",0
"Jul 30, 04:00 am",0
"Jul 30, 05:00 am",0
"Jul 30, 06:00 am",0.528694
"Jul 30, 07:00 am",1.77834
"Jul 30, 08:00 am",3.6432
"Jul 30, 09:00 am",7.64705
"Jul 30, 10:00 am",9.86985
"Jul 30, 11:00 am",11.4205
"Jul 30, 12:00 pm",9.73916
"Jul 30, 01:00 pm",12.159
"Jul 30, 02:00 pm",10.9049
"Jul 30, 03:00 pm",8.98617
"Jul 30, 04:00 pm",6.25404
"Jul 30, 05:00 pm",1.68597
"Jul 30, 06:00 pm",0.590758
"Jul 30, 07:00 pm",0
"Jul 30, 08:00 pm",0
"Jul 30, 09:00 pm",0
"Jul 30, 10:00 pm",0
"Jul 30, 11:00 pm",0
"Jul 31, 12:00 am",0
"Jul 31, 01:00 am",0
"Jul 31, 02:00 am",0
"Jul 31, 03:00 am",0
"Jul 31, 04:00 am",0
"Jul 31, 05:00 am",0
"Jul 31, 06:00 am",0.517224
"Jul 31, 07:00 am",2.28872
"Jul 31, 08:00 am",5.93394
"Jul 31, 09:00 am",7.46119
"Jul 31, 10:00 am",8.8239
"Jul 31, 11:00 am",12.2167
"Jul 31, 12:00 pm",12.693
"Jul 31, 01:00 pm",12.2871
"Jul 31, 02:00 pm",10.9303
"Jul 31, 03:00 pm",8.92769
"Jul 31, 04:00 pm",6.29268
"Jul 31, 05:00 pm",2.86985
"Jul 31, 06:00 pm",0.684517
"Jul 31, 07:00 pm",0
"Jul 31, 08:00 pm",0
"Jul 31, 09:00 pm",0
"Jul 31, 10:00 pm",0
"Jul 31, 11:00 pm",0
"Aug 1, 12:00 am",0
"Aug 1, 01:00 am",0
"Aug 1, 02:00 am",0
"Aug 1, 03:00 am",0
"Aug 1, 04:00 am",0
"Aug 1, 05:00 am",0
"Aug 1, 06:00 am",0.507265
"Aug 1, 07:00 am",2.49277
"Aug 1, 08:00 am",6.0645
"Aug 1, 09:00 am",9.07535
"Aug 1, 10:00 am",11.2115
"Aug 1, 11:00 am",12.5129
"Aug 1, 12:00 pm",12.9666
"Aug 1, 01:00 pm",12.5626
"Aug 1, 02:00 pm",11.4256
"Aug 1, 03:00 pm",9.45145
"Aug 1, 04:00 pm",6.64259
"Aug 1, 05:00 pm",1.44581
"Aug 1, 06:00 pm",0.477748
"Aug 1, 07:00 pm",0
"Aug 1, 08:00 pm",0
"Aug 1, 09:00 pm",0
"Aug 1, 10:00 pm",0
"Aug 1, 11:00 pm",0
"Aug 2, 12:00 am",0
"Aug 2, 01:00 am",0
"Aug 2, 02:00 am",0
"Aug 2, 03:00 am",0
"Aug 2, 04:00 am",0
"Aug 2, 05:00 am",0
"Aug 2, 06:00 am",0.457029
"Aug 2, 07:00 am",0.832262
"Aug 2, 08:00 am",6.29914
"Aug 2, 09:00 am",9.31923
"Aug 2, 10:00 am",11.2081
"Aug 2, 11:00 am",12.1735
"Aug 2, 12:00 pm",12.6877
"Aug 2, 01:00 pm",12.6552
"Aug 2, 02:00 pm",11.6178
"Aug 2, 03:00 pm",9.63398
"Aug 2, 04:00 pm",6.73687
"Aug 2, 05:00 pm",2.94166
"Aug 2, 06:00 pm",0.404633
"Aug 2, 07:00 pm",0
"Aug 2, 08:00 pm",0
"Aug 2, 09:00 pm",0
"Aug 2, 10:00 pm",0
"Aug 2, 11:00 pm",0
"Aug 3, 12:00 am",0
"Aug 3, 01:00 am",0
"Aug 3, 02:00 am",0
"Aug 3, 03:00 am",0
"Aug 3, 04:00 am",0
"Aug 3, 05:00 am",0
"Aug 3, 06:00 am",0.407771
"Aug 3, 07:00 am",2.42888
"Aug 3, 08:00 am",6.09747
"Aug 3, 09:00 am",9.08555
"Aug 3, 10:00 am",11.2804
"Aug 3, 11:00 am",12.6151
"Aug 3, 12:00 pm",12.4457
"Aug 3, 01:00 pm",11.1428
"Aug 3, 02:00 pm",9.74694
"Aug 3, 03:00 pm",8.58472
"Aug 3, 04:00 pm",5.15871
"Aug 3, 05:00 pm",2.52335
"Aug 3, 06:00 pm",0.36748
"Aug 3, 07:00 pm",0
"Aug 3, 08:00 pm",0
"Aug 3, 09:00 pm",0
"Aug 3, 10:00 pm",0
"Aug 3, 11:00 pm",0
"Aug 4, 12:00 am",0
"Aug 4, 01:00 am",0
"Aug 4, 02:00 am",0
"Aug 4, 03:00 am",0
"Aug 4, 04:00 am",0
"Aug 4, 05:00 am",0
"Aug 4, 06:00 am",0.218373
"Aug 4, 07:00 am",1.30531
"Aug 4, 08:00 am",3.90503
"Aug 4, 09:00 am",1.75296
"Aug 4, 10:00 am",1.16855
"Aug 4, 11:00 am",2.03682
"Aug 4, 12:00 pm",7.51817
"Aug 4, 01:00 pm",9.66475
"Aug 4, 02:00 pm",12.1509
"Aug 4, 03:00 pm",9.91436
"Aug 4, 04:00 pm",6.83676
"Aug 4, 05:00 pm",2.92324
"Aug 4, 06:00 pm",0.432189
"Aug 4, 07:00 pm",0
"Aug 4, 08:00 pm",0
"Aug 4, 09:00 pm",0
"Aug 4, 10:00 pm",0
"Aug 4, 11:00 pm",0
"Aug 5, 12:00 am",0
"Aug 5, 01:00 am",0
"Aug 5, 02:00 am",0
"Aug 5, 03:00 am",0
"Aug 5, 04:00 am",0
"Aug 5, 05:00 am",0
"Aug 5, 06:00 am",0.43787
"Aug 5, 07:00 am",2.4945
"Aug 5, 08:00 am",6.27618
"Aug 5, 09:00 am",9.29851
"Aug 5, 10:00 am",11.5782
"Aug 5, 11:00 am",13.0317
"Aug 5, 12:00 pm",13.6196
"Aug 5, 01:00 pm",13.3603
"Aug 5, 02:00 pm",12.1331
"Aug 5, 03:00 pm",10.0343
"Aug 5, 04:00 pm",6.98386
"Aug 5, 05:00 pm",3.02499
"Aug 5, 06:00 pm",0.397431
"Aug 5, 07:00 pm",0
"Aug 5, 08:00 pm",0
"Aug 5, 09:00 pm",0
"Aug 5, 10:00 pm",0
"Aug 5, 11:00 pm",0
"Aug 6, 12:00 am",0
"Aug 6, 01:00 am",0
"Aug 6, 02:00 am",0
"Aug 6, 03:00 am",0
"Aug 6, 04:00 am",0
"Aug 6, 05:00 am",0
"Aug 6, 06:00 am",0.388883
"Aug 6, 07:00 am",2.51087
"Aug 6, 08:00 am",6.38481
"Aug 6, 09:00 am",9.36449
"Aug 6, 10:00 am",11.0615
"Aug 6, 11:00 am",12.128
"Aug 6, 12:00 pm",12.8033
"Aug 6, 01:00 pm",12.6137
"Aug 6, 02:00 pm",11.3938
"Aug 6, 03:00 pm",9.47258
"Aug 6, 04:00 pm",6.64264
"Aug 6, 05:00 pm",2.88643
"Aug 6, 06:00 pm",0.427797
"Aug 6, 07:00 pm",0
"Aug 6, 08:00 pm",0
"Aug 6, 09:00 pm",0
"Aug 6, 10:00 pm",0
"Aug 6, 11:00 pm",0
"Aug 7, 12:00 am",0
"Aug 7, 01:00 am",0
"Aug 7, 02:00 am",0
"Aug 7, 03:00 am",0
"Aug 7, 04:00 am",0
"Aug 7, 05:00 am",0
"Aug 7, 06:00 am",0.40691
"Aug 7, 07:00 am",2.46971
"Aug 7, 08:00 am",6.26446
"Aug 7, 09:00 am",9.33027
"Aug 7, 10:00 am",11.1446
"Aug 7, 11:00 am",12.0774
"Aug 7, 12:00 pm",12.8414
"Aug 7, 01:00 pm",12.6579
"Aug 7, 02:00 pm",11.5776
"Aug 7, 03:00 pm",9.54762
"Aug 7, 04:00 pm",5.53787
"Aug 7, 05:00 pm",2.46888
"Aug 7, 06:00 pm",0.600405
"Aug 7, 07:00 pm",0
"Aug 7, 08:00 pm",0
"Aug 7, 09:00 pm",0
"Aug 7, 10:00 pm",0
"Aug 7, 11:00 pm",0
"Aug 8, 12:00 am",0
"Aug 8, 01:00 am",0
"Aug 8, 02:00 am",0
"Aug 8, 03:00 am",0
"Aug 8, 04:00 am",0
"Aug 8, 05:00 am",0
"Aug 8, 06:00 am",0.40327
"Aug 8, 07:00 am",2.37122
"Aug 8, 08:00 am",5.25179
"Aug 8, 09:00 am",8.92921
"Aug 8, 10:00 am",10.8294
"Aug 8, 11:00 am",11.9983
"Aug 8, 12:00 pm",12.7182
"Aug 8, 01:00 pm",12.6066
"Aug 8, 02:00 pm",11.5839
"Aug 8, 03:00 pm",9.48872
"Aug 8, 04:00 pm",6.53073
"Aug 8, 05:00 pm",2.72595
"Aug 8, 06:00 pm",0.46308
"Aug 8, 07:00 pm",0
"Aug 8, 08:00 pm",0
"Aug 8, 09:00 pm",0
"Aug 8, 10:00 pm",0
"Aug 8, 11:00 pm",0
"Aug 9, 12:00 am",0
"Aug 9, 01:00 am",0
"Aug 9, 02:00 am",0
"Aug 9, 03:00 am",0
"Aug 9, 04:00 am",0
"Aug 9, 05:00 am",0
"Aug 9, 06:00 am",0.266271
"Aug 9, 07:00 am",1.49181
"Aug 9, 08:00 am",4.88949
"Aug 9, 09:00 am",7.55621
"Aug 9, 10:00 am",9.28183
"Aug 9, 11:00 am",10.2068
"Aug 9, 12:00 pm",12.1961
"Aug 9, 01:00 pm",10.3541
"Aug 9, 02:00 pm",10.5953
"Aug 9, 03:00 pm",8.89903
"Aug 9, 04:00 pm",6.11071
"Aug 9, 05:00 pm",2.7984
"Aug 9, 06:00 pm",0.549919
"Aug 9, 07:00 pm",0
"Aug 9, 08:00 pm",0
"Aug 9, 09:00 pm",0
"Aug 9, 10:00 pm",0
"Aug 9, 11:00 pm",0
"Aug 10, 12:00 am",0
"Aug 10, 01:00 am",0
"Aug 10, 02:00 am",0
"Aug 10, 03:00 am",0
"Aug 10, 04:00 am",0
"Aug 10, 05:00 am",0
"Aug 10, 06:00 am",0.443966
"Aug 10, 07:00 am",1.31021
"Aug 10, 08:00 am",2.68586
"Aug 10, 09:00 am",4.45358
"Aug 10, 10:00 am",9.63133
"Aug 10, 11:00 am",12.6753
"Aug 10, 12:00 pm",13.0928
"Aug 10, 01:00 pm",12.6505
"Aug 10, 02:00 pm",11.2724
"Aug 10, 03:00 pm",9.27439
"Aug 10, 04:00 pm",6.41708
"Aug 10, 05:00 pm",2.8658
"Aug 10, 06:00 pm",0.419401
"Aug 10, 07:00 pm",0
"Aug 10, 08:00 pm",0
"Aug 10, 09:00 pm",0
"Aug 10, 10:00 pm",0
"Aug 10, 11:00 pm",0
"Aug 11, 12:00 am",0
"Aug 11, 01:00 am",0
"Aug 11, 02:00 am",0
"Aug 11, 03:00 am",0
"Aug 11, 04:00 am",0
"Aug 11, 05:00 am",0
"Aug 11, 06:00 am",0.376607
"Aug 11, 07:00 am",2.5275
"Aug 11, 08:00 am",6.2219
"Aug 11, 09:00 am",9.08448
"Aug 11, 10:00 am",10.3367
"Aug 11, 11:00 am",12.5802
"Aug 11, 12:00 pm",13.2557
"Aug 11, 01:00 pm",6.94856
"Aug 11, 02:00 pm",11.839
"Aug 11, 03:00 pm",9.77218
"Aug 11, 04:00 pm",6.1849
"Aug 11, 05:00 pm",2.90479
"Aug 11, 06:00 pm",0.483203
"Aug 11, 07:00 pm",0
"Aug 11, 08:00 pm",0
"Aug 11, 09:00 pm",0
"Aug 11, 10:00 pm",0
"Aug 11, 11:00 pm",0
"Aug 12, 12:00 am",0
"Aug 12, 01:00 am",0
"Aug 12, 02:00 am",0
"Aug 12, 03:00 am",0
"Aug 12, 04:00 am",0
"Aug 12, 05:00 am",0
"Aug 12, 06:00 am",0.426636
"Aug 12, 07:00 am",2.41396
"Aug 12, 08:00 am",5.57605
"Aug 12, 09:00 am",7.91169
"Aug 12, 10:00 am",10.2752
"Aug 12, 11:00 am",12.5922
"Aug 12, 12:00 pm",12.5028
"Aug 12, 01:00 pm",13.0022
"Aug 12, 02:00 pm",11.8323
"Aug 12, 03:00 pm",9.81373
"Aug 12, 04:00 pm",6.75484
"Aug 12, 05:00 pm",2.77036
"Aug 12, 06:00 pm",0.507655
"Aug 12, 07:00 pm",0
"Aug 12, 08:00 pm",0
"Aug 12, 09:00 pm",0
"Aug 12, 10:00 pm",0
"Aug 12, 11:00 pm",0
"Aug 13, 12:00 am",0
"Aug 13, 01:00 am",0
"Aug 13, 02:00 am",0
"Aug 13, 03:00 am",0
"Aug 13, 04:00 am",0
"Aug 13, 05:00 am",0
"Aug 13, 06:00 am",0.395763
"Aug 13, 07:00 am",2.45483
"Aug 13, 08:00 am",5.77025
"Aug 13, 09:00 am",7.30429
"Aug 13, 10:00 am",10.3524
"Aug 13, 11:00 am",12.73
"Aug 13, 12:00 pm",13.3783
"Aug 13, 01:00 pm",13.1615
"Aug 13, 02:00 pm",10.9353
"Aug 13, 03:00 pm",9.77656
"Aug 13, 04:00 pm",6.19811
"Aug 13, 05:00 pm",2.90527
"Aug 13, 06:00 pm",0.51495
"Aug 13, 07:00 pm",0
"Aug 13, 08:00 pm",0
"Aug 13, 09:00 pm",0
"Aug 13, 10:00 pm",0
"Aug 13, 11:00 pm",0
"Aug 14, 12:00 am",0
"Aug 14, 01:00 am",0
"Aug 14, 02:00 am",0
"Aug 14, 03:00 am",0
"Aug 14, 04:00 am",0
"Aug 14, 05:00 am",0
"Aug 14, 06:00 am",0.429534
"Aug 14, 07:00 am",2.59195
"Aug 14, 08:00 am",6.26548
"Aug 14, 09:00 am",9.20868
"Aug 14, 10:00 am",11.074
"Aug 14, 11:00 am",12.2056
"Aug 14, 12:00 pm",12.8728
"Aug 14, 01:00 pm",12.7409
"Aug 14, 02:00 pm",11.5689
"Aug 14, 03:00 pm",9.51896
"Aug 14, 04:00 pm",6.03571
"Aug 14, 05:00 pm",2.69059
"Aug 14, 06:00 pm",0.112401
"Aug 14, 07:00 pm",0
"Aug 14, 08:00 pm",0
"Aug 14, 09:00 pm",0
"Aug 14, 10:00 pm",0
"Aug 14, 11:00 pm",0
"Aug 15, 12:00 am",0
"Aug 15, 01:00 am",0
"Aug 15, 02:00 am",0
"Aug 15, 03:00 am",0
"Aug 15, 04:00 am",0
"Aug 15, 05:00 am",0
"Aug 15, 06:00 am",0.279037
"Aug 15, 07:00 am",1.5758
"Aug 15, 08:00 am",5.75732
"Aug 15, 09:00 am",7.74371
"Aug 15, 10:00 am",4.66334
"Aug 15, 11:00 am",7.29038
"Aug 15, 12:00 pm",8.53611
"Aug 15, 01:00 pm",9.4388
"Aug 15, 02:00 pm",8.90118
"Aug 15, 03:00 pm",9.54987
"Aug 15, 04:00 pm",6.62002
"Aug 15, 05:00 pm",2.67938
"Aug 15, 06:00 pm",0.427148
"Aug 15, 07:00 pm",0
"Aug 15, 08:00 pm",0
"Aug 15, 09:00 pm",0
"Aug 15, 10:00 pm",0
"Aug 15, 11:00 pm",0
"Aug 16, 12:00 am",0
"Aug 16, 01:00 am",0
"Aug 16, 02:00 am",0
"Aug 16, 03:00 am",0
"Aug 16, 04:00 am",0
"Aug 16, 05:00 am",0
"Aug 16, 06:00 am",0.389672
"Aug 16, 07:00 am",2.05543
"Aug 16, 08:00 am",4.54054
"Aug 16, 09:00 am",7.50754
"Aug 16, 10:00 am",11.4531
"Aug 16, 11:00 am",12.8794
"Aug 16, 12:00 pm",12.2197
"Aug 16, 01:00 pm",13.1701
"Aug 16, 02:00 pm",12.0746
"Aug 16, 03:00 pm",9.11374
"Aug 16, 04:00 pm",6.32768
"Aug 16, 05:00 pm",2.82948
"Aug 16, 06:00 pm",0.358197
"Aug 16, 07:00 pm",0
"Aug 16, 08:00 pm",0
"Aug 16, 09:00 pm",0
"Aug 16, 10:00 pm",0
"Aug 16, 11:00 pm",0
"Aug 17, 12:00 am",0
"Aug 17, 01:00 am",0
"Aug 17, 02:00 am",0
"Aug 17, 03:00 am",0
"Aug 17, 04:00 am",0
"Aug 17, 05:00 am",0
"Aug 17, 06:00 am",0.339305
"Aug 17, 07:00 am",2.63978
"Aug 17, 08:00 am",6.52495
"Aug 17, 09:00 am",9.37237
"Aug 17, 10:00 am",11.2861
"Aug 17, 11:00 am",12.6205
"Aug 17, 12:00 pm",13.1993
"Aug 17, 01:00 pm",12.8834
"Aug 17, 02:00 pm",11.7678
"Aug 17, 03:00 pm",9.74834
"Aug 17, 04:00 pm",6.8217
"Aug 17, 05:00 pm",2.88088
"Aug 17, 06:00 pm",0.340183
"Aug 17, 07:00 pm",0
"Aug 17, 08:00 pm",0
"Aug 17, 09:00 pm",0
"Aug 17, 10:00 pm",0
"Aug 17, 11:00 pm",0
"Aug 18, 12:00 am",0
"Aug 18, 01:00 am",0
"Aug 18, 02:00 am",0
"Aug 18, 03:00 am",0
"Aug 18, 04:00 am",0
"Aug 18, 05:00 am",0
"Aug 18, 06:00 am",0.318609
"Aug 18, 07:00 am",2.49403
"Aug 18, 08:00 am",6.71091
"Aug 18, 09:00 am",9.77139
"Aug 18, 10:00 am",11.876
"Aug 18, 11:00 am",12.9625
"Aug 18, 12:00 pm",13.1633
"Aug 18, 01:00 pm",12.634
"Aug 18, 02:00 pm",11.4392
"Aug 18, 03:00 pm",9.48335
"Aug 18, 04:00 pm",6.63247
"Aug 18, 05:00 pm",2.83315
"Aug 18, 06:00 pm",0.349489
"Aug 18, 07:00 pm",0
"Aug 18, 08:00 pm",0
"Aug 18, 09:00 pm",0
"Aug 18, 10:00 pm",0
"Aug 18, 11:00 pm",0
"Aug 19, 12:00 am",0
"Aug 19, 01:00 am",0
"Aug 19, 02:00 am",0
"Aug 19, 03:00 am",0
"Aug 19, 04:00 am",0
"Aug 19, 05:00 am",0
"Aug 19, 06:00 am",0.336206
"Aug 19, 07:00 am",2.4346
"Aug 19, 08:00 am",6.71836
"Aug 19, 09:00 am",9.8525
"Aug 19, 10:00 am",12.0011
"Aug 19, 11:00 am",13.1325
"Aug 19, 12:00 pm",13.3244
"Aug 19, 01:00 pm",12.6816
"Aug 19, 02:00 pm",11.288
"Aug 19, 03:00 pm",9.38633
"Aug 19, 04:00 pm",6.64992
"Aug 19, 05:00 pm",2.87505
"Aug 19, 06:00 pm",0.348836
"Aug 19, 07:00 pm",0
"Aug 19, 08:00 pm",0
"Aug 19, 09:00 pm",0
"Aug 19, 10:00 pm",0
"Aug 19, 11:00 pm",0
"Aug 20, 12:00 am",0
"Aug 20, 01:00 am",0
"Aug 20, 02:00 am",0
"Aug 20, 03:00 am",0
"Aug 20, 04:00 am",0
"Aug 20, 05:00 am",0
"Aug 20, 06:00 am",0.315805
"Aug 20, 07:00 am",2.71471
"Aug 20, 08:00 am",6.59065
"Aug 20, 09:00 am",9.6607
"Aug 20, 10:00 am",11.4355
"Aug 20, 11:00 am",11.6286
"Aug 20, 12:00 pm",12.206
"Aug 20, 01:00 pm",11.6914
"Aug 20, 02:00 pm",10.2693
"Aug 20, 03:00 pm",7.55012
"Aug 20, 04:00 pm",5.09487
"Aug 20, 05:00 pm",2.77607
"Aug 20, 06:00 pm",0.364469
"Aug 20, 07:00 pm",0
"Aug 20, 08:00 pm",0
"Aug 20, 09:00 pm",0
"Aug 20, 10:00 pm",0
"Aug 20, 11:00 pm",0
"Aug 21, 12:00 am",0
"Aug 21, 01:00 am",0
"Aug 21, 02:00 am",0
"Aug 21, 03:00 am",0
"Aug 21, 04:00 am",0
"Aug 21, 05:00 am",0
"Aug 21, 06:00 am",0.310643
"Aug 21, 07:00 am",2.67857
"Aug 21, 08:00 am",6.38916
"Aug 21, 09:00 am",9.24734
"Aug 21, 10:00 am",11.3749
"Aug 21, 11:00 am",12.6478
"Aug 21, 12:00 pm",13.0982
"Aug 21, 01:00 pm",12.8396
"Aug 21, 02:00 pm",11.7723
"Aug 21, 03:00 pm",8.82742
"Aug 21, 04:00 pm",5.37924
"Aug 21, 05:00 pm",1.15723
"Aug 21, 06:00 pm",0.289021
"Aug 21, 07:00 pm",0
"Aug 21, 08:00 pm",0
"Aug 21, 09:00 pm",0
"Aug 21, 10:00 pm",0
"Aug 21, 11:00 pm",0
"Aug 22, 12:00 am",0
"Aug 22, 01:00 am",0
"Aug 22, 02:00 am",0
"Aug 22, 03:00 am",0
"Aug 22, 04:00 am",0
"Aug 22, 05:00 am",0
"Aug 22, 06:00 am",0.331682
"Aug 22, 07:00 am",1.1188
"Aug 22, 08:00 am",0.907775
"Aug 22, 09:00 am",2.35654
"Aug 22, 10:00 am",9.67057
"Aug 22, 11:00 am",3.56972
"Aug 22, 12:00 pm",7.65121
"Aug 22, 01:00 pm",4.73368
"Aug 22, 02:00 pm",4.80826
"Aug 22, 03:00 pm",9.97964
"Aug 22, 04:00 pm",6.75394
"Aug 22, 05:00 pm",2.79926
"Aug 22, 06:00 pm",0.330717
"Aug 22, 07:00 pm",0
"Aug 22, 08:00 pm",0
"Aug 22, 09:00 pm",0
"Aug 22, 10:00 pm",0
"Aug 22, 11:00 pm",0
"Aug 23, 12:00 am",0
"Aug 23, 01:00 am",0
"Aug 23, 02:00 am",0
"Aug 23, 03:00 am",0
"Aug 23, 04:00 am",0
"Aug 23, 05:00 am",0
"Aug 23, 06:00 am",0.279454
"Aug 23, 07:00 am",2.70817
"Aug 23, 08:00 am",6.54852
"Aug 23, 09:00 am",9.60678
"Aug 23, 10:00 am",11.65
"Aug 23, 11:00 am",12.9042
"Aug 23, 12:00 pm",13.3026
"Aug 23, 01:00 pm",12.8926
"Aug 23, 02:00 pm",11.5388
"Aug 23, 03:00 pm",9.42091
"Aug 23, 04:00 pm",5.80244
"Aug 23, 05:00 pm",2.5388
"Aug 23, 06:00 pm",0.289307
"Aug 23, 07:00 pm",0
"Aug 23, 08:00 pm",0
"Aug 23, 09:00 pm",0
"Aug 23, 10:00 pm",0
"Aug 23, 11:00 pm",0
"Aug 24, 12:00 am",0
"Aug 24, 01:00 am",0
"Aug 24, 02:00 am",0
"Aug 24, 03:00 am",0
"Aug 24, 04:00 am",0
"Aug 24, 05:00 am",0
"Aug 24, 06:00 am",-0
"Aug 24, 07:00 am",1.27081
"Aug 24, 08:00 am",0.640204
"Aug 24, 09:00 am",2.0504
"Aug 24, 10:00 am",7.86077
"Aug 24, 11:00 am",10.4505
"Aug 24, 12:00 pm",11.6772
"Aug 24, 01:00 pm",11.3937
"Aug 24, 02:00 pm",10.4834
"Aug 24, 03:00 pm",9.57961
"Aug 24, 04:00 pm",6.59157
"Aug 24, 05:00 pm",2.7546
"Aug 24, 06:00 pm",0.293577
"Aug 24, 07:00 pm",0
"Aug 24, 08:00 pm",0
"Aug 24, 09:00 pm",0
"Aug 24, 10:00 pm",0
"Aug 24, 11:00 pm",0
"Aug 25, 12:00 am",0
"Aug 25, 01:00 am",0
"Aug 25, 02:00 am",0
"Aug 25, 03:00 am",0
"Aug 25, 04:00 am",0
"Aug 25, 05:00 am",0
"Aug 25, 06:00 am",-0
"Aug 25, 07:00 am",0.529924
"Aug 25, 08:00 am",2.57311
"Aug 25, 09:00 am",6.91943
"Aug 25, 10:00 am",6.37671
"Aug 25, 11:00 am",7.33119
"Aug 25, 12:00 pm",13.1445
"Aug 25, 01:00 pm",12.911
"Aug 25, 02:00 pm",11.8151
"Aug 25, 03:00 pm",9.78125
"Aug 25, 04:00 pm",6.64723
"Aug 25, 05:00 pm",1.31003
"Aug 25, 06:00 pm",0.288688
"Aug 25, 07:00 pm",0
"Aug 25, 08:00 pm",0
"Aug 25, 09:00 pm",0
"Aug 25, 10:00 pm",0
"Aug 25, 11:00 pm",0
"Aug 26, 12:00 am",0
"Aug 26, 01:00 am",0
"Aug 26, 02:00 am",0
"Aug 26, 03:00 am",0
"Aug 26, 04:00 am",0
"Aug 26, 05:00 am",0
"Aug 26, 06:00 am",0.298973
"Aug 26, 07:00 am",2.83509
"Aug 26, 08:00 am",6.75219
"Aug 26, 09:00 am",9.73325
"Aug 26, 10:00 am",11.5599
"Aug 26, 11:00 am",12.5366
"Aug 26, 12:00 pm",13.1271
"Aug 26, 01:00 pm",12.9407
"Aug 26, 02:00 pm",11.78
"Aug 26, 03:00 pm",9.63077
"Aug 26, 04:00 pm",6.59643
"Aug 26, 05:00 pm",2.75322
"Aug 26, 06:00 pm",0.271816
"Aug 26, 07:00 pm",0
"Aug 26, 08:00 pm",0
"Aug 26, 09:00 pm",0
"Aug 26, 10:00 pm",0
"Aug 26, 11:00 pm",0
"Aug 27, 12:00 am",0
"Aug 27, 01:00 am",0
"Aug 27, 02:00 am",0
"Aug 27, 03:00 am",0
"Aug 27, 04:00 am",0
"Aug 27, 05:00 am",0
"Aug 27, 06:00 am",0.258713
"Aug 27, 07:00 am",2.95453
"Aug 27, 08:00 am",7.15133
"Aug 27, 09:00 am",10.261
"Aug 27, 10:00 am",12.358
"Aug 27, 11:00 am",13.4866
"Aug 27, 12:00 pm",13.695
"Aug 27, 01:00 pm",13.2914
"Aug 27, 02:00 pm",12.153
"Aug 27, 03:00 pm",10.0819
"Aug 27, 04:00 pm",6.99204
"Aug 27, 05:00 pm",2.84909
"Aug 27, 06:00 pm",0.22226
"Aug 27, 07:00 pm",0
"Aug 27, 08:00 pm",0
"Aug 27, 09:00 pm",0
"Aug 27, 10:00 pm",0
"Aug 27, 11:00 pm",0
"Aug 28, 12:00 am",0
"Aug 28, 01:00 am",0
"Aug 28, 02:00 am",0
"Aug 28, 03:00 am",0
"Aug 28, 04:00 am",0
"Aug 28, 05:00 am",0
"Aug 28, 06:00 am",0.251506
"Aug 28, 07:00 am",3.05803
"Aug 28, 08:00 am",7.24719
"Aug 28, 09:00 am",10.1458
"Aug 28, 10:00 am",11.991
"Aug 28, 11:00 am",12.9424
"Aug 28, 12:00 pm",13.2525
"Aug 28, 01:00 pm",12.853
"Aug 28, 02:00 pm",11.7778
"Aug 28, 03:00 pm",9.81478
"Aug 28, 04:00 pm",6.87505
"Aug 28, 05:00 pm",2.80155
"Aug 28, 06:00 pm",0.204748
"Aug 28, 07:00 pm",0
"Aug 28, 08:00 pm",0
"Aug 28, 09:00 pm",0
"Aug 28, 10:00 pm",0
"Aug 28, 11:00 pm",0
"Aug 29, 12:00 am",0
"Aug 29, 01:00 am",0
"Aug 29, 02:00 am",0
"Aug 29, 03:00 am",0
"Aug 29, 04:00 am",0
"Aug 29, 05:00 am",0
"Aug 29, 06:00 am",0.255228
"Aug 29, 07:00 am",2.92288
"Aug 29, 08:00 am",7.01805
"Aug 29, 09:00 am",10.2868
"Aug 29, 10:00 am",12.5288
"Aug 29, 11:00 am",14.0613
"Aug 29, 12:00 pm",14.5091
"Aug 29, 01:00 pm",14.0838
"Aug 29, 02:00 pm",12.5457
"Aug 29, 03:00 pm",10.2608
"Aug 29, 04:00 pm",6.91216
"Aug 29, 05:00 pm",2.74092
"Aug 29, 06:00 pm",0.183691
"Aug 29, 07:00 pm",0
"Aug 29, 08:00 pm",0
"Aug 29, 09:00 pm",0
"Aug 29, 10:00 pm",0
"Aug 29, 11:00 pm",0
"Aug 30, 12:00 am",0
"Aug 30, 01:00 am",0
"Aug 30, 02:00 am",0
"Aug 30, 03:00 am",0
"Aug 30, 04:00 am",0
"Aug 30, 05:00 am",0
"Aug 30, 06:00 am",0.242508
"Aug 30, 07:00 am",2.83221
"Aug 30, 08:00 am",6.72896
"Aug 30, 09:00 am",9.84963
"Aug 30, 10:00 am",12.1604
"Aug 30, 11:00 am",13.4717
"Aug 30, 12:00 pm",13.9984
"Aug 30, 01:00 pm",13.556
"Aug 30, 02:00 pm",12.274
"Aug 30, 03:00 pm",9.87519
"Aug 30, 04:00 pm",4.23817
"Aug 30, 05:00 pm",0.704894
"Aug 30, 06:00 pm",0.16808
"Aug 30, 07:00 pm",0
"Aug 30, 08:00 pm",0
"Aug 30, 09:00 pm",0
"Aug 30, 10:00 pm",0
"Aug 30, 11:00 pm",0
"Aug 31, 12:00 am",0
"Aug 31, 01:00 am",0
"Aug 31, 02:00 am",0
"Aug 31, 03:00 am",0
"Aug 31, 04:00 am",0
"Aug 31, 05:00 am",0
"Aug 31, 06:00 am",0.238622
"Aug 31, 07:00 am",2.74626
"Aug 31, 08:00 am",6.59327
"Aug 31, 09:00 am",9.63798
"Aug 31, 10:00 am",11.7652
"Aug 31, 11:00 am",12.9877
"Aug 31, 12:00 pm",13.3651
"Aug 31, 01:00 pm",12.898
"Aug 31, 02:00 pm",11.654
"Aug 31, 03:00 pm",9.48476
"Aug 31, 04:00 pm",3.3488
"Aug 31, 05:00 pm",2.61711
"Aug 31, 06:00 pm",0.145157
"Aug 31, 07:00 pm",0
"Aug 31, 08:00 pm",0
"Aug 31, 09:00 pm",0
"Aug 31, 10:00 pm",0
"Aug 31, 11:00 pm",0
"Sep 1, 12:00 am",0
"Sep 1, 01:00 am",0
"Sep 1, 02:00 am",0
"Sep 1, 03:00 am",0
"Sep 1, 04:00 am",0
"Sep 1, 05:00 am",0
"Sep 1, 06:00 am",0.22087
"Sep 1, 07:00 am",2.78641
"Sep 1, 08:00 am",6.53399
"Sep 1, 09:00 am",6.35243
"Sep 1, 10:00 am",9.35295
"Sep 1, 11:00 am",10.3417
"Sep 1, 12:00 pm",12.9911
"Sep 1, 01:00 pm",12.517
"Sep 1, 02:00 pm",11.1702
"Sep 1, 03:00 pm",9.83983
"Sep 1, 04:00 pm",6.52255
"Sep 1, 05:00 pm",2.55357
"Sep 1, 06:00 pm",0.11054
"Sep 1, 07:00 pm",0
"Sep 1, 08:00 pm",0
"Sep 1, 09:00 pm",0
"Sep 1, 10:00 pm",0
"Sep 1, 11:00 pm",0
"Sep 2, 12:00 am",0
"Sep 2, 01:00 am",0
"Sep 2, 02:00 am",0
"Sep 2, 03:00 am",0
"Sep 2, 04:00 am",0
"Sep 2, 05:00 am",0
"Sep 2, 06:00 am",0.199807
"Sep 2, 07:00 am",2.6414
"Sep 2, 08:00 am",4.91684
"Sep 2, 09:00 am",9.54687
"Sep 2, 10:00 am",11.6697
"Sep 2, 11:00 am",11.6997
"Sep 2, 12:00 pm",11.5623
"Sep 2, 01:00 pm",13.3094
"Sep 2, 02:00 pm",11.9793
"Sep 2, 03:00 pm",9.80518
"Sep 2, 04:00 pm",6.61705
"Sep 2, 05:00 pm",2.58094
"Sep 2, 06:00 pm",0.0885812
"Sep 2, 07:00 pm",0
"Sep 2, 08:00 pm",0
"Sep 2, 09:00 pm",0
"Sep 2, 10:00 pm",0
"Sep 2, 11:00 pm",0
"Sep 3, 12:00 am",0
"Sep 3, 01:00 am",0
"Sep 3, 02:00 am",0
"Sep 3, 03:00 am",0
"Sep 3, 04:00 am",0
"Sep 3, 05:00 am",0
"Sep 3, 06:00 am",0.17938
"Sep 3, 07:00 am",3.01168
"Sep 3, 08:00 am",7.13591
"Sep 3, 09:00 am",10.0562
"Sep 3, 10:00 am",11.967
"Sep 3, 11:00 am",12.7453
"Sep 3, 12:00 pm",13.1636
"Sep 3, 01:00 pm",13.0323
"Sep 3, 02:00 pm",11.9125
"Sep 3, 03:00 pm",9.85124
"Sep 3, 04:00 pm",6.66493
"Sep 3, 05:00 pm",2.5861
"Sep 3, 06:00 pm",0.0798813
"Sep 3, 07:00 pm",0
"Sep 3, 08:00 pm",0
"Sep 3, 09:00 pm",0
"Sep 3, 10:00 pm",0
"Sep 3, 11:00 pm",0
"Sep 4, 12:00 am",0
"Sep 4, 01:00 am",0
"Sep 4, 02:00 am",0
"Sep 4, 03:00 am",0
"Sep 4, 04:00 am",0
"Sep 4, 05:00 am",0
"Sep 4, 06:00 am",0.192827
"Sep 4, 07:00 am",2.91281
"Sep 4, 08:00 am",6.92113
"Sep 4, 09:00 am",10.1693
"Sep 4, 10:00 am",12.5357
"Sep 4, 11:00 am",13.8204
"Sep 4, 12:00 pm",14.2873
"Sep 4, 01:00 pm",13.7062
"Sep 4, 02:00 pm",12.1395
"Sep 4, 03:00 pm",9.72136
"Sep 4, 04:00 pm",6.38761
"Sep 4, 05:00 pm",2.32617
"Sep 4, 06:00 pm",0.0706674
"Sep 4, 07:00 pm",0
"Sep 4, 08:00 pm",0
"Sep 4, 09:00 pm",0
"Sep 4, 10:00 pm",0
"Sep 4, 11:00 pm",0
"Sep 5, 12:00 am",0
"Sep 5, 01:00 am",0
"Sep 5, 02:00 am",0
"Sep 5, 03:00 am",0
"Sep 5, 04:00 am",0
"Sep 5, 05:00 am",0
"Sep 5, 06:00 am",0.0457572
"Sep 5, 07:00 am",0.821907
"Sep 5, 08:00 am",3.54146
"Sep 5, 09:00 am",6.2252
"Sep 5, 10:00 am",12.6076
"Sep 5, 11:00 am",13.9918
"Sep 5, 12:00 pm",14.363
"Sep 5, 01:00 pm",13.7681
"Sep 5, 02:00 pm",12.3741
"Sep 5, 03:00 pm",10.0163
"Sep 5, 04:00 pm",6.6731
"Sep 5, 05:00 pm",2.52422
"Sep 5, 06:00 pm",0.0572531
"Sep 5, 07:00 pm",0
"Sep 5, 08:00 pm",0
"Sep 5, 09:00 pm",0
"Sep 5, 10:00 pm",0
"Sep 5, 11:00 pm",0
"Sep 6, 12:00 am",0
"Sep 6, 01:00 am",0
"Sep 6, 02:00 am",0
"Sep 6, 03:00 am",0
"Sep 6, 04:00 am",0
"Sep 6, 05:00 am",0
"Sep 6, 06:00 am",0.166358
"Sep 6, 07:00 am",2.92756
"Sep 6, 08:00 am",6.87602
"Sep 6, 09:00 am",9.81421
"Sep 6, 10:00 am",11.834
"Sep 6, 11:00 am",13.1985
"Sep 6, 12:00 pm",13.7076
"Sep 6, 01:00 pm",11.8662
"Sep 6, 02:00 pm",10.609
"Sep 6, 03:00 pm",6.24672
"Sep 6, 04:00 pm",0.671697
"Sep 6, 05:00 pm",1.83074
"Sep 6, 06:00 pm",0.0917357
"Sep 6, 07:00 pm",0
"Sep 6, 08:00 pm",0
"Sep 6, 09:00 pm",0
"Sep 6, 10:00 pm",0
"Sep 6, 11:00 pm",0
"Sep 7, 12:00 am",0
"Sep 7, 01:00 am",0
"Sep 7, 02:00 am",0
"Sep 7, 03:00 am",0
"Sep 7, 04:00 am",0
"Sep 7, 05:00 am",0
"Sep 7, 06:00 am",0.159859
"Sep 7, 07:00 am",2.40762
"Sep 7, 08:00 am",3.54079
"Sep 7, 09:00 am",8.79697
"Sep 7, 10:00 am",11.6825
"Sep 7, 11:00 am",13.0356
"Sep 7, 12:00 pm",13.6262
"Sep 7, 01:00 pm",13.2334
"Sep 7, 02:00 pm",12.0916
"Sep 7, 03:00 pm",9.80957
"Sep 7, 04:00 pm",6.51957
"Sep 7, 05:00 pm",2.44668
"Sep 7, 06:00 pm",0.0357627
"Sep 7, 07:00 pm",0
"Sep 7, 08:00 pm",0
"Sep 7, 09:00 pm",0
"Sep 7, 10:00 pm",0
"Sep 7, 11:00 pm",0
"Sep 8, 12:00 am",0
"Sep 8, 01:00 am",0
"Sep 8, 02:00 am",0
"Sep 8, 03:00 am",0
"Sep 8, 04:00 am",0
"Sep 8, 05:00 am",0
"Sep 8, 06:00 am",0.129263
"Sep 8, 07:00 am",3.04688
"Sep 8, 08:00 am",7.00401
"Sep 8, 09:00 am",9.90296
"Sep 8, 10:00 am",12.3848
"Sep 8, 11:00 am",13.9523
"Sep 8, 12:00 pm",14.4831
"Sep 8, 01:00 pm",13.9698
"Sep 8, 02:00 pm",12.4054
"Sep 8, 03:00 pm",10.0359
"Sep 8, 04:00 pm",5.82971
"Sep 8, 05:00 pm",1.79063
"Sep 8, 06:00 pm",0.0087013
"Sep 8, 07:00 pm",0
"Sep 8, 08:00 pm",0
"Sep 8, 09:00 pm",0
"Sep 8, 10:00 pm",0
"Sep 8, 11:00 pm",0
"Sep 9, 12:00 am",0
"Sep 9, 01:00 am",0
"Sep 9, 02:00 am",0
"Sep 9, 03:00 am",0
"Sep 9, 04:00 am",0
"Sep 9, 05:00 am",0
"Sep 9, 06:00 am",0.129822
"Sep 9, 07:00 am",2.74789
"Sep 9, 08:00 am",5.90259
"Sep 9, 09:00 am",5.29126
"Sep 9, 10:00 am",12.3826
"Sep 9, 11:00 am",11.1226
"Sep 9, 12:00 pm",9.14906
"Sep 9, 01:00 pm",11.5838
"Sep 9, 02:00 pm",7.50233
"Sep 9, 03:00 pm",9.59607
"Sep 9, 04:00 pm",6.24
"Sep 9, 05:00 pm",2.26681
"Sep 9, 06:00 pm",0.0281216
"Sep 9, 07:00 pm",0
"Sep 9, 08:00 pm",0
"Sep 9, 09:00 pm",0
"Sep 9, 10:00 pm",0
"Sep 9, 11:00 pm",0
"Sep 10, 12:00 am",0
"Sep 10, 01:00 am",0
"Sep 10, 02:00 am",0
"Sep 10, 03:00 am",0
"Sep 10, 04:00 am",0
"Sep 10, 05:00 am",0
"Sep 10, 06:00 am",0.127232
"Sep 10, 07:00 am",2.53553
"Sep 10, 08:00 am",4.15069
"Sep 10, 09:00 am",5.00237
"Sep 10, 10:00 am",12.4278
"Sep 10, 11:00 am",13.4977
"Sep 10, 12:00 pm",13.7658
"Sep 10, 01:00 pm",13.1538
"Sep 10, 02:00 pm",11.8053
"Sep 10, 03:00 pm",9.58855
"Sep 10, 04:00 pm",6.44153
"Sep 10, 05:00 pm",2.4786
"Sep 10, 06:00 pm",0.0106587
"Sep 10, 07:00 pm",0
"Sep 10, 08:00 pm",0
"Sep 10, 09:00 pm",0
"Sep 10, 10:00 pm",0
"Sep 10, 11:00 pm",0
"Sep 11, 12:00 am",0
"Sep 11, 01:00 am",0
"Sep 11, 02:00 am",0
"Sep 11, 03:00 am",0
"Sep 11, 04:00 am",0
"Sep 11, 05:00 am",0
"Sep 11, 06:00 am",0.105961
"Sep 11, 07:00 am",3.21093
"Sep 11, 08:00 am",7.61705
"Sep 11, 09:00 am",10.7232
"Sep 11, 10:00 am",12.9942
"Sep 11, 11:00 am",14.1894
"Sep 11, 12:00 pm",14.4435
"Sep 11, 01:00 pm",13.8538
"Sep 11, 02:00 pm",12.3972
"Sep 11, 03:00 pm",10.0961
"Sep 11, 04:00 pm",6.71925
"Sep 11, 05:00 pm",2.49088
"Sep 11, 06:00 pm",-0
"Sep 11, 07:00 pm",0
"Sep 11, 08:00 pm",0
"Sep 11, 09:00 pm",0
"Sep 11, 10:00 pm",0
"Sep 11, 11:00 pm",0
"Sep 12, 12:00 am",0
"Sep 12, 01:00 am",0
"Sep 12, 02:00 am",0
"Sep 12, 03:00 am",0
"Sep 12, 04:00 am",0
"Sep 12, 05:00 am",0
"Sep 12, 06:00 am",0.106556
"Sep 12, 07:00 am",3.47783
"Sep 12, 08:00 am",7.88974
"Sep 12, 09:00 am",11.055
"Sep 12, 10:00 am",13.1879
"Sep 12, 11:00 am",14.3591
"Sep 12, 12:00 pm",14.6198
"Sep 12, 01:00 pm",14.0087
"Sep 12, 02:00 pm",12.5476
"Sep 12, 03:00 pm",10.1694
"Sep 12, 04:00 pm",6.79759
"Sep 12, 05:00 pm",2.45713
"Sep 12, 06:00 pm",-0
"Sep 12, 07:00 pm",0
"Sep 12, 08:00 pm",0
"Sep 12, 09:00 pm",0
"Sep 12, 10:00 pm",0
"Sep 12, 11:00 pm",0
"Sep 13, 12:00 am",0
"Sep 13, 01:00 am",0
"Sep 13, 02:00 am",0
"Sep 13, 03:00 am",0
"Sep 13, 04:00 am",0
"Sep 13, 05:00 am",0
"Sep 13, 06:00 am",0.101827
"Sep 13, 07:00 am",3.34449
"Sep 13, 08:00 am",7.69397
"Sep 13, 09:00 am",10.8564
"Sep 13, 10:00 am",12.8736
"Sep 13, 11:00 am",13.6679
"Sep 13, 12:00 pm",13.5548
"Sep 13, 01:00 pm",13.2388
"Sep 13, 02:00 pm",12.1326
"Sep 13, 03:00 pm",10.0475
"Sep 13, 04:00 pm",6.67339
"Sep 13, 05:00 pm",2.4749
"Sep 13, 06:00 pm",-0
"Sep 13, 07:00 pm",0
"Sep 13, 08:00 pm",0
"Sep 13, 09:00 pm",0
"Sep 13, 10:00 pm",0
"Sep 13, 11:00 pm",0
"Sep 14, 12:00 am",0
"Sep 14, 01:00 am",0
"Sep 14, 02:00 am",0
"Sep 14, 03:00 am",0
"Sep 14, 04:00 am",0
"Sep 14, 05:00 am",0
"Sep 14, 06:00 am",0.0925971
"Sep 14, 07:00 am",3.25571
"Sep 14, 08:00 am",7.74641
"Sep 14, 09:00 am",10.7702
"Sep 14, 10:00 am",12.5116
"Sep 14, 11:00 am",13.7627
"Sep 14, 12:00 pm",14.4369
"Sep 14, 01:00 pm",13.9905
"Sep 14, 02:00 pm",12.6085
"Sep 14, 03:00 pm",10.2292
"Sep 14, 04:00 pm",6.79107
"Sep 14, 05:00 pm",2.40745
"Sep 14, 06:00 pm",-0
"Sep 14, 07:00 pm",0
"Sep 14, 08:00 pm",0
"Sep 14, 09:00 pm",0
"Sep 14, 10:00 pm",0
"Sep 14, 11:00 pm",0
"Sep 15, 12:00 am",0
"Sep 15, 01:00 am",0
"Sep 15, 02:00 am",0
"Sep 15, 03:00 am",0
"Sep 15, 04:00 am",0
"Sep 15, 05:00 am",0
"Sep 15, 06:00 am",0.0869527
"Sep 15, 07:00 am",3.36128
"Sep 15, 08:00 am",7.55511
"Sep 15, 09:00 am",10.6115
"Sep 15, 10:00 am",12.9512
"Sep 15, 11:00 am",14.4238
"Sep 15, 12:00 pm",14.9194
"Sep 15, 01:00 pm",14.3264
"Sep 15, 02:00 pm",12.822
"Sep 15, 03:00 pm",10.3224
"Sep 15, 04:00 pm",6.71804
"Sep 15, 05:00 pm",2.3322
"Sep 15, 06:00 pm",-0
"Sep 15, 07:00 pm",0
"Sep 15, 08:00 pm",0
"Sep 15, 09:00 pm",0
"Sep 15, 10:00 pm",0
"Sep 15, 11:00 pm",0
"Sep 16, 12:00 am",0
"Sep 16, 01:00 am",0
"Sep 16, 02:00 am",0
"Sep 16, 03:00 am",0
"Sep 16, 04:00 am",0
"Sep 16, 05:00 am",0
"Sep 16, 06:00 am",0.0869413
"Sep 16, 07:00 am",3.29594
"Sep 16, 08:00 am",7.52382
"Sep 16, 09:00 am",10.5921
"Sep 16, 10:00 am",12.2224
"Sep 16, 11:00 am",13.2641
"Sep 16, 12:00 pm",13.8396
"Sep 16, 01:00 pm",13.4155
"Sep 16, 02:00 pm",12.1396
"Sep 16, 03:00 pm",9.91857
"Sep 16, 04:00 pm",6.64747
"Sep 16, 05:00 pm",2.33667
"Sep 16, 06:00 pm",-0
"Sep 16, 07:00 pm",0
"Sep 16, 08:00 pm",0
"Sep 16, 09:00 pm",0
"Sep 16, 10:00 pm",0
"Sep 16, 11:00 pm",0
"Sep 17, 12:00 am",0
"Sep 17, 01:00 am",0
"Sep 17, 02:00 am",0
"Sep 17, 03:00 am",0
"Sep 17, 04:00 am",0
"Sep 17, 05:00 am",0
"Sep 17, 06:00 am",0.0906255
"Sep 17, 07:00 am",3.33187
"Sep 17, 08:00 am",7.60626
"Sep 17, 09:00 am",10.7871
"Sep 17, 10:00 am",13.102
"Sep 17, 11:00 am",14.2771
"Sep 17, 12:00 pm",14.5771
"Sep 17, 01:00 pm",14.1023
"Sep 17, 02:00 pm",12.732
"Sep 17, 03:00 pm",10.3492
"Sep 17, 04:00 pm",6.82893
"Sep 17, 05:00 pm",2.36847
"Sep 17, 06:00 pm",-0
"Sep 17, 07:00 pm",0
"Sep 17, 08:00 pm",0
"Sep 17, 09:00 pm",0
"Sep 17, 10:00 pm",0
"Sep 17, 11:00 pm",0
"Sep 18, 12:00 am",0
"Sep 18, 01:00 am",0
"Sep 18, 02:00 am",0
"Sep 18, 03:00 am",0
"Sep 18, 04:00 am",0
"Sep 18, 05:00 am",0
"Sep 18, 06:00 am",0.0986201
"Sep 18, 07:00 am",3.59897
"Sep 18, 08:00 am",8.16305
"Sep 18, 09:00 am",11.1552
"Sep 18, 10:00 am",12.7836
"Sep 18, 11:00 am",13.6603
"Sep 18, 12:00 pm",14.1318
"Sep 18, 01:00 pm",13.6598
"Sep 18, 02:00 pm",12.1351
"Sep 18, 03:00 pm",9.75581
"Sep 18, 04:00 pm",6.51888
"Sep 18, 05:00 pm",2.2838
"Sep 18, 06:00 pm",-0
"Sep 18, 07:00 pm",0
"Sep 18, 08:00 pm",0
"Sep 18, 09:00 pm",0
"Sep 18, 10:00 pm",0
"Sep 18, 11:00 pm",0
"Sep 19, 12:00 am",0
"Sep 19, 01:00 am",0
"Sep 19, 02:00 am",0
"Sep 19, 03:00 am",0
"Sep 19, 04:00 am",0
"Sep 19, 05:00 am",0
"Sep 19, 06:00 am",0.0911163
"Sep 19, 07:00 am",3.59151
"Sep 19, 08:00 am",7.95419
"Sep 19, 09:00 am",10.9041
"Sep 19, 10:00 am",12.7429
"Sep 19, 11:00 am",13.6955
"Sep 19, 12:00 pm",13.8827
"Sep 19, 01:00 pm",13.0781
"Sep 19, 02:00 pm",11.6994
"Sep 19, 03:00 pm",9.7066
"Sep 19, 04:00 pm",6.49416
"Sep 19, 05:00 pm",2.25534
"Sep 19, 06:00 pm",0
"Sep 19, 07:00 pm",0
"Sep 19, 08:00 pm",0
"Sep 19, 09:00 pm",0
"Sep 19, 10:00 pm",0
"Sep 19, 11:00 pm",0
"Sep 20, 12:00 am",0
"Sep 20, 01:00 am",0
"Sep 20, 02:00 am",0
"Sep 20, 03:00 am",0
"Sep 20, 04:00 am",0
"Sep 20, 05:00 am",0
"Sep 20, 06:00 am",0.0815826
"Sep 20, 07:00 am",3.52667
"Sep 20, 08:00 am",7.93593
"Sep 20, 09:00 am",10.8068
"Sep 20, 10:00 am",12.5863
"Sep 20, 11:00 am",13.7372
"Sep 20, 12:00 pm",14.1941
"Sep 20, 01:00 pm",13.5394
"Sep 20, 02:00 pm",12.1586
"Sep 20, 03:00 pm",9.88449
"Sep 20, 04:00 pm",6.51865
"Sep 20, 05:00 pm",2.26369
"Sep 20, 06:00 pm",0
"Sep 20, 07:00 pm",0
"Sep 20, 08:00 pm",0
"Sep 20, 09:00 pm",0
"Sep 20, 10:00 pm",0
"Sep 20, 11:00 pm",0
"Sep 21, 12:00 am",0
"Sep 21, 01:00 am",0
"Sep 21, 02:00 am",0
"Sep 21, 03:00 am",0
"Sep 21, 04:00 am",0
"Sep 21, 05:00 am",0
"Sep 21, 06:00 am",0.0794739
"Sep 21, 07:00 am",3.69772
"Sep 21, 08:00 am",8.1906
"Sep 21, 09:00 am",11.1118
"Sep 21, 10:00 am",12.8535
"Sep 21, 11:00 am",13.5882
"Sep 21, 12:00 pm",13.7063
"Sep 21, 01:00 pm",13.2045
"Sep 21, 02:00 pm",12.0422
"Sep 21, 03:00 pm",9.8492
"Sep 21, 04:00 pm",6.52614
"Sep 21, 05:00 pm",2.19392
"Sep 21, 06:00 pm",0
"Sep 21, 07:00 pm",0
"Sep 21, 08:00 pm",0
"Sep 21, 09:00 pm",0
"Sep 21, 10:00 pm",0
"Sep 21, 11:00 pm",0
"Sep 22, 12:00 am",0
"Sep 22, 01:00 am",0
"Sep 22, 02:00 am",0
"Sep 22, 03:00 am",0
"Sep 22, 04:00 am",0
"Sep 22, 05:00 am",0
"Sep 22, 06:00 am",0.0687877
"Sep 22, 07:00 am",3.62614
"Sep 22, 08:00 am",7.96984
"Sep 22, 09:00 am",10.8419
"Sep 22, 10:00 am",12.7942
"Sep 22, 11:00 am",13.9467
"Sep 22, 12:00 pm",14.3357
"Sep 22, 01:00 pm",8.81136
"Sep 22, 02:00 pm",10.1358
"Sep 22, 03:00 pm",6.99677
"Sep 22, 04:00 pm",3.13855
"Sep 22, 05:00 pm",0.650989
"Sep 22, 06:00 pm",0
"Sep 22, 07:00 pm",0
"Sep 22, 08:00 pm",0
"Sep 22, 09:00 pm",0
"Sep 22, 10:00 pm",0
"Sep 22, 11:00 pm",0
"Sep 23, 12:00 am",0
"Sep 23, 01:00 am",0
"Sep 23, 02:00 am",0
"Sep 23, 03:00 am",0
"Sep 23, 04:00 am",0
"Sep 23, 05:00 am",0
"Sep 23, 06:00 am",-0
"Sep 23, 07:00 am",0.8377
"Sep 23, 08:00 am",2.94294
"Sep 23, 09:00 am",6.78116
"Sep 23, 10:00 am",9.59808
"Sep 23, 11:00 am",8.27739
"Sep 23, 12:00 pm",9.59392
"Sep 23, 01:00 pm",7.29906
"Sep 23, 02:00 pm",8.7759
"Sep 23, 03:00 pm",3.57297
"Sep 23, 04:00 pm",2.14908
"Sep 23, 05:00 pm",0.118054
"Sep 23, 06:00 pm",0
"Sep 23, 07:00 pm",0
"Sep 23, 08:00 pm",0
"Sep 23, 09:00 pm",0
"Sep 23, 10:00 pm",0
"Sep 23, 11:00 pm",0
"Sep 24, 12:00 am",0
"Sep 24, 01:00 am",0
"Sep 24, 02:00 am",0
"Sep 24, 03:00 am",0
"Sep 24, 04:00 am",0
"Sep 24, 05:00 am",0
"Sep 24, 06:00 am",-0
"Sep 24, 07:00 am",1.40957
"Sep 24, 08:00 am",4.67404
"Sep 24, 09:00 am",1.84715
"Sep 24, 10:00 am",2.95656
"Sep 24, 11:00 am",3.81638
"Sep 24, 12:00 pm",3.84605
"Sep 24, 01:00 pm",2.15368
"Sep 24, 02:00 pm",0.901945
"Sep 24, 03:00 pm",0.963001
"Sep 24, 04:00 pm",1.78
"Sep 24, 05:00 pm",-0
"Sep 24, 06:00 pm",0
"Sep 24, 07:00 pm",0
"Sep 24, 08:00 pm",0
"Sep 24, 09:00 pm",0
"Sep 24, 10:00 pm",0
"Sep 24, 11:00 pm",0
"Sep 25, 12:00 am",0
"Sep 25, 01:00 am",0
"Sep 25, 02:00 am",0
"Sep 25, 03:00 am",0
"Sep 25, 04:00 am",0
"Sep 25, 05:00 am",0
"Sep 25, 06:00 am",-0
"Sep 25, 07:00 am",0.676515
"Sep 25, 08:00 am",4.40949
"Sep 25, 09:00 am",9.18877
"Sep 25, 10:00 am",11.1669
"Sep 25, 11:00 am",10.2695
"Sep 25, 12:00 pm",14.0755
"Sep 25, 01:00 pm",13.3591
"Sep 25, 02:00 pm",11.8212
"Sep 25, 03:00 pm",9.43035
"Sep 25, 04:00 pm",3.75525
"Sep 25, 05:00 pm",1.88908
"Sep 25, 06:00 pm",0
"Sep 25, 07:00 pm",0
"Sep 25, 08:00 pm",0
"Sep 25, 09:00 pm",0
"Sep 25, 10:00 pm",0
"Sep 25, 11:00 pm",0
"Sep 26, 12:00 am",0
"Sep 26, 01:00 am",0
"Sep 26, 02:00 am",0
"Sep 26, 03:00 am",0
"Sep 26, 04:00 am",0
"Sep 26, 05:00 am",0
"Sep 26, 06:00 am",0.0318416
"Sep 26, 07:00 am",3.52647
"Sep 26, 08:00 am",7.93175
"Sep 26, 09:00 am",10.9978
"Sep 26, 10:00 am",13.0086
"Sep 26, 11:00 am",14.1138
"Sep 26, 12:00 pm",14.221
"Sep 26, 01:00 pm",13.4457
"Sep 26, 02:00 pm",11.8968
"Sep 26, 03:00 pm",9.56607
"Sep 26, 04:00 pm",6.21183
"Sep 26, 05:00 pm",1.92646
"Sep 26, 06:00 pm",0
"Sep 26, 07:00 pm",0
"Sep 26, 08:00 pm",0
"Sep 26, 09:00 pm",0
"Sep 26, 10:00 pm",0
"Sep 26, 11:00 pm",0
"Sep 27, 12:00 am",0
"Sep 27, 01:00 am",0
"Sep 27, 02:00 am",0
"Sep 27, 03:00 am",0
"Sep 27, 04:00 am",0
"Sep 27, 05:00 am",0
"Sep 27, 06:00 am",0.0223974
"Sep 27, 07:00 am",3.56382
"Sep 27, 08:00 am",8.06772
"Sep 27, 09:00 am",11.2978
"Sep 27, 10:00 am",13.5231
"Sep 27, 11:00 am",14.7029
"Sep 27, 12:00 pm",14.9518
"Sep 27, 01:00 pm",14.2194
"Sep 27, 02:00 pm",12.5518
"Sep 27, 03:00 pm",9.97214
"Sep 27, 04:00 pm",6.26786
"Sep 27, 05:00 pm",1.86507
"Sep 27, 06:00 pm",0
"Sep 27, 07:00 pm",0
"Sep 27, 08:00 pm",0
"Sep 27, 09:00 pm",0
"Sep 27, 10:00 pm",0
"Sep 27, 11:00 pm",0
"Sep 28, 12:00 am",0
"Sep 28, 01:00 am",0
"Sep 28, 02:00 am",0
"Sep 28, 03:00 am",0
"Sep 28, 04:00 am",0
"Sep 28, 05:00 am",0
"Sep 28, 06:00 am",0.00781566
"Sep 28, 07:00 am",3.47523
"Sep 28, 08:00 am",7.97828
"Sep 28, 09:00 am",11.011
"Sep 28, 10:00 am",13.0726
"Sep 28, 11:00 am",14.2743
"Sep 28, 12:00 pm",14.5358
"Sep 28, 01:00 pm",13.8956
"Sep 28, 02:00 pm",12.3105
"Sep 28, 03:00 pm",9.84608
"Sep 28, 04:00 pm",6.20156
"Sep 28, 05:00 pm",1.84291
"Sep 28, 06:00 pm",0
"Sep 28, 07:00 pm",0
"Sep 28, 08:00 pm",0
"Sep 28, 09:00 pm",0
"Sep 28, 10:00 pm",0
"Sep 28, 11:00 pm",0
"Sep 29, 12:00 am",0
"Sep 29, 01:00 am",0
"Sep 29, 02:00 am",0
"Sep 29, 03:00 am",0
"Sep 29, 04:00 am",0
"Sep 29, 05:00 am",0
"Sep 29, 06:00 am",0.015453
"Sep 29, 07:00 am",3.57393
"Sep 29, 08:00 am",7.92544
"Sep 29, 09:00 am",10.91
"Sep 29, 10:00 am",12.983
"Sep 29, 11:00 am",14.1767
"Sep 29, 12:00 pm",14.5353
"Sep 29, 01:00 pm",13.9894
"Sep 29, 02:00 pm",12.3533
"Sep 29, 03:00 pm",9.81991
"Sep 29, 04:00 pm",6.1461
"Sep 29, 05:00 pm",1.77613
"Sep 29, 06:00 pm",0
"Sep 29, 07:00 pm",0
"Sep 29, 08:00 pm",0
"Sep 29, 09:00 pm",0
"Sep 29, 10:00 pm",0
"Sep 29, 11:00 pm",0
"Sep 30, 12:00 am",0
"Sep 30, 01:00 am",0
"Sep 30, 02:00 am",0
"Sep 30, 03:00 am",0
"Sep 30, 04:00 am",0
"Sep 30, 05:00 am",0
"Sep 30, 06:00 am",-0
"Sep 30, 07:00 am",3.44015
"Sep 30, 08:00 am",7.82497
"Sep 30, 09:00 am",10.9086
"Sep 30, 10:00 am",12.9484
"Sep 30, 11:00 am",14.1675
"Sep 30, 12:00 pm",14.5158
"Sep 30, 01:00 pm",13.9118
"Sep 30, 02:00 pm",12.3251
"Sep 30, 03:00 pm",9.84544
"Sep 30, 04:00 pm",6.1557
"Sep 30, 05:00 pm",1.60443
"Sep 30, 06:00 pm",0
"Sep 30, 07:00 pm",0
"Sep 30, 08:00 pm",0
"Sep 30, 09:00 pm",0
"Sep 30, 10:00 pm",0
"Sep 30, 11:00 pm",0
"Oct 1, 12:00 am",0
"Oct 1, 01:00 am",0
"Oct 1, 02:00 am",0
"Oct 1, 03:00 am",0
"Oct 1, 04:00 am",0
"Oct 1, 05:00 am",0
"Oct 1, 06:00 am",-0
"Oct 1, 07:00 am",3.32199
"Oct 1, 08:00 am",7.52425
"Oct 1, 09:00 am",8.65104
"Oct 1, 10:00 am",10.954
"Oct 1, 11:00 am",13.5817
"Oct 1, 12:00 pm",14.085
"Oct 1, 01:00 pm",13.5914
"Oct 1, 02:00 pm",12.1463
"Oct 1, 03:00 pm",9.63014
"Oct 1, 04:00 pm",6.02797
"Oct 1, 05:00 pm",1.63631
"Oct 1, 06:00 pm",0
"Oct 1, 07:00 pm",0
"Oct 1, 08:00 pm",0
"Oct 1, 09:00 pm",0
"Oct 1, 10:00 pm",0
"Oct 1, 11:00 pm",0
"Oct 2, 12:00 am",0
"Oct 2, 01:00 am",0
"Oct 2, 02:00 am",0
"Oct 2, 03:00 am",0
"Oct 2, 04:00 am",0
"Oct 2, 05:00 am",0
"Oct 2, 06:00 am",-0
"Oct 2, 07:00 am",2.06136
"Oct 2, 08:00 am",4.51271
"Oct 2, 09:00 am",8.08726
"Oct 2, 10:00 am",0.687286
"Oct 2, 11:00 am",11.8166
"Oct 2, 12:00 pm",10.9211
"Oct 2, 01:00 pm",4.20749
"Oct 2, 02:00 pm",0.264468
"Oct 2, 03:00 pm",0.294686
"Oct 2, 04:00 pm",5.17685
"Oct 2, 05:00 pm",1.16588
"Oct 2, 06:00 pm",0
"Oct 2, 07:00 pm",0
"Oct 2, 08:00 pm",0
"Oct 2, 09:00 pm",0
"Oct 2, 10:00 pm",0
"Oct 2, 11:00 pm",0
"Oct 3, 12:00 am",0
"Oct 3, 01:00 am",0
"Oct 3, 02:00 am",0
"Oct 3, 03:00 am",0
"Oct 3, 04:00 am",0
"Oct 3, 05:00 am",0
"Oct 3, 06:00 am",-0
"Oct 3, 07:00 am",3.79364
"Oct 3, 08:00 am",8.58055
"Oct 3, 09:00 am",12.1095
"Oct 3, 10:00 am",14.4517
"Oct 3, 11:00 am",15.6974
"Oct 3, 12:00 pm",15.9891
"Oct 3, 01:00 pm",15.2672
"Oct 3, 02:00 pm",13.5492
"Oct 3, 03:00 pm",10.665
"Oct 3, 04:00 pm",6.65928
"Oct 3, 05:00 pm",1.76156
"Oct 3, 06:00 pm",0
"Oct 3, 07:00 pm",0
"Oct 3, 08:00 pm",0
"Oct 3, 09:00 pm",0
"Oct 3, 10:00 pm",0
"Oct 3, 11:00 pm",0
"Oct 4, 12:00 am",0
"Oct 4, 01:00 am",0
"Oct 4, 02:00 am",0
"Oct 4, 03:00 am",0
"Oct 4, 04:00 am",0
"Oct 4, 05:00 am",0
"Oct 4, 06:00 am",-0
"Oct 4, 07:00 am",3.95071
"Oct 4, 08:00 am",8.6892
"Oct 4, 09:00 am",11.9849
"Oct 4, 10:00 am",14.124
"Oct 4, 11:00 am",15.1083
"Oct 4, 12:00 pm",15.1114
"Oct 4, 01:00 pm",14.2844
"Oct 4, 02:00 pm",12.5698
"Oct 4, 03:00 pm",10.0092
"Oct 4, 04:00 pm",6.2355
"Oct 4, 05:00 pm",1.53446
"Oct 4, 06:00 pm",0
"Oct 4, 07:00 pm",0
"Oct 4, 08:00 pm",0
"Oct 4, 09:00 pm",0
"Oct 4, 10:00 pm",0
"Oct 4, 11:00 pm",0
"Oct 5, 12:00 am",0
"Oct 5, 01:00 am",0
"Oct 5, 02:00 am",0
"Oct 5, 03:00 am",0
"Oct 5, 04:00 am",0
"Oct 5, 05:00 am",0
"Oct 5, 06:00 am",-0
"Oct 5, 07:00 am",3.52189
"Oct 5, 08:00 am",8.14011
"Oct 5, 09:00 am",11.4343
"Oct 5, 10:00 am",13.5055
"Oct 5, 11:00 am",14.5379
"Oct 5, 12:00 pm",14.7726
"Oct 5, 01:00 pm",14.0409
"Oct 5, 02:00 pm",12.5549
"Oct 5, 03:00 pm",9.94407
"Oct 5, 04:00 pm",4.57526
"Oct 5, 05:00 pm",1.09583
"Oct 5, 06:00 pm",0
"Oct 5, 07:00 pm",0
"Oct 5, 08:00 pm",0
"Oct 5, 09:00 pm",0
"Oct 5, 10:00 pm",0
"Oct 5, 11:00 pm",0
"Oct 6, 12:00 am",0
"Oct 6, 01:00 am",0
"Oct 6, 02:00 am",0
"Oct 6, 03:00 am",0
"Oct 6, 04:00 am",0
"Oct 6, 05:00 am",0
"Oct 6, 06:00 am",-0
"Oct 6, 07:00 am",3.56654
"Oct 6, 08:00 am",8.04412
"Oct 6, 09:00 am",9.35768
"Oct 6, 10:00 am",13.8657
"Oct 6, 11:00 am",14.733
"Oct 6, 12:00 pm",14.8148
"Oct 6, 01:00 pm",14.1804
"Oct 6, 02:00 pm",12.6277
"Oct 6, 03:00 pm",10.0883
"Oct 6, 04:00 pm",6.24286
"Oct 6, 05:00 pm",1.52192
"Oct 6, 06:00 pm",0
"Oct 6, 07:00 pm",0
"Oct 6, 08:00 pm",0
"Oct 6, 09:00 pm",0
"Oct 6, 10:00 pm",0
"Oct 6, 11:00 pm",0
"Oct 7, 12:00 am",0
"Oct 7, 01:00 am",0
"Oct 7, 02:00 am",0
"Oct 7, 03:00 am",0
"Oct 7, 04:00 am",0
"Oct 7, 05:00 am",0
"Oct 7, 06:00 am",-0
"Oct 7, 07:00 am",3.93055
"Oct 7, 08:00 am",8.67109
"Oct 7, 09:00 am",11.8232
"Oct 7, 10:00 am",13.7901
"Oct 7, 11:00 am",14.7874
"Oct 7, 12:00 pm",14.8192
"Oct 7, 01:00 pm",13.9631
"Oct 7, 02:00 pm",12.1864
"Oct 7, 03:00 pm",9.61753
"Oct 7, 04:00 pm",5.89036
"Oct 7, 05:00 pm",1.35553
"Oct 7, 06:00 pm",0
"Oct 7, 07:00 pm",0
"Oct 7, 08:00 pm",0
"Oct 7, 09:00 pm",0
"Oct 7, 10:00 pm",0
"Oct 7, 11:00 pm",0
"Oct 8, 12:00 am",0
"Oct 8, 01:00 am",0
"Oct 8, 02:00 am",0
"Oct 8, 03:00 am",0
"Oct 8, 04:00 am",0
"Oct 8, 05:00 am",0
"Oct 8, 06:00 am",-0
"Oct 8, 07:00 am",2.28318
"Oct 8, 08:00 am",6.0025
"Oct 8, 09:00 am",10.0151
"Oct 8, 10:00 am",11.56
"Oct 8, 11:00 am",13.7327
"Oct 8, 12:00 pm",13.3931
"Oct 8, 01:00 pm",12.7803
"Oct 8, 02:00 pm",11.5242
"Oct 8, 03:00 pm",9.15783
"Oct 8, 04:00 pm",5.58807
"Oct 8, 05:00 pm",1.18375
"Oct 8, 06:00 pm",0
"Oct 8, 07:00 pm",0
"Oct 8, 08:00 pm",0
"Oct 8, 09:00 pm",0
"Oct 8, 10:00 pm",0
"Oct 8, 11:00 pm",0
"Oct 9, 12:00 am",0
"Oct 9, 01:00 am",0
"Oct 9, 02:00 am",0
"Oct 9, 03:00 am",0
"Oct 9, 04:00 am",0
"Oct 9, 05:00 am",0
"Oct 9, 06:00 am",-0
"Oct 9, 07:00 am",3.30725
"Oct 9, 08:00 am",7.58437
"Oct 9, 09:00 am",10.6788
"Oct 9, 10:00 am",12.998
"Oct 9, 11:00 am",14.1635
"Oct 9, 12:00 pm",14.5251
"Oct 9, 01:00 pm",13.8406
"Oct 9, 02:00 pm",12.3342
"Oct 9, 03:00 pm",9.54308
"Oct 9, 04:00 pm",5.7152
"Oct 9, 05:00 pm",1.21183
"Oct 9, 06:00 pm",0
"Oct 9, 07:00 pm",0
"Oct 9, 08:00 pm",0
"Oct 9, 09:00 pm",0
"Oct 9, 10:00 pm",0
"Oct 9, 11:00 pm",0
"Oct 10, 12:00 am",0
"Oct 10, 01:00 am",0
"Oct 10, 02:00 am",0
"Oct 10, 03:00 am",0
"Oct 10, 04:00 am",0
"Oct 10, 05:00 am",0
"Oct 10, 06:00 am",-0
"Oct 10, 07:00 am",3.35219
"Oct 10, 08:00 am",7.90762
"Oct 10, 09:00 am",11.1885
"Oct 10, 10:00 am",13.4118
"Oct 10, 11:00 am",14.6841
"Oct 10, 12:00 pm",14.898
"Oct 10, 01:00 pm",14.2042
"Oct 10, 02:00 pm",12.5423
"Oct 10, 03:00 pm",9.75065
"Oct 10, 04:00 pm",5.85547
"Oct 10, 05:00 pm",1.18622
"Oct 10, 06:00 pm",0
"Oct 10, 07:00 pm",0
"Oct 10, 08:00 pm",0
"Oct 10, 09:00 pm",0
"Oct 10, 10:00 pm",0
"Oct 10, 11:00 pm",0
"Oct 11, 12:00 am",0
"Oct 11, 01:00 am",0
"Oct 11, 02:00 am",0
"Oct 11, 03:00 am",0
"Oct 11, 04:00 am",0
"Oct 11, 05:00 am",0
"Oct 11, 06:00 am",-0
"Oct 11, 07:00 am",3.78578
"Oct 11, 08:00 am",8.34716
"Oct 11, 09:00 am",11.4721
"Oct 11, 10:00 am",13.551
"Oct 11, 11:00 am",14.466
"Oct 11, 12:00 pm",14.5107
"Oct 11, 01:00 pm",13.732
"Oct 11, 02:00 pm",12.0622
"Oct 11, 03:00 pm",9.47669
"Oct 11, 04:00 pm",5.64513
"Oct 11, 05:00 pm",1.05772
"Oct 11, 06:00 pm",0
"Oct 11, 07:00 pm",0
"Oct 11, 08:00 pm",0
"Oct 11, 09:00 pm",0
"Oct 11, 10:00 pm",0
"Oct 11, 11:00 pm",0
"Oct 12, 12:00 am",0
"Oct 12, 01:00 am",0
"Oct 12, 02:00 am",0
"Oct 12, 03:00 am",0
"Oct 12, 04:00 am",0
"Oct 12, 05:00 am",0
"Oct 12, 06:00 am",0
"Oct 12, 07:00 am",3.51906
"Oct 12, 08:00 am",8.0501
"Oct 12, 09:00 am",11.0835
"Oct 12, 10:00 am",10.1745
"Oct 12, 11:00 am",14.0383
"Oct 12, 12:00 pm",7.59838
"Oct 12, 01:00 pm",9.75562
"Oct 12, 02:00 pm",12.3886
"Oct 12, 03:00 pm",9.72908
"Oct 12, 04:00 pm",6.01384
"Oct 12, 05:00 pm",1.18868
"Oct 12, 06:00 pm",0
"Oct 12, 07:00 pm",0
"Oct 12, 08:00 pm",0
"Oct 12, 09:00 pm",0
"Oct 12, 10:00 pm",0
"Oct 12, 11:00 pm",0
"Oct 13, 12:00 am",0
"Oct 13, 01:00 am",0
"Oct 13, 02:00 am",0
"Oct 13, 03:00 am",0
"Oct 13, 04:00 am",0
"Oct 13, 05:00 am",0
"Oct 13, 06:00 am",0
"Oct 13, 07:00 am",3.77831
"Oct 13, 08:00 am",8.47392
"Oct 13, 09:00 am",11.7583
"Oct 13, 10:00 am",13.6479
"Oct 13, 11:00 am",14.3294
"Oct 13, 12:00 pm",14.3373
"Oct 13, 01:00 pm",13.7037
"Oct 13, 02:00 pm",12.1849
"Oct 13, 03:00 pm",9.69478
"Oct 13, 04:00 pm",5.90672
"Oct 13, 05:00 pm",1.0584
"Oct 13, 06:00 pm",0
"Oct 13, 07:00 pm",0
"Oct 13, 08:00 pm",0
"Oct 13, 09:00 pm",0
"Oct 13, 10:00 pm",0
"Oct 13, 11:00 pm",0
"Oct 14, 12:00 am",0
"Oct 14, 01:00 am",0
"Oct 14, 02:00 am",0
"Oct 14, 03:00 am",0
"Oct 14, 04:00 am",0
"Oct 14, 05:00 am",0
"Oct 14, 06:00 am",0
"Oct 14, 07:00 am",3.70793
"Oct 14, 08:00 am",8.25799
"Oct 14, 09:00 am",11.3678
"Oct 14, 10:00 am",13.3784
"Oct 14, 11:00 am",14.3197
"Oct 14, 12:00 pm",14.3445
"Oct 14, 01:00 pm",13.6674
"Oct 14, 02:00 pm",12.1643
"Oct 14, 03:00 pm",9.67378
"Oct 14, 04:00 pm",5.82946
"Oct 14, 05:00 pm",0.936589
"Oct 14, 06:00 pm",0
"Oct 14, 07:00 pm",0
"Oct 14, 08:00 pm",0
"Oct 14, 09:00 pm",0
"Oct 14, 10:00 pm",0
"Oct 14, 11:00 pm",0
"Oct 15, 12:00 am",0
"Oct 15, 01:00 am",0
"Oct 15, 02:00 am",0
"Oct 15, 03:00 am",0
"Oct 15, 04:00 am",0
"Oct 15, 05:00 am",0
"Oct 15, 06:00 am",0
"Oct 15, 07:00 am",3.78516
"Oct 15, 08:00 am",8.36965
"Oct 15, 09:00 am",11.4654
"Oct 15, 10:00 am",13.3187
"Oct 15, 11:00 am",14.0281
"Oct 15, 12:00 pm",14.5043
"Oct 15, 01:00 pm",13.8826
"Oct 15, 02:00 pm",12.2423
"Oct 15, 03:00 pm",9.68371
"Oct 15, 04:00 pm",5.79267
"Oct 15, 05:00 pm",0.772221
"Oct 15, 06:00 pm",0
"Oct 15, 07:00 pm",0
"Oct 15, 08:00 pm",0
"Oct 15, 09:00 pm",0
"Oct 15, 10:00 pm",0
"Oct 15, 11:00 pm",0
"Oct 16, 12:00 am",0
"Oct 16, 01:00 am",0
"Oct 16, 02:00 am",0
"Oct 16, 03:00 am",0
"Oct 16, 04:00 am",0
"Oct 16, 05:00 am",0
"Oct 16, 06:00 am",0
"Oct 16, 07:00 am",3.69868
"Oct 16, 08:00 am",8.36519
"Oct 16, 09:00 am",11.7141
"Oct 16, 10:00 am",13.7188
"Oct 16, 11:00 am",12.1543
"Oct 16, 12:00 pm",14.3017
"Oct 16, 01:00 pm",10.7281
"Oct 16, 02:00 pm",9.74437
"Oct 16, 03:00 pm",9.44074
"Oct 16, 04:00 pm",3.88881
"Oct 16, 05:00 pm",0.416249
"Oct 16, 06:00 pm",0
"Oct 16, 07:00 pm",0
"Oct 16, 08:00 pm",0
"Oct 16, 09:00 pm",0
"Oct 16, 10:00 pm",0
"Oct 16, 11:00 pm",0
"Oct 17, 12:00 am",0
"Oct 17, 01:00 am",0
"Oct 17, 02:00 am",0
"Oct 17, 03:00 am",0
"Oct 17, 04:00 am",0
"Oct 17, 05:00 am",0
"Oct 17, 06:00 am",0
"Oct 17, 07:00 am",3.60738
"Oct 17, 08:00 am",8.40844
"Oct 17, 09:00 am",11.9018
"Oct 17, 10:00 am",14.1771
"Oct 17, 11:00 am",15.3457
"Oct 17, 12:00 pm",15.417
"Oct 17, 01:00 pm",14.4641
"Oct 17, 02:00 pm",12.7623
"Oct 17, 03:00 pm",9.88913
"Oct 17, 04:00 pm",5.73903
"Oct 17, 05:00 pm",0.670671
"Oct 17, 06:00 pm",0
"Oct 17, 07:00 pm",0
"Oct 17, 08:00 pm",0
"Oct 17, 09:00 pm",0
"Oct 17, 10:00 pm",0
"Oct 17, 11:00 pm",0
"Oct 18, 12:00 am",0
"Oct 18, 01:00 am",0
"Oct 18, 02:00 am",0
"Oct 18, 03:00 am",0
"Oct 18, 04:00 am",0
"Oct 18, 05:00 am",0
"Oct 18, 06:00 am",0
"Oct 18, 07:00 am",3.57761
"Oct 18, 08:00 am",8.27567
"Oct 18, 09:00 am",11.5625
"Oct 18, 10:00 am",13.4806
"Oct 18, 11:00 am",14.4165
"Oct 18, 12:00 pm",14.5735
"Oct 18, 01:00 pm",13.794
"Oct 18, 02:00 pm",12.2375
"Oct 18, 03:00 pm",9.43551
"Oct 18, 04:00 pm",5.43712
"Oct 18, 05:00 pm",0.523746
"Oct 18, 06:00 pm",0
"Oct 18, 07:00 pm",0
"Oct 18, 08:00 pm",0
"Oct 18, 09:00 pm",0
"Oct 18, 10:00 pm",0
"Oct 18, 11:00 pm",0
"Oct 19, 12:00 am",0
"Oct 19, 01:00 am",0
"Oct 19, 02:00 am",0
"Oct 19, 03:00 am",0
"Oct 19, 04:00 am",0
"Oct 19, 05:00 am",0
"Oct 19, 06:00 am",0
"Oct 19, 07:00 am",3.44929
"Oct 19, 08:00 am",8.29488
"Oct 19, 09:00 am",11.8124
"Oct 19, 10:00 am",14.0679
"Oct 19, 11:00 am",15.2129
"Oct 19, 12:00 pm",15.4352
"Oct 19, 01:00 pm",14.5681
"Oct 19, 02:00 pm",12.848
"Oct 19, 03:00 pm",9.95954
"Oct 19, 04:00 pm",5.79393
"Oct 19, 05:00 pm",0.642589
"Oct 19, 06:00 pm",0
"Oct 19, 07:00 pm",0
"Oct 19, 08:00 pm",0
"Oct 19, 09:00 pm",0
"Oct 19, 10:00 pm",0
"Oct 19, 11:00 pm",0
"Oct 20, 12:00 am",0
"Oct 20, 01:00 am",0
"Oct 20, 02:00 am",0
"Oct 20, 03:00 am",0
"Oct 20, 04:00 am",0
"Oct 20, 05:00 am",0
"Oct 20, 06:00 am",0
"Oct 20, 07:00 am",3.9493
"Oct 20, 08:00 am",8.86611
"Oct 20, 09:00 am",12.0754
"Oct 20, 10:00 am",14.2236
"Oct 20, 11:00 am",15.2653
"Oct 20, 12:00 pm",15.3475
"Oct 20, 01:00 pm",14.3984
"Oct 20, 02:00 pm",12.5451
"Oct 20, 03:00 pm",9.53117
"Oct 20, 04:00 pm",5.48518
"Oct 20, 05:00 pm",0.516035
"Oct 20, 06:00 pm",0
"Oct 20, 07:00 pm",0
"Oct 20, 08:00 pm",0
"Oct 20, 09:00 pm",0
"Oct 20, 10:00 pm",0
"Oct 20, 11:00 pm",0
"Oct 21, 12:00 am",0
"Oct 21, 01:00 am",0
"Oct 21, 02:00 am",0
"Oct 21, 03:00 am",0
"Oct 21, 04:00 am",0
"Oct 21, 05:00 am",0
"Oct 21, 06:00 am",0
"Oct 21, 07:00 am",3.38111
"Oct 21, 08:00 am",7.98599
"Oct 21, 09:00 am",11.0613
"Oct 21, 10:00 am",12.9765
"Oct 21, 11:00 am",13.9225
"Oct 21, 12:00 pm",13.9932
"Oct 21, 01:00 pm",13.1064
"Oct 21, 02:00 pm",11.5874
"Oct 21, 03:00 pm",9.12588
"Oct 21, 04:00 pm",5.36901
"Oct 21, 05:00 pm",0.519845
"Oct 21, 06:00 pm",0
"Oct 21, 07:00 pm",0
"Oct 21, 08:00 pm",0
"Oct 21, 09:00 pm",0
"Oct 21, 10:00 pm",0
"Oct 21, 11:00 pm",0
"Oct 22, 12:00 am",0
"Oct 22, 01:00 am",0
"Oct 22, 02:00 am",0
"Oct 22, 03:00 am",0
"Oct 22, 04:00 am",0
"Oct 22, 05:00 am",0
"Oct 22, 06:00 am",0
"Oct 22, 07:00 am",3.23034
"Oct 22, 08:00 am",7.7087
"Oct 22, 09:00 am",10.8324
"Oct 22, 10:00 am",12.6983
"Oct 22, 11:00 am",13.4725
"Oct 22, 12:00 pm",13.6424
"Oct 22, 01:00 pm",13.1134
"Oct 22, 02:00 pm",11.5711
"Oct 22, 03:00 pm",8.9233
"Oct 22, 04:00 pm",4.93867
"Oct 22, 05:00 pm",0.310427
"Oct 22, 06:00 pm",0
"Oct 22, 07:00 pm",0
"Oct 22, 08:00 pm",0
"Oct 22, 09:00 pm",0
"Oct 22, 10:00 pm",0
"Oct 22, 11:00 pm",0
"Oct 23, 12:00 am",0
"Oct 23, 01:00 am",0
"Oct 23, 02:00 am",0
"Oct 23, 03:00 am",0
"Oct 23, 04:00 am",0
"Oct 23, 05:00 am",0
"Oct 23, 06:00 am",0
"Oct 23, 07:00 am",3.25076
"Oct 23, 08:00 am",7.41743
"Oct 23, 09:00 am",10.0256
"Oct 23, 10:00 am",11.6947
"Oct 23, 11:00 am",11.4367
"Oct 23, 12:00 pm",14.035
"Oct 23, 01:00 pm",13.4218
"Oct 23, 02:00 pm",11.9183
"Oct 23, 03:00 pm",9.20618
"Oct 23, 04:00 pm",5.17829
"Oct 23, 05:00 pm",0.278553
"Oct 23, 06:00 pm",0
"Oct 23, 07:00 pm",0
"Oct 23, 08:00 pm",0
"Oct 23, 09:00 pm",0
"Oct 23, 10:00 pm",0
"Oct 23, 11:00 pm",0
"Oct 24, 12:00 am",0
"Oct 24, 01:00 am",0
"Oct 24, 02:00 am",0
"Oct 24, 03:00 am",0
"Oct 24, 04:00 am",0
"Oct 24, 05:00 am",0
"Oct 24, 06:00 am",0
"Oct 24, 07:00 am",2.11206
"Oct 24, 08:00 am",6.03422
"Oct 24, 09:00 am",7.70684
"Oct 24, 10:00 am",7.00831
"Oct 24, 11:00 am",8.37228
"Oct 24, 12:00 pm",10.354
"Oct 24, 01:00 pm",7.61676
"Oct 24, 02:00 pm",5.81952
"Oct 24, 03:00 pm",1.66614
"Oct 24, 04:00 pm",0.711761
"Oct 24, 05:00 pm",-0
"Oct 24, 06:00 pm",0
"Oct 24, 07:00 pm",0
"Oct 24, 08:00 pm",0
"Oct 24, 09:00 pm",0
"Oct 24, 10:00 pm",0
"Oct 24, 11:00 pm",0
"Oct 25, 12:00 am",0
"Oct 25, 01:00 am",0
"Oct 25, 02:00 am",0
"Oct 25, 03:00 am",0
"Oct 25, 04:00 am",0
"Oct 25, 05:00 am",0
"Oct 25, 06:00 am",0
"Oct 25, 07:00 am",2.96368
"Oct 25, 08:00 am",7.70103
"Oct 25, 09:00 am",11.1037
"Oct 25, 10:00 am",13.3091
"Oct 25, 11:00 am",14.2011
"Oct 25, 12:00 pm",14.177
"Oct 25, 01:00 pm",13.4022
"Oct 25, 02:00 pm",11.7361
"Oct 25, 03:00 pm",9.00631
"Oct 25, 04:00 pm",5.05949
"Oct 25, 05:00 pm",0.226275
"Oct 25, 06:00 pm",0
"Oct 25, 07:00 pm",0
"Oct 25, 08:00 pm",0
"Oct 25, 09:00 pm",0
"Oct 25, 10:00 pm",0
"Oct 25, 11:00 pm",0
"Oct 26, 12:00 am",0
"Oct 26, 01:00 am",0
"Oct 26, 02:00 am",0
"Oct 26, 03:00 am",0
"Oct 26, 04:00 am",0
"Oct 26, 05:00 am",0
"Oct 26, 06:00 am",0
"Oct 26, 07:00 am",3.30605
"Oct 26, 08:00 am",7.95335
"Oct 26, 09:00 am",11.0105
"Oct 26, 10:00 am",12.6293
"Oct 26, 11:00 am",13.8861
"Oct 26, 12:00 pm",14.1208
"Oct 26, 01:00 pm",13.3983
"Oct 26, 02:00 pm",11.8015
"Oct 26, 03:00 pm",9.18202
"Oct 26, 04:00 pm",5.21678
"Oct 26, 05:00 pm",0.269504
"Oct 26, 06:00 pm",0
"Oct 26, 07:00 pm",0
"Oct 26, 08:00 pm",0
"Oct 26, 09:00 pm",0
"Oct 26, 10:00 pm",0
"Oct 26, 11:00 pm",0
"Oct 27, 12:00 am",0
"Oct 27, 01:00 am",0
"Oct 27, 02:00 am",0
"Oct 27, 03:00 am",0
"Oct 27, 04:00 am",0
"Oct 27, 05:00 am",0
"Oct 27, 06:00 am",0
"Oct 27, 07:00 am",1.76095
"Oct 27, 08:00 am",4.72557
"Oct 27, 09:00 am",9.93089
"Oct 27, 10:00 am",11.0346
"Oct 27, 11:00 am",10.2887
"Oct 27, 12:00 pm",9.92846
"Oct 27, 01:00 pm",9.62265
"Oct 27, 02:00 pm",8.89211
"Oct 27, 03:00 pm",6.87164
"Oct 27, 04:00 pm",3.62899
"Oct 27, 05:00 pm",-0
"Oct 27, 06:00 pm",0
"Oct 27, 07:00 pm",0
"Oct 27, 08:00 pm",0
"Oct 27, 09:00 pm",0
"Oct 27, 10:00 pm",0
"Oct 27, 11:00 pm",0
"Oct 28, 12:00 am",0
"Oct 28, 01:00 am",0
"Oct 28, 02:00 am",0
"Oct 28, 03:00 am",0
"Oct 28, 04:00 am",0
"Oct 28, 05:00 am",0
"Oct 28, 06:00 am",0
"Oct 28, 07:00 am",2.33687
"Oct 28, 08:00 am",2.45895
"Oct 28, 09:00 am",7.29582
"Oct 28, 10:00 am",4.05069
"Oct 28, 11:00 am",10.2463
"Oct 28, 12:00 pm",11.8737
"Oct 28, 01:00 pm",13.0825
"Oct 28, 02:00 pm",11.5922
"Oct 28, 03:00 pm",5.29965
"Oct 28, 04:00 pm",2.76391
"Oct 28, 05:00 pm",-0
"Oct 28, 06:00 pm",0
"Oct 28, 07:00 pm",0
"Oct 28, 08:00 pm",0
"Oct 28, 09:00 pm",0
"Oct 28, 10:00 pm",0
"Oct 28, 11:00 pm",0
"Oct 29, 12:00 am",0
"Oct 29, 01:00 am",0
"Oct 29, 02:00 am",0
"Oct 29, 03:00 am",0
"Oct 29, 04:00 am",0
"Oct 29, 05:00 am",0
"Oct 29, 06:00 am",0
"Oct 29, 07:00 am",3.32389
"Oct 29, 08:00 am",7.97063
"Oct 29, 09:00 am",11.1554
"Oct 29, 10:00 am",12.9337
"Oct 29, 11:00 am",13.793
"Oct 29, 12:00 pm",13.9081
"Oct 29, 01:00 pm",13.2302
"Oct 29, 02:00 pm",11.7174
"Oct 29, 03:00 pm",9.00303
"Oct 29, 04:00 pm",4.9861
"Oct 29, 05:00 pm",-0
"Oct 29, 06:00 pm",0
"Oct 29, 07:00 pm",0
"Oct 29, 08:00 pm",0
"Oct 29, 09:00 pm",0
"Oct 29, 10:00 pm",0
"Oct 29, 11:00 pm",0
"Oct 30, 12:00 am",0
"Oct 30, 01:00 am",0
"Oct 30, 02:00 am",0
"Oct 30, 03:00 am",0
"Oct 30, 04:00 am",0
"Oct 30, 05:00 am",0
"Oct 30, 06:00 am",0
"Oct 30, 07:00 am",3.15207
"Oct 30, 08:00 am",5.77829
"Oct 30, 09:00 am",9.8391
"Oct 30, 10:00 am",11.4932
"Oct 30, 11:00 am",13.9357
"Oct 30, 12:00 pm",11.8919
"Oct 30, 01:00 pm",9.77497
"Oct 30, 02:00 pm",11.7089
"Oct 30, 03:00 pm",7.47057
"Oct 30, 04:00 pm",3.81132
"Oct 30, 05:00 pm",-0
"Oct 30, 06:00 pm",0
"Oct 30, 07:00 pm",0
"Oct 30, 08:00 pm",0
"Oct 30, 09:00 pm",0
"Oct 30, 10:00 pm",0
"Oct 30, 11:00 pm",0
"Oct 31, 12:00 am",0
"Oct 31, 01:00 am",0
"Oct 31, 02:00 am",0
"Oct 31, 03:00 am",0
"Oct 31, 04:00 am",0
"Oct 31, 05:00 am",0
"Oct 31, 06:00 am",0
"Oct 31, 07:00 am",3.01331
"Oct 31, 08:00 am",7.41284
"Oct 31, 09:00 am",10.5982
"Oct 31, 10:00 am",11.4685
"Oct 31, 11:00 am",11.2426
"Oct 31, 12:00 pm",9.57034
"Oct 31, 01:00 pm",10.3575
"Oct 31, 02:00 pm",12.2086
"Oct 31, 03:00 pm",5.37465
"Oct 31, 04:00 pm",2.60616
"Oct 31, 05:00 pm",-0
"Oct 31, 06:00 pm",0
"Oct 31, 07:00 pm",0
"Oct 31, 08:00 pm",0
"Oct 31, 09:00 pm",0
"Oct 31, 10:00 pm",0
"Oct 31, 11:00 pm",0
"Nov 1, 12:00 am",0
"Nov 1, 01:00 am",0
"Nov 1, 02:00 am",0
"Nov 1, 03:00 am",0
"Nov 1, 04:00 am",0
"Nov 1, 05:00 am",0
"Nov 1, 06:00 am",0
"Nov 1, 07:00 am",3.49425
"Nov 1, 08:00 am",8.61994
"Nov 1, 09:00 am",11.9878
"Nov 1, 10:00 am",13.9272
"Nov 1, 11:00 am",14.9466
"Nov 1, 12:00 pm",14.9712
"Nov 1, 01:00 pm",13.9293
"Nov 1, 02:00 pm",12.0823
"Nov 1, 03:00 pm",6.62263
"Nov 1, 04:00 pm",3.48987
"Nov 1, 05:00 pm",-0
"Nov 1, 06:00 pm",0
"Nov 1, 07:00 pm",0
"Nov 1, 08:00 pm",0
"Nov 1, 09:00 pm",0
"Nov 1, 10:00 pm",0
"Nov 1, 11:00 pm",0
"Nov 2, 12:00 am",0
"Nov 2, 01:00 am",0
"Nov 2, 02:00 am",0
"Nov 2, 03:00 am",0
"Nov 2, 04:00 am",0
"Nov 2, 05:00 am",0
"Nov 2, 06:00 am",0
"Nov 2, 07:00 am",1.61647
"Nov 2, 08:00 am",8.39116
"Nov 2, 09:00 am",12.0126
"Nov 2, 10:00 am",10.5102
"Nov 2, 11:00 am",15.414
"Nov 2, 12:00 pm",12.4487
"Nov 2, 01:00 pm",11.957
"Nov 2, 02:00 pm",9.8841
"Nov 2, 03:00 pm",7.32369
"Nov 2, 04:00 pm",3.55677
"Nov 2, 05:00 pm",-0
"Nov 2, 06:00 pm",0
"Nov 2, 07:00 pm",0
"Nov 2, 08:00 pm",0
"Nov 2, 09:00 pm",0
"Nov 2, 10:00 pm",0
"Nov 2, 11:00 pm",0
"Nov 3, 12:00 am",0
"Nov 3, 01:00 am",0
"Nov 3, 02:00 am",0
"Nov 3, 03:00 am",0
"Nov 3, 04:00 am",0
"Nov 3, 05:00 am",0
"Nov 3, 06:00 am",0
"Nov 3, 07:00 am",-0
"Nov 3, 08:00 am",1.03767
"Nov 3, 09:00 am",1.91906
"Nov 3, 10:00 am",2.75581
"Nov 3, 11:00 am",3.51742
"Nov 3, 12:00 pm",6.06661
"Nov 3, 01:00 pm",8.62918
"Nov 3, 02:00 pm",3.57765
"Nov 3, 03:00 pm",8.89009
"Nov 3, 04:00 pm",4.64808
"Nov 3, 05:00 pm",-0
"Nov 3, 06:00 pm",0
"Nov 3, 07:00 pm",0
"Nov 3, 08:00 pm",0
"Nov 3, 09:00 pm",0
"Nov 3, 10:00 pm",0
"Nov 3, 11:00 pm",0
"Nov 4, 12:00 am",0
"Nov 4, 01:00 am",0
"Nov 4, 02:00 am",0
"Nov 4, 03:00 am",0
"Nov 4, 04:00 am",0
"Nov 4, 05:00 am",0
"Nov 4, 06:00 am",0
"Nov 4, 07:00 am",3.08899
"Nov 4, 08:00 am",8.22588
"Nov 4, 09:00 am",11.8576
"Nov 4, 10:00 am",14.1543
"Nov 4, 11:00 am",15.2656
"Nov 4, 12:00 pm",15.4344
"Nov 4, 01:00 pm",14.6025
"Nov 4, 02:00 pm",12.7948
"Nov 4, 03:00 pm",9.66596
"Nov 4, 04:00 pm",5.18332
"Nov 4, 05:00 pm",-0
"Nov 4, 06:00 pm",0
"Nov 4, 07:00 pm",0
"Nov 4, 08:00 pm",0
"Nov 4, 09:00 pm",0
"Nov 4, 10:00 pm",0
"Nov 4, 11:00 pm",0
"Nov 5, 12:00 am",0
"Nov 5, 01:00 am",0
"Nov 5, 02:00 am",0
"Nov 5, 03:00 am",0
"Nov 5, 04:00 am",0
"Nov 5, 05:00 am",0
"Nov 5, 06:00 am",0
"Nov 5, 07:00 am",3.3092
"Nov 5, 08:00 am",8.58109
"Nov 5, 09:00 am",12.2044
"Nov 5, 10:00 am",14.2731
"Nov 5, 11:00 am",15.2396
"Nov 5, 12:00 pm",15.0173
"Nov 5, 01:00 pm",14.016
"Nov 5, 02:00 pm",12.1505
"Nov 5, 03:00 pm",9.44
"Nov 5, 04:00 pm",5.2821
"Nov 5, 05:00 pm",-0
"Nov 5, 06:00 pm",0
"Nov 5, 07:00 pm",0
"Nov 5, 08:00 pm",0
"Nov 5, 09:00 pm",0
"Nov 5, 10:00 pm",0
"Nov 5, 11:00 pm",0
"Nov 6, 12:00 am",0
"Nov 6, 01:00 am",0
"Nov 6, 02:00 am",0
"Nov 6, 03:00 am",0
"Nov 6, 04:00 am",0
"Nov 6, 05:00 am",0
"Nov 6, 06:00 am",0
"Nov 6, 07:00 am",3.29763
"Nov 6, 08:00 am",8.06125
"Nov 6, 09:00 am",9.2727
"Nov 6, 10:00 am",11.1749
"Nov 6, 11:00 am",11.4544
"Nov 6, 12:00 pm",13.1141
"Nov 6, 01:00 pm",12.2953
"Nov 6, 02:00 pm",12.5538
"Nov 6, 03:00 pm",4.92994
"Nov 6, 04:00 pm",0.514014
"Nov 6, 05:00 pm",-0
"Nov 6, 06:00 pm",0
"Nov 6, 07:00 pm",0
"Nov 6, 08:00 pm",0
"Nov 6, 09:00 pm",0
"Nov 6, 10:00 pm",0
"Nov 6, 11:00 pm",0
"Nov 7, 12:00 am",0
"Nov 7, 01:00 am",0
"Nov 7, 02:00 am",0
"Nov 7, 03:00 am",0
"Nov 7, 04:00 am",0
"Nov 7, 05:00 am",0
"Nov 7, 06:00 am",0
"Nov 7, 07:00 am",3.02239
"Nov 7, 08:00 am",8.12997
"Nov 7, 09:00 am",8.203
"Nov 7, 10:00 am",11.737
"Nov 7, 11:00 am",14.949
"Nov 7, 12:00 pm",13.467
"Nov 7, 01:00 pm",11.8714
"Nov 7, 02:00 pm",10.0237
"Nov 7, 03:00 pm",9.04093
"Nov 7, 04:00 pm",2.33365
"Nov 7, 05:00 pm",-0
"Nov 7, 06:00 pm",0
"Nov 7, 07:00 pm",0
"Nov 7, 08:00 pm",0
"Nov 7, 09:00 pm",0
"Nov 7, 10:00 pm",0
"Nov 7, 11:00 pm",0
"Nov 8, 12:00 am",0
"Nov 8, 01:00 am",0
"Nov 8, 02:00 am",0
"Nov 8, 03:00 am",0
"Nov 8, 04:00 am",0
"Nov 8, 05:00 am",0
"Nov 8, 06:00 am",0
"Nov 8, 07:00 am",1.51065
"Nov 8, 08:00 am",7.92228
"Nov 8, 09:00 am",8.23407
"Nov 8, 10:00 am",13.1798
"Nov 8, 11:00 am",13.1483
"Nov 8, 12:00 pm",14.5756
"Nov 8, 01:00 pm",13.9795
"Nov 8, 02:00 pm",10.5952
"Nov 8, 03:00 pm",6.81474
"Nov 8, 04:00 pm",3.64259
"Nov 8, 05:00 pm",0
"Nov 8, 06:00 pm",0
"Nov 8, 07:00 pm",0
"Nov 8, 08:00 pm",0
"Nov 8, 09:00 pm",0
"Nov 8, 10:00 pm",0
"Nov 8, 11:00 pm",0
"Nov 9, 12:00 am",0
"Nov 9, 01:00 am",0
"Nov 9, 02:00 am",0
"Nov 9, 03:00 am",0
"Nov 9, 04:00 am",0
"Nov 9, 05:00 am",0
"Nov 9, 06:00 am",0
"Nov 9, 07:00 am",1.7862
"Nov 9, 08:00 am",6.73086
"Nov 9, 09:00 am",9.78682
"Nov 9, 10:00 am",11.7331
"Nov 9, 11:00 am",12.4407
"Nov 9, 12:00 pm",9.71432
"Nov 9, 01:00 pm",11.1975
"Nov 9, 02:00 pm",8.22039
"Nov 9, 03:00 pm",6.35478
"Nov 9, 04:00 pm",3.49808
"Nov 9, 05:00 pm",0
"Nov 9, 06:00 pm",0
"Nov 9, 07:00 pm",0
"Nov 9, 08:00 pm",0
"Nov 9, 09:00 pm",0
"Nov 9, 10:00 pm",0
"Nov 9, 11:00 pm",0
"Nov 10, 12:00 am",0
"Nov 10, 01:00 am",0
"Nov 10, 02:00 am",0
"Nov 10, 03:00 am",0
"Nov 10, 04:00 am",0
"Nov 10, 05:00 am",0
"Nov 10, 06:00 am",0
"Nov 10, 07:00 am",0.848039
"Nov 10, 08:00 am",3.34305
"Nov 10, 09:00 am",5.7245
"Nov 10, 10:00 am",9.25168
"Nov 10, 11:00 am",5.15437
"Nov 10, 12:00 pm",5.67611
"Nov 10, 01:00 pm",2.75331
"Nov 10, 02:00 pm",3.5977
"Nov 10, 03:00 pm",3.34535
"Nov 10, 04:00 pm",2.3207
"Nov 10, 05:00 pm",0
"Nov 10, 06:00 pm",0
"Nov 10, 07:00 pm",0
"Nov 10, 08:00 pm",0
"Nov 10, 09:00 pm",0
"Nov 10, 10:00 pm",0
"Nov 10, 11:00 pm",0
"Nov 11, 12:00 am",0
"Nov 11, 01:00 am",0
"Nov 11, 02:00 am",0
"Nov 11, 03:00 am",0
"Nov 11, 04:00 am",0
"Nov 11, 05:00 am",0
"Nov 11, 06:00 am",0
"Nov 11, 07:00 am",2.33847
"Nov 11, 08:00 am",7.52767
"Nov 11, 09:00 am",11.2924
"Nov 11, 10:00 am",13.7883
"Nov 11, 11:00 am",14.9087
"Nov 11, 12:00 pm",15.1407
"Nov 11, 01:00 pm",14.5367
"Nov 11, 02:00 pm",12.519
"Nov 11, 03:00 pm",9.3899
"Nov 11, 04:00 pm",4.73632
"Nov 11, 05:00 pm",0
"Nov 11, 06:00 pm",0
"Nov 11, 07:00 pm",0
"Nov 11, 08:00 pm",0
"Nov 11, 09:00 pm",0
"Nov 11, 10:00 pm",0
"Nov 11, 11:00 pm",0
"Nov 12, 12:00 am",0
"Nov 12, 01:00 am",0
"Nov 12, 02:00 am",0
"Nov 12, 03:00 am",0
"Nov 12, 04:00 am",0
"Nov 12, 05:00 am",0
"Nov 12, 06:00 am",0
"Nov 12, 07:00 am",2.61564
"Nov 12, 08:00 am",8.04703
"Nov 12, 09:00 am",11.6538
"Nov 12, 10:00 am",13.8854
"Nov 12, 11:00 am",14.9824
"Nov 12, 12:00 pm",15.1453
"Nov 12, 01:00 pm",14.2862
"Nov 12, 02:00 pm",12.5146
"Nov 12, 03:00 pm",9.50736
"Nov 12, 04:00 pm",5.02417
"Nov 12, 05:00 pm",0
"Nov 12, 06:00 pm",0
"Nov 12, 07:00 pm",0
"Nov 12, 08:00 pm",0
"Nov 12, 09:00 pm",0
"Nov 12, 10:00 pm",0
"Nov 12, 11:00 pm",0
"Nov 13, 12:00 am",0
"Nov 13, 01:00 am",0
"Nov 13, 02:00 am",0
"Nov 13, 03:00 am",0
"Nov 13, 04:00 am",0
"Nov 13, 05:00 am",0
"Nov 13, 06:00 am",0
"Nov 13, 07:00 am",2.9302
"Nov 13, 08:00 am",8.55198
"Nov 13, 09:00 am",12.1685
"Nov 13, 10:00 am",14.4225
"Nov 13, 11:00 am",15.4345
"Nov 13, 12:00 pm",15.5127
"Nov 13, 01:00 pm",14.6193
"Nov 13, 02:00 pm",12.6658
"Nov 13, 03:00 pm",9.66551
"Nov 13, 04:00 pm",5.1226
"Nov 13, 05:00 pm",0
"Nov 13, 06:00 pm",0
"Nov 13, 07:00 pm",0
"Nov 13, 08:00 pm",0
"Nov 13, 09:00 pm",0
"Nov 13, 10:00 pm",0
"Nov 13, 11:00 pm",0
"Nov 14, 12:00 am",0
"Nov 14, 01:00 am",0
"Nov 14, 02:00 am",0
"Nov 14, 03:00 am",0
"Nov 14, 04:00 am",0
"Nov 14, 05:00 am",0
"Nov 14, 06:00 am",0
"Nov 14, 07:00 am",2.67512
"Nov 14, 08:00 am",8.15212
"Nov 14, 09:00 am",11.6187
"Nov 14, 10:00 am",13.9446
"Nov 14, 11:00 am",15.0874
"Nov 14, 12:00 pm",15.2624
"Nov 14, 01:00 pm",14.3916
"Nov 14, 02:00 pm",12.3883
"Nov 14, 03:00 pm",9.36938
"Nov 14, 04:00 pm",4.87909
"Nov 14, 05:00 pm",0
"Nov 14, 06:00 pm",0
"Nov 14, 07:00 pm",0
"Nov 14, 08:00 pm",0
"Nov 14, 09:00 pm",0
"Nov 14, 10:00 pm",0
"Nov 14, 11:00 pm",0
"Nov 15, 12:00 am",0
"Nov 15, 01:00 am",0
"Nov 15, 02:00 am",0
"Nov 15, 03:00 am",0
"Nov 15, 04:00 am",0
"Nov 15, 05:00 am",0
"Nov 15, 06:00 am",0
"Nov 15, 07:00 am",2.61792
"Nov 15, 08:00 am",8.60693
"Nov 15, 09:00 am",12.5726
"Nov 15, 10:00 am",15.1945
"Nov 15, 11:00 am",16.4523
"Nov 15, 12:00 pm",16.6768
"Nov 15, 01:00 pm",15.7002
"Nov 15, 02:00 pm",13.6052
"Nov 15, 03:00 pm",10.3594
"Nov 15, 04:00 pm",5.48559
"Nov 15, 05:00 pm",0
"Nov 15, 06:00 pm",0
"Nov 15, 07:00 pm",0
"Nov 15, 08:00 pm",0
"Nov 15, 09:00 pm",0
"Nov 15, 10:00 pm",0
"Nov 15, 11:00 pm",0
"Nov 16, 12:00 am",0
"Nov 16, 01:00 am",0
"Nov 16, 02:00 am",0
"Nov 16, 03:00 am",0
"Nov 16, 04:00 am",0
"Nov 16, 05:00 am",0
"Nov 16, 06:00 am",0
"Nov 16, 07:00 am",2.68312
"Nov 16, 08:00 am",8.60873
"Nov 16, 09:00 am",12.3396
"Nov 16, 10:00 am",14.7764
"Nov 16, 11:00 am",15.9667
"Nov 16, 12:00 pm",16.1101
"Nov 16, 01:00 pm",15.1493
"Nov 16, 02:00 pm",12.9555
"Nov 16, 03:00 pm",9.81961
"Nov 16, 04:00 pm",5.12867
"Nov 16, 05:00 pm",0
"Nov 16, 06:00 pm",0
"Nov 16, 07:00 pm",0
"Nov 16, 08:00 pm",0
"Nov 16, 09:00 pm",0
"Nov 16, 10:00 pm",0
"Nov 16, 11:00 pm",0
"Nov 17, 12:00 am",0
"Nov 17, 01:00 am",0
"Nov 17, 02:00 am",0
"Nov 17, 03:00 am",0
"Nov 17, 04:00 am",0
"Nov 17, 05:00 am",0
"Nov 17, 06:00 am",0
"Nov 17, 07:00 am",2.38179
"Nov 17, 08:00 am",8.34737
"Nov 17, 09:00 am",12.1599
"Nov 17, 10:00 am",14.4105
"Nov 17, 11:00 am",15.608
"Nov 17, 12:00 pm",15.8387
"Nov 17, 01:00 pm",14.9108
"Nov 17, 02:00 pm",12.8503
"Nov 17, 03:00 pm",9.73239
"Nov 17, 04:00 pm",5.07172
"Nov 17, 05:00 pm",0
"Nov 17, 06:00 pm",0
"Nov 17, 07:00 pm",0
"Nov 17, 08:00 pm",0
"Nov 17, 09:00 pm",0
"Nov 17, 10:00 pm",0
"Nov 17, 11:00 pm",0
"Nov 18, 12:00 am",0
"Nov 18, 01:00 am",0
"Nov 18, 02:00 am",0
"Nov 18, 03:00 am",0
"Nov 18, 04:00 am",0
"Nov 18, 05:00 am",0
"Nov 18, 06:00 am",0
"Nov 18, 07:00 am",2.53067
"Nov 18, 08:00 am",8.70028
"Nov 18, 09:00 am",12.455
"Nov 18, 10:00 am",14.9322
"Nov 18, 11:00 am",16.2162
"Nov 18, 12:00 pm",16.4827
"Nov 18, 01:00 pm",15.5704
"Nov 18, 02:00 pm",13.3884
"Nov 18, 03:00 pm",10.1602
"Nov 18, 04:00 pm",5.32267
"Nov 18, 05:00 pm",0
"Nov 18, 06:00 pm",0
"Nov 18, 07:00 pm",0
"Nov 18, 08:00 pm",0
"Nov 18, 09:00 pm",0
"Nov 18, 10:00 pm",0
"Nov 18, 11:00 pm",0
"Nov 19, 12:00 am",0
"Nov 19, 01:00 am",0
"Nov 19, 02:00 am",0
"Nov 19, 03:00 am",0
"Nov 19, 04:00 am",0
"Nov 19, 05:00 am",0
"Nov 19, 06:00 am",0
"Nov 19, 07:00 am",2.27273
"Nov 19, 08:00 am",8.40265
"Nov 19, 09:00 am",12.0583
"Nov 19, 10:00 am",14.4006
"Nov 19, 11:00 am",15.5115
"Nov 19, 12:00 pm",15.7208
"Nov 19, 01:00 pm",14.8096
"Nov 19, 02:00 pm",12.6776
"Nov 19, 03:00 pm",9.5885
"Nov 19, 04:00 pm",5.00958
"Nov 19, 05:00 pm",0
"Nov 19, 06:00 pm",0
"Nov 19, 07:00 pm",0
"Nov 19, 08:00 pm",0
"Nov 19, 09:00 pm",0
"Nov 19, 10:00 pm",0
"Nov 19, 11:00 pm",0
"Nov 20, 12:00 am",0
"Nov 20, 01:00 am",0
"Nov 20, 02:00 am",0
"Nov 20, 03:00 am",0
"Nov 20, 04:00 am",0
"Nov 20, 05:00 am",0
"Nov 20, 06:00 am",0
"Nov 20, 07:00 am",1.98973
"Nov 20, 08:00 am",8.26603
"Nov 20, 09:00 am",12.0069
"Nov 20, 10:00 am",14.4087
"Nov 20, 11:00 am",15.6208
"Nov 20, 12:00 pm",15.8883
"Nov 20, 01:00 pm",15.0259
"Nov 20, 02:00 pm",13.0071
"Nov 20, 03:00 pm",9.68657
"Nov 20, 04:00 pm",4.97601
"Nov 20, 05:00 pm",0
"Nov 20, 06:00 pm",0
"Nov 20, 07:00 pm",0
"Nov 20, 08:00 pm",0
"Nov 20, 09:00 pm",0
"Nov 20, 10:00 pm",0
"Nov 20, 11:00 pm",0
"Nov 21, 12:00 am",0
"Nov 21, 01:00 am",0
"Nov 21, 02:00 am",0
"Nov 21, 03:00 am",0
"Nov 21, 04:00 am",0
"Nov 21, 05:00 am",0
"Nov 21, 06:00 am",0
"Nov 21, 07:00 am",1.40491
"Nov 21, 08:00 am",6.9453
"Nov 21, 09:00 am",8.42401
"Nov 21, 10:00 am",11.2315
"Nov 21, 11:00 am",12.1064
"Nov 21, 12:00 pm",13.9155
"Nov 21, 01:00 pm",11.3231
"Nov 21, 02:00 pm",12.8873
"Nov 21, 03:00 pm",9.65979
"Nov 21, 04:00 pm",4.97624
"Nov 21, 05:00 pm",0
"Nov 21, 06:00 pm",0
"Nov 21, 07:00 pm",0
"Nov 21, 08:00 pm",0
"Nov 21, 09:00 pm",0
"Nov 21, 10:00 pm",0
"Nov 21, 11:00 pm",0
"Nov 22, 12:00 am",0
"Nov 22, 01:00 am",0
"Nov 22, 02:00 am",0
"Nov 22, 03:00 am",0
"Nov 22, 04:00 am",0
"Nov 22, 05:00 am",0
"Nov 22, 06:00 am",0
"Nov 22, 07:00 am",0.590388
"Nov 22, 08:00 am",7.9962
"Nov 22, 09:00 am",7.96283
"Nov 22, 10:00 am",8.93955
"Nov 22, 11:00 am",11.3595
"Nov 22, 12:00 pm",10.8017
"Nov 22, 01:00 pm",11.0385
"Nov 22, 02:00 pm",10.4202
"Nov 22, 03:00 pm",6.91224
"Nov 22, 04:00 pm",3.78529
"Nov 22, 05:00 pm",0
"Nov 22, 06:00 pm",0
"Nov 22, 07:00 pm",0
"Nov 22, 08:00 pm",0
"Nov 22, 09:00 pm",0
"Nov 22, 10:00 pm",0
"Nov 22, 11:00 pm",0
"Nov 23, 12:00 am",0
"Nov 23, 01:00 am",0
"Nov 23, 02:00 am",0
"Nov 23, 03:00 am",0
"Nov 23, 04:00 am",0
"Nov 23, 05:00 am",0
"Nov 23, 06:00 am",0
"Nov 23, 07:00 am",0.118729
"Nov 23, 08:00 am",2.80455
"Nov 23, 09:00 am",4.50494
"Nov 23, 10:00 am",6.60755
"Nov 23, 11:00 am",2.94494
"Nov 23, 12:00 pm",6.8368
"Nov 23, 01:00 pm",2.533
"Nov 23, 02:00 pm",8.69942
"Nov 23, 03:00 pm",2.4684
"Nov 23, 04:00 pm",2.21387
"Nov 23, 05:00 pm",0
"Nov 23, 06:00 pm",0
"Nov 23, 07:00 pm",0
"Nov 23, 08:00 pm",0
"Nov 23, 09:00 pm",0
"Nov 23, 10:00 pm",0
"Nov 23, 11:00 pm",0
"Nov 24, 12:00 am",0
"Nov 24, 01:00 am",0
"Nov 24, 02:00 am",0
"Nov 24, 03:00 am",0
"Nov 24, 04:00 am",0
"Nov 24, 05:00 am",0
"Nov 24, 06:00 am",0
"Nov 24, 07:00 am",1.03187
"Nov 24, 08:00 am",6.81846
"Nov 24, 09:00 am",10.7011
"Nov 24, 10:00 am",13.0539
"Nov 24, 11:00 am",14.3542
"Nov 24, 12:00 pm",14.5072
"Nov 24, 01:00 pm",13.6739
"Nov 24, 02:00 pm",12.0444
"Nov 24, 03:00 pm",9.02088
"Nov 24, 04:00 pm",4.56668
"Nov 24, 05:00 pm",0
"Nov 24, 06:00 pm",0
"Nov 24, 07:00 pm",0
"Nov 24, 08:00 pm",0
"Nov 24, 09:00 pm",0
"Nov 24, 10:00 pm",0
"Nov 24, 11:00 pm",0
"Nov 25, 12:00 am",0
"Nov 25, 01:00 am",0
"Nov 25, 02:00 am",0
"Nov 25, 03:00 am",0
"Nov 25, 04:00 am",0
"Nov 25, 05:00 am",0
"Nov 25, 06:00 am",0
"Nov 25, 07:00 am",1.43012
"Nov 25, 08:00 am",7.69116
"Nov 25, 09:00 am",11.5286
"Nov 25, 10:00 am",13.6705
"Nov 25, 11:00 am",14.7754
"Nov 25, 12:00 pm",14.9681
"Nov 25, 01:00 pm",14.2683
"Nov 25, 02:00 pm",12.4588
"Nov 25, 03:00 pm",8.54941
"Nov 25, 04:00 pm",3.9441
"Nov 25, 05:00 pm",0
"Nov 25, 06:00 pm",0
"Nov 25, 07:00 pm",0
"Nov 25, 08:00 pm",0
"Nov 25, 09:00 pm",0
"Nov 25, 10:00 pm",0
"Nov 25, 11:00 pm",0
"Nov 26, 12:00 am",0
"Nov 26, 01:00 am",0
"Nov 26, 02:00 am",0
"Nov 26, 03:00 am",0
"Nov 26, 04:00 am",0
"Nov 26, 05:00 am",0
"Nov 26, 06:00 am",0
"Nov 26, 07:00 am",-0
"Nov 26, 08:00 am",3.29536
"Nov 26, 09:00 am",9.42804
"Nov 26, 10:00 am",13.694
"Nov 26, 11:00 am",14.7435
"Nov 26, 12:00 pm",12.4893
"Nov 26, 01:00 pm",14.5303
"Nov 26, 02:00 pm",12.9794
"Nov 26, 03:00 pm",9.56543
"Nov 26, 04:00 pm",4.53015
"Nov 26, 05:00 pm",0
"Nov 26, 06:00 pm",0
"Nov 26, 07:00 pm",0
"Nov 26, 08:00 pm",0
"Nov 26, 09:00 pm",0
"Nov 26, 10:00 pm",0
"Nov 26, 11:00 pm",0
"Nov 27, 12:00 am",0
"Nov 27, 01:00 am",0
"Nov 27, 02:00 am",0
"Nov 27, 03:00 am",0
"Nov 27, 04:00 am",0
"Nov 27, 05:00 am",0
"Nov 27, 06:00 am",0
"Nov 27, 07:00 am",0.12571
"Nov 27, 08:00 am",3.79711
"Nov 27, 09:00 am",7.90447
"Nov 27, 10:00 am",15.5328
"Nov 27, 11:00 am",16.9205
"Nov 27, 12:00 pm",17.1544
"Nov 27, 01:00 pm",16.1933
"Nov 27, 02:00 pm",13.8725
"Nov 27, 03:00 pm",10.5032
"Nov 27, 04:00 pm",5.34964
"Nov 27, 05:00 pm",0
"Nov 27, 06:00 pm",0
"Nov 27, 07:00 pm",0
"Nov 27, 08:00 pm",0
"Nov 27, 09:00 pm",0
"Nov 27, 10:00 pm",0
"Nov 27, 11:00 pm",0
"Nov 28, 12:00 am",0
"Nov 28, 01:00 am",0
"Nov 28, 02:00 am",0
"Nov 28, 03:00 am",0
"Nov 28, 04:00 am",0
"Nov 28, 05:00 am",0
"Nov 28, 06:00 am",0
"Nov 28, 07:00 am",1.69001
"Nov 28, 08:00 am",8.58727
"Nov 28, 09:00 am",12.537
"Nov 28, 10:00 am",15.2007
"Nov 28, 11:00 am",16.4756
"Nov 28, 12:00 pm",16.6871
"Nov 28, 01:00 pm",15.8063
"Nov 28, 02:00 pm",13.6124
"Nov 28, 03:00 pm",10.3796
"Nov 28, 04:00 pm",5.3134
"Nov 28, 05:00 pm",0
"Nov 28, 06:00 pm",0
"Nov 28, 07:00 pm",0
"Nov 28, 08:00 pm",0
"Nov 28, 09:00 pm",0
"Nov 28, 10:00 pm",0
"Nov 28, 11:00 pm",0
"Nov 29, 12:00 am",0
"Nov 29, 01:00 am",0
"Nov 29, 02:00 am",0
"Nov 29, 03:00 am",0
"Nov 29, 04:00 am",0
"Nov 29, 05:00 am",0
"Nov 29, 06:00 am",0
"Nov 29, 07:00 am",1.24167
"Nov 29, 08:00 am",7.75882
"Nov 29, 09:00 am",11.7427
"Nov 29, 10:00 am",14.0343
"Nov 29, 11:00 am",15.3548
"Nov 29, 12:00 pm",15.5831
"Nov 29, 01:00 pm",14.6987
"Nov 29, 02:00 pm",12.8136
"Nov 29, 03:00 pm",9.72826
"Nov 29, 04:00 pm",1.10153
"Nov 29, 05:00 pm",0
"Nov 29, 06:00 pm",0
"Nov 29, 07:00 pm",0
"Nov 29, 08:00 pm",0
"Nov 29, 09:00 pm",0
"Nov 29, 10:00 pm",0
"Nov 29, 11:00 pm",0
"Nov 30, 12:00 am",0
"Nov 30, 01:00 am",0
"Nov 30, 02:00 am",0
"Nov 30, 03:00 am",0
"Nov 30, 04:00 am",0
"Nov 30, 05:00 am",0
"Nov 30, 06:00 am",0
"Nov 30, 07:00 am",1.21316
"Nov 30, 08:00 am",7.72465
"Nov 30, 09:00 am",11.7912
"Nov 30, 10:00 am",14.1182
"Nov 30, 11:00 am",15.4456
"Nov 30, 12:00 pm",15.6345
"Nov 30, 01:00 pm",14.8564
"Nov 30, 02:00 pm",12.9438
"Nov 30, 03:00 pm",9.85224
"Nov 30, 04:00 pm",5.02885
"Nov 30, 05:00 pm",0
"Nov 30, 06:00 pm",0
"Nov 30, 07:00 pm",0
"Nov 30, 08:00 pm",0
"Nov 30, 09:00 pm",0
"Nov 30, 10:00 pm",0
"Nov 30, 11:00 pm",0
"Dec 1, 12:00 am",0
"Dec 1, 01:00 am",0
"Dec 1, 02:00 am",0
"Dec 1, 03:00 am",0
"Dec 1, 04:00 am",0
"Dec 1, 05:00 am",0
"Dec 1, 06:00 am",0
"Dec 1, 07:00 am",0.56268
"Dec 1, 08:00 am",6.80126
"Dec 1, 09:00 am",10.8915
"Dec 1, 10:00 am",13.5075
"Dec 1, 11:00 am",14.7035
"Dec 1, 12:00 pm",14.8373
"Dec 1, 01:00 pm",14.0331
"Dec 1, 02:00 pm",11.8999
"Dec 1, 03:00 pm",8.79566
"Dec 1, 04:00 pm",4.14116
"Dec 1, 05:00 pm",0
"Dec 1, 06:00 pm",0
"Dec 1, 07:00 pm",0
"Dec 1, 08:00 pm",0
"Dec 1, 09:00 pm",0
"Dec 1, 10:00 pm",0
"Dec 1, 11:00 pm",0
"Dec 2, 12:00 am",0
"Dec 2, 01:00 am",0
"Dec 2, 02:00 am",0
"Dec 2, 03:00 am",0
"Dec 2, 04:00 am",0
"Dec 2, 05:00 am",0
"Dec 2, 06:00 am",0
"Dec 2, 07:00 am",0.506942
"Dec 2, 08:00 am",6.68739
"Dec 2, 09:00 am",10.6101
"Dec 2, 10:00 am",13.0064
"Dec 2, 11:00 am",13.8189
"Dec 2, 12:00 pm",13.7577
"Dec 2, 01:00 pm",13.0251
"Dec 2, 02:00 pm",11.9586
"Dec 2, 03:00 pm",9.35305
"Dec 2, 04:00 pm",3.34193
"Dec 2, 05:00 pm",0
"Dec 2, 06:00 pm",0
"Dec 2, 07:00 pm",0
"Dec 2, 08:00 pm",0
"Dec 2, 09:00 pm",0
"Dec 2, 10:00 pm",0
"Dec 2, 11:00 pm",0
"Dec 3, 12:00 am",0
"Dec 3, 01:00 am",0
"Dec 3, 02:00 am",0
"Dec 3, 03:00 am",0
"Dec 3, 04:00 am",0
"Dec 3, 05:00 am",0
"Dec 3, 06:00 am",0
"Dec 3, 07:00 am",0.692101
"Dec 3, 08:00 am",6.90557
"Dec 3, 09:00 am",8.02512
"Dec 3, 10:00 am",11.5118
"Dec 3, 11:00 am",14.4355
"Dec 3, 12:00 pm",14.5909
"Dec 3, 01:00 pm",13.7476
"Dec 3, 02:00 pm",11.9282
"Dec 3, 03:00 pm",8.84292
"Dec 3, 04:00 pm",4.2312
"Dec 3, 05:00 pm",0
"Dec 3, 06:00 pm",0
"Dec 3, 07:00 pm",0
"Dec 3, 08:00 pm",0
"Dec 3, 09:00 pm",0
"Dec 3, 10:00 pm",0
"Dec 3, 11:00 pm",0
"Dec 4, 12:00 am",0
"Dec 4, 01:00 am",0
"Dec 4, 02:00 am",0
"Dec 4, 03:00 am",0
"Dec 4, 04:00 am",0
"Dec 4, 05:00 am",0
"Dec 4, 06:00 am",0
"Dec 4, 07:00 am",0.0182889
"Dec 4, 08:00 am",2.9955
"Dec 4, 09:00 am",5.1875
"Dec 4, 10:00 am",13.0246
"Dec 4, 11:00 am",13.883
"Dec 4, 12:00 pm",13.9133
"Dec 4, 01:00 pm",13.3141
"Dec 4, 02:00 pm",7.00099
"Dec 4, 03:00 pm",9.05824
"Dec 4, 04:00 pm",4.62974
"Dec 4, 05:00 pm",0
"Dec 4, 06:00 pm",0
"Dec 4, 07:00 pm",0
"Dec 4, 08:00 pm",0
"Dec 4, 09:00 pm",0
"Dec 4, 10:00 pm",0
"Dec 4, 11:00 pm",0
"Dec 5, 12:00 am",0
"Dec 5, 01:00 am",0
"Dec 5, 02:00 am",0
"Dec 5, 03:00 am",0
"Dec 5, 04:00 am",0
"Dec 5, 05:00 am",0
"Dec 5, 06:00 am",0
"Dec 5, 07:00 am",-0
"Dec 5, 08:00 am",2.06661
"Dec 5, 09:00 am",10.7964
"Dec 5, 10:00 am",8.5478
"Dec 5, 11:00 am",14.4581
"Dec 5, 12:00 pm",14.7303
"Dec 5, 01:00 pm",13.9447
"Dec 5, 02:00 pm",12.3322
"Dec 5, 03:00 pm",9.24771
"Dec 5, 04:00 pm",4.69254
"Dec 5, 05:00 pm",0
"Dec 5, 06:00 pm",0
"Dec 5, 07:00 pm",0
"Dec 5, 08:00 pm",0
"Dec 5, 09:00 pm",0
"Dec 5, 10:00 pm",0
"Dec 5, 11:00 pm",0
"Dec 6, 12:00 am",0
"Dec 6, 01:00 am",0
"Dec 6, 02:00 am",0
"Dec 6, 03:00 am",0
"Dec 6, 04:00 am",0
"Dec 6, 05:00 am",0
"Dec 6, 06:00 am",0
"Dec 6, 07:00 am",-0
"Dec 6, 08:00 am",2.9655
"Dec 6, 09:00 am",5.57205
"Dec 6, 10:00 am",8.44945
"Dec 6, 11:00 am",11.2658
"Dec 6, 12:00 pm",14.7232
"Dec 6, 01:00 pm",10.8598
"Dec 6, 02:00 pm",6.69827
"Dec 6, 03:00 pm",4.12178
"Dec 6, 04:00 pm",1.06974
"Dec 6, 05:00 pm",0
"Dec 6, 06:00 pm",0
"Dec 6, 07:00 pm",0
"Dec 6, 08:00 pm",0
"Dec 6, 09:00 pm",0
"Dec 6, 10:00 pm",0
"Dec 6, 11:00 pm",0
"Dec 7, 12:00 am",0
"Dec 7, 01:00 am",0
"Dec 7, 02:00 am",0
"Dec 7, 03:00 am",0
"Dec 7, 04:00 am",0
"Dec 7, 05:00 am",0
"Dec 7, 06:00 am",0
"Dec 7, 07:00 am",0.525305
"Dec 7, 08:00 am",6.78248
"Dec 7, 09:00 am",10.8661
"Dec 7, 10:00 am",13.3965
"Dec 7, 11:00 am",14.6264
"Dec 7, 12:00 pm",14.8742
"Dec 7, 01:00 pm",14.1069
"Dec 7, 02:00 pm",12.405
"Dec 7, 03:00 pm",9.28334
"Dec 7, 04:00 pm",4.69189
"Dec 7, 05:00 pm",0
"Dec 7, 06:00 pm",0
"Dec 7, 07:00 pm",0
"Dec 7, 08:00 pm",0
"Dec 7, 09:00 pm",0
"Dec 7, 10:00 pm",0
"Dec 7, 11:00 pm",0
"Dec 8, 12:00 am",0
"Dec 8, 01:00 am",0
"Dec 8, 02:00 am",0
"Dec 8, 03:00 am",0
"Dec 8, 04:00 am",0
"Dec 8, 05:00 am",0
"Dec 8, 06:00 am",0
"Dec 8, 07:00 am",0.418372
"Dec 8, 08:00 am",6.74247
"Dec 8, 09:00 am",10.8953
"Dec 8, 10:00 am",13.328
"Dec 8, 11:00 am",14.442
"Dec 8, 12:00 pm",14.5925
"Dec 8, 01:00 pm",13.953
"Dec 8, 02:00 pm",12.521
"Dec 8, 03:00 pm",9.58068
"Dec 8, 04:00 pm",4.92233
"Dec 8, 05:00 pm",0
"Dec 8, 06:00 pm",0
"Dec 8, 07:00 pm",0
"Dec 8, 08:00 pm",0
"Dec 8, 09:00 pm",0
"Dec 8, 10:00 pm",0
"Dec 8, 11:00 pm",0
"Dec 9, 12:00 am",0
"Dec 9, 01:00 am",0
"Dec 9, 02:00 am",0
"Dec 9, 03:00 am",0
"Dec 9, 04:00 am",0
"Dec 9, 05:00 am",0
"Dec 9, 06:00 am",0
"Dec 9, 07:00 am",-0
"Dec 9, 08:00 am",6.64665
"Dec 9, 09:00 am",10.6032
"Dec 9, 10:00 am",13.2731
"Dec 9, 11:00 am",14.7029
"Dec 9, 12:00 pm",15.2078
"Dec 9, 01:00 pm",14.6455
"Dec 9, 02:00 pm",12.886
"Dec 9, 03:00 pm",9.76076
"Dec 9, 04:00 pm",3.06235
"Dec 9, 05:00 pm",0
"Dec 9, 06:00 pm",0
"Dec 9, 07:00 pm",0
"Dec 9, 08:00 pm",0
"Dec 9, 09:00 pm",0
"Dec 9, 10:00 pm",0
"Dec 9, 11:00 pm",0
"Dec 10, 12:00 am",0
"Dec 10, 01:00 am",0
"Dec 10, 02:00 am",0
"Dec 10, 03:00 am",0
"Dec 10, 04:00 am",0
"Dec 10, 05:00 am",0
"Dec 10, 06:00 am",0
"Dec 10, 07:00 am",-0
"Dec 10, 08:00 am",7.62473
"Dec 10, 09:00 am",11.815
"Dec 10, 10:00 am",14.5659
"Dec 10, 11:00 am",16.031
"Dec 10, 12:00 pm",16.4843
"Dec 10, 01:00 pm",15.7286
"Dec 10, 02:00 pm",13.5527
"Dec 10, 03:00 pm",10.3676
"Dec 10, 04:00 pm",5.39058
"Dec 10, 05:00 pm",0
"Dec 10, 06:00 pm",0
"Dec 10, 07:00 pm",0
"Dec 10, 08:00 pm",0
"Dec 10, 09:00 pm",0
"Dec 10, 10:00 pm",0
"Dec 10, 11:00 pm",0
"Dec 11, 12:00 am",0
"Dec 11, 01:00 am",0
"Dec 11, 02:00 am",0
"Dec 11, 03:00 am",0
"Dec 11, 04:00 am",0
"Dec 11, 05:00 am",0
"Dec 11, 06:00 am",0
"Dec 11, 07:00 am",-0
"Dec 11, 08:00 am",7.34193
"Dec 11, 09:00 am",11.4093
"Dec 11, 10:00 am",13.7935
"Dec 11, 11:00 am",14.6914
"Dec 11, 12:00 pm",14.9085
"Dec 11, 01:00 pm",14.1423
"Dec 11, 02:00 pm",12.6344
"Dec 11, 03:00 pm",9.77413
"Dec 11, 04:00 pm",2.31773
"Dec 11, 05:00 pm",0
"Dec 11, 06:00 pm",0
"Dec 11, 07:00 pm",0
"Dec 11, 08:00 pm",0
"Dec 11, 09:00 pm",0
"Dec 11, 10:00 pm",0
"Dec 11, 11:00 pm",0
"Dec 12, 12:00 am",0
"Dec 12, 01:00 am",0
"Dec 12, 02:00 am",0
"Dec 12, 03:00 am",0
"Dec 12, 04:00 am",0
"Dec 12, 05:00 am",0
"Dec 12, 06:00 am",0
"Dec 12, 07:00 am",-0
"Dec 12, 08:00 am",6.98297
"Dec 12, 09:00 am",11.2491
"Dec 12, 10:00 am",8.1363
"Dec 12, 11:00 am",11.4591
"Dec 12, 12:00 pm",15.4303
"Dec 12, 01:00 pm",14.8341
"Dec 12, 02:00 pm",13.0071
"Dec 12, 03:00 pm",9.7944
"Dec 12, 04:00 pm",4.99275
"Dec 12, 05:00 pm",0
"Dec 12, 06:00 pm",0
"Dec 12, 07:00 pm",0
"Dec 12, 08:00 pm",0
"Dec 12, 09:00 pm",0
"Dec 12, 10:00 pm",0
"Dec 12, 11:00 pm",0
"Dec 13, 12:00 am",0
"Dec 13, 01:00 am",0
"Dec 13, 02:00 am",0
"Dec 13, 03:00 am",0
"Dec 13, 04:00 am",0
"Dec 13, 05:00 am",0
"Dec 13, 06:00 am",0
"Dec 13, 07:00 am",-0
"Dec 13, 08:00 am",6.01464
"Dec 13, 09:00 am",3.0749
"Dec 13, 10:00 am",8.19063
"Dec 13, 11:00 am",11.4933
"Dec 13, 12:00 pm",7.37448
"Dec 13, 01:00 pm",5.81885
"Dec 13, 02:00 pm",4.81629
"Dec 13, 03:00 pm",2.3357
"Dec 13, 04:00 pm",0.87589
"Dec 13, 05:00 pm",0
"Dec 13, 06:00 pm",0
"Dec 13, 07:00 pm",0
"Dec 13, 08:00 pm",0
"Dec 13, 09:00 pm",0
"Dec 13, 10:00 pm",0
"Dec 13, 11:00 pm",0
"Dec 14, 12:00 am",0
"Dec 14, 01:00 am",0
"Dec 14, 02:00 am",0
"Dec 14, 03:00 am",0
"Dec 14, 04:00 am",0
"Dec 14, 05:00 am",0
"Dec 14, 06:00 am",0
"Dec 14, 07:00 am",-0
"Dec 14, 08:00 am",6.41977
"Dec 14, 09:00 am",5.43135
"Dec 14, 10:00 am",13.8884
"Dec 14, 11:00 am",15.4354
"Dec 14, 12:00 pm",15.9302
"Dec 14, 01:00 pm",15.233
"Dec 14, 02:00 pm",0.552234
"Dec 14, 03:00 pm",9.79174
"Dec 14, 04:00 pm",2.22567
"Dec 14, 05:00 pm",0
"Dec 14, 06:00 pm",0
"Dec 14, 07:00 pm",0
"Dec 14, 08:00 pm",0
"Dec 14, 09:00 pm",0
"Dec 14, 10:00 pm",0
"Dec 14, 11:00 pm",0
"Dec 15, 12:00 am",0
"Dec 15, 01:00 am",0
"Dec 15, 02:00 am",0
"Dec 15, 03:00 am",0
"Dec 15, 04:00 am",0
"Dec 15, 05:00 am",0
"Dec 15, 06:00 am",0
"Dec 15, 07:00 am",-0
"Dec 15, 08:00 am",0.79013
"Dec 15, 09:00 am",0.0191709
"Dec 15, 10:00 am",1.0157
"Dec 15, 11:00 am",2.299
"Dec 15, 12:00 pm",4.25303
"Dec 15, 01:00 pm",2.82278
"Dec 15, 02:00 pm",4.68148
"Dec 15, 03:00 pm",0.251746
"Dec 15, 04:00 pm",-0
"Dec 15, 05:00 pm",0
"Dec 15, 06:00 pm",0
"Dec 15, 07:00 pm",0
"Dec 15, 08:00 pm",0
"Dec 15, 09:00 pm",0
"Dec 15, 10:00 pm",0
"Dec 15, 11:00 pm",0
"Dec 16, 12:00 am",0
"Dec 16, 01:00 am",0
"Dec 16, 02:00 am",0
"Dec 16, 03:00 am",0
"Dec 16, 04:00 am",0
"Dec 16, 05:00 am",0
"Dec 16, 06:00 am",0
"Dec 16, 07:00 am",-0
"Dec 16, 08:00 am",6.21468
"Dec 16, 09:00 am",10.4384
"Dec 16, 10:00 am",13.2152
"Dec 16, 11:00 am",14.3357
"Dec 16, 12:00 pm",14.7169
"Dec 16, 01:00 pm",14.3428
"Dec 16, 02:00 pm",12.8121
"Dec 16, 03:00 pm",9.81513
"Dec 16, 04:00 pm",0.923031
"Dec 16, 05:00 pm",0
"Dec 16, 06:00 pm",0
"Dec 16, 07:00 pm",0
"Dec 16, 08:00 pm",0
"Dec 16, 09:00 pm",0
"Dec 16, 10:00 pm",0
"Dec 16, 11:00 pm",0
"Dec 17, 12:00 am",0
"Dec 17, 01:00 am",0
"Dec 17, 02:00 am",0
"Dec 17, 03:00 am",0
"Dec 17, 04:00 am",0
"Dec 17, 05:00 am",0
"Dec 17, 06:00 am",0
"Dec 17, 07:00 am",-0
"Dec 17, 08:00 am",6.30645
"Dec 17, 09:00 am",10.6339
"Dec 17, 10:00 am",13.2596
"Dec 17, 11:00 am",14.4712
"Dec 17, 12:00 pm",14.8499
"Dec 17, 01:00 pm",14.281
"Dec 17, 02:00 pm",12.5535
"Dec 17, 03:00 pm",9.64836
"Dec 17, 04:00 pm",4.96792
"Dec 17, 05:00 pm",0
"Dec 17, 06:00 pm",0
"Dec 17, 07:00 pm",0
"Dec 17, 08:00 pm",0
"Dec 17, 09:00 pm",0
"Dec 17, 10:00 pm",0
"Dec 17, 11:00 pm",0
"Dec 18, 12:00 am",0
"Dec 18, 01:00 am",0
"Dec 18, 02:00 am",0
"Dec 18, 03:00 am",0
"Dec 18, 04:00 am",0
"Dec 18, 05:00 am",0
"Dec 18, 06:00 am",0
"Dec 18, 07:00 am",-0
"Dec 18, 08:00 am",1.96514
"Dec 18, 09:00 am",10.4791
"Dec 18, 10:00 am",7.53793
"Dec 18, 11:00 am",9.06122
"Dec 18, 12:00 pm",10.2247
"Dec 18, 01:00 pm",4.02141
"Dec 18, 02:00 pm",1.3723
"Dec 18, 03:00 pm",1.25795
"Dec 18, 04:00 pm",0.279518
"Dec 18, 05:00 pm",0
"Dec 18, 06:00 pm",0
"Dec 18, 07:00 pm",0
"Dec 18, 08:00 pm",0
"Dec 18, 09:00 pm",0
"Dec 18, 10:00 pm",0
"Dec 18, 11:00 pm",0
"Dec 19, 12:00 am",0
"Dec 19, 01:00 am",0
"Dec 19, 02:00 am",0
"Dec 19, 03:00 am",0
"Dec 19, 04:00 am",0
"Dec 19, 05:00 am",0
"Dec 19, 06:00 am",0
"Dec 19, 07:00 am",-0
"Dec 19, 08:00 am",6.5037
"Dec 19, 09:00 am",11.3352
"Dec 19, 10:00 am",14.5943
"Dec 19, 11:00 am",16.3065
"Dec 19, 12:00 pm",16.8185
"Dec 19, 01:00 pm",16.1269
"Dec 19, 02:00 pm",14.162
"Dec 19, 03:00 pm",10.9693
"Dec 19, 04:00 pm",5.97425
"Dec 19, 05:00 pm",0
"Dec 19, 06:00 pm",0
"Dec 19, 07:00 pm",0
"Dec 19, 08:00 pm",0
"Dec 19, 09:00 pm",0
"Dec 19, 10:00 pm",0
"Dec 19, 11:00 pm",0
"Dec 20, 12:00 am",0
"Dec 20, 01:00 am",0
"Dec 20, 02:00 am",0
"Dec 20, 03:00 am",0
"Dec 20, 04:00 am",0
"Dec 20, 05:00 am",0
"Dec 20, 06:00 am",0
"Dec 20, 07:00 am",-0
"Dec 20, 08:00 am",7.29596
"Dec 20, 09:00 am",11.7635
"Dec 20, 10:00 am",14.5809
"Dec 20, 11:00 am",15.9113
"Dec 20, 12:00 pm",16.3536
"Dec 20, 01:00 pm",15.6456
"Dec 20, 02:00 pm",13.7058
"Dec 20, 03:00 pm",6.97317
"Dec 20, 04:00 pm",2.36471
"Dec 20, 05:00 pm",0
"Dec 20, 06:00 pm",0
"Dec 20, 07:00 pm",0
"Dec 20, 08:00 pm",0
"Dec 20, 09:00 pm",0
"Dec 20, 10:00 pm",0
"Dec 20, 11:00 pm",0
"Dec 21, 12:00 am",0
"Dec 21, 01:00 am",0
"Dec 21, 02:00 am",0
"Dec 21, 03:00 am",0
"Dec 21, 04:00 am",0
"Dec 21, 05:00 am",0
"Dec 21, 06:00 am",0
"Dec 21, 07:00 am",-0
"Dec 21, 08:00 am",6.82618
"Dec 21, 09:00 am",11.3818
"Dec 21, 10:00 am",13.9601
"Dec 21, 11:00 am",15.3278
"Dec 21, 12:00 pm",15.5396
"Dec 21, 01:00 pm",14.862
"Dec 21, 02:00 pm",13.2376
"Dec 21, 03:00 pm",6.18253
"Dec 21, 04:00 pm",1.4931
"Dec 21, 05:00 pm",0
"Dec 21, 06:00 pm",0
"Dec 21, 07:00 pm",0
"Dec 21, 08:00 pm",0
"Dec 21, 09:00 pm",0
"Dec 21, 10:00 pm",0
"Dec 21, 11:00 pm",0
"Dec 22, 12:00 am",0
"Dec 22, 01:00 am",0
"Dec 22, 02:00 am",0
"Dec 22, 03:00 am",0
"Dec 22, 04:00 am",0
"Dec 22, 05:00 am",0
"Dec 22, 06:00 am",0
"Dec 22, 07:00 am",-0
"Dec 22, 08:00 am",5.88055
"Dec 22, 09:00 am",10.2158
"Dec 22, 10:00 am",12.8898
"Dec 22, 11:00 am",13.7291
"Dec 22, 12:00 pm",14.1005
"Dec 22, 01:00 pm",8.95392
"Dec 22, 02:00 pm",8.90678
"Dec 22, 03:00 pm",2.45169
"Dec 22, 04:00 pm",5.60814
"Dec 22, 05:00 pm",0
"Dec 22, 06:00 pm",0
"Dec 22, 07:00 pm",0
"Dec 22, 08:00 pm",0
"Dec 22, 09:00 pm",0
"Dec 22, 10:00 pm",0
"Dec 22, 11:00 pm",0
"Dec 23, 12:00 am",0
"Dec 23, 01:00 am",0
"Dec 23, 02:00 am",0
"Dec 23, 03:00 am",0
"Dec 23, 04:00 am",0
"Dec 23, 05:00 am",0
"Dec 23, 06:00 am",0
"Dec 23, 07:00 am",-0
"Dec 23, 08:00 am",5.66484
"Dec 23, 09:00 am",10.3199
"Dec 23, 10:00 am",13.1886
"Dec 23, 11:00 am",14.7209
"Dec 23, 12:00 pm",15.0581
"Dec 23, 01:00 pm",14.3632
"Dec 23, 02:00 pm",12.8867
"Dec 23, 03:00 pm",4.47034
"Dec 23, 04:00 pm",1.10227
"Dec 23, 05:00 pm",0
"Dec 23, 06:00 pm",0
"Dec 23, 07:00 pm",0
"Dec 23, 08:00 pm",0
"Dec 23, 09:00 pm",0
"Dec 23, 10:00 pm",0
"Dec 23, 11:00 pm",0
"Dec 24, 12:00 am",0
"Dec 24, 01:00 am",0
"Dec 24, 02:00 am",0
"Dec 24, 03:00 am",0
"Dec 24, 04:00 am",0
"Dec 24, 05:00 am",0
"Dec 24, 06:00 am",0
"Dec 24, 07:00 am",-0
"Dec 24, 08:00 am",0.250077
"Dec 24, 09:00 am",10.2019
"Dec 24, 10:00 am",13.3483
"Dec 24, 11:00 am",15.0708
"Dec 24, 12:00 pm",15.5915
"Dec 24, 01:00 pm",15.0844
"Dec 24, 02:00 pm",12.9111
"Dec 24, 03:00 pm",9.6405
"Dec 24, 04:00 pm",4.76818
"Dec 24, 05:00 pm",0
"Dec 24, 06:00 pm",0
"Dec 24, 07:00 pm",0
"Dec 24, 08:00 pm",0
"Dec 24, 09:00 pm",0
"Dec 24, 10:00 pm",0
"Dec 24, 11:00 pm",0
"Dec 25, 12:00 am",0
"Dec 25, 01:00 am",0
"Dec 25, 02:00 am",0
"Dec 25, 03:00 am",0
"Dec 25, 04:00 am",0
"Dec 25, 05:00 am",0
"Dec 25, 06:00 am",0
"Dec 25, 07:00 am",0
"Dec 25, 08:00 am",0.311751
"Dec 25, 09:00 am",5.35388
"Dec 25, 10:00 am",8.8633
"Dec 25, 11:00 am",7.79585
"Dec 25, 12:00 pm",5.22576
"Dec 25, 01:00 pm",10.962
"Dec 25, 02:00 pm",5.72491
"Dec 25, 03:00 pm",4.65834
"Dec 25, 04:00 pm",1.7374
"Dec 25, 05:00 pm",0
"Dec 25, 06:00 pm",0
"Dec 25, 07:00 pm",0
"Dec 25, 08:00 pm",0
"Dec 25, 09:00 pm",0
"Dec 25, 10:00 pm",0
"Dec 25, 11:00 pm",0
"Dec 26, 12:00 am",0
"Dec 26, 01:00 am",0
"Dec 26, 02:00 am",0
"Dec 26, 03:00 am",0
"Dec 26, 04:00 am",0
"Dec 26, 05:00 am",0
"Dec 26, 06:00 am",0
"Dec 26, 07:00 am",0
"Dec 26, 08:00 am",0.522743
"Dec 26, 09:00 am",6.14641
"Dec 26, 10:00 am",9.36138
"Dec 26, 11:00 am",9.44178
"Dec 26, 12:00 pm",10.1421
"Dec 26, 01:00 pm",10.149
"Dec 26, 02:00 pm",13.4604
"Dec 26, 03:00 pm",10.3522
"Dec 26, 04:00 pm",5.65907
"Dec 26, 05:00 pm",0
"Dec 26, 06:00 pm",0
"Dec 26, 07:00 pm",0
"Dec 26, 08:00 pm",0
"Dec 26, 09:00 pm",0
"Dec 26, 10:00 pm",0
"Dec 26, 11:00 pm",0
"Dec 27, 12:00 am",0
"Dec 27, 01:00 am",0
"Dec 27, 02:00 am",0
"Dec 27, 03:00 am",0
"Dec 27, 04:00 am",0
"Dec 27, 05:00 am",0
"Dec 27, 06:00 am",0
"Dec 27, 07:00 am",0
"Dec 27, 08:00 am",0.895719
"Dec 27, 09:00 am",4.71234
"Dec 27, 10:00 am",4.27667
"Dec 27, 11:00 am",10.8268
"Dec 27, 12:00 pm",15.7095
"Dec 27, 01:00 pm",9.10248
"Dec 27, 02:00 pm",13.4672
"Dec 27, 03:00 pm",10.418
"Dec 27, 04:00 pm",5.88875
"Dec 27, 05:00 pm",0
"Dec 27, 06:00 pm",0
"Dec 27, 07:00 pm",0
"Dec 27, 08:00 pm",0
"Dec 27, 09:00 pm",0
"Dec 27, 10:00 pm",0
"Dec 27, 11:00 pm",0
"Dec 28, 12:00 am",0
"Dec 28, 01:00 am",0
"Dec 28, 02:00 am",0
"Dec 28, 03:00 am",0
"Dec 28, 04:00 am",0
"Dec 28, 05:00 am",0
"Dec 28, 06:00 am",0
"Dec 28, 07:00 am",0
"Dec 28, 08:00 am",6.49494
"Dec 28, 09:00 am",11.1667
"Dec 28, 10:00 am",13.9305
"Dec 28, 11:00 am",15.3677
"Dec 28, 12:00 pm",15.7097
"Dec 28, 01:00 pm",14.9876
"Dec 28, 02:00 pm",13.3416
"Dec 28, 03:00 pm",10.4389
"Dec 28, 04:00 pm",6.06885
"Dec 28, 05:00 pm",0
"Dec 28, 06:00 pm",0
"Dec 28, 07:00 pm",0
"Dec 28, 08:00 pm",0
"Dec 28, 09:00 pm",0
"Dec 28, 10:00 pm",0
"Dec 28, 11:00 pm",0
"Dec 29, 12:00 am",0
"Dec 29, 01:00 am",0
"Dec 29, 02:00 am",0
"Dec 29, 03:00 am",0
"Dec 29, 04:00 am",0
"Dec 29, 05:00 am",0
"Dec 29, 06:00 am",0
"Dec 29, 07:00 am",0
"Dec 29, 08:00 am",6.30199
"Dec 29, 09:00 am",10.9301
"Dec 29, 10:00 am",13.8158
"Dec 29, 11:00 am",14.9469
"Dec 29, 12:00 pm",15.039
"Dec 29, 01:00 pm",8.68544
"Dec 29, 02:00 pm",7.80159
"Dec 29, 03:00 pm",5.73623
"Dec 29, 04:00 pm",2.66678
"Dec 29, 05:00 pm",0
"Dec 29, 06:00 pm",0
"Dec 29, 07:00 pm",0
"Dec 29, 08:00 pm",0
"Dec 29, 09:00 pm",0
"Dec 29, 10:00 pm",0
"Dec 29, 11:00 pm",0
"Dec 30, 12:00 am",0
"Dec 30, 01:00 am",0
"Dec 30, 02:00 am",0
"Dec 30, 03:00 am",0
"Dec 30, 04:00 am",0
"Dec 30, 05:00 am",0
"Dec 30, 06:00 am",0
"Dec 30, 07:00 am",0
"Dec 30, 08:00 am",0.0587856
"Dec 30, 09:00 am",1.64972
"Dec 30, 10:00 am",1.11619
"Dec 30, 11:00 am",3.39946
"Dec 30, 12:00 pm",6.92311
"Dec 30, 01:00 pm",3.53013
"Dec 30, 02:00 pm",3.58006
"Dec 30, 03:00 pm",1.88681
"Dec 30, 04:00 pm",0.178641
"Dec 30, 05:00 pm",-0
"Dec 30, 06:00 pm",0
"Dec 30, 07:00 pm",0
"Dec 30, 08:00 pm",0
"Dec 30, 09:00 pm",0
"Dec 30, 10:00 pm",0
"Dec 30, 11:00 pm",0
"Dec 31, 12:00 am",0
"Dec 31, 01:00 am",0
"Dec 31, 02:00 am",0
"Dec 31, 03:00 am",0
"Dec 31, 04:00 am",0
"Dec 31, 05:00 am",0
"Dec 31, 06:00 am",0
"Dec 31, 07:00 am",0
"Dec 31, 08:00 am",5.35301
"Dec 31, 09:00 am",10.2038
"Dec 31, 10:00 am",13.4925
"Dec 31, 11:00 am",15.2163
"Dec 31, 12:00 pm",15.7404
"Dec 31, 01:00 pm",15.2011
"Dec 31, 02:00 pm",8.71453
"Dec 31, 03:00 pm",10.5416
"Dec 31, 04:00 pm",5.94716
"Dec 31, 05:00 pm",-0
"Dec 31, 06:00 pm",0
"Dec 31, 07:00 pm",0
"Dec 31, 08:00 pm",0
"Dec 31, 09:00 pm",0
"Dec 31, 10:00 pm",0
"Dec 31, 11:00 pm",0
