"Time stamp","System power generated | (kW)"
"Jan 1, 12:00 am",0
"Jan 1, 01:00 am",0
"Jan 1, 02:00 am",0
"Jan 1, 03:00 am",0
"Jan 1, 04:00 am",0
"Jan 1, 05:00 am",0
"Jan 1, 06:00 am",0
"Jan 1, 07:00 am",0
"Jan 1, 08:00 am",4.35594
"Jan 1, 09:00 am",8.6854
"Jan 1, 10:00 am",11.2952
"Jan 1, 11:00 am",12.6944
"Jan 1, 12:00 pm",13.1628
"Jan 1, 01:00 pm",12.5861
"Jan 1, 02:00 pm",11.04
"Jan 1, 03:00 pm",8.33469
"Jan 1, 04:00 pm",4.25634
"Jan 1, 05:00 pm",-0
"Jan 1, 06:00 pm",0
"Jan 1, 07:00 pm",0
"Jan 1, 08:00 pm",0
"Jan 1, 09:00 pm",0
"Jan 1, 10:00 pm",0
"Jan 1, 11:00 pm",0
"Jan 2, 12:00 am",0
"Jan 2, 01:00 am",0
"Jan 2, 02:00 am",0
"Jan 2, 03:00 am",0
"Jan 2, 04:00 am",0
"Jan 2, 05:00 am",0
"Jan 2, 06:00 am",0
"Jan 2, 07:00 am",0
"Jan 2, 08:00 am",4.1745
"Jan 2, 09:00 am",8.54773
"Jan 2, 10:00 am",11.2674
"Jan 2, 11:00 am",12.6986
"Jan 2, 12:00 pm",13.182
"Jan 2, 01:00 pm",12.5831
"Jan 2, 02:00 pm",10.9713
"Jan 2, 03:00 pm",8.22855
"Jan 2, 04:00 pm",4.25263
"Jan 2, 05:00 pm",-0
"Jan 2, 06:00 pm",0
"Jan 2, 07:00 pm",0
"Jan 2, 08:00 pm",0
"Jan 2, 09:00 pm",0
"Jan 2, 10:00 pm",0
"Jan 2, 11:00 pm",0
"Jan 3, 12:00 am",0
"Jan 3, 01:00 am",0
"Jan 3, 02:00 am",0
"Jan 3, 03:00 am",0
"Jan 3, 04:00 am",0
"Jan 3, 05:00 am",0
"Jan 3, 06:00 am",0
"Jan 3, 07:00 am",0
"Jan 3, 08:00 am",4.02178
"Jan 3, 09:00 am",8.21036
"Jan 3, 10:00 am",10.8164
"Jan 3, 11:00 am",12.3471
"Jan 3, 12:00 pm",9.97858
"Jan 3, 01:00 pm",2.07754
"Jan 3, 02:00 pm",4.19528
"Jan 3, 03:00 pm",8.29134
"Jan 3, 04:00 pm",4.31313
"Jan 3, 05:00 pm",-0
"Jan 3, 06:00 pm",0
"Jan 3, 07:00 pm",0
"Jan 3, 08:00 pm",0
"Jan 3, 09:00 pm",0
"Jan 3, 10:00 pm",0
"Jan 3, 11:00 pm",0
"Jan 4, 12:00 am",0
"Jan 4, 01:00 am",0
"Jan 4, 02:00 am",0
"Jan 4, 03:00 am",0
"Jan 4, 04:00 am",0
"Jan 4, 05:00 am",0
"Jan 4, 06:00 am",0
"Jan 4, 07:00 am",0
"Jan 4, 08:00 am",4.31492
"Jan 4, 09:00 am",8.64764
"Jan 4, 10:00 am",11.3218
"Jan 4, 11:00 am",12.5819
"Jan 4, 12:00 pm",13.0526
"Jan 4, 01:00 pm",12.5312
"Jan 4, 02:00 pm",10.9198
"Jan 4, 03:00 pm",8.35447
"Jan 4, 04:00 pm",4.39525
"Jan 4, 05:00 pm",-0
"Jan 4, 06:00 pm",0
"Jan 4, 07:00 pm",0
"Jan 4, 08:00 pm",0
"Jan 4, 09:00 pm",0
"Jan 4, 10:00 pm",0
"Jan 4, 11:00 pm",0
"Jan 5, 12:00 am",0
"Jan 5, 01:00 am",0
"Jan 5, 02:00 am",0
"Jan 5, 03:00 am",0
"Jan 5, 04:00 am",0
"Jan 5, 05:00 am",0
"Jan 5, 06:00 am",0
"Jan 5, 07:00 am",0
"Jan 5, 08:00 am",4.11083
"Jan 5, 09:00 am",8.46932
"Jan 5, 10:00 am",11.0514
"Jan 5, 11:00 am",12.5564
"Jan 5, 12:00 pm",13.0642
"Jan 5, 01:00 pm",12.5805
"Jan 5, 02:00 pm",11.0107
"Jan 5, 03:00 pm",8.46914
"Jan 5, 04:00 pm",4.47471
"Jan 5, 05:00 pm",-0
"Jan 5, 06:00 pm",0
"Jan 5, 07:00 pm",0
"Jan 5, 08:00 pm",0
"Jan 5, 09:00 pm",0
"Jan 5, 10:00 pm",0
"Jan 5, 11:00 pm",0
"Jan 6, 12:00 am",0
"Jan 6, 01:00 am",0
"Jan 6, 02:00 am",0
"Jan 6, 03:00 am",0
"Jan 6, 04:00 am",0
"Jan 6, 05:00 am",0
"Jan 6, 06:00 am",0
"Jan 6, 07:00 am",0
"Jan 6, 08:00 am",3.95799
"Jan 6, 09:00 am",8.2261
"Jan 6, 10:00 am",10.872
"Jan 6, 11:00 am",12.254
"Jan 6, 12:00 pm",12.7317
"Jan 6, 01:00 pm",12.2167
"Jan 6, 02:00 pm",10.8507
"Jan 6, 03:00 pm",8.32623
"Jan 6, 04:00 pm",4.43993
"Jan 6, 05:00 pm",-0
"Jan 6, 06:00 pm",0
"Jan 6, 07:00 pm",0
"Jan 6, 08:00 pm",0
"Jan 6, 09:00 pm",0
"Jan 6, 10:00 pm",0
"Jan 6, 11:00 pm",0
"Jan 7, 12:00 am",0
"Jan 7, 01:00 am",0
"Jan 7, 02:00 am",0
"Jan 7, 03:00 am",0
"Jan 7, 04:00 am",0
"Jan 7, 05:00 am",0
"Jan 7, 06:00 am",0
"Jan 7, 07:00 am",0
"Jan 7, 08:00 am",3.83826
"Jan 7, 09:00 am",8.1307
"Jan 7, 10:00 am",10.8754
"Jan 7, 11:00 am",12.521
"Jan 7, 12:00 pm",12.96
"Jan 7, 01:00 pm",12.4681
"Jan 7, 02:00 pm",10.9576
"Jan 7, 03:00 pm",8.29041
"Jan 7, 04:00 pm",4.30785
"Jan 7, 05:00 pm",-0
"Jan 7, 06:00 pm",0
"Jan 7, 07:00 pm",0
"Jan 7, 08:00 pm",0
"Jan 7, 09:00 pm",0
"Jan 7, 10:00 pm",0
"Jan 7, 11:00 pm",0
"Jan 8, 12:00 am",0
"Jan 8, 01:00 am",0
"Jan 8, 02:00 am",0
"Jan 8, 03:00 am",0
"Jan 8, 04:00 am",0
"Jan 8, 05:00 am",0
"Jan 8, 06:00 am",0
"Jan 8, 07:00 am",0
"Jan 8, 08:00 am",3.72593
"Jan 8, 09:00 am",8.28381
"Jan 8, 10:00 am",11.4581
"Jan 8, 11:00 am",13.4038
"Jan 8, 12:00 pm",14.0776
"Jan 8, 01:00 pm",13.6215
"Jan 8, 02:00 pm",11.8937
"Jan 8, 03:00 pm",8.99586
"Jan 8, 04:00 pm",4.77364
"Jan 8, 05:00 pm",-0
"Jan 8, 06:00 pm",0
"Jan 8, 07:00 pm",0
"Jan 8, 08:00 pm",0
"Jan 8, 09:00 pm",0
"Jan 8, 10:00 pm",0
"Jan 8, 11:00 pm",0
"Jan 9, 12:00 am",0
"Jan 9, 01:00 am",0
"Jan 9, 02:00 am",0
"Jan 9, 03:00 am",0
"Jan 9, 04:00 am",0
"Jan 9, 05:00 am",0
"Jan 9, 06:00 am",0
"Jan 9, 07:00 am",0
"Jan 9, 08:00 am",1.3832
"Jan 9, 09:00 am",8.32422
"Jan 9, 10:00 am",11.0209
"Jan 9, 11:00 am",12.55
"Jan 9, 12:00 pm",13.1442
"Jan 9, 01:00 pm",8.6202
"Jan 9, 02:00 pm",11.1539
"Jan 9, 03:00 pm",8.5139
"Jan 9, 04:00 pm",3.80161
"Jan 9, 05:00 pm",-0
"Jan 9, 06:00 pm",0
"Jan 9, 07:00 pm",0
"Jan 9, 08:00 pm",0
"Jan 9, 09:00 pm",0
"Jan 9, 10:00 pm",0
"Jan 9, 11:00 pm",0
"Jan 10, 12:00 am",0
"Jan 10, 01:00 am",0
"Jan 10, 02:00 am",0
"Jan 10, 03:00 am",0
"Jan 10, 04:00 am",0
"Jan 10, 05:00 am",0
"Jan 10, 06:00 am",0
"Jan 10, 07:00 am",0
"Jan 10, 08:00 am",3.99382
"Jan 10, 09:00 am",8.25241
"Jan 10, 10:00 am",10.8363
"Jan 10, 11:00 am",12.0985
"Jan 10, 12:00 pm",12.537
"Jan 10, 01:00 pm",9.24761
"Jan 10, 02:00 pm",11.0819
"Jan 10, 03:00 pm",5.26816
"Jan 10, 04:00 pm",4.67579
"Jan 10, 05:00 pm",-0
"Jan 10, 06:00 pm",0
"Jan 10, 07:00 pm",0
"Jan 10, 08:00 pm",0
"Jan 10, 09:00 pm",0
"Jan 10, 10:00 pm",0
"Jan 10, 11:00 pm",0
"Jan 11, 12:00 am",0
"Jan 11, 01:00 am",0
"Jan 11, 02:00 am",0
"Jan 11, 03:00 am",0
"Jan 11, 04:00 am",0
"Jan 11, 05:00 am",0
"Jan 11, 06:00 am",0
"Jan 11, 07:00 am",0
"Jan 11, 08:00 am",1.51312
"Jan 11, 09:00 am",5.72296
"Jan 11, 10:00 am",5.45472
"Jan 11, 11:00 am",7.64927
"Jan 11, 12:00 pm",10.394
"Jan 11, 01:00 pm",8.2822
"Jan 11, 02:00 pm",7.95814
"Jan 11, 03:00 pm",6.67082
"Jan 11, 04:00 pm",2.05085
"Jan 11, 05:00 pm",-0
"Jan 11, 06:00 pm",0
"Jan 11, 07:00 pm",0
"Jan 11, 08:00 pm",0
"Jan 11, 09:00 pm",0
"Jan 11, 10:00 pm",0
"Jan 11, 11:00 pm",0
"Jan 12, 12:00 am",0
"Jan 12, 01:00 am",0
"Jan 12, 02:00 am",0
"Jan 12, 03:00 am",0
"Jan 12, 04:00 am",0
"Jan 12, 05:00 am",0
"Jan 12, 06:00 am",0
"Jan 12, 07:00 am",0
"Jan 12, 08:00 am",-0
"Jan 12, 09:00 am",1.49704
"Jan 12, 10:00 am",6.60281
"Jan 12, 11:00 am",9.69711
"Jan 12, 12:00 pm",3.48649
"Jan 12, 01:00 pm",5.29019
"Jan 12, 02:00 pm",4.06294
"Jan 12, 03:00 pm",4.82117
"Jan 12, 04:00 pm",4.86451
"Jan 12, 05:00 pm",0.139825
"Jan 12, 06:00 pm",0
"Jan 12, 07:00 pm",0
"Jan 12, 08:00 pm",0
"Jan 12, 09:00 pm",0
"Jan 12, 10:00 pm",0
"Jan 12, 11:00 pm",0
"Jan 13, 12:00 am",0
"Jan 13, 01:00 am",0
"Jan 13, 02:00 am",0
"Jan 13, 03:00 am",0
"Jan 13, 04:00 am",0
"Jan 13, 05:00 am",0
"Jan 13, 06:00 am",0
"Jan 13, 07:00 am",0
"Jan 13, 08:00 am",4.63892
"Jan 13, 09:00 am",9.13261
"Jan 13, 10:00 am",11.8758
"Jan 13, 11:00 am",13.285
"Jan 13, 12:00 pm",13.8388
"Jan 13, 01:00 pm",13.3502
"Jan 13, 02:00 pm",11.8255
"Jan 13, 03:00 pm",9.19581
"Jan 13, 04:00 pm",5.2341
"Jan 13, 05:00 pm",0.313003
"Jan 13, 06:00 pm",0
"Jan 13, 07:00 pm",0
"Jan 13, 08:00 pm",0
"Jan 13, 09:00 pm",0
"Jan 13, 10:00 pm",0
"Jan 13, 11:00 pm",0
"Jan 14, 12:00 am",0
"Jan 14, 01:00 am",0
"Jan 14, 02:00 am",0
"Jan 14, 03:00 am",0
"Jan 14, 04:00 am",0
"Jan 14, 05:00 am",0
"Jan 14, 06:00 am",0
"Jan 14, 07:00 am",0
"Jan 14, 08:00 am",1.42249
"Jan 14, 09:00 am",4.53742
"Jan 14, 10:00 am",11.3029
"Jan 14, 11:00 am",9.44072
"Jan 14, 12:00 pm",10.9121
"Jan 14, 01:00 pm",11.5723
"Jan 14, 02:00 pm",7.55871
"Jan 14, 03:00 pm",1.73916
"Jan 14, 04:00 pm",0.27528
"Jan 14, 05:00 pm",-0
"Jan 14, 06:00 pm",0
"Jan 14, 07:00 pm",0
"Jan 14, 08:00 pm",0
"Jan 14, 09:00 pm",0
"Jan 14, 10:00 pm",0
"Jan 14, 11:00 pm",0
"Jan 15, 12:00 am",0
"Jan 15, 01:00 am",0
"Jan 15, 02:00 am",0
"Jan 15, 03:00 am",0
"Jan 15, 04:00 am",0
"Jan 15, 05:00 am",0
"Jan 15, 06:00 am",0
"Jan 15, 07:00 am",0
"Jan 15, 08:00 am",0.0135515
"Jan 15, 09:00 am",1.74199
"Jan 15, 10:00 am",1.38495
"Jan 15, 11:00 am",3.34151
"Jan 15, 12:00 pm",1.07921
"Jan 15, 01:00 pm",4.43778
"Jan 15, 02:00 pm",2.75744
"Jan 15, 03:00 pm",1.99755
"Jan 15, 04:00 pm",0.374577
"Jan 15, 05:00 pm",-0
"Jan 15, 06:00 pm",0
"Jan 15, 07:00 pm",0
"Jan 15, 08:00 pm",0
"Jan 15, 09:00 pm",0
"Jan 15, 10:00 pm",0
"Jan 15, 11:00 pm",0
"Jan 16, 12:00 am",0
"Jan 16, 01:00 am",0
"Jan 16, 02:00 am",0
"Jan 16, 03:00 am",0
"Jan 16, 04:00 am",0
"Jan 16, 05:00 am",0
"Jan 16, 06:00 am",0
"Jan 16, 07:00 am",0
"Jan 16, 08:00 am",0.912547
"Jan 16, 09:00 am",8.00364
"Jan 16, 10:00 am",10.8865
"Jan 16, 11:00 am",8.4327
"Jan 16, 12:00 pm",10.196
"Jan 16, 01:00 pm",8.98057
"Jan 16, 02:00 pm",7.05646
"Jan 16, 03:00 pm",8.46846
"Jan 16, 04:00 pm",4.58323
"Jan 16, 05:00 pm",0.18446
"Jan 16, 06:00 pm",0
"Jan 16, 07:00 pm",0
"Jan 16, 08:00 pm",0
"Jan 16, 09:00 pm",0
"Jan 16, 10:00 pm",0
"Jan 16, 11:00 pm",0
"Jan 17, 12:00 am",0
"Jan 17, 01:00 am",0
"Jan 17, 02:00 am",0
"Jan 17, 03:00 am",0
"Jan 17, 04:00 am",0
"Jan 17, 05:00 am",0
"Jan 17, 06:00 am",0
"Jan 17, 07:00 am",0
"Jan 17, 08:00 am",3.95867
"Jan 17, 09:00 am",8.33288
"Jan 17, 10:00 am",11.2377
"Jan 17, 11:00 am",12.7078
"Jan 17, 12:00 pm",13.2744
"Jan 17, 01:00 pm",12.7755
"Jan 17, 02:00 pm",11.1385
"Jan 17, 03:00 pm",8.69738
"Jan 17, 04:00 pm",4.84777
"Jan 17, 05:00 pm",0.2408
"Jan 17, 06:00 pm",0
"Jan 17, 07:00 pm",0
"Jan 17, 08:00 pm",0
"Jan 17, 09:00 pm",0
"Jan 17, 10:00 pm",0
"Jan 17, 11:00 pm",0
"Jan 18, 12:00 am",0
"Jan 18, 01:00 am",0
"Jan 18, 02:00 am",0
"Jan 18, 03:00 am",0
"Jan 18, 04:00 am",0
"Jan 18, 05:00 am",0
"Jan 18, 06:00 am",0
"Jan 18, 07:00 am",0
"Jan 18, 08:00 am",4.04586
"Jan 18, 09:00 am",8.37716
"Jan 18, 10:00 am",11.1078
"Jan 18, 11:00 am",12.4207
"Jan 18, 12:00 pm",12.9947
"Jan 18, 01:00 pm",12.5661
"Jan 18, 02:00 pm",11.2522
"Jan 18, 03:00 pm",8.74628
"Jan 18, 04:00 pm",4.98344
"Jan 18, 05:00 pm",0.308407
"Jan 18, 06:00 pm",0
"Jan 18, 07:00 pm",0
"Jan 18, 08:00 pm",0
"Jan 18, 09:00 pm",0
"Jan 18, 10:00 pm",0
"Jan 18, 11:00 pm",0
"Jan 19, 12:00 am",0
"Jan 19, 01:00 am",0
"Jan 19, 02:00 am",0
"Jan 19, 03:00 am",0
"Jan 19, 04:00 am",0
"Jan 19, 05:00 am",0
"Jan 19, 06:00 am",0
"Jan 19, 07:00 am",0
"Jan 19, 08:00 am",3.91363
"Jan 19, 09:00 am",8.2952
"Jan 19, 10:00 am",11.059
"Jan 19, 11:00 am",12.4256
"Jan 19, 12:00 pm",12.8424
"Jan 19, 01:00 pm",12.2765
"Jan 19, 02:00 pm",11.1129
"Jan 19, 03:00 pm",8.87689
"Jan 19, 04:00 pm",5.26447
"Jan 19, 05:00 pm",0.492023
"Jan 19, 06:00 pm",0
"Jan 19, 07:00 pm",0
"Jan 19, 08:00 pm",0
"Jan 19, 09:00 pm",0
"Jan 19, 10:00 pm",0
"Jan 19, 11:00 pm",0
"Jan 20, 12:00 am",0
"Jan 20, 01:00 am",0
"Jan 20, 02:00 am",0
"Jan 20, 03:00 am",0
"Jan 20, 04:00 am",0
"Jan 20, 05:00 am",0
"Jan 20, 06:00 am",0
"Jan 20, 07:00 am",0
"Jan 20, 08:00 am",4.08085
"Jan 20, 09:00 am",8.40903
"Jan 20, 10:00 am",11.1038
"Jan 20, 11:00 am",12.4422
"Jan 20, 12:00 pm",13.0668
"Jan 20, 01:00 pm",12.6893
"Jan 20, 02:00 pm",11.4749
"Jan 20, 03:00 pm",8.93384
"Jan 20, 04:00 pm",5.19114
"Jan 20, 05:00 pm",0.516693
"Jan 20, 06:00 pm",0
"Jan 20, 07:00 pm",0
"Jan 20, 08:00 pm",0
"Jan 20, 09:00 pm",0
"Jan 20, 10:00 pm",0
"Jan 20, 11:00 pm",0
"Jan 21, 12:00 am",0
"Jan 21, 01:00 am",0
"Jan 21, 02:00 am",0
"Jan 21, 03:00 am",0
"Jan 21, 04:00 am",0
"Jan 21, 05:00 am",0
"Jan 21, 06:00 am",0
"Jan 21, 07:00 am",0
"Jan 21, 08:00 am",1.20013
"Jan 21, 09:00 am",3.27766
"Jan 21, 10:00 am",5.79944
"Jan 21, 11:00 am",3.57396
"Jan 21, 12:00 pm",3.61211
"Jan 21, 01:00 pm",2.88197
"Jan 21, 02:00 pm",8.51633
"Jan 21, 03:00 pm",8.72366
"Jan 21, 04:00 pm",4.64802
"Jan 21, 05:00 pm",0.113138
"Jan 21, 06:00 pm",0
"Jan 21, 07:00 pm",0
"Jan 21, 08:00 pm",0
"Jan 21, 09:00 pm",0
"Jan 21, 10:00 pm",0
"Jan 21, 11:00 pm",0
"Jan 22, 12:00 am",0
"Jan 22, 01:00 am",0
"Jan 22, 02:00 am",0
"Jan 22, 03:00 am",0
"Jan 22, 04:00 am",0
"Jan 22, 05:00 am",0
"Jan 22, 06:00 am",0
"Jan 22, 07:00 am",-0
"Jan 22, 08:00 am",4.29533
"Jan 22, 09:00 am",5.25308
"Jan 22, 10:00 am",7.38117
"Jan 22, 11:00 am",7.39866
"Jan 22, 12:00 pm",10.1255
"Jan 22, 01:00 pm",7.64441
"Jan 22, 02:00 pm",6.28873
"Jan 22, 03:00 pm",2.40336
"Jan 22, 04:00 pm",2.51425
"Jan 22, 05:00 pm",0.0563277
"Jan 22, 06:00 pm",0
"Jan 22, 07:00 pm",0
"Jan 22, 08:00 pm",0
"Jan 22, 09:00 pm",0
"Jan 22, 10:00 pm",0
"Jan 22, 11:00 pm",0
"Jan 23, 12:00 am",0
"Jan 23, 01:00 am",0
"Jan 23, 02:00 am",0
"Jan 23, 03:00 am",0
"Jan 23, 04:00 am",0
"Jan 23, 05:00 am",0
"Jan 23, 06:00 am",0
"Jan 23, 07:00 am",-0
"Jan 23, 08:00 am",2.04307
"Jan 23, 09:00 am",8.43889
"Jan 23, 10:00 am",7.55361
"Jan 23, 11:00 am",5.74227
"Jan 23, 12:00 pm",6.38797
"Jan 23, 01:00 pm",6.8834
"Jan 23, 02:00 pm",7.85683
"Jan 23, 03:00 pm",2.00525
"Jan 23, 04:00 pm",1.09837
"Jan 23, 05:00 pm",0.058349
"Jan 23, 06:00 pm",0
"Jan 23, 07:00 pm",0
"Jan 23, 08:00 pm",0
"Jan 23, 09:00 pm",0
"Jan 23, 10:00 pm",0
"Jan 23, 11:00 pm",0
"Jan 24, 12:00 am",0
"Jan 24, 01:00 am",0
"Jan 24, 02:00 am",0
"Jan 24, 03:00 am",0
"Jan 24, 04:00 am",0
"Jan 24, 05:00 am",0
"Jan 24, 06:00 am",0
"Jan 24, 07:00 am",-0
"Jan 24, 08:00 am",4.17151
"Jan 24, 09:00 am",8.70744
"Jan 24, 10:00 am",11.845
"Jan 24, 11:00 am",13.6043
"Jan 24, 12:00 pm",14.3743
"Jan 24, 01:00 pm",13.981
"Jan 24, 02:00 pm",12.4076
"Jan 24, 03:00 pm",9.6858
"Jan 24, 04:00 pm",5.6754
"Jan 24, 05:00 pm",0.697909
"Jan 24, 06:00 pm",0
"Jan 24, 07:00 pm",0
"Jan 24, 08:00 pm",0
"Jan 24, 09:00 pm",0
"Jan 24, 10:00 pm",0
"Jan 24, 11:00 pm",0
"Jan 25, 12:00 am",0
"Jan 25, 01:00 am",0
"Jan 25, 02:00 am",0
"Jan 25, 03:00 am",0
"Jan 25, 04:00 am",0
"Jan 25, 05:00 am",0
"Jan 25, 06:00 am",0
"Jan 25, 07:00 am",-0
"Jan 25, 08:00 am",4.47809
"Jan 25, 09:00 am",9.01352
"Jan 25, 10:00 am",12.105
"Jan 25, 11:00 am",13.8861
"Jan 25, 12:00 pm",14.6307
"Jan 25, 01:00 pm",14.1782
"Jan 25, 02:00 pm",12.5639
"Jan 25, 03:00 pm",9.86907
"Jan 25, 04:00 pm",5.87168
"Jan 25, 05:00 pm",0.809251
"Jan 25, 06:00 pm",0
"Jan 25, 07:00 pm",0
"Jan 25, 08:00 pm",0
"Jan 25, 09:00 pm",0
"Jan 25, 10:00 pm",0
"Jan 25, 11:00 pm",0
"Jan 26, 12:00 am",0
"Jan 26, 01:00 am",0
"Jan 26, 02:00 am",0
"Jan 26, 03:00 am",0
"Jan 26, 04:00 am",0
"Jan 26, 05:00 am",0
"Jan 26, 06:00 am",0
"Jan 26, 07:00 am",-0
"Jan 26, 08:00 am",4.30891
"Jan 26, 09:00 am",8.6713
"Jan 26, 10:00 am",11.3444
"Jan 26, 11:00 am",12.7094
"Jan 26, 12:00 pm",13.3041
"Jan 26, 01:00 pm",12.9496
"Jan 26, 02:00 pm",11.6855
"Jan 26, 03:00 pm",9.31392
"Jan 26, 04:00 pm",5.66714
"Jan 26, 05:00 pm",0.752713
"Jan 26, 06:00 pm",0
"Jan 26, 07:00 pm",0
"Jan 26, 08:00 pm",0
"Jan 26, 09:00 pm",0
"Jan 26, 10:00 pm",0
"Jan 26, 11:00 pm",0
"Jan 27, 12:00 am",0
"Jan 27, 01:00 am",0
"Jan 27, 02:00 am",0
"Jan 27, 03:00 am",0
"Jan 27, 04:00 am",0
"Jan 27, 05:00 am",0
"Jan 27, 06:00 am",0
"Jan 27, 07:00 am",-0
"Jan 27, 08:00 am",1.32758
"Jan 27, 09:00 am",5.91424
"Jan 27, 10:00 am",6.3792
"Jan 27, 11:00 am",7.62507
"Jan 27, 12:00 pm",5.93417
"Jan 27, 01:00 pm",7.65081
"Jan 27, 02:00 pm",8.07795
"Jan 27, 03:00 pm",5.11606
"Jan 27, 04:00 pm",1.43459
"Jan 27, 05:00 pm",0.0653185
"Jan 27, 06:00 pm",0
"Jan 27, 07:00 pm",0
"Jan 27, 08:00 pm",0
"Jan 27, 09:00 pm",0
"Jan 27, 10:00 pm",0
"Jan 27, 11:00 pm",0
"Jan 28, 12:00 am",0
"Jan 28, 01:00 am",0
"Jan 28, 02:00 am",0
"Jan 28, 03:00 am",0
"Jan 28, 04:00 am",0
"Jan 28, 05:00 am",0
"Jan 28, 06:00 am",0
"Jan 28, 07:00 am",-0
"Jan 28, 08:00 am",4.50938
"Jan 28, 09:00 am",9.06594
"Jan 28, 10:00 am",12.0174
"Jan 28, 11:00 am",13.7326
"Jan 28, 12:00 pm",14.4782
"Jan 28, 01:00 pm",14.078
"Jan 28, 02:00 pm",12.5421
"Jan 28, 03:00 pm",9.88802
"Jan 28, 04:00 pm",6.04202
"Jan 28, 05:00 pm",1.01847
"Jan 28, 06:00 pm",0
"Jan 28, 07:00 pm",0
"Jan 28, 08:00 pm",0
"Jan 28, 09:00 pm",0
"Jan 28, 10:00 pm",0
"Jan 28, 11:00 pm",0
"Jan 29, 12:00 am",0
"Jan 29, 01:00 am",0
"Jan 29, 02:00 am",0
"Jan 29, 03:00 am",0
"Jan 29, 04:00 am",0
"Jan 29, 05:00 am",0
"Jan 29, 06:00 am",0
"Jan 29, 07:00 am",-0
"Jan 29, 08:00 am",4.49018
"Jan 29, 09:00 am",9.00194
"Jan 29, 10:00 am",11.8173
"Jan 29, 11:00 am",13.431
"Jan 29, 12:00 pm",14.1472
"Jan 29, 01:00 pm",13.741
"Jan 29, 02:00 pm",12.2371
"Jan 29, 03:00 pm",9.66178
"Jan 29, 04:00 pm",5.97575
"Jan 29, 05:00 pm",1.05253
"Jan 29, 06:00 pm",0
"Jan 29, 07:00 pm",0
"Jan 29, 08:00 pm",0
"Jan 29, 09:00 pm",0
"Jan 29, 10:00 pm",0
"Jan 29, 11:00 pm",0
"Jan 30, 12:00 am",0
"Jan 30, 01:00 am",0
"Jan 30, 02:00 am",0
"Jan 30, 03:00 am",0
"Jan 30, 04:00 am",0
"Jan 30, 05:00 am",0
"Jan 30, 06:00 am",0
"Jan 30, 07:00 am",-0
"Jan 30, 08:00 am",4.46772
"Jan 30, 09:00 am",8.78335
"Jan 30, 10:00 am",11.2532
"Jan 30, 11:00 am",12.808
"Jan 30, 12:00 pm",13.3366
"Jan 30, 01:00 pm",12.8353
"Jan 30, 02:00 pm",11.7668
"Jan 30, 03:00 pm",9.67314
"Jan 30, 04:00 pm",5.99958
"Jan 30, 05:00 pm",1.14215
"Jan 30, 06:00 pm",0
"Jan 30, 07:00 pm",0
"Jan 30, 08:00 pm",0
"Jan 30, 09:00 pm",0
"Jan 30, 10:00 pm",0
"Jan 30, 11:00 pm",0
"Jan 31, 12:00 am",0
"Jan 31, 01:00 am",0
"Jan 31, 02:00 am",0
"Jan 31, 03:00 am",0
"Jan 31, 04:00 am",0
"Jan 31, 05:00 am",0
"Jan 31, 06:00 am",0
"Jan 31, 07:00 am",-0
"Jan 31, 08:00 am",0.99517
"Jan 31, 09:00 am",8.4448
"Jan 31, 10:00 am",4.86857
"Jan 31, 11:00 am",13.0304
"Jan 31, 12:00 pm",13.5242
"Jan 31, 01:00 pm",13.2385
"Jan 31, 02:00 pm",11.9933
"Jan 31, 03:00 pm",9.56851
"Jan 31, 04:00 pm",5.90643
"Jan 31, 05:00 pm",0.778984
"Jan 31, 06:00 pm",0
"Jan 31, 07:00 pm",0
"Jan 31, 08:00 pm",0
"Jan 31, 09:00 pm",0
"Jan 31, 10:00 pm",0
"Jan 31, 11:00 pm",0
"Feb 1, 12:00 am",0
"Feb 1, 01:00 am",0
"Feb 1, 02:00 am",0
"Feb 1, 03:00 am",0
"Feb 1, 04:00 am",0
"Feb 1, 05:00 am",0
"Feb 1, 06:00 am",0
"Feb 1, 07:00 am",-0
"Feb 1, 08:00 am",5.04667
"Feb 1, 09:00 am",9.6472
"Feb 1, 10:00 am",12.7308
"Feb 1, 11:00 am",14.4897
"Feb 1, 12:00 pm",15.2207
"Feb 1, 01:00 pm",14.7438
"Feb 1, 02:00 pm",13.1961
"Feb 1, 03:00 pm",10.4686
"Feb 1, 04:00 pm",6.59134
"Feb 1, 05:00 pm",1.54724
"Feb 1, 06:00 pm",0
"Feb 1, 07:00 pm",0
"Feb 1, 08:00 pm",0
"Feb 1, 09:00 pm",0
"Feb 1, 10:00 pm",0
"Feb 1, 11:00 pm",0
"Feb 2, 12:00 am",0
"Feb 2, 01:00 am",0
"Feb 2, 02:00 am",0
"Feb 2, 03:00 am",0
"Feb 2, 04:00 am",0
"Feb 2, 05:00 am",0
"Feb 2, 06:00 am",0
"Feb 2, 07:00 am",-0
"Feb 2, 08:00 am",4.70963
"Feb 2, 09:00 am",9.14103
"Feb 2, 10:00 am",11.9336
"Feb 2, 11:00 am",13.4318
"Feb 2, 12:00 pm",14.0932
"Feb 2, 01:00 pm",13.7982
"Feb 2, 02:00 pm",12.4638
"Feb 2, 03:00 pm",9.95827
"Feb 2, 04:00 pm",6.21912
"Feb 2, 05:00 pm",1.49339
"Feb 2, 06:00 pm",0
"Feb 2, 07:00 pm",0
"Feb 2, 08:00 pm",0
"Feb 2, 09:00 pm",0
"Feb 2, 10:00 pm",0
"Feb 2, 11:00 pm",0
"Feb 3, 12:00 am",0
"Feb 3, 01:00 am",0
"Feb 3, 02:00 am",0
"Feb 3, 03:00 am",0
"Feb 3, 04:00 am",0
"Feb 3, 05:00 am",0
"Feb 3, 06:00 am",0
"Feb 3, 07:00 am",-0
"Feb 3, 08:00 am",4.69668
"Feb 3, 09:00 am",9.03832
"Feb 3, 10:00 am",11.8138
"Feb 3, 11:00 am",10.7003
"Feb 3, 12:00 pm",14.1634
"Feb 3, 01:00 pm",13.7827
"Feb 3, 02:00 pm",12.3376
"Feb 3, 03:00 pm",7.61796
"Feb 3, 04:00 pm",5.1421
"Feb 3, 05:00 pm",1.58421
"Feb 3, 06:00 pm",0
"Feb 3, 07:00 pm",0
"Feb 3, 08:00 pm",0
"Feb 3, 09:00 pm",0
"Feb 3, 10:00 pm",0
"Feb 3, 11:00 pm",0
"Feb 4, 12:00 am",0
"Feb 4, 01:00 am",0
"Feb 4, 02:00 am",0
"Feb 4, 03:00 am",0
"Feb 4, 04:00 am",0
"Feb 4, 05:00 am",0
"Feb 4, 06:00 am",0
"Feb 4, 07:00 am",-0
"Feb 4, 08:00 am",4.77782
"Feb 4, 09:00 am",9.0486
"Feb 4, 10:00 am",11.7439
"Feb 4, 11:00 am",13.2653
"Feb 4, 12:00 pm",13.8907
"Feb 4, 01:00 pm",13.4795
"Feb 4, 02:00 pm",12.146
"Feb 4, 03:00 pm",9.72405
"Feb 4, 04:00 pm",6.25928
"Feb 4, 05:00 pm",1.71636
"Feb 4, 06:00 pm",0
"Feb 4, 07:00 pm",0
"Feb 4, 08:00 pm",0
"Feb 4, 09:00 pm",0
"Feb 4, 10:00 pm",0
"Feb 4, 11:00 pm",0
"Feb 5, 12:00 am",0
"Feb 5, 01:00 am",0
"Feb 5, 02:00 am",0
"Feb 5, 03:00 am",0
"Feb 5, 04:00 am",0
"Feb 5, 05:00 am",0
"Feb 5, 06:00 am",0
"Feb 5, 07:00 am",-0
"Feb 5, 08:00 am",4.76978
"Feb 5, 09:00 am",8.84446
"Feb 5, 10:00 am",11.4714
"Feb 5, 11:00 am",12.9683
"Feb 5, 12:00 pm",13.6506
"Feb 5, 01:00 pm",13.3882
"Feb 5, 02:00 pm",12.0912
"Feb 5, 03:00 pm",9.73202
"Feb 5, 04:00 pm",6.38522
"Feb 5, 05:00 pm",1.76258
"Feb 5, 06:00 pm",0
"Feb 5, 07:00 pm",0
"Feb 5, 08:00 pm",0
"Feb 5, 09:00 pm",0
"Feb 5, 10:00 pm",0
"Feb 5, 11:00 pm",0
"Feb 6, 12:00 am",0
"Feb 6, 01:00 am",0
"Feb 6, 02:00 am",0
"Feb 6, 03:00 am",0
"Feb 6, 04:00 am",0
"Feb 6, 05:00 am",0
"Feb 6, 06:00 am",0
"Feb 6, 07:00 am",0.0181929
"Feb 6, 08:00 am",4.65077
"Feb 6, 09:00 am",8.88788
"Feb 6, 10:00 am",8.52386
"Feb 6, 11:00 am",13.3455
"Feb 6, 12:00 pm",14.082
"Feb 6, 01:00 pm",11.8452
"Feb 6, 02:00 pm",12.3691
"Feb 6, 03:00 pm",8.50546
"Feb 6, 04:00 pm",4.88418
"Feb 6, 05:00 pm",1.16005
"Feb 6, 06:00 pm",0
"Feb 6, 07:00 pm",0
"Feb 6, 08:00 pm",0
"Feb 6, 09:00 pm",0
"Feb 6, 10:00 pm",0
"Feb 6, 11:00 pm",0
"Feb 7, 12:00 am",0
"Feb 7, 01:00 am",0
"Feb 7, 02:00 am",0
"Feb 7, 03:00 am",0
"Feb 7, 04:00 am",0
"Feb 7, 05:00 am",0
"Feb 7, 06:00 am",0
"Feb 7, 07:00 am",0.0834058
"Feb 7, 08:00 am",4.46889
"Feb 7, 09:00 am",8.82974
"Feb 7, 10:00 am",11.8403
"Feb 7, 11:00 am",13.7932
"Feb 7, 12:00 pm",14.4879
"Feb 7, 01:00 pm",13.9966
"Feb 7, 02:00 pm",12.6115
"Feb 7, 03:00 pm",10.0243
"Feb 7, 04:00 pm",6.12621
"Feb 7, 05:00 pm",1.50244
"Feb 7, 06:00 pm",0
"Feb 7, 07:00 pm",0
"Feb 7, 08:00 pm",0
"Feb 7, 09:00 pm",0
"Feb 7, 10:00 pm",0
"Feb 7, 11:00 pm",0
"Feb 8, 12:00 am",0
"Feb 8, 01:00 am",0
"Feb 8, 02:00 am",0
"Feb 8, 03:00 am",0
"Feb 8, 04:00 am",0
"Feb 8, 05:00 am",0
"Feb 8, 06:00 am",0
"Feb 8, 07:00 am",0.0112775
"Feb 8, 08:00 am",3.2271
"Feb 8, 09:00 am",5.81276
"Feb 8, 10:00 am",7.3539
"Feb 8, 11:00 am",14.5392
"Feb 8, 12:00 pm",15.3616
"Feb 8, 01:00 pm",11.2797
"Feb 8, 02:00 pm",10.4439
"Feb 8, 03:00 pm",10.5557
"Feb 8, 04:00 pm",6.61586
"Feb 8, 05:00 pm",1.86657
"Feb 8, 06:00 pm",0
"Feb 8, 07:00 pm",0
"Feb 8, 08:00 pm",0
"Feb 8, 09:00 pm",0
"Feb 8, 10:00 pm",0
"Feb 8, 11:00 pm",0
"Feb 9, 12:00 am",0
"Feb 9, 01:00 am",0
"Feb 9, 02:00 am",0
"Feb 9, 03:00 am",0
"Feb 9, 04:00 am",0
"Feb 9, 05:00 am",0
"Feb 9, 06:00 am",0
"Feb 9, 07:00 am",0.20776
"Feb 9, 08:00 am",4.92602
"Feb 9, 09:00 am",9.41962
"Feb 9, 10:00 am",12.5669
"Feb 9, 11:00 am",14.4656
"Feb 9, 12:00 pm",15.227
"Feb 9, 01:00 pm",14.8505
"Feb 9, 02:00 pm",13.4534
"Feb 9, 03:00 pm",10.8887
"Feb 9, 04:00 pm",7.01804
"Feb 9, 05:00 pm",2.0584
"Feb 9, 06:00 pm",0
"Feb 9, 07:00 pm",0
"Feb 9, 08:00 pm",0
"Feb 9, 09:00 pm",0
"Feb 9, 10:00 pm",0
"Feb 9, 11:00 pm",0
"Feb 10, 12:00 am",0
"Feb 10, 01:00 am",0
"Feb 10, 02:00 am",0
"Feb 10, 03:00 am",0
"Feb 10, 04:00 am",0
"Feb 10, 05:00 am",0
"Feb 10, 06:00 am",0
"Feb 10, 07:00 am",0.143583
"Feb 10, 08:00 am",5.10566
"Feb 10, 09:00 am",9.36606
"Feb 10, 10:00 am",12.058
"Feb 10, 11:00 am",11.6917
"Feb 10, 12:00 pm",12.861
"Feb 10, 01:00 pm",13.7116
"Feb 10, 02:00 pm",9.34591
"Feb 10, 03:00 pm",10.1225
"Feb 10, 04:00 pm",6.57535
"Feb 10, 05:00 pm",1.66015
"Feb 10, 06:00 pm",0
"Feb 10, 07:00 pm",0
"Feb 10, 08:00 pm",0
"Feb 10, 09:00 pm",0
"Feb 10, 10:00 pm",0
"Feb 10, 11:00 pm",0
"Feb 11, 12:00 am",0
"Feb 11, 01:00 am",0
"Feb 11, 02:00 am",0
"Feb 11, 03:00 am",0
"Feb 11, 04:00 am",0
"Feb 11, 05:00 am",0
"Feb 11, 06:00 am",0
"Feb 11, 07:00 am",0.272311
"Feb 11, 08:00 am",5.01153
"Feb 11, 09:00 am",9.31235
"Feb 11, 10:00 am",11.9913
"Feb 11, 11:00 am",13.4189
"Feb 11, 12:00 pm",14.0157
"Feb 11, 01:00 pm",13.8198
"Feb 11, 02:00 pm",12.6541
"Feb 11, 03:00 pm",10.5148
"Feb 11, 04:00 pm",6.95413
"Feb 11, 05:00 pm",2.13208
"Feb 11, 06:00 pm",0
"Feb 11, 07:00 pm",0
"Feb 11, 08:00 pm",0
"Feb 11, 09:00 pm",0
"Feb 11, 10:00 pm",0
"Feb 11, 11:00 pm",0
"Feb 12, 12:00 am",0
"Feb 12, 01:00 am",0
"Feb 12, 02:00 am",0
"Feb 12, 03:00 am",0
"Feb 12, 04:00 am",0
"Feb 12, 05:00 am",0
"Feb 12, 06:00 am",0
"Feb 12, 07:00 am",0.333643
"Feb 12, 08:00 am",5.14917
"Feb 12, 09:00 am",9.34248
"Feb 12, 10:00 am",12.2435
"Feb 12, 11:00 am",14.1941
"Feb 12, 12:00 pm",15.0097
"Feb 12, 01:00 pm",14.7068
"Feb 12, 02:00 pm",13.2846
"Feb 12, 03:00 pm",10.7493
"Feb 12, 04:00 pm",7.04943
"Feb 12, 05:00 pm",2.17641
"Feb 12, 06:00 pm",0
"Feb 12, 07:00 pm",0
"Feb 12, 08:00 pm",0
"Feb 12, 09:00 pm",0
"Feb 12, 10:00 pm",0
"Feb 12, 11:00 pm",0
"Feb 13, 12:00 am",0
"Feb 13, 01:00 am",0
"Feb 13, 02:00 am",0
"Feb 13, 03:00 am",0
"Feb 13, 04:00 am",0
"Feb 13, 05:00 am",0
"Feb 13, 06:00 am",0
"Feb 13, 07:00 am",0.383867
"Feb 13, 08:00 am",5.16369
"Feb 13, 09:00 am",9.60456
"Feb 13, 10:00 am",12.553
"Feb 13, 11:00 am",11.5751
"Feb 13, 12:00 pm",8.60907
"Feb 13, 01:00 pm",2.76513
"Feb 13, 02:00 pm",1.15231
"Feb 13, 03:00 pm",8.78116
"Feb 13, 04:00 pm",4.5461
"Feb 13, 05:00 pm",0.978969
"Feb 13, 06:00 pm",0
"Feb 13, 07:00 pm",0
"Feb 13, 08:00 pm",0
"Feb 13, 09:00 pm",0
"Feb 13, 10:00 pm",0
"Feb 13, 11:00 pm",0
"Feb 14, 12:00 am",0
"Feb 14, 01:00 am",0
"Feb 14, 02:00 am",0
"Feb 14, 03:00 am",0
"Feb 14, 04:00 am",0
"Feb 14, 05:00 am",0
"Feb 14, 06:00 am",0
"Feb 14, 07:00 am",0.119394
"Feb 14, 08:00 am",0.481187
"Feb 14, 09:00 am",4.12756
"Feb 14, 10:00 am",6.7287
"Feb 14, 11:00 am",4.15189
"Feb 14, 12:00 pm",9.54389
"Feb 14, 01:00 pm",0.368961
"Feb 14, 02:00 pm",10.697
"Feb 14, 03:00 pm",10.6633
"Feb 14, 04:00 pm",0.571597
"Feb 14, 05:00 pm",-0
"Feb 14, 06:00 pm",0
"Feb 14, 07:00 pm",0
"Feb 14, 08:00 pm",0
"Feb 14, 09:00 pm",0
"Feb 14, 10:00 pm",0
"Feb 14, 11:00 pm",0
"Feb 15, 12:00 am",0
"Feb 15, 01:00 am",0
"Feb 15, 02:00 am",0
"Feb 15, 03:00 am",0
"Feb 15, 04:00 am",0
"Feb 15, 05:00 am",0
"Feb 15, 06:00 am",0
"Feb 15, 07:00 am",0.461522
"Feb 15, 08:00 am",5.35185
"Feb 15, 09:00 am",9.70065
"Feb 15, 10:00 am",12.5474
"Feb 15, 11:00 am",14.1327
"Feb 15, 12:00 pm",14.684
"Feb 15, 01:00 pm",14.2292
"Feb 15, 02:00 pm",12.958
"Feb 15, 03:00 pm",10.6311
"Feb 15, 04:00 pm",7.14142
"Feb 15, 05:00 pm",2.38579
"Feb 15, 06:00 pm",0
"Feb 15, 07:00 pm",0
"Feb 15, 08:00 pm",0
"Feb 15, 09:00 pm",0
"Feb 15, 10:00 pm",0
"Feb 15, 11:00 pm",0
"Feb 16, 12:00 am",0
"Feb 16, 01:00 am",0
"Feb 16, 02:00 am",0
"Feb 16, 03:00 am",0
"Feb 16, 04:00 am",0
"Feb 16, 05:00 am",0
"Feb 16, 06:00 am",0
"Feb 16, 07:00 am",0.118654
"Feb 16, 08:00 am",2.4894
"Feb 16, 09:00 am",5.915
"Feb 16, 10:00 am",8.01425
"Feb 16, 11:00 am",10.0892
"Feb 16, 12:00 pm",11.0463
"Feb 16, 01:00 pm",12.5741
"Feb 16, 02:00 pm",13.2437
"Feb 16, 03:00 pm",10.921
"Feb 16, 04:00 pm",7.27951
"Feb 16, 05:00 pm",2.48818
"Feb 16, 06:00 pm",0
"Feb 16, 07:00 pm",0
"Feb 16, 08:00 pm",0
"Feb 16, 09:00 pm",0
"Feb 16, 10:00 pm",0
"Feb 16, 11:00 pm",0
"Feb 17, 12:00 am",0
"Feb 17, 01:00 am",0
"Feb 17, 02:00 am",0
"Feb 17, 03:00 am",0
"Feb 17, 04:00 am",0
"Feb 17, 05:00 am",0
"Feb 17, 06:00 am",0
"Feb 17, 07:00 am",0.499826
"Feb 17, 08:00 am",4.32339
"Feb 17, 09:00 am",6.5161
"Feb 17, 10:00 am",9.65492
"Feb 17, 11:00 am",12.6582
"Feb 17, 12:00 pm",8.98924
"Feb 17, 01:00 pm",7.31049
"Feb 17, 02:00 pm",6.39972
"Feb 17, 03:00 pm",4.34562
"Feb 17, 04:00 pm",4.04985
"Feb 17, 05:00 pm",0.87749
"Feb 17, 06:00 pm",0
"Feb 17, 07:00 pm",0
"Feb 17, 08:00 pm",0
"Feb 17, 09:00 pm",0
"Feb 17, 10:00 pm",0
"Feb 17, 11:00 pm",0
"Feb 18, 12:00 am",0
"Feb 18, 01:00 am",0
"Feb 18, 02:00 am",0
"Feb 18, 03:00 am",0
"Feb 18, 04:00 am",0
"Feb 18, 05:00 am",0
"Feb 18, 06:00 am",0
"Feb 18, 07:00 am",0.123365
"Feb 18, 08:00 am",3.87456
"Feb 18, 09:00 am",9.53836
"Feb 18, 10:00 am",12.0589
"Feb 18, 11:00 am",13.2669
"Feb 18, 12:00 pm",14.0012
"Feb 18, 01:00 pm",14.0004
"Feb 18, 02:00 pm",12.8793
"Feb 18, 03:00 pm",10.6904
"Feb 18, 04:00 pm",7.16489
"Feb 18, 05:00 pm",2.43497
"Feb 18, 06:00 pm",0
"Feb 18, 07:00 pm",0
"Feb 18, 08:00 pm",0
"Feb 18, 09:00 pm",0
"Feb 18, 10:00 pm",0
"Feb 18, 11:00 pm",0
"Feb 19, 12:00 am",0
"Feb 19, 01:00 am",0
"Feb 19, 02:00 am",0
"Feb 19, 03:00 am",0
"Feb 19, 04:00 am",0
"Feb 19, 05:00 am",0
"Feb 19, 06:00 am",0
"Feb 19, 07:00 am",0.61825
"Feb 19, 08:00 am",5.55588
"Feb 19, 09:00 am",9.74227
"Feb 19, 10:00 am",12.3794
"Feb 19, 11:00 am",13.8579
"Feb 19, 12:00 pm",14.2535
"Feb 19, 01:00 pm",13.846
"Feb 19, 02:00 pm",12.7978
"Feb 19, 03:00 pm",10.5352
"Feb 19, 04:00 pm",7.02025
"Feb 19, 05:00 pm",2.32337
"Feb 19, 06:00 pm",0
"Feb 19, 07:00 pm",0
"Feb 19, 08:00 pm",0
"Feb 19, 09:00 pm",0
"Feb 19, 10:00 pm",0
"Feb 19, 11:00 pm",0
"Feb 20, 12:00 am",0
"Feb 20, 01:00 am",0
"Feb 20, 02:00 am",0
"Feb 20, 03:00 am",0
"Feb 20, 04:00 am",0
"Feb 20, 05:00 am",0
"Feb 20, 06:00 am",0
"Feb 20, 07:00 am",0.552166
"Feb 20, 08:00 am",5.23693
"Feb 20, 09:00 am",9.28322
"Feb 20, 10:00 am",12.0097
"Feb 20, 11:00 am",13.6655
"Feb 20, 12:00 pm",14.1106
"Feb 20, 01:00 pm",13.7141
"Feb 20, 02:00 pm",12.6295
"Feb 20, 03:00 pm",10.5817
"Feb 20, 04:00 pm",7.18186
"Feb 20, 05:00 pm",2.52078
"Feb 20, 06:00 pm",0
"Feb 20, 07:00 pm",0
"Feb 20, 08:00 pm",0
"Feb 20, 09:00 pm",0
"Feb 20, 10:00 pm",0
"Feb 20, 11:00 pm",0
"Feb 21, 12:00 am",0
"Feb 21, 01:00 am",0
"Feb 21, 02:00 am",0
"Feb 21, 03:00 am",0
"Feb 21, 04:00 am",0
"Feb 21, 05:00 am",0
"Feb 21, 06:00 am",0
"Feb 21, 07:00 am",0.740539
"Feb 21, 08:00 am",5.51308
"Feb 21, 09:00 am",9.61051
"Feb 21, 10:00 am",12.3977
"Feb 21, 11:00 am",11.8598
"Feb 21, 12:00 pm",14.6481
"Feb 21, 01:00 pm",14.2846
"Feb 21, 02:00 pm",12.9999
"Feb 21, 03:00 pm",10.6448
"Feb 21, 04:00 pm",7.02008
"Feb 21, 05:00 pm",2.39463
"Feb 21, 06:00 pm",0
"Feb 21, 07:00 pm",0
"Feb 21, 08:00 pm",0
"Feb 21, 09:00 pm",0
"Feb 21, 10:00 pm",0
"Feb 21, 11:00 pm",0
"Feb 22, 12:00 am",0
"Feb 22, 01:00 am",0
"Feb 22, 02:00 am",0
"Feb 22, 03:00 am",0
"Feb 22, 04:00 am",0
"Feb 22, 05:00 am",0
"Feb 22, 06:00 am",0
"Feb 22, 07:00 am",0.608099
"Feb 22, 08:00 am",3.0995
"Feb 22, 09:00 am",9.21398
"Feb 22, 10:00 am",9.85369
"Feb 22, 11:00 am",11.2239
"Feb 22, 12:00 pm",11.862
"Feb 22, 01:00 pm",10.8995
"Feb 22, 02:00 pm",9.4178
"Feb 22, 03:00 pm",8.07767
"Feb 22, 04:00 pm",3.56557
"Feb 22, 05:00 pm",2.29081
"Feb 22, 06:00 pm",0
"Feb 22, 07:00 pm",0
"Feb 22, 08:00 pm",0
"Feb 22, 09:00 pm",0
"Feb 22, 10:00 pm",0
"Feb 22, 11:00 pm",0
"Feb 23, 12:00 am",0
"Feb 23, 01:00 am",0
"Feb 23, 02:00 am",0
"Feb 23, 03:00 am",0
"Feb 23, 04:00 am",0
"Feb 23, 05:00 am",0
"Feb 23, 06:00 am",0
"Feb 23, 07:00 am",-0
"Feb 23, 08:00 am",1.3749
"Feb 23, 09:00 am",1.11215
"Feb 23, 10:00 am",9.97468
"Feb 23, 11:00 am",15.1231
"Feb 23, 12:00 pm",15.9332
"Feb 23, 01:00 pm",15.6092
"Feb 23, 02:00 pm",14.0873
"Feb 23, 03:00 pm",11.4393
"Feb 23, 04:00 pm",5.86298
"Feb 23, 05:00 pm",2.50059
"Feb 23, 06:00 pm",0
"Feb 23, 07:00 pm",0
"Feb 23, 08:00 pm",0
"Feb 23, 09:00 pm",0
"Feb 23, 10:00 pm",0
"Feb 23, 11:00 pm",0
"Feb 24, 12:00 am",0
"Feb 24, 01:00 am",0
"Feb 24, 02:00 am",0
"Feb 24, 03:00 am",0
"Feb 24, 04:00 am",0
"Feb 24, 05:00 am",0
"Feb 24, 06:00 am",0
"Feb 24, 07:00 am",1.01263
"Feb 24, 08:00 am",5.7702
"Feb 24, 09:00 am",9.90531
"Feb 24, 10:00 am",12.8981
"Feb 24, 11:00 am",14.8489
"Feb 24, 12:00 pm",15.6304
"Feb 24, 01:00 pm",12.9715
"Feb 24, 02:00 pm",13.6041
"Feb 24, 03:00 pm",9.13261
"Feb 24, 04:00 pm",5.54353
"Feb 24, 05:00 pm",1.48663
"Feb 24, 06:00 pm",0
"Feb 24, 07:00 pm",0
"Feb 24, 08:00 pm",0
"Feb 24, 09:00 pm",0
"Feb 24, 10:00 pm",0
"Feb 24, 11:00 pm",0
"Feb 25, 12:00 am",0
"Feb 25, 01:00 am",0
"Feb 25, 02:00 am",0
"Feb 25, 03:00 am",0
"Feb 25, 04:00 am",0
"Feb 25, 05:00 am",0
"Feb 25, 06:00 am",0
"Feb 25, 07:00 am",0.0876974
"Feb 25, 08:00 am",1.63495
"Feb 25, 09:00 am",6.13868
"Feb 25, 10:00 am",7.37516
"Feb 25, 11:00 am",11.5218
"Feb 25, 12:00 pm",11.0566
"Feb 25, 01:00 pm",8.54033
"Feb 25, 02:00 pm",7.56847
"Feb 25, 03:00 pm",4.63869
"Feb 25, 04:00 pm",2.08843
"Feb 25, 05:00 pm",0.436825
"Feb 25, 06:00 pm",0
"Feb 25, 07:00 pm",0
"Feb 25, 08:00 pm",0
"Feb 25, 09:00 pm",0
"Feb 25, 10:00 pm",0
"Feb 25, 11:00 pm",0
"Feb 26, 12:00 am",0
"Feb 26, 01:00 am",0
"Feb 26, 02:00 am",0
"Feb 26, 03:00 am",0
"Feb 26, 04:00 am",0
"Feb 26, 05:00 am",0
"Feb 26, 06:00 am",0
"Feb 26, 07:00 am",0.076682
"Feb 26, 08:00 am",2.80757
"Feb 26, 09:00 am",9.93543
"Feb 26, 10:00 am",9.01684
"Feb 26, 11:00 am",10.5422
"Feb 26, 12:00 pm",12.6157
"Feb 26, 01:00 pm",4.01391
"Feb 26, 02:00 pm",7.26993
"Feb 26, 03:00 pm",10.9801
"Feb 26, 04:00 pm",7.38567
"Feb 26, 05:00 pm",2.74381
"Feb 26, 06:00 pm",0
"Feb 26, 07:00 pm",0
"Feb 26, 08:00 pm",0
"Feb 26, 09:00 pm",0
"Feb 26, 10:00 pm",0
"Feb 26, 11:00 pm",0
"Feb 27, 12:00 am",0
"Feb 27, 01:00 am",0
"Feb 27, 02:00 am",0
"Feb 27, 03:00 am",0
"Feb 27, 04:00 am",0
"Feb 27, 05:00 am",0
"Feb 27, 06:00 am",0
"Feb 27, 07:00 am",1.19304
"Feb 27, 08:00 am",5.79689
"Feb 27, 09:00 am",7.23508
"Feb 27, 10:00 am",10.1102
"Feb 27, 11:00 am",12.6592
"Feb 27, 12:00 pm",8.78344
"Feb 27, 01:00 pm",8.90721
"Feb 27, 02:00 pm",0.564135
"Feb 27, 03:00 pm",3.75998
"Feb 27, 04:00 pm",2.13044
"Feb 27, 05:00 pm",0.526994
"Feb 27, 06:00 pm",0
"Feb 27, 07:00 pm",0
"Feb 27, 08:00 pm",0
"Feb 27, 09:00 pm",0
"Feb 27, 10:00 pm",0
"Feb 27, 11:00 pm",0
"Feb 28, 12:00 am",0
"Feb 28, 01:00 am",0
"Feb 28, 02:00 am",0
"Feb 28, 03:00 am",0
"Feb 28, 04:00 am",0
"Feb 28, 05:00 am",0
"Feb 28, 06:00 am",0
"Feb 28, 07:00 am",0.726173
"Feb 28, 08:00 am",4.36672
"Feb 28, 09:00 am",8.15718
"Feb 28, 10:00 am",3.63299
"Feb 28, 11:00 am",2.28998
"Feb 28, 12:00 pm",8.65176
"Feb 28, 01:00 pm",0.844967
"Feb 28, 02:00 pm",0.767983
"Feb 28, 03:00 pm",5.53631
"Feb 28, 04:00 pm",1.57769
"Feb 28, 05:00 pm",2.82343
"Feb 28, 06:00 pm",0
"Feb 28, 07:00 pm",0
"Feb 28, 08:00 pm",0
"Feb 28, 09:00 pm",0
"Feb 28, 10:00 pm",0
"Feb 28, 11:00 pm",0
"Mar 1, 12:00 am",0
"Mar 1, 01:00 am",0
"Mar 1, 02:00 am",0
"Mar 1, 03:00 am",0
"Mar 1, 04:00 am",0
"Mar 1, 05:00 am",0
"Mar 1, 06:00 am",0
"Mar 1, 07:00 am",0.476831
"Mar 1, 08:00 am",2.80722
"Mar 1, 09:00 am",7.18948
"Mar 1, 10:00 am",10.2699
"Mar 1, 11:00 am",13.7053
"Mar 1, 12:00 pm",14.3968
"Mar 1, 01:00 pm",12.9263
"Mar 1, 02:00 pm",11.682
"Mar 1, 03:00 pm",10.6728
"Mar 1, 04:00 pm",7.23431
"Mar 1, 05:00 pm",2.68068
"Mar 1, 06:00 pm",0
"Mar 1, 07:00 pm",0
"Mar 1, 08:00 pm",0
"Mar 1, 09:00 pm",0
"Mar 1, 10:00 pm",0
"Mar 1, 11:00 pm",0
"Mar 2, 12:00 am",0
"Mar 2, 01:00 am",0
"Mar 2, 02:00 am",0
"Mar 2, 03:00 am",0
"Mar 2, 04:00 am",0
"Mar 2, 05:00 am",0
"Mar 2, 06:00 am",0
"Mar 2, 07:00 am",1.41254
"Mar 2, 08:00 am",6.2913
"Mar 2, 09:00 am",10.1617
"Mar 2, 10:00 am",12.5349
"Mar 2, 11:00 am",11.7991
"Mar 2, 12:00 pm",11.9405
"Mar 2, 01:00 pm",14.0415
"Mar 2, 02:00 pm",12.8272
"Mar 2, 03:00 pm",10.6942
"Mar 2, 04:00 pm",7.42127
"Mar 2, 05:00 pm",1.25391
"Mar 2, 06:00 pm",0
"Mar 2, 07:00 pm",0
"Mar 2, 08:00 pm",0
"Mar 2, 09:00 pm",0
"Mar 2, 10:00 pm",0
"Mar 2, 11:00 pm",0
"Mar 3, 12:00 am",0
"Mar 3, 01:00 am",0
"Mar 3, 02:00 am",0
"Mar 3, 03:00 am",0
"Mar 3, 04:00 am",0
"Mar 3, 05:00 am",0
"Mar 3, 06:00 am",0
"Mar 3, 07:00 am",1.49856
"Mar 3, 08:00 am",6.21552
"Mar 3, 09:00 am",10.0456
"Mar 3, 10:00 am",12.6716
"Mar 3, 11:00 am",14.4091
"Mar 3, 12:00 pm",15.0783
"Mar 3, 01:00 pm",14.7656
"Mar 3, 02:00 pm",13.506
"Mar 3, 03:00 pm",11.2005
"Mar 3, 04:00 pm",6.81666
"Mar 3, 05:00 pm",2.91797
"Mar 3, 06:00 pm",0
"Mar 3, 07:00 pm",0
"Mar 3, 08:00 pm",0
"Mar 3, 09:00 pm",0
"Mar 3, 10:00 pm",0
"Mar 3, 11:00 pm",0
"Mar 4, 12:00 am",0
"Mar 4, 01:00 am",0
"Mar 4, 02:00 am",0
"Mar 4, 03:00 am",0
"Mar 4, 04:00 am",0
"Mar 4, 05:00 am",0
"Mar 4, 06:00 am",0
"Mar 4, 07:00 am",0.390961
"Mar 4, 08:00 am",4.17029
"Mar 4, 09:00 am",6.57501
"Mar 4, 10:00 am",9.54051
"Mar 4, 11:00 am",11.5947
"Mar 4, 12:00 pm",12.7714
"Mar 4, 01:00 pm",12.6797
"Mar 4, 02:00 pm",10.4691
"Mar 4, 03:00 pm",8.59482
"Mar 4, 04:00 pm",7.54749
"Mar 4, 05:00 pm",2.86873
"Mar 4, 06:00 pm",0
"Mar 4, 07:00 pm",0
"Mar 4, 08:00 pm",0
"Mar 4, 09:00 pm",0
"Mar 4, 10:00 pm",0
"Mar 4, 11:00 pm",0
"Mar 5, 12:00 am",0
"Mar 5, 01:00 am",0
"Mar 5, 02:00 am",0
"Mar 5, 03:00 am",0
"Mar 5, 04:00 am",0
"Mar 5, 05:00 am",0
"Mar 5, 06:00 am",0
"Mar 5, 07:00 am",1.50295
"Mar 5, 08:00 am",6.31625
"Mar 5, 09:00 am",10.2089
"Mar 5, 10:00 am",12.6608
"Mar 5, 11:00 am",14.0371
"Mar 5, 12:00 pm",14.3661
"Mar 5, 01:00 pm",13.7345
"Mar 5, 02:00 pm",12.6934
"Mar 5, 03:00 pm",10.7363
"Mar 5, 04:00 pm",7.55866
"Mar 5, 05:00 pm",3.02574
"Mar 5, 06:00 pm",0
"Mar 5, 07:00 pm",0
"Mar 5, 08:00 pm",0
"Mar 5, 09:00 pm",0
"Mar 5, 10:00 pm",0
"Mar 5, 11:00 pm",0
"Mar 6, 12:00 am",0
"Mar 6, 01:00 am",0
"Mar 6, 02:00 am",0
"Mar 6, 03:00 am",0
"Mar 6, 04:00 am",0
"Mar 6, 05:00 am",0
"Mar 6, 06:00 am",0
"Mar 6, 07:00 am",1.62936
"Mar 6, 08:00 am",6.37298
"Mar 6, 09:00 am",10.3071
"Mar 6, 10:00 am",12.9729
"Mar 6, 11:00 am",14.7202
"Mar 6, 12:00 pm",15.5117
"Mar 6, 01:00 pm",15.2123
"Mar 6, 02:00 pm",13.8519
"Mar 6, 03:00 pm",11.3891
"Mar 6, 04:00 pm",7.86449
"Mar 6, 05:00 pm",3.05553
"Mar 6, 06:00 pm",0
"Mar 6, 07:00 pm",0
"Mar 6, 08:00 pm",0
"Mar 6, 09:00 pm",0
"Mar 6, 10:00 pm",0
"Mar 6, 11:00 pm",0
"Mar 7, 12:00 am",0
"Mar 7, 01:00 am",0
"Mar 7, 02:00 am",0
"Mar 7, 03:00 am",0
"Mar 7, 04:00 am",0
"Mar 7, 05:00 am",0
"Mar 7, 06:00 am",0
"Mar 7, 07:00 am",1.58884
"Mar 7, 08:00 am",6.25102
"Mar 7, 09:00 am",0.705581
"Mar 7, 10:00 am",2.00241
"Mar 7, 11:00 am",0.614881
"Mar 7, 12:00 pm",4.00796
"Mar 7, 01:00 pm",2.08562
"Mar 7, 02:00 pm",2.78769
"Mar 7, 03:00 pm",6.00772
"Mar 7, 04:00 pm",3.47643
"Mar 7, 05:00 pm",-0
"Mar 7, 06:00 pm",0
"Mar 7, 07:00 pm",0
"Mar 7, 08:00 pm",0
"Mar 7, 09:00 pm",0
"Mar 7, 10:00 pm",0
"Mar 7, 11:00 pm",0
"Mar 8, 12:00 am",0
"Mar 8, 01:00 am",0
"Mar 8, 02:00 am",0
"Mar 8, 03:00 am",0
"Mar 8, 04:00 am",0
"Mar 8, 05:00 am",0
"Mar 8, 06:00 am",0
"Mar 8, 07:00 am",1.66158
"Mar 8, 08:00 am",6.42369
"Mar 8, 09:00 am",10.2549
"Mar 8, 10:00 am",13.0912
"Mar 8, 11:00 am",14.9574
"Mar 8, 12:00 pm",15.7181
"Mar 8, 01:00 pm",15.3194
"Mar 8, 02:00 pm",13.8994
"Mar 8, 03:00 pm",11.4273
"Mar 8, 04:00 pm",7.90356
"Mar 8, 05:00 pm",1.99054
"Mar 8, 06:00 pm",-0
"Mar 8, 07:00 pm",0
"Mar 8, 08:00 pm",0
"Mar 8, 09:00 pm",0
"Mar 8, 10:00 pm",0
"Mar 8, 11:00 pm",0
"Mar 9, 12:00 am",0
"Mar 9, 01:00 am",0
"Mar 9, 02:00 am",0
"Mar 9, 03:00 am",0
"Mar 9, 04:00 am",0
"Mar 9, 05:00 am",0
"Mar 9, 06:00 am",0
"Mar 9, 07:00 am",1.80436
"Mar 9, 08:00 am",6.69157
"Mar 9, 09:00 am",10.6162
"Mar 9, 10:00 am",13.3173
"Mar 9, 11:00 am",14.8569
"Mar 9, 12:00 pm",15.3897
"Mar 9, 01:00 pm",14.9521
"Mar 9, 02:00 pm",13.5688
"Mar 9, 03:00 pm",11.2355
"Mar 9, 04:00 pm",7.80813
"Mar 9, 05:00 pm",3.12789
"Mar 9, 06:00 pm",-0
"Mar 9, 07:00 pm",0
"Mar 9, 08:00 pm",0
"Mar 9, 09:00 pm",0
"Mar 9, 10:00 pm",0
"Mar 9, 11:00 pm",0
"Mar 10, 12:00 am",0
"Mar 10, 01:00 am",0
"Mar 10, 02:00 am",0
"Mar 10, 03:00 am",0
"Mar 10, 04:00 am",0
"Mar 10, 05:00 am",0
"Mar 10, 06:00 am",0
"Mar 10, 07:00 am",0.704809
"Mar 10, 08:00 am",4.95579
"Mar 10, 09:00 am",10.7161
"Mar 10, 10:00 am",13.2003
"Mar 10, 11:00 am",14.6228
"Mar 10, 12:00 pm",14.9656
"Mar 10, 01:00 pm",14.6149
"Mar 10, 02:00 pm",13.3815
"Mar 10, 03:00 pm",11.1334
"Mar 10, 04:00 pm",7.71037
"Mar 10, 05:00 pm",3.1186
"Mar 10, 06:00 pm",-0
"Mar 10, 07:00 pm",0
"Mar 10, 08:00 pm",0
"Mar 10, 09:00 pm",0
"Mar 10, 10:00 pm",0
"Mar 10, 11:00 pm",0
"Mar 11, 12:00 am",0
"Mar 11, 01:00 am",0
"Mar 11, 02:00 am",0
"Mar 11, 03:00 am",0
"Mar 11, 04:00 am",0
"Mar 11, 05:00 am",0
"Mar 11, 06:00 am",0
"Mar 11, 07:00 am",1.84585
"Mar 11, 08:00 am",6.49948
"Mar 11, 09:00 am",10.4851
"Mar 11, 10:00 am",13.2746
"Mar 11, 11:00 am",15.0361
"Mar 11, 12:00 pm",15.6673
"Mar 11, 01:00 pm",15.4938
"Mar 11, 02:00 pm",14.0013
"Mar 11, 03:00 pm",11.3195
"Mar 11, 04:00 pm",6.7256
"Mar 11, 05:00 pm",2.54611
"Mar 11, 06:00 pm",-0
"Mar 11, 07:00 pm",0
"Mar 11, 08:00 pm",0
"Mar 11, 09:00 pm",0
"Mar 11, 10:00 pm",0
"Mar 11, 11:00 pm",0
"Mar 12, 12:00 am",0
"Mar 12, 01:00 am",0
"Mar 12, 02:00 am",0
"Mar 12, 03:00 am",0
"Mar 12, 04:00 am",0
"Mar 12, 05:00 am",0
"Mar 12, 06:00 am",0
"Mar 12, 07:00 am",1.95338
"Mar 12, 08:00 am",6.79974
"Mar 12, 09:00 am",10.9014
"Mar 12, 10:00 am",13.8426
"Mar 12, 11:00 am",15.607
"Mar 12, 12:00 pm",16.271
"Mar 12, 01:00 pm",15.7429
"Mar 12, 02:00 pm",14.1918
"Mar 12, 03:00 pm",11.5835
"Mar 12, 04:00 pm",7.91229
"Mar 12, 05:00 pm",3.15024
"Mar 12, 06:00 pm",-0
"Mar 12, 07:00 pm",0
"Mar 12, 08:00 pm",0
"Mar 12, 09:00 pm",0
"Mar 12, 10:00 pm",0
"Mar 12, 11:00 pm",0
"Mar 13, 12:00 am",0
"Mar 13, 01:00 am",0
"Mar 13, 02:00 am",0
"Mar 13, 03:00 am",0
"Mar 13, 04:00 am",0
"Mar 13, 05:00 am",0
"Mar 13, 06:00 am",0
"Mar 13, 07:00 am",2.14449
"Mar 13, 08:00 am",6.95015
"Mar 13, 09:00 am",10.534
"Mar 13, 10:00 am",12.7166
"Mar 13, 11:00 am",14.4491
"Mar 13, 12:00 pm",15.2784
"Mar 13, 01:00 pm",14.9788
"Mar 13, 02:00 pm",13.7091
"Mar 13, 03:00 pm",11.367
"Mar 13, 04:00 pm",7.87673
"Mar 13, 05:00 pm",3.21039
"Mar 13, 06:00 pm",-0
"Mar 13, 07:00 pm",0
"Mar 13, 08:00 pm",0
"Mar 13, 09:00 pm",0
"Mar 13, 10:00 pm",0
"Mar 13, 11:00 pm",0
"Mar 14, 12:00 am",0
"Mar 14, 01:00 am",0
"Mar 14, 02:00 am",0
"Mar 14, 03:00 am",0
"Mar 14, 04:00 am",0
"Mar 14, 05:00 am",0
"Mar 14, 06:00 am",0
"Mar 14, 07:00 am",2.19728
"Mar 14, 08:00 am",6.91469
"Mar 14, 09:00 am",10.5753
"Mar 14, 10:00 am",13.2225
"Mar 14, 11:00 am",13.162
"Mar 14, 12:00 pm",13.7963
"Mar 14, 01:00 pm",13.332
"Mar 14, 02:00 pm",9.42921
"Mar 14, 03:00 pm",8.94004
"Mar 14, 04:00 pm",0.525798
"Mar 14, 05:00 pm",1.59914
"Mar 14, 06:00 pm",-0
"Mar 14, 07:00 pm",0
"Mar 14, 08:00 pm",0
"Mar 14, 09:00 pm",0
"Mar 14, 10:00 pm",0
"Mar 14, 11:00 pm",0
"Mar 15, 12:00 am",0
"Mar 15, 01:00 am",0
"Mar 15, 02:00 am",0
"Mar 15, 03:00 am",0
"Mar 15, 04:00 am",0
"Mar 15, 05:00 am",0
"Mar 15, 06:00 am",0
"Mar 15, 07:00 am",1.14467
"Mar 15, 08:00 am",1.85211
"Mar 15, 09:00 am",6.07149
"Mar 15, 10:00 am",12.9156
"Mar 15, 11:00 am",15.4856
"Mar 15, 12:00 pm",16.1753
"Mar 15, 01:00 pm",15.695
"Mar 15, 02:00 pm",14.1671
"Mar 15, 03:00 pm",11.5056
"Mar 15, 04:00 pm",7.83431
"Mar 15, 05:00 pm",3.09231
"Mar 15, 06:00 pm",-0
"Mar 15, 07:00 pm",0
"Mar 15, 08:00 pm",0
"Mar 15, 09:00 pm",0
"Mar 15, 10:00 pm",0
"Mar 15, 11:00 pm",0
"Mar 16, 12:00 am",0
"Mar 16, 01:00 am",0
"Mar 16, 02:00 am",0
"Mar 16, 03:00 am",0
"Mar 16, 04:00 am",0
"Mar 16, 05:00 am",0
"Mar 16, 06:00 am",0
"Mar 16, 07:00 am",0.000222218
"Mar 16, 08:00 am",4.04317
"Mar 16, 09:00 am",0.266405
"Mar 16, 10:00 am",1.87395
"Mar 16, 11:00 am",4.13372
"Mar 16, 12:00 pm",4.16203
"Mar 16, 01:00 pm",6.25672
"Mar 16, 02:00 pm",6.69484
"Mar 16, 03:00 pm",9.50228
"Mar 16, 04:00 pm",0.175667
"Mar 16, 05:00 pm",0.529904
"Mar 16, 06:00 pm",-0
"Mar 16, 07:00 pm",0
"Mar 16, 08:00 pm",0
"Mar 16, 09:00 pm",0
"Mar 16, 10:00 pm",0
"Mar 16, 11:00 pm",0
"Mar 17, 12:00 am",0
"Mar 17, 01:00 am",0
"Mar 17, 02:00 am",0
"Mar 17, 03:00 am",0
"Mar 17, 04:00 am",0
"Mar 17, 05:00 am",0
"Mar 17, 06:00 am",0
"Mar 17, 07:00 am",1.37266
"Mar 17, 08:00 am",2.26198
"Mar 17, 09:00 am",1.5962
"Mar 17, 10:00 am",4.96551
"Mar 17, 11:00 am",2.83131
"Mar 17, 12:00 pm",4.73793
"Mar 17, 01:00 pm",7.55007
"Mar 17, 02:00 pm",10.5356
"Mar 17, 03:00 pm",10.8514
"Mar 17, 04:00 pm",5.50481
"Mar 17, 05:00 pm",1.55757
"Mar 17, 06:00 pm",-0
"Mar 17, 07:00 pm",0
"Mar 17, 08:00 pm",0
"Mar 17, 09:00 pm",0
"Mar 17, 10:00 pm",0
"Mar 17, 11:00 pm",0
"Mar 18, 12:00 am",0
"Mar 18, 01:00 am",0
"Mar 18, 02:00 am",0
"Mar 18, 03:00 am",0
"Mar 18, 04:00 am",0
"Mar 18, 05:00 am",0
"Mar 18, 06:00 am",0
"Mar 18, 07:00 am",2.33345
"Mar 18, 08:00 am",7.00874
"Mar 18, 09:00 am",10.7113
"Mar 18, 10:00 am",13.4175
"Mar 18, 11:00 am",15.1324
"Mar 18, 12:00 pm",15.7482
"Mar 18, 01:00 pm",15.2783
"Mar 18, 02:00 pm",13.7419
"Mar 18, 03:00 pm",11.3362
"Mar 18, 04:00 pm",7.80156
"Mar 18, 05:00 pm",3.17266
"Mar 18, 06:00 pm",-0
"Mar 18, 07:00 pm",0
"Mar 18, 08:00 pm",0
"Mar 18, 09:00 pm",0
"Mar 18, 10:00 pm",0
"Mar 18, 11:00 pm",0
"Mar 19, 12:00 am",0
"Mar 19, 01:00 am",0
"Mar 19, 02:00 am",0
"Mar 19, 03:00 am",0
"Mar 19, 04:00 am",0
"Mar 19, 05:00 am",0
"Mar 19, 06:00 am",0
"Mar 19, 07:00 am",2.41036
"Mar 19, 08:00 am",7.08593
"Mar 19, 09:00 am",10.7947
"Mar 19, 10:00 am",13.4225
"Mar 19, 11:00 am",15.0576
"Mar 19, 12:00 pm",15.6799
"Mar 19, 01:00 pm",15.2365
"Mar 19, 02:00 pm",13.802
"Mar 19, 03:00 pm",10.3528
"Mar 19, 04:00 pm",7.87062
"Mar 19, 05:00 pm",3.2283
"Mar 19, 06:00 pm",-0
"Mar 19, 07:00 pm",0
"Mar 19, 08:00 pm",0
"Mar 19, 09:00 pm",0
"Mar 19, 10:00 pm",0
"Mar 19, 11:00 pm",0
"Mar 20, 12:00 am",0
"Mar 20, 01:00 am",0
"Mar 20, 02:00 am",0
"Mar 20, 03:00 am",0
"Mar 20, 04:00 am",0
"Mar 20, 05:00 am",0
"Mar 20, 06:00 am",0
"Mar 20, 07:00 am",2.47505
"Mar 20, 08:00 am",5.64982
"Mar 20, 09:00 am",8.66906
"Mar 20, 10:00 am",12.652
"Mar 20, 11:00 am",14.2512
"Mar 20, 12:00 pm",15.1147
"Mar 20, 01:00 pm",14.8339
"Mar 20, 02:00 pm",13.4447
"Mar 20, 03:00 pm",11.1039
"Mar 20, 04:00 pm",7.83254
"Mar 20, 05:00 pm",3.33695
"Mar 20, 06:00 pm",0.0190323
"Mar 20, 07:00 pm",0
"Mar 20, 08:00 pm",0
"Mar 20, 09:00 pm",0
"Mar 20, 10:00 pm",0
"Mar 20, 11:00 pm",0
"Mar 21, 12:00 am",0
"Mar 21, 01:00 am",0
"Mar 21, 02:00 am",0
"Mar 21, 03:00 am",0
"Mar 21, 04:00 am",0
"Mar 21, 05:00 am",0
"Mar 21, 06:00 am",0
"Mar 21, 07:00 am",2.67259
"Mar 21, 08:00 am",7.49641
"Mar 21, 09:00 am",11.2028
"Mar 21, 10:00 am",13.7382
"Mar 21, 11:00 am",15.2237
"Mar 21, 12:00 pm",15.6869
"Mar 21, 01:00 pm",15.1653
"Mar 21, 02:00 pm",13.6588
"Mar 21, 03:00 pm",11.237
"Mar 21, 04:00 pm",7.86981
"Mar 21, 05:00 pm",3.36235
"Mar 21, 06:00 pm",0.0310035
"Mar 21, 07:00 pm",0
"Mar 21, 08:00 pm",0
"Mar 21, 09:00 pm",0
"Mar 21, 10:00 pm",0
"Mar 21, 11:00 pm",0
"Mar 22, 12:00 am",0
"Mar 22, 01:00 am",0
"Mar 22, 02:00 am",0
"Mar 22, 03:00 am",0
"Mar 22, 04:00 am",0
"Mar 22, 05:00 am",0
"Mar 22, 06:00 am",-0
"Mar 22, 07:00 am",2.71858
"Mar 22, 08:00 am",7.47617
"Mar 22, 09:00 am",11.0612
"Mar 22, 10:00 am",13.231
"Mar 22, 11:00 am",14.3142
"Mar 22, 12:00 pm",14.9098
"Mar 22, 01:00 pm",14.7712
"Mar 22, 02:00 pm",13.587
"Mar 22, 03:00 pm",11.3555
"Mar 22, 04:00 pm",7.94318
"Mar 22, 05:00 pm",3.37917
"Mar 22, 06:00 pm",0.0398615
"Mar 22, 07:00 pm",0
"Mar 22, 08:00 pm",0
"Mar 22, 09:00 pm",0
"Mar 22, 10:00 pm",0
"Mar 22, 11:00 pm",0
"Mar 23, 12:00 am",0
"Mar 23, 01:00 am",0
"Mar 23, 02:00 am",0
"Mar 23, 03:00 am",0
"Mar 23, 04:00 am",0
"Mar 23, 05:00 am",0
"Mar 23, 06:00 am",-0
"Mar 23, 07:00 am",2.56677
"Mar 23, 08:00 am",7.18412
"Mar 23, 09:00 am",10.9851
"Mar 23, 10:00 am",13.7034
"Mar 23, 11:00 am",15.1869
"Mar 23, 12:00 pm",15.6224
"Mar 23, 01:00 pm",15.2633
"Mar 23, 02:00 pm",13.6424
"Mar 23, 03:00 pm",11.1717
"Mar 23, 04:00 pm",7.70025
"Mar 23, 05:00 pm",3.23042
"Mar 23, 06:00 pm",0.0395852
"Mar 23, 07:00 pm",0
"Mar 23, 08:00 pm",0
"Mar 23, 09:00 pm",0
"Mar 23, 10:00 pm",0
"Mar 23, 11:00 pm",0
"Mar 24, 12:00 am",0
"Mar 24, 01:00 am",0
"Mar 24, 02:00 am",0
"Mar 24, 03:00 am",0
"Mar 24, 04:00 am",0
"Mar 24, 05:00 am",0
"Mar 24, 06:00 am",-0
"Mar 24, 07:00 am",2.66668
"Mar 24, 08:00 am",7.2414
"Mar 24, 09:00 am",10.6823
"Mar 24, 10:00 am",12.7568
"Mar 24, 11:00 am",13.9669
"Mar 24, 12:00 pm",14.6807
"Mar 24, 01:00 pm",14.3982
"Mar 24, 02:00 pm",13.1294
"Mar 24, 03:00 pm",10.9115
"Mar 24, 04:00 pm",7.62587
"Mar 24, 05:00 pm",3.22953
"Mar 24, 06:00 pm",0.0484815
"Mar 24, 07:00 pm",0
"Mar 24, 08:00 pm",0
"Mar 24, 09:00 pm",0
"Mar 24, 10:00 pm",0
"Mar 24, 11:00 pm",0
"Mar 25, 12:00 am",0
"Mar 25, 01:00 am",0
"Mar 25, 02:00 am",0
"Mar 25, 03:00 am",0
"Mar 25, 04:00 am",0
"Mar 25, 05:00 am",0
"Mar 25, 06:00 am",-0
"Mar 25, 07:00 am",2.33341
"Mar 25, 08:00 am",3.2017
"Mar 25, 09:00 am",9.10493
"Mar 25, 10:00 am",12.4614
"Mar 25, 11:00 am",13.0777
"Mar 25, 12:00 pm",15.3635
"Mar 25, 01:00 pm",13.1984
"Mar 25, 02:00 pm",9.40995
"Mar 25, 03:00 pm",3.91924
"Mar 25, 04:00 pm",1.9606
"Mar 25, 05:00 pm",1.78891
"Mar 25, 06:00 pm",-0
"Mar 25, 07:00 pm",0
"Mar 25, 08:00 pm",0
"Mar 25, 09:00 pm",0
"Mar 25, 10:00 pm",0
"Mar 25, 11:00 pm",0
"Mar 26, 12:00 am",0
"Mar 26, 01:00 am",0
"Mar 26, 02:00 am",0
"Mar 26, 03:00 am",0
"Mar 26, 04:00 am",0
"Mar 26, 05:00 am",0
"Mar 26, 06:00 am",-0
"Mar 26, 07:00 am",0.070182
"Mar 26, 08:00 am",2.56618
"Mar 26, 09:00 am",4.72292
"Mar 26, 10:00 am",9.30673
"Mar 26, 11:00 am",10.2233
"Mar 26, 12:00 pm",8.08296
"Mar 26, 01:00 pm",5.78515
"Mar 26, 02:00 pm",3.14018
"Mar 26, 03:00 pm",6.73485
"Mar 26, 04:00 pm",4.95628
"Mar 26, 05:00 pm",3.21679
"Mar 26, 06:00 pm",0.0898779
"Mar 26, 07:00 pm",0
"Mar 26, 08:00 pm",0
"Mar 26, 09:00 pm",0
"Mar 26, 10:00 pm",0
"Mar 26, 11:00 pm",0
"Mar 27, 12:00 am",0
"Mar 27, 01:00 am",0
"Mar 27, 02:00 am",0
"Mar 27, 03:00 am",0
"Mar 27, 04:00 am",0
"Mar 27, 05:00 am",0
"Mar 27, 06:00 am",-0
"Mar 27, 07:00 am",2.81686
"Mar 27, 08:00 am",7.3705
"Mar 27, 09:00 am",10.9384
"Mar 27, 10:00 am",13.5148
"Mar 27, 11:00 am",15.0146
"Mar 27, 12:00 pm",15.4994
"Mar 27, 01:00 pm",15.0209
"Mar 27, 02:00 pm",13.6005
"Mar 27, 03:00 pm",11.1778
"Mar 27, 04:00 pm",7.78848
"Mar 27, 05:00 pm",3.34286
"Mar 27, 06:00 pm",0.0827091
"Mar 27, 07:00 pm",0
"Mar 27, 08:00 pm",0
"Mar 27, 09:00 pm",0
"Mar 27, 10:00 pm",0
"Mar 27, 11:00 pm",0
"Mar 28, 12:00 am",0
"Mar 28, 01:00 am",0
"Mar 28, 02:00 am",0
"Mar 28, 03:00 am",0
"Mar 28, 04:00 am",0
"Mar 28, 05:00 am",0
"Mar 28, 06:00 am",-0
"Mar 28, 07:00 am",2.94732
"Mar 28, 08:00 am",7.48446
"Mar 28, 09:00 am",10.8429
"Mar 28, 10:00 am",13.2346
"Mar 28, 11:00 am",14.7379
"Mar 28, 12:00 pm",15.1924
"Mar 28, 01:00 pm",14.6267
"Mar 28, 02:00 pm",13.2812
"Mar 28, 03:00 pm",11.0294
"Mar 28, 04:00 pm",7.79057
"Mar 28, 05:00 pm",3.35564
"Mar 28, 06:00 pm",0.0737786
"Mar 28, 07:00 pm",0
"Mar 28, 08:00 pm",0
"Mar 28, 09:00 pm",0
"Mar 28, 10:00 pm",0
"Mar 28, 11:00 pm",0
"Mar 29, 12:00 am",0
"Mar 29, 01:00 am",0
"Mar 29, 02:00 am",0
"Mar 29, 03:00 am",0
"Mar 29, 04:00 am",0
"Mar 29, 05:00 am",0
"Mar 29, 06:00 am",0.0178975
"Mar 29, 07:00 am",2.96128
"Mar 29, 08:00 am",7.30415
"Mar 29, 09:00 am",10.6396
"Mar 29, 10:00 am",13.0704
"Mar 29, 11:00 am",14.7218
"Mar 29, 12:00 pm",15.3723
"Mar 29, 01:00 pm",14.9071
"Mar 29, 02:00 pm",13.4336
"Mar 29, 03:00 pm",11.0087
"Mar 29, 04:00 pm",7.53781
"Mar 29, 05:00 pm",3.16144
"Mar 29, 06:00 pm",0.0582587
"Mar 29, 07:00 pm",0
"Mar 29, 08:00 pm",0
"Mar 29, 09:00 pm",0
"Mar 29, 10:00 pm",0
"Mar 29, 11:00 pm",0
"Mar 30, 12:00 am",0
"Mar 30, 01:00 am",0
"Mar 30, 02:00 am",0
"Mar 30, 03:00 am",0
"Mar 30, 04:00 am",0
"Mar 30, 05:00 am",0
"Mar 30, 06:00 am",0.0174015
"Mar 30, 07:00 am",2.92008
"Mar 30, 08:00 am",7.35166
"Mar 30, 09:00 am",10.7608
"Mar 30, 10:00 am",13.0534
"Mar 30, 11:00 am",14.2516
"Mar 30, 12:00 pm",14.8511
"Mar 30, 01:00 pm",14.4844
"Mar 30, 02:00 pm",13.022
"Mar 30, 03:00 pm",10.8583
"Mar 30, 04:00 pm",7.65356
"Mar 30, 05:00 pm",3.23437
"Mar 30, 06:00 pm",0.0931436
"Mar 30, 07:00 pm",0
"Mar 30, 08:00 pm",0
"Mar 30, 09:00 pm",0
"Mar 30, 10:00 pm",0
"Mar 30, 11:00 pm",0
"Mar 31, 12:00 am",0
"Mar 31, 01:00 am",0
"Mar 31, 02:00 am",0
"Mar 31, 03:00 am",0
"Mar 31, 04:00 am",0
"Mar 31, 05:00 am",0
"Mar 31, 06:00 am",0.0391706
"Mar 31, 07:00 am",3.01905
"Mar 31, 08:00 am",7.6134
"Mar 31, 09:00 am",11.232
"Mar 31, 10:00 am",13.871
"Mar 31, 11:00 am",15.3354
"Mar 31, 12:00 pm",15.891
"Mar 31, 01:00 pm",15.4043
"Mar 31, 02:00 pm",13.8859
"Mar 31, 03:00 pm",11.3152
"Mar 31, 04:00 pm",7.69209
"Mar 31, 05:00 pm",3.35343
"Mar 31, 06:00 pm",0.0868077
"Mar 31, 07:00 pm",0
"Mar 31, 08:00 pm",0
"Mar 31, 09:00 pm",0
"Mar 31, 10:00 pm",0
"Mar 31, 11:00 pm",0
"Apr 1, 12:00 am",0
"Apr 1, 01:00 am",0
"Apr 1, 02:00 am",0
"Apr 1, 03:00 am",0
"Apr 1, 04:00 am",0
"Apr 1, 05:00 am",0
"Apr 1, 06:00 am",0.0705469
"Apr 1, 07:00 am",3.22893
"Apr 1, 08:00 am",7.68968
"Apr 1, 09:00 am",10.8064
"Apr 1, 10:00 am",12.7511
"Apr 1, 11:00 am",13.744
"Apr 1, 12:00 pm",14.5314
"Apr 1, 01:00 pm",14.3686
"Apr 1, 02:00 pm",13.192
"Apr 1, 03:00 pm",10.989
"Apr 1, 04:00 pm",7.67325
"Apr 1, 05:00 pm",3.36444
"Apr 1, 06:00 pm",0.0990726
"Apr 1, 07:00 pm",0
"Apr 1, 08:00 pm",0
"Apr 1, 09:00 pm",0
"Apr 1, 10:00 pm",0
"Apr 1, 11:00 pm",0
"Apr 2, 12:00 am",0
"Apr 2, 01:00 am",0
"Apr 2, 02:00 am",0
"Apr 2, 03:00 am",0
"Apr 2, 04:00 am",0
"Apr 2, 05:00 am",0
"Apr 2, 06:00 am",0.0623048
"Apr 2, 07:00 am",3.04429
"Apr 2, 08:00 am",7.31469
"Apr 2, 09:00 am",10.5431
"Apr 2, 10:00 am",12.6629
"Apr 2, 11:00 am",13.7227
"Apr 2, 12:00 pm",14.1033
"Apr 2, 01:00 pm",12.1409
"Apr 2, 02:00 pm",8.80226
"Apr 2, 03:00 pm",6.87659
"Apr 2, 04:00 pm",6.68266
"Apr 2, 05:00 pm",1.68159
"Apr 2, 06:00 pm",0.10774
"Apr 2, 07:00 pm",0
"Apr 2, 08:00 pm",0
"Apr 2, 09:00 pm",0
"Apr 2, 10:00 pm",0
"Apr 2, 11:00 pm",0
"Apr 3, 12:00 am",0
"Apr 3, 01:00 am",0
"Apr 3, 02:00 am",0
"Apr 3, 03:00 am",0
"Apr 3, 04:00 am",0
"Apr 3, 05:00 am",0
"Apr 3, 06:00 am",0.119494
"Apr 3, 07:00 am",2.96442
"Apr 3, 08:00 am",7.59671
"Apr 3, 09:00 am",10.9381
"Apr 3, 10:00 am",13.205
"Apr 3, 11:00 am",14.4145
"Apr 3, 12:00 pm",14.7829
"Apr 3, 01:00 pm",14.5326
"Apr 3, 02:00 pm",13.3619
"Apr 3, 03:00 pm",11.0016
"Apr 3, 04:00 pm",7.58349
"Apr 3, 05:00 pm",3.22357
"Apr 3, 06:00 pm",0.13468
"Apr 3, 07:00 pm",0
"Apr 3, 08:00 pm",0
"Apr 3, 09:00 pm",0
"Apr 3, 10:00 pm",0
"Apr 3, 11:00 pm",0
"Apr 4, 12:00 am",0
"Apr 4, 01:00 am",0
"Apr 4, 02:00 am",0
"Apr 4, 03:00 am",0
"Apr 4, 04:00 am",0
"Apr 4, 05:00 am",0
"Apr 4, 06:00 am",0.121178
"Apr 4, 07:00 am",3.71076
"Apr 4, 08:00 am",8.63706
"Apr 4, 09:00 am",12.2518
"Apr 4, 10:00 am",14.7502
"Apr 4, 11:00 am",15.9032
"Apr 4, 12:00 pm",16.1475
"Apr 4, 01:00 pm",15.543
"Apr 4, 02:00 pm",14.012
"Apr 4, 03:00 pm",11.5662
"Apr 4, 04:00 pm",8.21884
"Apr 4, 05:00 pm",3.67056
"Apr 4, 06:00 pm",0.126582
"Apr 4, 07:00 pm",0
"Apr 4, 08:00 pm",0
"Apr 4, 09:00 pm",0
"Apr 4, 10:00 pm",0
"Apr 4, 11:00 pm",0
"Apr 5, 12:00 am",0
"Apr 5, 01:00 am",0
"Apr 5, 02:00 am",0
"Apr 5, 03:00 am",0
"Apr 5, 04:00 am",0
"Apr 5, 05:00 am",0
"Apr 5, 06:00 am",0.123221
"Apr 5, 07:00 am",3.6117
"Apr 5, 08:00 am",8.00753
"Apr 5, 09:00 am",10.8681
"Apr 5, 10:00 am",12.9484
"Apr 5, 11:00 am",14.2104
"Apr 5, 12:00 pm",14.6276
"Apr 5, 01:00 pm",13.0635
"Apr 5, 02:00 pm",11.6327
"Apr 5, 03:00 pm",10.4998
"Apr 5, 04:00 pm",6.23247
"Apr 5, 05:00 pm",2.7219
"Apr 5, 06:00 pm",0.12756
"Apr 5, 07:00 pm",0
"Apr 5, 08:00 pm",0
"Apr 5, 09:00 pm",0
"Apr 5, 10:00 pm",0
"Apr 5, 11:00 pm",0
"Apr 6, 12:00 am",0
"Apr 6, 01:00 am",0
"Apr 6, 02:00 am",0
"Apr 6, 03:00 am",0
"Apr 6, 04:00 am",0
"Apr 6, 05:00 am",0
"Apr 6, 06:00 am",0.083659
"Apr 6, 07:00 am",0.392927
"Apr 6, 08:00 am",3.51578
"Apr 6, 09:00 am",6.4136
"Apr 6, 10:00 am",7.16477
"Apr 6, 11:00 am",3.01351
"Apr 6, 12:00 pm",2.40269
"Apr 6, 01:00 pm",4.88832
"Apr 6, 02:00 pm",0.274897
"Apr 6, 03:00 pm",6.72499
"Apr 6, 04:00 pm",0.458265
"Apr 6, 05:00 pm",1.97355
"Apr 6, 06:00 pm",0.0501788
"Apr 6, 07:00 pm",0
"Apr 6, 08:00 pm",0
"Apr 6, 09:00 pm",0
"Apr 6, 10:00 pm",0
"Apr 6, 11:00 pm",0
"Apr 7, 12:00 am",0
"Apr 7, 01:00 am",0
"Apr 7, 02:00 am",0
"Apr 7, 03:00 am",0
"Apr 7, 04:00 am",0
"Apr 7, 05:00 am",0
"Apr 7, 06:00 am",0.0446423
"Apr 7, 07:00 am",1.97921
"Apr 7, 08:00 am",7.80517
"Apr 7, 09:00 am",11.0651
"Apr 7, 10:00 am",13.5916
"Apr 7, 11:00 am",15.1514
"Apr 7, 12:00 pm",10.6856
"Apr 7, 01:00 pm",15.1542
"Apr 7, 02:00 pm",13.8167
"Apr 7, 03:00 pm",11.347
"Apr 7, 04:00 pm",7.93555
"Apr 7, 05:00 pm",3.50516
"Apr 7, 06:00 pm",0.177661
"Apr 7, 07:00 pm",0
"Apr 7, 08:00 pm",0
"Apr 7, 09:00 pm",0
"Apr 7, 10:00 pm",0
"Apr 7, 11:00 pm",0
"Apr 8, 12:00 am",0
"Apr 8, 01:00 am",0
"Apr 8, 02:00 am",0
"Apr 8, 03:00 am",0
"Apr 8, 04:00 am",0
"Apr 8, 05:00 am",0
"Apr 8, 06:00 am",0.166019
"Apr 8, 07:00 am",1.96724
"Apr 8, 08:00 am",5.50464
"Apr 8, 09:00 am",7.56824
"Apr 8, 10:00 am",13.6126
"Apr 8, 11:00 am",12.1052
"Apr 8, 12:00 pm",13.4022
"Apr 8, 01:00 pm",14.7933
"Apr 8, 02:00 pm",11.3419
"Apr 8, 03:00 pm",8.59039
"Apr 8, 04:00 pm",5.92042
"Apr 8, 05:00 pm",1.66489
"Apr 8, 06:00 pm",0.208685
"Apr 8, 07:00 pm",0
"Apr 8, 08:00 pm",0
"Apr 8, 09:00 pm",0
"Apr 8, 10:00 pm",0
"Apr 8, 11:00 pm",0
"Apr 9, 12:00 am",0
"Apr 9, 01:00 am",0
"Apr 9, 02:00 am",0
"Apr 9, 03:00 am",0
"Apr 9, 04:00 am",0
"Apr 9, 05:00 am",0
"Apr 9, 06:00 am",-0
"Apr 9, 07:00 am",0.905909
"Apr 9, 08:00 am",0.16746
"Apr 9, 09:00 am",1.64037
"Apr 9, 10:00 am",4.56127
"Apr 9, 11:00 am",4.87883
"Apr 9, 12:00 pm",6.46674
"Apr 9, 01:00 pm",6.14117
"Apr 9, 02:00 pm",9.28513
"Apr 9, 03:00 pm",11.7391
"Apr 9, 04:00 pm",8.29571
"Apr 9, 05:00 pm",3.73103
"Apr 9, 06:00 pm",-0
"Apr 9, 07:00 pm",0
"Apr 9, 08:00 pm",0
"Apr 9, 09:00 pm",0
"Apr 9, 10:00 pm",0
"Apr 9, 11:00 pm",0
"Apr 10, 12:00 am",0
"Apr 10, 01:00 am",0
"Apr 10, 02:00 am",0
"Apr 10, 03:00 am",0
"Apr 10, 04:00 am",0
"Apr 10, 05:00 am",0
"Apr 10, 06:00 am",0.296731
"Apr 10, 07:00 am",3.98202
"Apr 10, 08:00 am",8.60515
"Apr 10, 09:00 am",11.8921
"Apr 10, 10:00 am",14.0887
"Apr 10, 11:00 am",15.1776
"Apr 10, 12:00 pm",15.8867
"Apr 10, 01:00 pm",15.4816
"Apr 10, 02:00 pm",13.9272
"Apr 10, 03:00 pm",11.4597
"Apr 10, 04:00 pm",8.05653
"Apr 10, 05:00 pm",3.60577
"Apr 10, 06:00 pm",0.259295
"Apr 10, 07:00 pm",0
"Apr 10, 08:00 pm",0
"Apr 10, 09:00 pm",0
"Apr 10, 10:00 pm",0
"Apr 10, 11:00 pm",0
"Apr 11, 12:00 am",0
"Apr 11, 01:00 am",0
"Apr 11, 02:00 am",0
"Apr 11, 03:00 am",0
"Apr 11, 04:00 am",0
"Apr 11, 05:00 am",0
"Apr 11, 06:00 am",0.328058
"Apr 11, 07:00 am",4.05012
"Apr 11, 08:00 am",8.61796
"Apr 11, 09:00 am",11.8734
"Apr 11, 10:00 am",14.0273
"Apr 11, 11:00 am",15.0481
"Apr 11, 12:00 pm",14.1053
"Apr 11, 01:00 pm",14.9135
"Apr 11, 02:00 pm",13.7355
"Apr 11, 03:00 pm",11.5373
"Apr 11, 04:00 pm",8.22681
"Apr 11, 05:00 pm",3.72451
"Apr 11, 06:00 pm",0.255117
"Apr 11, 07:00 pm",0
"Apr 11, 08:00 pm",0
"Apr 11, 09:00 pm",0
"Apr 11, 10:00 pm",0
"Apr 11, 11:00 pm",0
"Apr 12, 12:00 am",0
"Apr 12, 01:00 am",0
"Apr 12, 02:00 am",0
"Apr 12, 03:00 am",0
"Apr 12, 04:00 am",0
"Apr 12, 05:00 am",0
"Apr 12, 06:00 am",-0
"Apr 12, 07:00 am",3.71955
"Apr 12, 08:00 am",8.3121
"Apr 12, 09:00 am",11.5234
"Apr 12, 10:00 am",13.5622
"Apr 12, 11:00 am",14.4822
"Apr 12, 12:00 pm",14.545
"Apr 12, 01:00 pm",13.9293
"Apr 12, 02:00 pm",12.7795
"Apr 12, 03:00 pm",10.6362
"Apr 12, 04:00 pm",7.53397
"Apr 12, 05:00 pm",3.44853
"Apr 12, 06:00 pm",0.25817
"Apr 12, 07:00 pm",0
"Apr 12, 08:00 pm",0
"Apr 12, 09:00 pm",0
"Apr 12, 10:00 pm",0
"Apr 12, 11:00 pm",0
"Apr 13, 12:00 am",0
"Apr 13, 01:00 am",0
"Apr 13, 02:00 am",0
"Apr 13, 03:00 am",0
"Apr 13, 04:00 am",0
"Apr 13, 05:00 am",0
"Apr 13, 06:00 am",0.384281
"Apr 13, 07:00 am",3.78233
"Apr 13, 08:00 am",8.06748
"Apr 13, 09:00 am",11.2641
"Apr 13, 10:00 am",13.4802
"Apr 13, 11:00 am",14.6488
"Apr 13, 12:00 pm",15.0004
"Apr 13, 01:00 pm",14.8197
"Apr 13, 02:00 pm",13.8517
"Apr 13, 03:00 pm",11.4624
"Apr 13, 04:00 pm",8.00283
"Apr 13, 05:00 pm",3.53139
"Apr 13, 06:00 pm",0.327227
"Apr 13, 07:00 pm",0
"Apr 13, 08:00 pm",0
"Apr 13, 09:00 pm",0
"Apr 13, 10:00 pm",0
"Apr 13, 11:00 pm",0
"Apr 14, 12:00 am",0
"Apr 14, 01:00 am",0
"Apr 14, 02:00 am",0
"Apr 14, 03:00 am",0
"Apr 14, 04:00 am",0
"Apr 14, 05:00 am",0
"Apr 14, 06:00 am",0.468139
"Apr 14, 07:00 am",4.03186
"Apr 14, 08:00 am",8.56126
"Apr 14, 09:00 am",12.0651
"Apr 14, 10:00 am",14.6465
"Apr 14, 11:00 am",15.87
"Apr 14, 12:00 pm",16.2957
"Apr 14, 01:00 pm",15.676
"Apr 14, 02:00 pm",14.0445
"Apr 14, 03:00 pm",11.4614
"Apr 14, 04:00 pm",8.00348
"Apr 14, 05:00 pm",3.61014
"Apr 14, 06:00 pm",0.344477
"Apr 14, 07:00 pm",0
"Apr 14, 08:00 pm",0
"Apr 14, 09:00 pm",0
"Apr 14, 10:00 pm",0
"Apr 14, 11:00 pm",0
"Apr 15, 12:00 am",0
"Apr 15, 01:00 am",0
"Apr 15, 02:00 am",0
"Apr 15, 03:00 am",0
"Apr 15, 04:00 am",0
"Apr 15, 05:00 am",0
"Apr 15, 06:00 am",0.469266
"Apr 15, 07:00 am",4.0478
"Apr 15, 08:00 am",8.48823
"Apr 15, 09:00 am",11.8631
"Apr 15, 10:00 am",14.1478
"Apr 15, 11:00 am",15.4073
"Apr 15, 12:00 pm",15.6729
"Apr 15, 01:00 pm",15.046
"Apr 15, 02:00 pm",13.5795
"Apr 15, 03:00 pm",11.1708
"Apr 15, 04:00 pm",7.84937
"Apr 15, 05:00 pm",3.57819
"Apr 15, 06:00 pm",0.314828
"Apr 15, 07:00 pm",0
"Apr 15, 08:00 pm",0
"Apr 15, 09:00 pm",0
"Apr 15, 10:00 pm",0
"Apr 15, 11:00 pm",0
"Apr 16, 12:00 am",0
"Apr 16, 01:00 am",0
"Apr 16, 02:00 am",0
"Apr 16, 03:00 am",0
"Apr 16, 04:00 am",0
"Apr 16, 05:00 am",0
"Apr 16, 06:00 am",0.475538
"Apr 16, 07:00 am",4.05212
"Apr 16, 08:00 am",8.3787
"Apr 16, 09:00 am",11.6061
"Apr 16, 10:00 am",13.7913
"Apr 16, 11:00 am",14.9144
"Apr 16, 12:00 pm",15.2262
"Apr 16, 01:00 pm",14.6787
"Apr 16, 02:00 pm",13.1336
"Apr 16, 03:00 pm",10.8767
"Apr 16, 04:00 pm",7.6593
"Apr 16, 05:00 pm",3.48373
"Apr 16, 06:00 pm",0.311737
"Apr 16, 07:00 pm",0
"Apr 16, 08:00 pm",0
"Apr 16, 09:00 pm",0
"Apr 16, 10:00 pm",0
"Apr 16, 11:00 pm",0
"Apr 17, 12:00 am",0
"Apr 17, 01:00 am",0
"Apr 17, 02:00 am",0
"Apr 17, 03:00 am",0
"Apr 17, 04:00 am",0
"Apr 17, 05:00 am",0
"Apr 17, 06:00 am",0.470413
"Apr 17, 07:00 am",3.92567
"Apr 17, 08:00 am",8.05614
"Apr 17, 09:00 am",11.0576
"Apr 17, 10:00 am",13.146
"Apr 17, 11:00 am",14.3987
"Apr 17, 12:00 pm",14.8768
"Apr 17, 01:00 pm",14.3987
"Apr 17, 02:00 pm",13.3792
"Apr 17, 03:00 pm",10.8999
"Apr 17, 04:00 pm",7.51687
"Apr 17, 05:00 pm",3.34818
"Apr 17, 06:00 pm",0.358403
"Apr 17, 07:00 pm",0
"Apr 17, 08:00 pm",0
"Apr 17, 09:00 pm",0
"Apr 17, 10:00 pm",0
"Apr 17, 11:00 pm",0
"Apr 18, 12:00 am",0
"Apr 18, 01:00 am",0
"Apr 18, 02:00 am",0
"Apr 18, 03:00 am",0
"Apr 18, 04:00 am",0
"Apr 18, 05:00 am",0
"Apr 18, 06:00 am",0.513149
"Apr 18, 07:00 am",3.6469
"Apr 18, 08:00 am",8.12116
"Apr 18, 09:00 am",11.1399
"Apr 18, 10:00 am",13.1944
"Apr 18, 11:00 am",14.5324
"Apr 18, 12:00 pm",14.9599
"Apr 18, 01:00 pm",14.429
"Apr 18, 02:00 pm",13.0772
"Apr 18, 03:00 pm",10.9
"Apr 18, 04:00 pm",5.29909
"Apr 18, 05:00 pm",2.34617
"Apr 18, 06:00 pm",0.00068231
"Apr 18, 07:00 pm",0
"Apr 18, 08:00 pm",0
"Apr 18, 09:00 pm",0
"Apr 18, 10:00 pm",0
"Apr 18, 11:00 pm",0
"Apr 19, 12:00 am",0
"Apr 19, 01:00 am",0
"Apr 19, 02:00 am",0
"Apr 19, 03:00 am",0
"Apr 19, 04:00 am",0
"Apr 19, 05:00 am",0
"Apr 19, 06:00 am",0.57633
"Apr 19, 07:00 am",3.89972
"Apr 19, 08:00 am",8.04139
"Apr 19, 09:00 am",11.1231
"Apr 19, 10:00 am",13.1656
"Apr 19, 11:00 am",13.1012
"Apr 19, 12:00 pm",14.4288
"Apr 19, 01:00 pm",13.8527
"Apr 19, 02:00 pm",11.7352
"Apr 19, 03:00 pm",9.89796
"Apr 19, 04:00 pm",5.50716
"Apr 19, 05:00 pm",2.91239
"Apr 19, 06:00 pm",0.378213
"Apr 19, 07:00 pm",0
"Apr 19, 08:00 pm",0
"Apr 19, 09:00 pm",0
"Apr 19, 10:00 pm",0
"Apr 19, 11:00 pm",0
"Apr 20, 12:00 am",0
"Apr 20, 01:00 am",0
"Apr 20, 02:00 am",0
"Apr 20, 03:00 am",0
"Apr 20, 04:00 am",0
"Apr 20, 05:00 am",0
"Apr 20, 06:00 am",0.608737
"Apr 20, 07:00 am",4.00353
"Apr 20, 08:00 am",8.07013
"Apr 20, 09:00 am",10.9907
"Apr 20, 10:00 am",10.6725
"Apr 20, 11:00 am",13.5145
"Apr 20, 12:00 pm",12.8909
"Apr 20, 01:00 pm",12.0551
"Apr 20, 02:00 pm",12.5826
"Apr 20, 03:00 pm",10.6337
"Apr 20, 04:00 pm",7.67808
"Apr 20, 05:00 pm",3.57116
"Apr 20, 06:00 pm",0.382733
"Apr 20, 07:00 pm",0
"Apr 20, 08:00 pm",0
"Apr 20, 09:00 pm",0
"Apr 20, 10:00 pm",0
"Apr 20, 11:00 pm",0
"Apr 21, 12:00 am",0
"Apr 21, 01:00 am",0
"Apr 21, 02:00 am",0
"Apr 21, 03:00 am",0
"Apr 21, 04:00 am",0
"Apr 21, 05:00 am",0
"Apr 21, 06:00 am",0.590647
"Apr 21, 07:00 am",4.12477
"Apr 21, 08:00 am",8.37769
"Apr 21, 09:00 am",11.5691
"Apr 21, 10:00 am",13.8098
"Apr 21, 11:00 am",15.0453
"Apr 21, 12:00 pm",15.4896
"Apr 21, 01:00 pm",14.9441
"Apr 21, 02:00 pm",13.4864
"Apr 21, 03:00 pm",11.042
"Apr 21, 04:00 pm",7.74573
"Apr 21, 05:00 pm",3.5593
"Apr 21, 06:00 pm",0.412961
"Apr 21, 07:00 pm",0
"Apr 21, 08:00 pm",0
"Apr 21, 09:00 pm",0
"Apr 21, 10:00 pm",0
"Apr 21, 11:00 pm",0
"Apr 22, 12:00 am",0
"Apr 22, 01:00 am",0
"Apr 22, 02:00 am",0
"Apr 22, 03:00 am",0
"Apr 22, 04:00 am",0
"Apr 22, 05:00 am",0
"Apr 22, 06:00 am",0.613396
"Apr 22, 07:00 am",4.18188
"Apr 22, 08:00 am",8.39354
"Apr 22, 09:00 am",11.4783
"Apr 22, 10:00 am",13.5234
"Apr 22, 11:00 am",14.6773
"Apr 22, 12:00 pm",15.0441
"Apr 22, 01:00 pm",14.541
"Apr 22, 02:00 pm",13.149
"Apr 22, 03:00 pm",10.9137
"Apr 22, 04:00 pm",7.74364
"Apr 22, 05:00 pm",3.56685
"Apr 22, 06:00 pm",0.3865
"Apr 22, 07:00 pm",0
"Apr 22, 08:00 pm",0
"Apr 22, 09:00 pm",0
"Apr 22, 10:00 pm",0
"Apr 22, 11:00 pm",0
"Apr 23, 12:00 am",0
"Apr 23, 01:00 am",0
"Apr 23, 02:00 am",0
"Apr 23, 03:00 am",0
"Apr 23, 04:00 am",0
"Apr 23, 05:00 am",0
"Apr 23, 06:00 am",0.279187
"Apr 23, 07:00 am",0.95869
"Apr 23, 08:00 am",2.65748
"Apr 23, 09:00 am",11.2134
"Apr 23, 10:00 am",11.187
"Apr 23, 11:00 am",13.7907
"Apr 23, 12:00 pm",13.6959
"Apr 23, 01:00 pm",11.6313
"Apr 23, 02:00 pm",10.6987
"Apr 23, 03:00 pm",8.96559
"Apr 23, 04:00 pm",5.83992
"Apr 23, 05:00 pm",2.97111
"Apr 23, 06:00 pm",0.403655
"Apr 23, 07:00 pm",0
"Apr 23, 08:00 pm",0
"Apr 23, 09:00 pm",0
"Apr 23, 10:00 pm",0
"Apr 23, 11:00 pm",0
"Apr 24, 12:00 am",0
"Apr 24, 01:00 am",0
"Apr 24, 02:00 am",0
"Apr 24, 03:00 am",0
"Apr 24, 04:00 am",0
"Apr 24, 05:00 am",0
"Apr 24, 06:00 am",0.717947
"Apr 24, 07:00 am",4.04702
"Apr 24, 08:00 am",8.13929
"Apr 24, 09:00 am",11.2927
"Apr 24, 10:00 am",13.5927
"Apr 24, 11:00 am",14.7288
"Apr 24, 12:00 pm",15.2009
"Apr 24, 01:00 pm",14.8046
"Apr 24, 02:00 pm",13.4703
"Apr 24, 03:00 pm",9.87863
"Apr 24, 04:00 pm",7.09149
"Apr 24, 05:00 pm",3.42913
"Apr 24, 06:00 pm",0.506494
"Apr 24, 07:00 pm",0
"Apr 24, 08:00 pm",0
"Apr 24, 09:00 pm",0
"Apr 24, 10:00 pm",0
"Apr 24, 11:00 pm",0
"Apr 25, 12:00 am",0
"Apr 25, 01:00 am",0
"Apr 25, 02:00 am",0
"Apr 25, 03:00 am",0
"Apr 25, 04:00 am",0
"Apr 25, 05:00 am",0
"Apr 25, 06:00 am",0.779292
"Apr 25, 07:00 am",4.13476
"Apr 25, 08:00 am",8.26366
"Apr 25, 09:00 am",11.4168
"Apr 25, 10:00 am",13.4886
"Apr 25, 11:00 am",14.6679
"Apr 25, 12:00 pm",14.9317
"Apr 25, 01:00 pm",14.3767
"Apr 25, 02:00 pm",13.0185
"Apr 25, 03:00 pm",10.7872
"Apr 25, 04:00 pm",7.58343
"Apr 25, 05:00 pm",3.52532
"Apr 25, 06:00 pm",0.516755
"Apr 25, 07:00 pm",0
"Apr 25, 08:00 pm",0
"Apr 25, 09:00 pm",0
"Apr 25, 10:00 pm",0
"Apr 25, 11:00 pm",0
"Apr 26, 12:00 am",0
"Apr 26, 01:00 am",0
"Apr 26, 02:00 am",0
"Apr 26, 03:00 am",0
"Apr 26, 04:00 am",0
"Apr 26, 05:00 am",0
"Apr 26, 06:00 am",0.760117
"Apr 26, 07:00 am",4.44141
"Apr 26, 08:00 am",8.79101
"Apr 26, 09:00 am",12.1412
"Apr 26, 10:00 am",14.4828
"Apr 26, 11:00 am",15.5454
"Apr 26, 12:00 pm",15.9132
"Apr 26, 01:00 pm",15.3627
"Apr 26, 02:00 pm",13.8036
"Apr 26, 03:00 pm",11.3542
"Apr 26, 04:00 pm",8.00776
"Apr 26, 05:00 pm",3.76669
"Apr 26, 06:00 pm",0.45131
"Apr 26, 07:00 pm",0
"Apr 26, 08:00 pm",0
"Apr 26, 09:00 pm",0
"Apr 26, 10:00 pm",0
"Apr 26, 11:00 pm",0
"Apr 27, 12:00 am",0
"Apr 27, 01:00 am",0
"Apr 27, 02:00 am",0
"Apr 27, 03:00 am",0
"Apr 27, 04:00 am",0
"Apr 27, 05:00 am",0
"Apr 27, 06:00 am",0.70618
"Apr 27, 07:00 am",4.68648
"Apr 27, 08:00 am",9.03608
"Apr 27, 09:00 am",12.181
"Apr 27, 10:00 am",14.3284
"Apr 27, 11:00 am",15.4271
"Apr 27, 12:00 pm",15.5231
"Apr 27, 01:00 pm",14.8151
"Apr 27, 02:00 pm",13.3898
"Apr 27, 03:00 pm",11.1742
"Apr 27, 04:00 pm",8.06548
"Apr 27, 05:00 pm",3.78034
"Apr 27, 06:00 pm",0.395999
"Apr 27, 07:00 pm",0
"Apr 27, 08:00 pm",0
"Apr 27, 09:00 pm",0
"Apr 27, 10:00 pm",0
"Apr 27, 11:00 pm",0
"Apr 28, 12:00 am",0
"Apr 28, 01:00 am",0
"Apr 28, 02:00 am",0
"Apr 28, 03:00 am",0
"Apr 28, 04:00 am",0
"Apr 28, 05:00 am",0
"Apr 28, 06:00 am",0.727548
"Apr 28, 07:00 am",4.49811
"Apr 28, 08:00 am",8.52902
"Apr 28, 09:00 am",11.399
"Apr 28, 10:00 am",13.6788
"Apr 28, 11:00 am",14.776
"Apr 28, 12:00 pm",14.9797
"Apr 28, 01:00 pm",14.2231
"Apr 28, 02:00 pm",12.6873
"Apr 28, 03:00 pm",10.477
"Apr 28, 04:00 pm",7.44782
"Apr 28, 05:00 pm",3.58067
"Apr 28, 06:00 pm",0.471069
"Apr 28, 07:00 pm",0
"Apr 28, 08:00 pm",0
"Apr 28, 09:00 pm",0
"Apr 28, 10:00 pm",0
"Apr 28, 11:00 pm",0
"Apr 29, 12:00 am",0
"Apr 29, 01:00 am",0
"Apr 29, 02:00 am",0
"Apr 29, 03:00 am",0
"Apr 29, 04:00 am",0
"Apr 29, 05:00 am",0
"Apr 29, 06:00 am",0.786916
"Apr 29, 07:00 am",4.46042
"Apr 29, 08:00 am",8.6274
"Apr 29, 09:00 am",11.8171
"Apr 29, 10:00 am",14.0712
"Apr 29, 11:00 am",15.4682
"Apr 29, 12:00 pm",15.8637
"Apr 29, 01:00 pm",15.2767
"Apr 29, 02:00 pm",13.7631
"Apr 29, 03:00 pm",11.3196
"Apr 29, 04:00 pm",8.05392
"Apr 29, 05:00 pm",3.78574
"Apr 29, 06:00 pm",0.491496
"Apr 29, 07:00 pm",0
"Apr 29, 08:00 pm",0
"Apr 29, 09:00 pm",0
"Apr 29, 10:00 pm",0
"Apr 29, 11:00 pm",0
"Apr 30, 12:00 am",0
"Apr 30, 01:00 am",0
"Apr 30, 02:00 am",0
"Apr 30, 03:00 am",0
"Apr 30, 04:00 am",0
"Apr 30, 05:00 am",0
"Apr 30, 06:00 am",0.894468
"Apr 30, 07:00 am",4.76412
"Apr 30, 08:00 am",9.15693
"Apr 30, 09:00 am",12.4943
"Apr 30, 10:00 am",14.9446
"Apr 30, 11:00 am",16.1812
"Apr 30, 12:00 pm",16.4297
"Apr 30, 01:00 pm",16.1088
"Apr 30, 02:00 pm",14.4607
"Apr 30, 03:00 pm",11.7591
"Apr 30, 04:00 pm",8.32506
"Apr 30, 05:00 pm",3.60749
"Apr 30, 06:00 pm",0.520991
"Apr 30, 07:00 pm",0
"Apr 30, 08:00 pm",0
"Apr 30, 09:00 pm",0
"Apr 30, 10:00 pm",0
"Apr 30, 11:00 pm",0
"May 1, 12:00 am",0
"May 1, 01:00 am",0
"May 1, 02:00 am",0
"May 1, 03:00 am",0
"May 1, 04:00 am",0
"May 1, 05:00 am",0
"May 1, 06:00 am",0.890374
"May 1, 07:00 am",4.39464
"May 1, 08:00 am",8.41548
"May 1, 09:00 am",11.4364
"May 1, 10:00 am",13.6656
"May 1, 11:00 am",14.981
"May 1, 12:00 pm",15.4094
"May 1, 01:00 pm",14.9531
"May 1, 02:00 pm",13.5939
"May 1, 03:00 pm",11.1434
"May 1, 04:00 pm",7.89591
"May 1, 05:00 pm",3.74709
"May 1, 06:00 pm",0.552328
"May 1, 07:00 pm",0
"May 1, 08:00 pm",0
"May 1, 09:00 pm",0
"May 1, 10:00 pm",0
"May 1, 11:00 pm",0
"May 2, 12:00 am",0
"May 2, 01:00 am",0
"May 2, 02:00 am",0
"May 2, 03:00 am",0
"May 2, 04:00 am",0
"May 2, 05:00 am",0
"May 2, 06:00 am",0.910171
"May 2, 07:00 am",4.57819
"May 2, 08:00 am",8.52042
"May 2, 09:00 am",11.2862
"May 2, 10:00 am",13.0202
"May 2, 11:00 am",14.1034
"May 2, 12:00 pm",14.2722
"May 2, 01:00 pm",13.6361
"May 2, 02:00 pm",12.5754
"May 2, 03:00 pm",10.7068
"May 2, 04:00 pm",7.69107
"May 2, 05:00 pm",3.69727
"May 2, 06:00 pm",0.56553
"May 2, 07:00 pm",0
"May 2, 08:00 pm",0
"May 2, 09:00 pm",0
"May 2, 10:00 pm",0
"May 2, 11:00 pm",0
"May 3, 12:00 am",0
"May 3, 01:00 am",0
"May 3, 02:00 am",0
"May 3, 03:00 am",0
"May 3, 04:00 am",0
"May 3, 05:00 am",0
"May 3, 06:00 am",0.843187
"May 3, 07:00 am",3.8628
"May 3, 08:00 am",9.05793
"May 3, 09:00 am",12.4954
"May 3, 10:00 am",14.9169
"May 3, 11:00 am",16.2931
"May 3, 12:00 pm",16.6176
"May 3, 01:00 pm",15.9838
"May 3, 02:00 pm",14.3933
"May 3, 03:00 pm",11.8524
"May 3, 04:00 pm",8.44613
"May 3, 05:00 pm",3.98973
"May 3, 06:00 pm",0.559575
"May 3, 07:00 pm",0
"May 3, 08:00 pm",0
"May 3, 09:00 pm",0
"May 3, 10:00 pm",0
"May 3, 11:00 pm",0
"May 4, 12:00 am",0
"May 4, 01:00 am",0
"May 4, 02:00 am",0
"May 4, 03:00 am",0
"May 4, 04:00 am",0
"May 4, 05:00 am",0
"May 4, 06:00 am",0.942661
"May 4, 07:00 am",4.77332
"May 4, 08:00 am",8.9155
"May 4, 09:00 am",12.035
"May 4, 10:00 am",14.2419
"May 4, 11:00 am",15.5569
"May 4, 12:00 pm",15.8456
"May 4, 01:00 pm",15.1873
"May 4, 02:00 pm",13.7145
"May 4, 03:00 pm",11.3936
"May 4, 04:00 pm",8.09368
"May 4, 05:00 pm",3.85538
"May 4, 06:00 pm",0.538613
"May 4, 07:00 pm",0
"May 4, 08:00 pm",0
"May 4, 09:00 pm",0
"May 4, 10:00 pm",0
"May 4, 11:00 pm",0
"May 5, 12:00 am",0
"May 5, 01:00 am",0
"May 5, 02:00 am",0
"May 5, 03:00 am",0
"May 5, 04:00 am",0
"May 5, 05:00 am",0
"May 5, 06:00 am",0.936243
"May 5, 07:00 am",4.6685
"May 5, 08:00 am",8.65094
"May 5, 09:00 am",11.6388
"May 5, 10:00 am",13.9284
"May 5, 11:00 am",15.3612
"May 5, 12:00 pm",15.8429
"May 5, 01:00 pm",15.2572
"May 5, 02:00 pm",13.7857
"May 5, 03:00 pm",11.3727
"May 5, 04:00 pm",8.11296
"May 5, 05:00 pm",3.88126
"May 5, 06:00 pm",0.552005
"May 5, 07:00 pm",0
"May 5, 08:00 pm",0
"May 5, 09:00 pm",0
"May 5, 10:00 pm",0
"May 5, 11:00 pm",0
"May 6, 12:00 am",0
"May 6, 01:00 am",0
"May 6, 02:00 am",0
"May 6, 03:00 am",0
"May 6, 04:00 am",0
"May 6, 05:00 am",0
"May 6, 06:00 am",1.03431
"May 6, 07:00 am",4.55505
"May 6, 08:00 am",8.53252
"May 6, 09:00 am",11.3344
"May 6, 10:00 am",13.5271
"May 6, 11:00 am",15.0276
"May 6, 12:00 pm",15.4502
"May 6, 01:00 pm",14.8948
"May 6, 02:00 pm",13.4846
"May 6, 03:00 pm",11.0386
"May 6, 04:00 pm",7.86419
"May 6, 05:00 pm",3.75965
"May 6, 06:00 pm",0.566129
"May 6, 07:00 pm",0
"May 6, 08:00 pm",0
"May 6, 09:00 pm",0
"May 6, 10:00 pm",0
"May 6, 11:00 pm",0
"May 7, 12:00 am",0
"May 7, 01:00 am",0
"May 7, 02:00 am",0
"May 7, 03:00 am",0
"May 7, 04:00 am",0
"May 7, 05:00 am",0
"May 7, 06:00 am",1.01569
"May 7, 07:00 am",4.53558
"May 7, 08:00 am",8.44895
"May 7, 09:00 am",11.082
"May 7, 10:00 am",12.9169
"May 7, 11:00 am",14.1064
"May 7, 12:00 pm",14.4093
"May 7, 01:00 pm",13.8543
"May 7, 02:00 pm",12.5426
"May 7, 03:00 pm",10.4223
"May 7, 04:00 pm",7.54365
"May 7, 05:00 pm",3.68246
"May 7, 06:00 pm",0.534676
"May 7, 07:00 pm",0
"May 7, 08:00 pm",0
"May 7, 09:00 pm",0
"May 7, 10:00 pm",0
"May 7, 11:00 pm",0
"May 8, 12:00 am",0
"May 8, 01:00 am",0
"May 8, 02:00 am",0
"May 8, 03:00 am",0
"May 8, 04:00 am",0
"May 8, 05:00 am",0
"May 8, 06:00 am",0.962219
"May 8, 07:00 am",4.61274
"May 8, 08:00 am",8.43942
"May 8, 09:00 am",11.235
"May 8, 10:00 am",13.0162
"May 8, 11:00 am",13.6719
"May 8, 12:00 pm",13.6171
"May 8, 01:00 pm",13.4713
"May 8, 02:00 pm",12.4916
"May 8, 03:00 pm",10.4667
"May 8, 04:00 pm",7.59795
"May 8, 05:00 pm",3.70257
"May 8, 06:00 pm",0.545068
"May 8, 07:00 pm",0
"May 8, 08:00 pm",0
"May 8, 09:00 pm",0
"May 8, 10:00 pm",0
"May 8, 11:00 pm",0
"May 9, 12:00 am",0
"May 9, 01:00 am",0
"May 9, 02:00 am",0
"May 9, 03:00 am",0
"May 9, 04:00 am",0
"May 9, 05:00 am",0
"May 9, 06:00 am",0.999217
"May 9, 07:00 am",4.48252
"May 9, 08:00 am",8.03861
"May 9, 09:00 am",10.6889
"May 9, 10:00 am",12.7729
"May 9, 11:00 am",14.1309
"May 9, 12:00 pm",14.6643
"May 9, 01:00 pm",14.2309
"May 9, 02:00 pm",12.9447
"May 9, 03:00 pm",10.7636
"May 9, 04:00 pm",7.69003
"May 9, 05:00 pm",3.74473
"May 9, 06:00 pm",0.597123
"May 9, 07:00 pm",0
"May 9, 08:00 pm",0
"May 9, 09:00 pm",0
"May 9, 10:00 pm",0
"May 9, 11:00 pm",0
"May 10, 12:00 am",0
"May 10, 01:00 am",0
"May 10, 02:00 am",0
"May 10, 03:00 am",0
"May 10, 04:00 am",0
"May 10, 05:00 am",0
"May 10, 06:00 am",1.04296
"May 10, 07:00 am",4.51491
"May 10, 08:00 am",8.24847
"May 10, 09:00 am",11.0633
"May 10, 10:00 am",13.1734
"May 10, 11:00 am",14.5268
"May 10, 12:00 pm",14.959
"May 10, 01:00 pm",14.4303
"May 10, 02:00 pm",13.053
"May 10, 03:00 pm",10.7927
"May 10, 04:00 pm",7.67373
"May 10, 05:00 pm",3.74828
"May 10, 06:00 pm",0.5899
"May 10, 07:00 pm",0
"May 10, 08:00 pm",0
"May 10, 09:00 pm",0
"May 10, 10:00 pm",0
"May 10, 11:00 pm",0
"May 11, 12:00 am",0
"May 11, 01:00 am",0
"May 11, 02:00 am",0
"May 11, 03:00 am",0
"May 11, 04:00 am",0
"May 11, 05:00 am",0
"May 11, 06:00 am",1.02762
"May 11, 07:00 am",4.56221
"May 11, 08:00 am",8.3642
"May 11, 09:00 am",11.2687
"May 11, 10:00 am",13.2826
"May 11, 11:00 am",14.5147
"May 11, 12:00 pm",14.9124
"May 11, 01:00 pm",14.4154
"May 11, 02:00 pm",13.0536
"May 11, 03:00 pm",10.7833
"May 11, 04:00 pm",7.6937
"May 11, 05:00 pm",3.74852
"May 11, 06:00 pm",0.613925
"May 11, 07:00 pm",0
"May 11, 08:00 pm",0
"May 11, 09:00 pm",0
"May 11, 10:00 pm",0
"May 11, 11:00 pm",0
"May 12, 12:00 am",0
"May 12, 01:00 am",0
"May 12, 02:00 am",0
"May 12, 03:00 am",0
"May 12, 04:00 am",0
"May 12, 05:00 am",-0
"May 12, 06:00 am",1.08786
"May 12, 07:00 am",4.46244
"May 12, 08:00 am",8.20179
"May 12, 09:00 am",11.0397
"May 12, 10:00 am",13.1351
"May 12, 11:00 am",14.3022
"May 12, 12:00 pm",14.6412
"May 12, 01:00 pm",14.0533
"May 12, 02:00 pm",12.5858
"May 12, 03:00 pm",10.28
"May 12, 04:00 pm",5.56251
"May 12, 05:00 pm",2.44083
"May 12, 06:00 pm",0.262934
"May 12, 07:00 pm",0
"May 12, 08:00 pm",0
"May 12, 09:00 pm",0
"May 12, 10:00 pm",0
"May 12, 11:00 pm",0
"May 13, 12:00 am",0
"May 13, 01:00 am",0
"May 13, 02:00 am",0
"May 13, 03:00 am",0
"May 13, 04:00 am",0
"May 13, 05:00 am",-0
"May 13, 06:00 am",0.975391
"May 13, 07:00 am",4.38648
"May 13, 08:00 am",7.97309
"May 13, 09:00 am",10.6475
"May 13, 10:00 am",12.4315
"May 13, 11:00 am",9.22963
"May 13, 12:00 pm",13.6591
"May 13, 01:00 pm",12.6326
"May 13, 02:00 pm",11.6
"May 13, 03:00 pm",9.12299
"May 13, 04:00 pm",7.23216
"May 13, 05:00 pm",3.23715
"May 13, 06:00 pm",0.705917
"May 13, 07:00 pm",0
"May 13, 08:00 pm",0
"May 13, 09:00 pm",0
"May 13, 10:00 pm",0
"May 13, 11:00 pm",0
"May 14, 12:00 am",0
"May 14, 01:00 am",0
"May 14, 02:00 am",0
"May 14, 03:00 am",0
"May 14, 04:00 am",0
"May 14, 05:00 am",-0
"May 14, 06:00 am",1.14496
"May 14, 07:00 am",4.53812
"May 14, 08:00 am",8.28043
"May 14, 09:00 am",11.0494
"May 14, 10:00 am",13.1191
"May 14, 11:00 am",14.4205
"May 14, 12:00 pm",14.8825
"May 14, 01:00 pm",14.4766
"May 14, 02:00 pm",13.0791
"May 14, 03:00 pm",10.8862
"May 14, 04:00 pm",7.83767
"May 14, 05:00 pm",3.7011
"May 14, 06:00 pm",0.658637
"May 14, 07:00 pm",0
"May 14, 08:00 pm",0
"May 14, 09:00 pm",0
"May 14, 10:00 pm",0
"May 14, 11:00 pm",0
"May 15, 12:00 am",0
"May 15, 01:00 am",0
"May 15, 02:00 am",0
"May 15, 03:00 am",0
"May 15, 04:00 am",0
"May 15, 05:00 am",-0
"May 15, 06:00 am",1.08434
"May 15, 07:00 am",4.68181
"May 15, 08:00 am",8.5087
"May 15, 09:00 am",11.3829
"May 15, 10:00 am",13.5285
"May 15, 11:00 am",14.8632
"May 15, 12:00 pm",15.3073
"May 15, 01:00 pm",14.8518
"May 15, 02:00 pm",13.4661
"May 15, 03:00 pm",11.1553
"May 15, 04:00 pm",8.06929
"May 15, 05:00 pm",3.97777
"May 15, 06:00 pm",0.654082
"May 15, 07:00 pm",0
"May 15, 08:00 pm",0
"May 15, 09:00 pm",0
"May 15, 10:00 pm",0
"May 15, 11:00 pm",0
"May 16, 12:00 am",0
"May 16, 01:00 am",0
"May 16, 02:00 am",0
"May 16, 03:00 am",0
"May 16, 04:00 am",0
"May 16, 05:00 am",-0
"May 16, 06:00 am",1.05135
"May 16, 07:00 am",4.81309
"May 16, 08:00 am",8.61942
"May 16, 09:00 am",11.3412
"May 16, 10:00 am",13.3115
"May 16, 11:00 am",14.5226
"May 16, 12:00 pm",15.0015
"May 16, 01:00 pm",14.605
"May 16, 02:00 pm",13.3742
"May 16, 03:00 pm",11.1905
"May 16, 04:00 pm",8.13263
"May 16, 05:00 pm",4.04926
"May 16, 06:00 pm",0.575321
"May 16, 07:00 pm",0
"May 16, 08:00 pm",0
"May 16, 09:00 pm",0
"May 16, 10:00 pm",0
"May 16, 11:00 pm",0
"May 17, 12:00 am",0
"May 17, 01:00 am",0
"May 17, 02:00 am",0
"May 17, 03:00 am",0
"May 17, 04:00 am",0
"May 17, 05:00 am",-0
"May 17, 06:00 am",0.977379
"May 17, 07:00 am",4.68046
"May 17, 08:00 am",8.26934
"May 17, 09:00 am",9.33591
"May 17, 10:00 am",12.4267
"May 17, 11:00 am",12.9427
"May 17, 12:00 pm",10.1609
"May 17, 01:00 pm",13.9548
"May 17, 02:00 pm",12.8041
"May 17, 03:00 pm",10.6873
"May 17, 04:00 pm",7.73269
"May 17, 05:00 pm",3.81293
"May 17, 06:00 pm",0.601478
"May 17, 07:00 pm",0
"May 17, 08:00 pm",0
"May 17, 09:00 pm",0
"May 17, 10:00 pm",0
"May 17, 11:00 pm",0
"May 18, 12:00 am",0
"May 18, 01:00 am",0
"May 18, 02:00 am",0
"May 18, 03:00 am",0
"May 18, 04:00 am",0
"May 18, 05:00 am",-0
"May 18, 06:00 am",1.10278
"May 18, 07:00 am",4.5562
"May 18, 08:00 am",7.92187
"May 18, 09:00 am",4.07507
"May 18, 10:00 am",12.8814
"May 18, 11:00 am",14.1843
"May 18, 12:00 pm",11.4888
"May 18, 01:00 pm",9.7818
"May 18, 02:00 pm",9.27991
"May 18, 03:00 pm",0.386367
"May 18, 04:00 pm",5.94251
"May 18, 05:00 pm",2.2671
"May 18, 06:00 pm",0.697864
"May 18, 07:00 pm",0
"May 18, 08:00 pm",0
"May 18, 09:00 pm",0
"May 18, 10:00 pm",0
"May 18, 11:00 pm",0
"May 19, 12:00 am",0
"May 19, 01:00 am",0
"May 19, 02:00 am",0
"May 19, 03:00 am",0
"May 19, 04:00 am",0
"May 19, 05:00 am",-0
"May 19, 06:00 am",-0
"May 19, 07:00 am",1.22405
"May 19, 08:00 am",1.74637
"May 19, 09:00 am",7.58354
"May 19, 10:00 am",11.319
"May 19, 11:00 am",5.53024
"May 19, 12:00 pm",10.1172
"May 19, 01:00 pm",10.416
"May 19, 02:00 pm",10.9182
"May 19, 03:00 pm",4.82316
"May 19, 04:00 pm",2.32562
"May 19, 05:00 pm",-0
"May 19, 06:00 pm",0.540745
"May 19, 07:00 pm",0
"May 19, 08:00 pm",0
"May 19, 09:00 pm",0
"May 19, 10:00 pm",0
"May 19, 11:00 pm",0
"May 20, 12:00 am",0
"May 20, 01:00 am",0
"May 20, 02:00 am",0
"May 20, 03:00 am",0
"May 20, 04:00 am",0
"May 20, 05:00 am",-0
"May 20, 06:00 am",1.12078
"May 20, 07:00 am",4.56984
"May 20, 08:00 am",8.27031
"May 20, 09:00 am",11.0309
"May 20, 10:00 am",12.9092
"May 20, 11:00 am",13.9164
"May 20, 12:00 pm",13.9637
"May 20, 01:00 pm",13.3574
"May 20, 02:00 pm",12.1444
"May 20, 03:00 pm",10.2735
"May 20, 04:00 pm",7.43904
"May 20, 05:00 pm",3.73896
"May 20, 06:00 pm",0.686064
"May 20, 07:00 pm",0
"May 20, 08:00 pm",0
"May 20, 09:00 pm",0
"May 20, 10:00 pm",0
"May 20, 11:00 pm",0
"May 21, 12:00 am",0
"May 21, 01:00 am",0
"May 21, 02:00 am",0
"May 21, 03:00 am",0
"May 21, 04:00 am",0
"May 21, 05:00 am",-0
"May 21, 06:00 am",1.11308
"May 21, 07:00 am",4.68136
"May 21, 08:00 am",8.46684
"May 21, 09:00 am",11.0953
"May 21, 10:00 am",12.7499
"May 21, 11:00 am",13.5744
"May 21, 12:00 pm",13.5314
"May 21, 01:00 pm",13.0529
"May 21, 02:00 pm",11.9481
"May 21, 03:00 pm",10.1144
"May 21, 04:00 pm",7.48668
"May 21, 05:00 pm",3.8428
"May 21, 06:00 pm",0.614242
"May 21, 07:00 pm",0
"May 21, 08:00 pm",0
"May 21, 09:00 pm",0
"May 21, 10:00 pm",0
"May 21, 11:00 pm",0
"May 22, 12:00 am",0
"May 22, 01:00 am",0
"May 22, 02:00 am",0
"May 22, 03:00 am",0
"May 22, 04:00 am",0
"May 22, 05:00 am",-0
"May 22, 06:00 am",1.08641
"May 22, 07:00 am",4.79797
"May 22, 08:00 am",8.44454
"May 22, 09:00 am",11.0644
"May 22, 10:00 am",12.8031
"May 22, 11:00 am",13.7085
"May 22, 12:00 pm",13.8939
"May 22, 01:00 pm",13.5181
"May 22, 02:00 pm",12.4538
"May 22, 03:00 pm",10.5424
"May 22, 04:00 pm",7.76022
"May 22, 05:00 pm",3.94944
"May 22, 06:00 pm",0.609278
"May 22, 07:00 pm",0
"May 22, 08:00 pm",0
"May 22, 09:00 pm",0
"May 22, 10:00 pm",0
"May 22, 11:00 pm",0
"May 23, 12:00 am",0
"May 23, 01:00 am",0
"May 23, 02:00 am",0
"May 23, 03:00 am",0
"May 23, 04:00 am",0
"May 23, 05:00 am",-0
"May 23, 06:00 am",1.06406
"May 23, 07:00 am",4.83968
"May 23, 08:00 am",8.50563
"May 23, 09:00 am",11.0549
"May 23, 10:00 am",12.699
"May 23, 11:00 am",13.6645
"May 23, 12:00 pm",14.094
"May 23, 01:00 pm",13.7826
"May 23, 02:00 pm",12.6061
"May 23, 03:00 pm",10.6003
"May 23, 04:00 pm",7.79582
"May 23, 05:00 pm",3.96287
"May 23, 06:00 pm",0.621499
"May 23, 07:00 pm",0
"May 23, 08:00 pm",0
"May 23, 09:00 pm",0
"May 23, 10:00 pm",0
"May 23, 11:00 pm",0
"May 24, 12:00 am",0
"May 24, 01:00 am",0
"May 24, 02:00 am",0
"May 24, 03:00 am",0
"May 24, 04:00 am",0
"May 24, 05:00 am",-0
"May 24, 06:00 am",1.07775
"May 24, 07:00 am",4.72836
"May 24, 08:00 am",8.2866
"May 24, 09:00 am",10.6491
"May 24, 10:00 am",12.4954
"May 24, 11:00 am",13.9542
"May 24, 12:00 pm",14.533
"May 24, 01:00 pm",14.1489
"May 24, 02:00 pm",12.8978
"May 24, 03:00 pm",10.7471
"May 24, 04:00 pm",7.812
"May 24, 05:00 pm",3.94156
"May 24, 06:00 pm",0.661354
"May 24, 07:00 pm",0
"May 24, 08:00 pm",0
"May 24, 09:00 pm",0
"May 24, 10:00 pm",0
"May 24, 11:00 pm",0
"May 25, 12:00 am",0
"May 25, 01:00 am",0
"May 25, 02:00 am",0
"May 25, 03:00 am",0
"May 25, 04:00 am",0
"May 25, 05:00 am",-0
"May 25, 06:00 am",1.12119
"May 25, 07:00 am",4.60894
"May 25, 08:00 am",8.18806
"May 25, 09:00 am",10.9241
"May 25, 10:00 am",12.9948
"May 25, 11:00 am",14.2536
"May 25, 12:00 pm",14.7084
"May 25, 01:00 pm",14.3678
"May 25, 02:00 pm",13.1056
"May 25, 03:00 pm",10.9241
"May 25, 04:00 pm",7.92408
"May 25, 05:00 pm",3.96587
"May 25, 06:00 pm",0.705212
"May 25, 07:00 pm",0
"May 25, 08:00 pm",0
"May 25, 09:00 pm",0
"May 25, 10:00 pm",0
"May 25, 11:00 pm",0
"May 26, 12:00 am",0
"May 26, 01:00 am",0
"May 26, 02:00 am",0
"May 26, 03:00 am",0
"May 26, 04:00 am",0
"May 26, 05:00 am",-0
"May 26, 06:00 am",1.12484
"May 26, 07:00 am",2.69267
"May 26, 08:00 am",8.21072
"May 26, 09:00 am",10.9507
"May 26, 10:00 am",12.968
"May 26, 11:00 am",13.4976
"May 26, 12:00 pm",13.7479
"May 26, 01:00 pm",13.6443
"May 26, 02:00 pm",12.3891
"May 26, 03:00 pm",10.9019
"May 26, 04:00 pm",7.89075
"May 26, 05:00 pm",3.46988
"May 26, 06:00 pm",0.665878
"May 26, 07:00 pm",0
"May 26, 08:00 pm",0
"May 26, 09:00 pm",0
"May 26, 10:00 pm",0
"May 26, 11:00 pm",0
"May 27, 12:00 am",0
"May 27, 01:00 am",0
"May 27, 02:00 am",0
"May 27, 03:00 am",0
"May 27, 04:00 am",0
"May 27, 05:00 am",-0
"May 27, 06:00 am",1.00639
"May 27, 07:00 am",4.35709
"May 27, 08:00 am",6.1859
"May 27, 09:00 am",9.42124
"May 27, 10:00 am",11.1607
"May 27, 11:00 am",12.3426
"May 27, 12:00 pm",12.7828
"May 27, 01:00 pm",12.3329
"May 27, 02:00 pm",8.61471
"May 27, 03:00 pm",3.67867
"May 27, 04:00 pm",4.26849
"May 27, 05:00 pm",2.45001
"May 27, 06:00 pm",0.0590916
"May 27, 07:00 pm",0
"May 27, 08:00 pm",0
"May 27, 09:00 pm",0
"May 27, 10:00 pm",0
"May 27, 11:00 pm",0
"May 28, 12:00 am",0
"May 28, 01:00 am",0
"May 28, 02:00 am",0
"May 28, 03:00 am",0
"May 28, 04:00 am",0
"May 28, 05:00 am",-0
"May 28, 06:00 am",1.24433
"May 28, 07:00 am",4.87322
"May 28, 08:00 am",8.69688
"May 28, 09:00 am",11.5398
"May 28, 10:00 am",13.4171
"May 28, 11:00 am",14.493
"May 28, 12:00 pm",14.8359
"May 28, 01:00 pm",14.3457
"May 28, 02:00 pm",13.0531
"May 28, 03:00 pm",10.8446
"May 28, 04:00 pm",7.89727
"May 28, 05:00 pm",4.02381
"May 28, 06:00 pm",0.725367
"May 28, 07:00 pm",-0
"May 28, 08:00 pm",0
"May 28, 09:00 pm",0
"May 28, 10:00 pm",0
"May 28, 11:00 pm",0
"May 29, 12:00 am",0
"May 29, 01:00 am",0
"May 29, 02:00 am",0
"May 29, 03:00 am",0
"May 29, 04:00 am",0
"May 29, 05:00 am",-0
"May 29, 06:00 am",1.1632
"May 29, 07:00 am",4.72104
"May 29, 08:00 am",8.32333
"May 29, 09:00 am",10.7703
"May 29, 10:00 am",12.6733
"May 29, 11:00 am",13.9401
"May 29, 12:00 pm",14.301
"May 29, 01:00 pm",13.8099
"May 29, 02:00 pm",12.536
"May 29, 03:00 pm",10.4571
"May 29, 04:00 pm",6.57657
"May 29, 05:00 pm",3.6411
"May 29, 06:00 pm",0.842607
"May 29, 07:00 pm",-0
"May 29, 08:00 pm",0
"May 29, 09:00 pm",0
"May 29, 10:00 pm",0
"May 29, 11:00 pm",0
"May 30, 12:00 am",0
"May 30, 01:00 am",0
"May 30, 02:00 am",0
"May 30, 03:00 am",0
"May 30, 04:00 am",0
"May 30, 05:00 am",0.00267445
"May 30, 06:00 am",1.1751
"May 30, 07:00 am",4.64682
"May 30, 08:00 am",8.33218
"May 30, 09:00 am",11.0407
"May 30, 10:00 am",12.8925
"May 30, 11:00 am",14.0441
"May 30, 12:00 pm",14.4124
"May 30, 01:00 pm",13.9196
"May 30, 02:00 pm",12.6112
"May 30, 03:00 pm",10.5106
"May 30, 04:00 pm",7.62725
"May 30, 05:00 pm",3.90289
"May 30, 06:00 pm",0.79505
"May 30, 07:00 pm",-0
"May 30, 08:00 pm",0
"May 30, 09:00 pm",0
"May 30, 10:00 pm",0
"May 30, 11:00 pm",0
"May 31, 12:00 am",0
"May 31, 01:00 am",0
"May 31, 02:00 am",0
"May 31, 03:00 am",0
"May 31, 04:00 am",0
"May 31, 05:00 am",0.0026648
"May 31, 06:00 am",1.1442
"May 31, 07:00 am",4.6326
"May 31, 08:00 am",8.22552
"May 31, 09:00 am",10.7803
"May 31, 10:00 am",12.6232
"May 31, 11:00 am",13.8187
"May 31, 12:00 pm",14.2956
"May 31, 01:00 pm",13.9723
"May 31, 02:00 pm",12.8312
"May 31, 03:00 pm",10.7212
"May 31, 04:00 pm",7.8345
"May 31, 05:00 pm",4.00245
"May 31, 06:00 pm",0.785545
"May 31, 07:00 pm",-0
"May 31, 08:00 pm",0
"May 31, 09:00 pm",0
"May 31, 10:00 pm",0
"May 31, 11:00 pm",0
"Jun 1, 12:00 am",0
"Jun 1, 01:00 am",0
"Jun 1, 02:00 am",0
"Jun 1, 03:00 am",0
"Jun 1, 04:00 am",0
"Jun 1, 05:00 am",0.012651
"Jun 1, 06:00 am",1.11452
"Jun 1, 07:00 am",4.64259
"Jun 1, 08:00 am",8.189
"Jun 1, 09:00 am",10.6371
"Jun 1, 10:00 am",12.2972
"Jun 1, 11:00 am",13.406
"Jun 1, 12:00 pm",13.8721
"Jun 1, 01:00 pm",12.0156
"Jun 1, 02:00 pm",12.4396
"Jun 1, 03:00 pm",10.4298
"Jun 1, 04:00 pm",7.67886
"Jun 1, 05:00 pm",4.00435
"Jun 1, 06:00 pm",0.793704
"Jun 1, 07:00 pm",-0
"Jun 1, 08:00 pm",0
"Jun 1, 09:00 pm",0
"Jun 1, 10:00 pm",0
"Jun 1, 11:00 pm",0
"Jun 2, 12:00 am",0
"Jun 2, 01:00 am",0
"Jun 2, 02:00 am",0
"Jun 2, 03:00 am",0
"Jun 2, 04:00 am",0
"Jun 2, 05:00 am",-0
"Jun 2, 06:00 am",1.17069
"Jun 2, 07:00 am",4.55405
"Jun 2, 08:00 am",8.15438
"Jun 2, 09:00 am",10.9278
"Jun 2, 10:00 am",12.8721
"Jun 2, 11:00 am",14.0178
"Jun 2, 12:00 pm",14.4307
"Jun 2, 01:00 pm",14.0774
"Jun 2, 02:00 pm",12.7827
"Jun 2, 03:00 pm",10.6914
"Jun 2, 04:00 pm",7.77363
"Jun 2, 05:00 pm",4.01274
"Jun 2, 06:00 pm",0.831069
"Jun 2, 07:00 pm",-0
"Jun 2, 08:00 pm",0
"Jun 2, 09:00 pm",0
"Jun 2, 10:00 pm",0
"Jun 2, 11:00 pm",0
"Jun 3, 12:00 am",0
"Jun 3, 01:00 am",0
"Jun 3, 02:00 am",0
"Jun 3, 03:00 am",0
"Jun 3, 04:00 am",0
"Jun 3, 05:00 am",0.0121539
"Jun 3, 06:00 am",1.11582
"Jun 3, 07:00 am",4.70936
"Jun 3, 08:00 am",8.34487
"Jun 3, 09:00 am",11.0985
"Jun 3, 10:00 am",13.0782
"Jun 3, 11:00 am",14.2438
"Jun 3, 12:00 pm",14.6114
"Jun 3, 01:00 pm",14.1847
"Jun 3, 02:00 pm",12.9325
"Jun 3, 03:00 pm",10.8534
"Jun 3, 04:00 pm",7.95179
"Jun 3, 05:00 pm",4.1125
"Jun 3, 06:00 pm",0.84332
"Jun 3, 07:00 pm",-0
"Jun 3, 08:00 pm",0
"Jun 3, 09:00 pm",0
"Jun 3, 10:00 pm",0
"Jun 3, 11:00 pm",0
"Jun 4, 12:00 am",0
"Jun 4, 01:00 am",0
"Jun 4, 02:00 am",0
"Jun 4, 03:00 am",0
"Jun 4, 04:00 am",0
"Jun 4, 05:00 am",0.0315702
"Jun 4, 06:00 am",1.08888
"Jun 4, 07:00 am",4.56563
"Jun 4, 08:00 am",8.07216
"Jun 4, 09:00 am",10.618
"Jun 4, 10:00 am",12.5438
"Jun 4, 11:00 am",13.6954
"Jun 4, 12:00 pm",14.0758
"Jun 4, 01:00 pm",13.6887
"Jun 4, 02:00 pm",12.3269
"Jun 4, 03:00 pm",10.3646
"Jun 4, 04:00 pm",7.62114
"Jun 4, 05:00 pm",4.00116
"Jun 4, 06:00 pm",0.910093
"Jun 4, 07:00 pm",-0
"Jun 4, 08:00 pm",0
"Jun 4, 09:00 pm",0
"Jun 4, 10:00 pm",0
"Jun 4, 11:00 pm",0
"Jun 5, 12:00 am",0
"Jun 5, 01:00 am",0
"Jun 5, 02:00 am",0
"Jun 5, 03:00 am",0
"Jun 5, 04:00 am",0
"Jun 5, 05:00 am",-0
"Jun 5, 06:00 am",1.22549
"Jun 5, 07:00 am",4.59366
"Jun 5, 08:00 am",8.1341
"Jun 5, 09:00 am",10.7304
"Jun 5, 10:00 am",12.4026
"Jun 5, 11:00 am",13.1696
"Jun 5, 12:00 pm",13.5902
"Jun 5, 01:00 pm",13.3609
"Jun 5, 02:00 pm",12.2756
"Jun 5, 03:00 pm",10.383
"Jun 5, 04:00 pm",7.73438
"Jun 5, 05:00 pm",4.07036
"Jun 5, 06:00 pm",0.820787
"Jun 5, 07:00 pm",-0
"Jun 5, 08:00 pm",0
"Jun 5, 09:00 pm",0
"Jun 5, 10:00 pm",0
"Jun 5, 11:00 pm",0
"Jun 6, 12:00 am",0
"Jun 6, 01:00 am",0
"Jun 6, 02:00 am",0
"Jun 6, 03:00 am",0
"Jun 6, 04:00 am",0
"Jun 6, 05:00 am",0.0116718
"Jun 6, 06:00 am",1.113
"Jun 6, 07:00 am",4.60977
"Jun 6, 08:00 am",8.23076
"Jun 6, 09:00 am",10.7453
"Jun 6, 10:00 am",12.3214
"Jun 6, 11:00 am",13.0824
"Jun 6, 12:00 pm",13.5349
"Jun 6, 01:00 pm",13.4065
"Jun 6, 02:00 pm",12.1992
"Jun 6, 03:00 pm",10.2814
"Jun 6, 04:00 pm",7.5348
"Jun 6, 05:00 pm",3.95765
"Jun 6, 06:00 pm",0.96391
"Jun 6, 07:00 pm",-0
"Jun 6, 08:00 pm",0
"Jun 6, 09:00 pm",0
"Jun 6, 10:00 pm",0
"Jun 6, 11:00 pm",0
"Jun 7, 12:00 am",0
"Jun 7, 01:00 am",0
"Jun 7, 02:00 am",0
"Jun 7, 03:00 am",0
"Jun 7, 04:00 am",0
"Jun 7, 05:00 am",0.00173832
"Jun 7, 06:00 am",1.20935
"Jun 7, 07:00 am",4.44237
"Jun 7, 08:00 am",7.85241
"Jun 7, 09:00 am",10.2429
"Jun 7, 10:00 am",11.9676
"Jun 7, 11:00 am",13.2169
"Jun 7, 12:00 pm",13.8177
"Jun 7, 01:00 pm",13.5508
"Jun 7, 02:00 pm",12.5204
"Jun 7, 03:00 pm",10.5171
"Jun 7, 04:00 pm",7.75695
"Jun 7, 05:00 pm",4.05586
"Jun 7, 06:00 pm",0.849767
"Jun 7, 07:00 pm",-0
"Jun 7, 08:00 pm",0
"Jun 7, 09:00 pm",0
"Jun 7, 10:00 pm",0
"Jun 7, 11:00 pm",0
"Jun 8, 12:00 am",0
"Jun 8, 01:00 am",0
"Jun 8, 02:00 am",0
"Jun 8, 03:00 am",0
"Jun 8, 04:00 am",0
"Jun 8, 05:00 am",0.0111734
"Jun 8, 06:00 am",1.11877
"Jun 8, 07:00 am",4.60419
"Jun 8, 08:00 am",8.31461
"Jun 8, 09:00 am",11.1709
"Jun 8, 10:00 am",13.2711
"Jun 8, 11:00 am",14.6266
"Jun 8, 12:00 pm",14.9813
"Jun 8, 01:00 pm",14.4201
"Jun 8, 02:00 pm",12.979
"Jun 8, 03:00 pm",10.7349
"Jun 8, 04:00 pm",7.75998
"Jun 8, 05:00 pm",4.09513
"Jun 8, 06:00 pm",0.995665
"Jun 8, 07:00 pm",-0
"Jun 8, 08:00 pm",0
"Jun 8, 09:00 pm",0
"Jun 8, 10:00 pm",0
"Jun 8, 11:00 pm",0
"Jun 9, 12:00 am",0
"Jun 9, 01:00 am",0
"Jun 9, 02:00 am",0
"Jun 9, 03:00 am",0
"Jun 9, 04:00 am",0
"Jun 9, 05:00 am",0.0116295
"Jun 9, 06:00 am",1.15159
"Jun 9, 07:00 am",4.54178
"Jun 9, 08:00 am",8.16909
"Jun 9, 09:00 am",10.8579
"Jun 9, 10:00 am",12.6878
"Jun 9, 11:00 am",13.8011
"Jun 9, 12:00 pm",14.3189
"Jun 9, 01:00 pm",13.9853
"Jun 9, 02:00 pm",12.9767
"Jun 9, 03:00 pm",10.8783
"Jun 9, 04:00 pm",8.00587
"Jun 9, 05:00 pm",4.23154
"Jun 9, 06:00 pm",0.835487
"Jun 9, 07:00 pm",-0
"Jun 9, 08:00 pm",0
"Jun 9, 09:00 pm",0
"Jun 9, 10:00 pm",0
"Jun 9, 11:00 pm",0
"Jun 10, 12:00 am",0
"Jun 10, 01:00 am",0
"Jun 10, 02:00 am",0
"Jun 10, 03:00 am",0
"Jun 10, 04:00 am",0
"Jun 10, 05:00 am",0.0210597
"Jun 10, 06:00 am",1.09065
"Jun 10, 07:00 am",4.63849
"Jun 10, 08:00 am",8.20387
"Jun 10, 09:00 am",10.8052
"Jun 10, 10:00 am",12.8081
"Jun 10, 11:00 am",12.7089
"Jun 10, 12:00 pm",14.5866
"Jun 10, 01:00 pm",14.2015
"Jun 10, 02:00 pm",12.8827
"Jun 10, 03:00 pm",10.7224
"Jun 10, 04:00 pm",7.80413
"Jun 10, 05:00 pm",4.12702
"Jun 10, 06:00 pm",0.945315
"Jun 10, 07:00 pm",-0
"Jun 10, 08:00 pm",0
"Jun 10, 09:00 pm",0
"Jun 10, 10:00 pm",0
"Jun 10, 11:00 pm",0
"Jun 11, 12:00 am",0
"Jun 11, 01:00 am",0
"Jun 11, 02:00 am",0
"Jun 11, 03:00 am",0
"Jun 11, 04:00 am",0
"Jun 11, 05:00 am",0.0116669
"Jun 11, 06:00 am",1.15063
"Jun 11, 07:00 am",4.50356
"Jun 11, 08:00 am",7.99872
"Jun 11, 09:00 am",10.2834
"Jun 11, 10:00 am",11.6867
"Jun 11, 11:00 am",12.8888
"Jun 11, 12:00 pm",13.2466
"Jun 11, 01:00 pm",12.8373
"Jun 11, 02:00 pm",11.8275
"Jun 11, 03:00 pm",10.0319
"Jun 11, 04:00 pm",7.52483
"Jun 11, 05:00 pm",4.05889
"Jun 11, 06:00 pm",0.881197
"Jun 11, 07:00 pm",-0
"Jun 11, 08:00 pm",0
"Jun 11, 09:00 pm",0
"Jun 11, 10:00 pm",0
"Jun 11, 11:00 pm",0
"Jun 12, 12:00 am",0
"Jun 12, 01:00 am",0
"Jun 12, 02:00 am",0
"Jun 12, 03:00 am",0
"Jun 12, 04:00 am",0
"Jun 12, 05:00 am",0.0101223
"Jun 12, 06:00 am",1.10239
"Jun 12, 07:00 am",4.39934
"Jun 12, 08:00 am",7.92691
"Jun 12, 09:00 am",10.5608
"Jun 12, 10:00 am",11.6113
"Jun 12, 11:00 am",11.9989
"Jun 12, 12:00 pm",13.4134
"Jun 12, 01:00 pm",13.3444
"Jun 12, 02:00 pm",12.376
"Jun 12, 03:00 pm",10.3235
"Jun 12, 04:00 pm",7.57413
"Jun 12, 05:00 pm",4.06936
"Jun 12, 06:00 pm",0.973244
"Jun 12, 07:00 pm",-0
"Jun 12, 08:00 pm",0
"Jun 12, 09:00 pm",0
"Jun 12, 10:00 pm",0
"Jun 12, 11:00 pm",0
"Jun 13, 12:00 am",0
"Jun 13, 01:00 am",0
"Jun 13, 02:00 am",0
"Jun 13, 03:00 am",0
"Jun 13, 04:00 am",0
"Jun 13, 05:00 am",-0
"Jun 13, 06:00 am",1.24381
"Jun 13, 07:00 am",4.31299
"Jun 13, 08:00 am",7.72159
"Jun 13, 09:00 am",6.78329
"Jun 13, 10:00 am",9.58183
"Jun 13, 11:00 am",12.6243
"Jun 13, 12:00 pm",12.9021
"Jun 13, 01:00 pm",12.2336
"Jun 13, 02:00 pm",11.2638
"Jun 13, 03:00 pm",9.60043
"Jun 13, 04:00 pm",7.2341
"Jun 13, 05:00 pm",3.98837
"Jun 13, 06:00 pm",0.992825
"Jun 13, 07:00 pm",-0
"Jun 13, 08:00 pm",0
"Jun 13, 09:00 pm",0
"Jun 13, 10:00 pm",0
"Jun 13, 11:00 pm",0
"Jun 14, 12:00 am",0
"Jun 14, 01:00 am",0
"Jun 14, 02:00 am",0
"Jun 14, 03:00 am",0
"Jun 14, 04:00 am",0
"Jun 14, 05:00 am",-0
"Jun 14, 06:00 am",1.25835
"Jun 14, 07:00 am",4.23611
"Jun 14, 08:00 am",7.49324
"Jun 14, 09:00 am",9.98891
"Jun 14, 10:00 am",11.9572
"Jun 14, 11:00 am",13.5297
"Jun 14, 12:00 pm",14.0365
"Jun 14, 01:00 pm",13.715
"Jun 14, 02:00 pm",12.5243
"Jun 14, 03:00 pm",10.5778
"Jun 14, 04:00 pm",7.81986
"Jun 14, 05:00 pm",4.16936
"Jun 14, 06:00 pm",0.920324
"Jun 14, 07:00 pm",-0
"Jun 14, 08:00 pm",0
"Jun 14, 09:00 pm",0
"Jun 14, 10:00 pm",0
"Jun 14, 11:00 pm",0
"Jun 15, 12:00 am",0
"Jun 15, 01:00 am",0
"Jun 15, 02:00 am",0
"Jun 15, 03:00 am",0
"Jun 15, 04:00 am",0
"Jun 15, 05:00 am",0.0106456
"Jun 15, 06:00 am",1.13226
"Jun 15, 07:00 am",4.31088
"Jun 15, 08:00 am",7.66972
"Jun 15, 09:00 am",10.2108
"Jun 15, 10:00 am",11.9816
"Jun 15, 11:00 am",13.0859
"Jun 15, 12:00 pm",13.4799
"Jun 15, 01:00 pm",13.0809
"Jun 15, 02:00 pm",11.8918
"Jun 15, 03:00 pm",9.98127
"Jun 15, 04:00 pm",7.37445
"Jun 15, 05:00 pm",4.01892
"Jun 15, 06:00 pm",1.04249
"Jun 15, 07:00 pm",-0
"Jun 15, 08:00 pm",0
"Jun 15, 09:00 pm",0
"Jun 15, 10:00 pm",0
"Jun 15, 11:00 pm",0
"Jun 16, 12:00 am",0
"Jun 16, 01:00 am",0
"Jun 16, 02:00 am",0
"Jun 16, 03:00 am",0
"Jun 16, 04:00 am",0
"Jun 16, 05:00 am",0.011162
"Jun 16, 06:00 am",1.11243
"Jun 16, 07:00 am",4.3857
"Jun 16, 08:00 am",7.93062
"Jun 16, 09:00 am",10.5536
"Jun 16, 10:00 am",12.1832
"Jun 16, 11:00 am",12.7613
"Jun 16, 12:00 pm",13.182
"Jun 16, 01:00 pm",13.0767
"Jun 16, 02:00 pm",12.1246
"Jun 16, 03:00 pm",10.3629
"Jun 16, 04:00 pm",7.72702
"Jun 16, 05:00 pm",4.17988
"Jun 16, 06:00 pm",0.965116
"Jun 16, 07:00 pm",-0
"Jun 16, 08:00 pm",0
"Jun 16, 09:00 pm",0
"Jun 16, 10:00 pm",0
"Jun 16, 11:00 pm",0
"Jun 17, 12:00 am",0
"Jun 17, 01:00 am",0
"Jun 17, 02:00 am",0
"Jun 17, 03:00 am",0
"Jun 17, 04:00 am",0
"Jun 17, 05:00 am",0.0106592
"Jun 17, 06:00 am",1.00371
"Jun 17, 07:00 am",4.60121
"Jun 17, 08:00 am",8.31113
"Jun 17, 09:00 am",10.8333
"Jun 17, 10:00 am",12.2848
"Jun 17, 11:00 am",13.3014
"Jun 17, 12:00 pm",14.0388
"Jun 17, 01:00 pm",13.8279
"Jun 17, 02:00 pm",12.7195
"Jun 17, 03:00 pm",10.7793
"Jun 17, 04:00 pm",8.03024
"Jun 17, 05:00 pm",4.35062
"Jun 17, 06:00 pm",0.937675
"Jun 17, 07:00 pm",-0
"Jun 17, 08:00 pm",0
"Jun 17, 09:00 pm",0
"Jun 17, 10:00 pm",0
"Jun 17, 11:00 pm",0
"Jun 18, 12:00 am",0
"Jun 18, 01:00 am",0
"Jun 18, 02:00 am",0
"Jun 18, 03:00 am",0
"Jun 18, 04:00 am",0
"Jun 18, 05:00 am",0.0111508
"Jun 18, 06:00 am",1.08033
"Jun 18, 07:00 am",4.52652
"Jun 18, 08:00 am",8.14684
"Jun 18, 09:00 am",10.5904
"Jun 18, 10:00 am",12.4483
"Jun 18, 11:00 am",13.8024
"Jun 18, 12:00 pm",14.2838
"Jun 18, 01:00 pm",13.9223
"Jun 18, 02:00 pm",12.9251
"Jun 18, 03:00 pm",10.9342
"Jun 18, 04:00 pm",8.18032
"Jun 18, 05:00 pm",4.47081
"Jun 18, 06:00 pm",0.943408
"Jun 18, 07:00 pm",0.00860378
"Jun 18, 08:00 pm",0
"Jun 18, 09:00 pm",0
"Jun 18, 10:00 pm",0
"Jun 18, 11:00 pm",0
"Jun 19, 12:00 am",0
"Jun 19, 01:00 am",0
"Jun 19, 02:00 am",0
"Jun 19, 03:00 am",0
"Jun 19, 04:00 am",0
"Jun 19, 05:00 am",0.0121715
"Jun 19, 06:00 am",1.11324
"Jun 19, 07:00 am",4.5956
"Jun 19, 08:00 am",8.32171
"Jun 19, 09:00 am",11.0245
"Jun 19, 10:00 am",12.7761
"Jun 19, 11:00 am",13.683
"Jun 19, 12:00 pm",13.7752
"Jun 19, 01:00 pm",13.1722
"Jun 19, 02:00 pm",12.0093
"Jun 19, 03:00 pm",10.1836
"Jun 19, 04:00 pm",7.62983
"Jun 19, 05:00 pm",4.18604
"Jun 19, 06:00 pm",1.03756
"Jun 19, 07:00 pm",-0
"Jun 19, 08:00 pm",0
"Jun 19, 09:00 pm",0
"Jun 19, 10:00 pm",0
"Jun 19, 11:00 pm",0
"Jun 20, 12:00 am",0
"Jun 20, 01:00 am",0
"Jun 20, 02:00 am",0
"Jun 20, 03:00 am",0
"Jun 20, 04:00 am",0
"Jun 20, 05:00 am",0.0126677
"Jun 20, 06:00 am",1.04382
"Jun 20, 07:00 am",4.50057
"Jun 20, 08:00 am",8.14634
"Jun 20, 09:00 am",10.6123
"Jun 20, 10:00 am",12.1844
"Jun 20, 11:00 am",13.3198
"Jun 20, 12:00 pm",13.9273
"Jun 20, 01:00 pm",13.7897
"Jun 20, 02:00 pm",12.6635
"Jun 20, 03:00 pm",10.7141
"Jun 20, 04:00 pm",7.99095
"Jun 20, 05:00 pm",4.33918
"Jun 20, 06:00 pm",1.02911
"Jun 20, 07:00 pm",-0
"Jun 20, 08:00 pm",0
"Jun 20, 09:00 pm",0
"Jun 20, 10:00 pm",0
"Jun 20, 11:00 pm",0
"Jun 21, 12:00 am",0
"Jun 21, 01:00 am",0
"Jun 21, 02:00 am",0
"Jun 21, 03:00 am",0
"Jun 21, 04:00 am",0
"Jun 21, 05:00 am",0.00264971
"Jun 21, 06:00 am",1.0757
"Jun 21, 07:00 am",4.47981
"Jun 21, 08:00 am",8.10117
"Jun 21, 09:00 am",9.60572
"Jun 21, 10:00 am",11.3732
"Jun 21, 11:00 am",12.9608
"Jun 21, 12:00 pm",12.7245
"Jun 21, 01:00 pm",9.086
"Jun 21, 02:00 pm",12.7515
"Jun 21, 03:00 pm",10.7755
"Jun 21, 04:00 pm",7.94933
"Jun 21, 05:00 pm",4.30968
"Jun 21, 06:00 pm",1.08387
"Jun 21, 07:00 pm",-0
"Jun 21, 08:00 pm",0
"Jun 21, 09:00 pm",0
"Jun 21, 10:00 pm",0
"Jun 21, 11:00 pm",0
"Jun 22, 12:00 am",0
"Jun 22, 01:00 am",0
"Jun 22, 02:00 am",0
"Jun 22, 03:00 am",0
"Jun 22, 04:00 am",0
"Jun 22, 05:00 am",0.00172514
"Jun 22, 06:00 am",1.05251
"Jun 22, 07:00 am",4.22234
"Jun 22, 08:00 am",6.98182
"Jun 22, 09:00 am",10.6748
"Jun 22, 10:00 am",10.0065
"Jun 22, 11:00 am",10.5526
"Jun 22, 12:00 pm",10.4472
"Jun 22, 01:00 pm",11.9176
"Jun 22, 02:00 pm",12.4875
"Jun 22, 03:00 pm",10.5846
"Jun 22, 04:00 pm",7.93522
"Jun 22, 05:00 pm",4.3012
"Jun 22, 06:00 pm",1.04062
"Jun 22, 07:00 pm",-0
"Jun 22, 08:00 pm",0
"Jun 22, 09:00 pm",0
"Jun 22, 10:00 pm",0
"Jun 22, 11:00 pm",0
"Jun 23, 12:00 am",0
"Jun 23, 01:00 am",0
"Jun 23, 02:00 am",0
"Jun 23, 03:00 am",0
"Jun 23, 04:00 am",0
"Jun 23, 05:00 am",-0
"Jun 23, 06:00 am",1.08314
"Jun 23, 07:00 am",4.37588
"Jun 23, 08:00 am",7.88437
"Jun 23, 09:00 am",10.415
"Jun 23, 10:00 am",12.4273
"Jun 23, 11:00 am",13.8518
"Jun 23, 12:00 pm",14.4216
"Jun 23, 01:00 pm",14.0917
"Jun 23, 02:00 pm",12.9857
"Jun 23, 03:00 pm",10.9107
"Jun 23, 04:00 pm",8.08087
"Jun 23, 05:00 pm",4.37537
"Jun 23, 06:00 pm",1.04243
"Jun 23, 07:00 pm",0.00861497
"Jun 23, 08:00 pm",0
"Jun 23, 09:00 pm",0
"Jun 23, 10:00 pm",0
"Jun 23, 11:00 pm",0
"Jun 24, 12:00 am",0
"Jun 24, 01:00 am",0
"Jun 24, 02:00 am",0
"Jun 24, 03:00 am",0
"Jun 24, 04:00 am",0
"Jun 24, 05:00 am",0.00219701
"Jun 24, 06:00 am",0.994324
"Jun 24, 07:00 am",4.3923
"Jun 24, 08:00 am",7.92857
"Jun 24, 09:00 am",10.3215
"Jun 24, 10:00 am",11.9466
"Jun 24, 11:00 am",12.1319
"Jun 24, 12:00 pm",13.6982
"Jun 24, 01:00 pm",11.9853
"Jun 24, 02:00 pm",10.1547
"Jun 24, 03:00 pm",10.2487
"Jun 24, 04:00 pm",7.62974
"Jun 24, 05:00 pm",4.20124
"Jun 24, 06:00 pm",1.06507
"Jun 24, 07:00 pm",0.00860378
"Jun 24, 08:00 pm",0
"Jun 24, 09:00 pm",0
"Jun 24, 10:00 pm",0
"Jun 24, 11:00 pm",0
"Jun 25, 12:00 am",0
"Jun 25, 01:00 am",0
"Jun 25, 02:00 am",0
"Jun 25, 03:00 am",0
"Jun 25, 04:00 am",0
"Jun 25, 05:00 am",0.0126677
"Jun 25, 06:00 am",0.945123
"Jun 25, 07:00 am",4.41267
"Jun 25, 08:00 am",8.09771
"Jun 25, 09:00 am",10.7003
"Jun 25, 10:00 am",12.324
"Jun 25, 11:00 am",12.8887
"Jun 25, 12:00 pm",13
"Jun 25, 01:00 pm",12.7049
"Jun 25, 02:00 pm",11.8559
"Jun 25, 03:00 pm",10.1924
"Jun 25, 04:00 pm",7.74525
"Jun 25, 05:00 pm",4.3247
"Jun 25, 06:00 pm",1.07152
"Jun 25, 07:00 pm",-0
"Jun 25, 08:00 pm",0
"Jun 25, 09:00 pm",0
"Jun 25, 10:00 pm",0
"Jun 25, 11:00 pm",0
"Jun 26, 12:00 am",0
"Jun 26, 01:00 am",0
"Jun 26, 02:00 am",0
"Jun 26, 03:00 am",0
"Jun 26, 04:00 am",0
"Jun 26, 05:00 am",-0
"Jun 26, 06:00 am",0.971226
"Jun 26, 07:00 am",4.48563
"Jun 26, 08:00 am",8.20254
"Jun 26, 09:00 am",11.0454
"Jun 26, 10:00 am",13.2054
"Jun 26, 11:00 am",14.5324
"Jun 26, 12:00 pm",15.0071
"Jun 26, 01:00 pm",14.5683
"Jun 26, 02:00 pm",13.2146
"Jun 26, 03:00 pm",11.0534
"Jun 26, 04:00 pm",8.23045
"Jun 26, 05:00 pm",4.4724
"Jun 26, 06:00 pm",1.01361
"Jun 26, 07:00 pm",0.00764871
"Jun 26, 08:00 pm",0
"Jun 26, 09:00 pm",0
"Jun 26, 10:00 pm",0
"Jun 26, 11:00 pm",0
"Jun 27, 12:00 am",0
"Jun 27, 01:00 am",0
"Jun 27, 02:00 am",0
"Jun 27, 03:00 am",0
"Jun 27, 04:00 am",0
"Jun 27, 05:00 am",-0
"Jun 27, 06:00 am",0.971744
"Jun 27, 07:00 am",4.3177
"Jun 27, 08:00 am",7.8377
"Jun 27, 09:00 am",10.2942
"Jun 27, 10:00 am",12.1166
"Jun 27, 11:00 am",13.3273
"Jun 27, 12:00 pm",13.8182
"Jun 27, 01:00 pm",13.4214
"Jun 27, 02:00 pm",12.3513
"Jun 27, 03:00 pm",10.3099
"Jun 27, 04:00 pm",7.62381
"Jun 27, 05:00 pm",4.23195
"Jun 27, 06:00 pm",1.0749
"Jun 27, 07:00 pm",-0
"Jun 27, 08:00 pm",0
"Jun 27, 09:00 pm",0
"Jun 27, 10:00 pm",0
"Jun 27, 11:00 pm",0
"Jun 28, 12:00 am",0
"Jun 28, 01:00 am",0
"Jun 28, 02:00 am",0
"Jun 28, 03:00 am",0
"Jun 28, 04:00 am",0
"Jun 28, 05:00 am",-0
"Jun 28, 06:00 am",1.03675
"Jun 28, 07:00 am",4.16225
"Jun 28, 08:00 am",7.7047
"Jun 28, 09:00 am",10.3723
"Jun 28, 10:00 am",12.163
"Jun 28, 11:00 am",13.0167
"Jun 28, 12:00 pm",13.2457
"Jun 28, 01:00 pm",12.8154
"Jun 28, 02:00 pm",11.5927
"Jun 28, 03:00 pm",9.57559
"Jun 28, 04:00 pm",6.92628
"Jun 28, 05:00 pm",4.09381
"Jun 28, 06:00 pm",0.964025
"Jun 28, 07:00 pm",-0
"Jun 28, 08:00 pm",0
"Jun 28, 09:00 pm",0
"Jun 28, 10:00 pm",0
"Jun 28, 11:00 pm",0
"Jun 29, 12:00 am",0
"Jun 29, 01:00 am",0
"Jun 29, 02:00 am",0
"Jun 29, 03:00 am",0
"Jun 29, 04:00 am",0
"Jun 29, 05:00 am",-0
"Jun 29, 06:00 am",0.179908
"Jun 29, 07:00 am",3.20723
"Jun 29, 08:00 am",6.94899
"Jun 29, 09:00 am",6.3475
"Jun 29, 10:00 am",11.5811
"Jun 29, 11:00 am",12.5566
"Jun 29, 12:00 pm",13.0975
"Jun 29, 01:00 pm",12.7481
"Jun 29, 02:00 pm",11.6099
"Jun 29, 03:00 pm",9.67317
"Jun 29, 04:00 pm",7.09773
"Jun 29, 05:00 pm",3.95733
"Jun 29, 06:00 pm",1.01697
"Jun 29, 07:00 pm",-0
"Jun 29, 08:00 pm",0
"Jun 29, 09:00 pm",0
"Jun 29, 10:00 pm",0
"Jun 29, 11:00 pm",0
"Jun 30, 12:00 am",0
"Jun 30, 01:00 am",0
"Jun 30, 02:00 am",0
"Jun 30, 03:00 am",0
"Jun 30, 04:00 am",0
"Jun 30, 05:00 am",-0
"Jun 30, 06:00 am",0.945695
"Jun 30, 07:00 am",3.84634
"Jun 30, 08:00 am",6.98275
"Jun 30, 09:00 am",9.53032
"Jun 30, 10:00 am",11.5645
"Jun 30, 11:00 am",13.0605
"Jun 30, 12:00 pm",13.5055
"Jun 30, 01:00 pm",13.1355
"Jun 30, 02:00 pm",11.7223
"Jun 30, 03:00 pm",9.77424
"Jun 30, 04:00 pm",5.4922
"Jun 30, 05:00 pm",4.38792
"Jun 30, 06:00 pm",1.02158
"Jun 30, 07:00 pm",-0
"Jun 30, 08:00 pm",0
"Jun 30, 09:00 pm",0
"Jun 30, 10:00 pm",0
"Jun 30, 11:00 pm",0
"Jul 1, 12:00 am",0
"Jul 1, 01:00 am",0
"Jul 1, 02:00 am",0
"Jul 1, 03:00 am",0
"Jul 1, 04:00 am",0
"Jul 1, 05:00 am",-0
"Jul 1, 06:00 am",0.975088
"Jul 1, 07:00 am",4.31749
"Jul 1, 08:00 am",8.02813
"Jul 1, 09:00 am",10.7732
"Jul 1, 10:00 am",12.8106
"Jul 1, 11:00 am",14.1146
"Jul 1, 12:00 pm",14.561
"Jul 1, 01:00 pm",14.2153
"Jul 1, 02:00 pm",12.8724
"Jul 1, 03:00 pm",10.8386
"Jul 1, 04:00 pm",8.05511
"Jul 1, 05:00 pm",4.37556
"Jul 1, 06:00 pm",1.02144
"Jul 1, 07:00 pm",0.00711406
"Jul 1, 08:00 pm",0
"Jul 1, 09:00 pm",0
"Jul 1, 10:00 pm",0
"Jul 1, 11:00 pm",0
"Jul 2, 12:00 am",0
"Jul 2, 01:00 am",0
"Jul 2, 02:00 am",0
"Jul 2, 03:00 am",0
"Jul 2, 04:00 am",0
"Jul 2, 05:00 am",-0
"Jul 2, 06:00 am",0.880629
"Jul 2, 07:00 am",4.1874
"Jul 2, 08:00 am",7.82168
"Jul 2, 09:00 am",10.516
"Jul 2, 10:00 am",12.4407
"Jul 2, 11:00 am",13.4617
"Jul 2, 12:00 pm",13.7755
"Jul 2, 01:00 pm",13.3633
"Jul 2, 02:00 pm",12.3168
"Jul 2, 03:00 pm",10.3472
"Jul 2, 04:00 pm",7.69655
"Jul 2, 05:00 pm",4.19669
"Jul 2, 06:00 pm",0.99198
"Jul 2, 07:00 pm",-0
"Jul 2, 08:00 pm",0
"Jul 2, 09:00 pm",0
"Jul 2, 10:00 pm",0
"Jul 2, 11:00 pm",0
"Jul 3, 12:00 am",0
"Jul 3, 01:00 am",0
"Jul 3, 02:00 am",0
"Jul 3, 03:00 am",0
"Jul 3, 04:00 am",0
"Jul 3, 05:00 am",-0
"Jul 3, 06:00 am",0.903798
"Jul 3, 07:00 am",3.97087
"Jul 3, 08:00 am",7.46308
"Jul 3, 09:00 am",10.2255
"Jul 3, 10:00 am",12.1879
"Jul 3, 11:00 am",13.5731
"Jul 3, 12:00 pm",14.059
"Jul 3, 01:00 pm",13.6989
"Jul 3, 02:00 pm",12.5198
"Jul 3, 03:00 pm",10.5318
"Jul 3, 04:00 pm",7.8344
"Jul 3, 05:00 pm",4.27868
"Jul 3, 06:00 pm",1.03811
"Jul 3, 07:00 pm",-0
"Jul 3, 08:00 pm",0
"Jul 3, 09:00 pm",0
"Jul 3, 10:00 pm",0
"Jul 3, 11:00 pm",0
"Jul 4, 12:00 am",0
"Jul 4, 01:00 am",0
"Jul 4, 02:00 am",0
"Jul 4, 03:00 am",0
"Jul 4, 04:00 am",0
"Jul 4, 05:00 am",-0
"Jul 4, 06:00 am",0.891755
"Jul 4, 07:00 am",4.07369
"Jul 4, 08:00 am",7.65045
"Jul 4, 09:00 am",10.3799
"Jul 4, 10:00 am",12.3558
"Jul 4, 11:00 am",13.6283
"Jul 4, 12:00 pm",14.1319
"Jul 4, 01:00 pm",13.8021
"Jul 4, 02:00 pm",12.6992
"Jul 4, 03:00 pm",10.7007
"Jul 4, 04:00 pm",8.00505
"Jul 4, 05:00 pm",4.37232
"Jul 4, 06:00 pm",1.00571
"Jul 4, 07:00 pm",-0
"Jul 4, 08:00 pm",0
"Jul 4, 09:00 pm",0
"Jul 4, 10:00 pm",0
"Jul 4, 11:00 pm",0
"Jul 5, 12:00 am",0
"Jul 5, 01:00 am",0
"Jul 5, 02:00 am",0
"Jul 5, 03:00 am",0
"Jul 5, 04:00 am",0
"Jul 5, 05:00 am",-0
"Jul 5, 06:00 am",0.992082
"Jul 5, 07:00 am",4.00294
"Jul 5, 08:00 am",7.5022
"Jul 5, 09:00 am",10.2579
"Jul 5, 10:00 am",12.2982
"Jul 5, 11:00 am",13.6439
"Jul 5, 12:00 pm",14.1476
"Jul 5, 01:00 pm",13.8013
"Jul 5, 02:00 pm",12.5866
"Jul 5, 03:00 pm",10.6701
"Jul 5, 04:00 pm",7.96368
"Jul 5, 05:00 pm",4.35145
"Jul 5, 06:00 pm",1.04034
"Jul 5, 07:00 pm",-0
"Jul 5, 08:00 pm",0
"Jul 5, 09:00 pm",0
"Jul 5, 10:00 pm",0
"Jul 5, 11:00 pm",0
"Jul 6, 12:00 am",0
"Jul 6, 01:00 am",0
"Jul 6, 02:00 am",0
"Jul 6, 03:00 am",0
"Jul 6, 04:00 am",0
"Jul 6, 05:00 am",-0
"Jul 6, 06:00 am",0.902503
"Jul 6, 07:00 am",3.94344
"Jul 6, 08:00 am",7.2975
"Jul 6, 09:00 am",9.91208
"Jul 6, 10:00 am",11.7748
"Jul 6, 11:00 am",12.9116
"Jul 6, 12:00 pm",13.3129
"Jul 6, 01:00 pm",13.0771
"Jul 6, 02:00 pm",12.1504
"Jul 6, 03:00 pm",10.3328
"Jul 6, 04:00 pm",7.76782
"Jul 6, 05:00 pm",4.23385
"Jul 6, 06:00 pm",1.07404
"Jul 6, 07:00 pm",-0
"Jul 6, 08:00 pm",0
"Jul 6, 09:00 pm",0
"Jul 6, 10:00 pm",0
"Jul 6, 11:00 pm",0
"Jul 7, 12:00 am",0
"Jul 7, 01:00 am",0
"Jul 7, 02:00 am",0
"Jul 7, 03:00 am",0
"Jul 7, 04:00 am",0
"Jul 7, 05:00 am",-0
"Jul 7, 06:00 am",0.96254
"Jul 7, 07:00 am",3.86933
"Jul 7, 08:00 am",7.32059
"Jul 7, 09:00 am",10.0017
"Jul 7, 10:00 am",11.929
"Jul 7, 11:00 am",12.9974
"Jul 7, 12:00 pm",13.0982
"Jul 7, 01:00 pm",12.7919
"Jul 7, 02:00 pm",11.7646
"Jul 7, 03:00 pm",9.99058
"Jul 7, 04:00 pm",6.89019
"Jul 7, 05:00 pm",3.89236
"Jul 7, 06:00 pm",1.16245
"Jul 7, 07:00 pm",-0
"Jul 7, 08:00 pm",0
"Jul 7, 09:00 pm",0
"Jul 7, 10:00 pm",0
"Jul 7, 11:00 pm",0
"Jul 8, 12:00 am",0
"Jul 8, 01:00 am",0
"Jul 8, 02:00 am",0
"Jul 8, 03:00 am",0
"Jul 8, 04:00 am",0
"Jul 8, 05:00 am",-0
"Jul 8, 06:00 am",0.894715
"Jul 8, 07:00 am",3.85109
"Jul 8, 08:00 am",7.33418
"Jul 8, 09:00 am",6.93173
"Jul 8, 10:00 am",11.9944
"Jul 8, 11:00 am",13.0482
"Jul 8, 12:00 pm",13.4255
"Jul 8, 01:00 pm",13.1113
"Jul 8, 02:00 pm",11.9589
"Jul 8, 03:00 pm",9.31738
"Jul 8, 04:00 pm",5.89375
"Jul 8, 05:00 pm",3.12832
"Jul 8, 06:00 pm",1.0559
"Jul 8, 07:00 pm",-0
"Jul 8, 08:00 pm",0
"Jul 8, 09:00 pm",0
"Jul 8, 10:00 pm",0
"Jul 8, 11:00 pm",0
"Jul 9, 12:00 am",0
"Jul 9, 01:00 am",0
"Jul 9, 02:00 am",0
"Jul 9, 03:00 am",0
"Jul 9, 04:00 am",0
"Jul 9, 05:00 am",-0
"Jul 9, 06:00 am",0.927115
"Jul 9, 07:00 am",3.75165
"Jul 9, 08:00 am",7.12416
"Jul 9, 09:00 am",9.75062
"Jul 9, 10:00 am",11.8156
"Jul 9, 11:00 am",13.3064
"Jul 9, 12:00 pm",13.7096
"Jul 9, 01:00 pm",13.4228
"Jul 9, 02:00 pm",12.245
"Jul 9, 03:00 pm",10.259
"Jul 9, 04:00 pm",7.59896
"Jul 9, 05:00 pm",4.18912
"Jul 9, 06:00 pm",1.03554
"Jul 9, 07:00 pm",-0
"Jul 9, 08:00 pm",0
"Jul 9, 09:00 pm",0
"Jul 9, 10:00 pm",0
"Jul 9, 11:00 pm",0
"Jul 10, 12:00 am",0
"Jul 10, 01:00 am",0
"Jul 10, 02:00 am",0
"Jul 10, 03:00 am",0
"Jul 10, 04:00 am",0
"Jul 10, 05:00 am",-0
"Jul 10, 06:00 am",0.863364
"Jul 10, 07:00 am",3.96522
"Jul 10, 08:00 am",7.63188
"Jul 10, 09:00 am",10.4016
"Jul 10, 10:00 am",12.1901
"Jul 10, 11:00 am",13.3488
"Jul 10, 12:00 pm",13.9685
"Jul 10, 01:00 pm",13.7346
"Jul 10, 02:00 pm",12.516
"Jul 10, 03:00 pm",10.5111
"Jul 10, 04:00 pm",7.8502
"Jul 10, 05:00 pm",4.2805
"Jul 10, 06:00 pm",1.0191
"Jul 10, 07:00 pm",-0
"Jul 10, 08:00 pm",0
"Jul 10, 09:00 pm",0
"Jul 10, 10:00 pm",0
"Jul 10, 11:00 pm",0
"Jul 11, 12:00 am",0
"Jul 11, 01:00 am",0
"Jul 11, 02:00 am",0
"Jul 11, 03:00 am",0
"Jul 11, 04:00 am",0
"Jul 11, 05:00 am",-0
"Jul 11, 06:00 am",0.910847
"Jul 11, 07:00 am",3.47971
"Jul 11, 08:00 am",4.60262
"Jul 11, 09:00 am",7.72951
"Jul 11, 10:00 am",11.0536
"Jul 11, 11:00 am",10.1273
"Jul 11, 12:00 pm",8.73446
"Jul 11, 01:00 pm",13.3148
"Jul 11, 02:00 pm",12.2512
"Jul 11, 03:00 pm",10.3325
"Jul 11, 04:00 pm",6.83245
"Jul 11, 05:00 pm",3.78007
"Jul 11, 06:00 pm",1.00503
"Jul 11, 07:00 pm",-0
"Jul 11, 08:00 pm",0
"Jul 11, 09:00 pm",0
"Jul 11, 10:00 pm",0
"Jul 11, 11:00 pm",0
"Jul 12, 12:00 am",0
"Jul 12, 01:00 am",0
"Jul 12, 02:00 am",0
"Jul 12, 03:00 am",0
"Jul 12, 04:00 am",0
"Jul 12, 05:00 am",-0
"Jul 12, 06:00 am",0.861241
"Jul 12, 07:00 am",3.73707
"Jul 12, 08:00 am",7.11118
"Jul 12, 09:00 am",9.74858
"Jul 12, 10:00 am",11.7525
"Jul 12, 11:00 am",13.1133
"Jul 12, 12:00 pm",13.6668
"Jul 12, 01:00 pm",13.3363
"Jul 12, 02:00 pm",12.2106
"Jul 12, 03:00 pm",10.2937
"Jul 12, 04:00 pm",7.6181
"Jul 12, 05:00 pm",4.16243
"Jul 12, 06:00 pm",1.04149
"Jul 12, 07:00 pm",-0
"Jul 12, 08:00 pm",0
"Jul 12, 09:00 pm",0
"Jul 12, 10:00 pm",0
"Jul 12, 11:00 pm",0
"Jul 13, 12:00 am",0
"Jul 13, 01:00 am",0
"Jul 13, 02:00 am",0
"Jul 13, 03:00 am",0
"Jul 13, 04:00 am",0
"Jul 13, 05:00 am",-0
"Jul 13, 06:00 am",0.82649
"Jul 13, 07:00 am",3.77744
"Jul 13, 08:00 am",7.17708
"Jul 13, 09:00 am",9.79809
"Jul 13, 10:00 am",11.907
"Jul 13, 11:00 am",13.3272
"Jul 13, 12:00 pm",13.867
"Jul 13, 01:00 pm",13.5426
"Jul 13, 02:00 pm",12.3941
"Jul 13, 03:00 pm",10.4607
"Jul 13, 04:00 pm",7.70853
"Jul 13, 05:00 pm",4.1643
"Jul 13, 06:00 pm",1.02657
"Jul 13, 07:00 pm",-0
"Jul 13, 08:00 pm",0
"Jul 13, 09:00 pm",0
"Jul 13, 10:00 pm",0
"Jul 13, 11:00 pm",0
"Jul 14, 12:00 am",0
"Jul 14, 01:00 am",0
"Jul 14, 02:00 am",0
"Jul 14, 03:00 am",0
"Jul 14, 04:00 am",0
"Jul 14, 05:00 am",-0
"Jul 14, 06:00 am",0.82726
"Jul 14, 07:00 am",3.75882
"Jul 14, 08:00 am",7.24503
"Jul 14, 09:00 am",9.94072
"Jul 14, 10:00 am",11.8339
"Jul 14, 11:00 am",13.0862
"Jul 14, 12:00 pm",13.5829
"Jul 14, 01:00 pm",13.2886
"Jul 14, 02:00 pm",12.0844
"Jul 14, 03:00 pm",10.1556
"Jul 14, 04:00 pm",7.42027
"Jul 14, 05:00 pm",3.61337
"Jul 14, 06:00 pm",1.0587
"Jul 14, 07:00 pm",-0
"Jul 14, 08:00 pm",0
"Jul 14, 09:00 pm",0
"Jul 14, 10:00 pm",0
"Jul 14, 11:00 pm",0
"Jul 15, 12:00 am",0
"Jul 15, 01:00 am",0
"Jul 15, 02:00 am",0
"Jul 15, 03:00 am",0
"Jul 15, 04:00 am",0
"Jul 15, 05:00 am",-0
"Jul 15, 06:00 am",0.866423
"Jul 15, 07:00 am",3.41267
"Jul 15, 08:00 am",7.08684
"Jul 15, 09:00 am",9.7309
"Jul 15, 10:00 am",11.5939
"Jul 15, 11:00 am",12.7288
"Jul 15, 12:00 pm",13.157
"Jul 15, 01:00 pm",12.861
"Jul 15, 02:00 pm",11.7909
"Jul 15, 03:00 pm",9.95813
"Jul 15, 04:00 pm",7.35764
"Jul 15, 05:00 pm",3.17171
"Jul 15, 06:00 pm",1.04101
"Jul 15, 07:00 pm",-0
"Jul 15, 08:00 pm",0
"Jul 15, 09:00 pm",0
"Jul 15, 10:00 pm",0
"Jul 15, 11:00 pm",0
"Jul 16, 12:00 am",0
"Jul 16, 01:00 am",0
"Jul 16, 02:00 am",0
"Jul 16, 03:00 am",0
"Jul 16, 04:00 am",0
"Jul 16, 05:00 am",-0
"Jul 16, 06:00 am",0.428032
"Jul 16, 07:00 am",1.33027
"Jul 16, 08:00 am",5.13328
"Jul 16, 09:00 am",9.53069
"Jul 16, 10:00 am",11.4174
"Jul 16, 11:00 am",12.7278
"Jul 16, 12:00 pm",13.291
"Jul 16, 01:00 pm",13.1365
"Jul 16, 02:00 pm",11.9943
"Jul 16, 03:00 pm",10.1206
"Jul 16, 04:00 pm",7.4926
"Jul 16, 05:00 pm",4.13661
"Jul 16, 06:00 pm",1.02152
"Jul 16, 07:00 pm",-0
"Jul 16, 08:00 pm",0
"Jul 16, 09:00 pm",0
"Jul 16, 10:00 pm",0
"Jul 16, 11:00 pm",0
"Jul 17, 12:00 am",0
"Jul 17, 01:00 am",0
"Jul 17, 02:00 am",0
"Jul 17, 03:00 am",0
"Jul 17, 04:00 am",0
"Jul 17, 05:00 am",0
"Jul 17, 06:00 am",0.588487
"Jul 17, 07:00 am",1.88455
"Jul 17, 08:00 am",0.910529
"Jul 17, 09:00 am",5.9554
"Jul 17, 10:00 am",9.65176
"Jul 17, 11:00 am",11.1288
"Jul 17, 12:00 pm",12.7385
"Jul 17, 01:00 pm",13.6906
"Jul 17, 02:00 pm",12.3543
"Jul 17, 03:00 pm",10.3956
"Jul 17, 04:00 pm",7.68842
"Jul 17, 05:00 pm",3.5398
"Jul 17, 06:00 pm",1.06806
"Jul 17, 07:00 pm",-0
"Jul 17, 08:00 pm",0
"Jul 17, 09:00 pm",0
"Jul 17, 10:00 pm",0
"Jul 17, 11:00 pm",0
"Jul 18, 12:00 am",0
"Jul 18, 01:00 am",0
"Jul 18, 02:00 am",0
"Jul 18, 03:00 am",0
"Jul 18, 04:00 am",0
"Jul 18, 05:00 am",0
"Jul 18, 06:00 am",0.822725
"Jul 18, 07:00 am",3.67038
"Jul 18, 08:00 am",7.14274
"Jul 18, 09:00 am",9.88251
"Jul 18, 10:00 am",11.969
"Jul 18, 11:00 am",13.3501
"Jul 18, 12:00 pm",13.811
"Jul 18, 01:00 pm",13.3136
"Jul 18, 02:00 pm",11.8781
"Jul 18, 03:00 pm",9.89535
"Jul 18, 04:00 pm",0.161954
"Jul 18, 05:00 pm",0.125101
"Jul 18, 06:00 pm",-0
"Jul 18, 07:00 pm",-0
"Jul 18, 08:00 pm",0
"Jul 18, 09:00 pm",0
"Jul 18, 10:00 pm",0
"Jul 18, 11:00 pm",0
"Jul 19, 12:00 am",0
"Jul 19, 01:00 am",0
"Jul 19, 02:00 am",0
"Jul 19, 03:00 am",0
"Jul 19, 04:00 am",0
"Jul 19, 05:00 am",0
"Jul 19, 06:00 am",0.864078
"Jul 19, 07:00 am",3.67744
"Jul 19, 08:00 am",7.1701
"Jul 19, 09:00 am",9.96293
"Jul 19, 10:00 am",11.9046
"Jul 19, 11:00 am",13.1759
"Jul 19, 12:00 pm",13.4579
"Jul 19, 01:00 pm",11.0112
"Jul 19, 02:00 pm",10.5237
"Jul 19, 03:00 pm",9.13374
"Jul 19, 04:00 pm",5.81819
"Jul 19, 05:00 pm",2.6898
"Jul 19, 06:00 pm",0.960255
"Jul 19, 07:00 pm",-0
"Jul 19, 08:00 pm",0
"Jul 19, 09:00 pm",0
"Jul 19, 10:00 pm",0
"Jul 19, 11:00 pm",0
"Jul 20, 12:00 am",0
"Jul 20, 01:00 am",0
"Jul 20, 02:00 am",0
"Jul 20, 03:00 am",0
"Jul 20, 04:00 am",0
"Jul 20, 05:00 am",0
"Jul 20, 06:00 am",0.796651
"Jul 20, 07:00 am",2.61971
"Jul 20, 08:00 am",5.30138
"Jul 20, 09:00 am",5.46412
"Jul 20, 10:00 am",3.79805
"Jul 20, 11:00 am",12.2865
"Jul 20, 12:00 pm",12.5343
"Jul 20, 01:00 pm",12.3567
"Jul 20, 02:00 pm",11.622
"Jul 20, 03:00 pm",9.91536
"Jul 20, 04:00 pm",7.42677
"Jul 20, 05:00 pm",4.08387
"Jul 20, 06:00 pm",1.00988
"Jul 20, 07:00 pm",-0
"Jul 20, 08:00 pm",0
"Jul 20, 09:00 pm",0
"Jul 20, 10:00 pm",0
"Jul 20, 11:00 pm",0
"Jul 21, 12:00 am",0
"Jul 21, 01:00 am",0
"Jul 21, 02:00 am",0
"Jul 21, 03:00 am",0
"Jul 21, 04:00 am",0
"Jul 21, 05:00 am",0
"Jul 21, 06:00 am",0.827795
"Jul 21, 07:00 am",3.66284
"Jul 21, 08:00 am",6.11383
"Jul 21, 09:00 am",10.0143
"Jul 21, 10:00 am",12.1466
"Jul 21, 11:00 am",13.551
"Jul 21, 12:00 pm",14.0377
"Jul 21, 01:00 pm",13.6446
"Jul 21, 02:00 pm",12.3536
"Jul 21, 03:00 pm",10.3172
"Jul 21, 04:00 pm",7.56717
"Jul 21, 05:00 pm",4.12503
"Jul 21, 06:00 pm",0.974229
"Jul 21, 07:00 pm",-0
"Jul 21, 08:00 pm",0
"Jul 21, 09:00 pm",0
"Jul 21, 10:00 pm",0
"Jul 21, 11:00 pm",0
"Jul 22, 12:00 am",0
"Jul 22, 01:00 am",0
"Jul 22, 02:00 am",0
"Jul 22, 03:00 am",0
"Jul 22, 04:00 am",0
"Jul 22, 05:00 am",0
"Jul 22, 06:00 am",0.759121
"Jul 22, 07:00 am",2.37717
"Jul 22, 08:00 am",5.72169
"Jul 22, 09:00 am",6.52146
"Jul 22, 10:00 am",12.063
"Jul 22, 11:00 am",13.3402
"Jul 22, 12:00 pm",13.8224
"Jul 22, 01:00 pm",13.4444
"Jul 22, 02:00 pm",12.2737
"Jul 22, 03:00 pm",10.1701
"Jul 22, 04:00 pm",7.05221
"Jul 22, 05:00 pm",2.61678
"Jul 22, 06:00 pm",0.91973
"Jul 22, 07:00 pm",-0
"Jul 22, 08:00 pm",0
"Jul 22, 09:00 pm",0
"Jul 22, 10:00 pm",0
"Jul 22, 11:00 pm",0
"Jul 23, 12:00 am",0
"Jul 23, 01:00 am",0
"Jul 23, 02:00 am",0
"Jul 23, 03:00 am",0
"Jul 23, 04:00 am",0
"Jul 23, 05:00 am",0
"Jul 23, 06:00 am",0.757768
"Jul 23, 07:00 am",3.30923
"Jul 23, 08:00 am",3.97286
"Jul 23, 09:00 am",9.84053
"Jul 23, 10:00 am",11.7903
"Jul 23, 11:00 am",13.0447
"Jul 23, 12:00 pm",13.4374
"Jul 23, 01:00 pm",13.2357
"Jul 23, 02:00 pm",12.1094
"Jul 23, 03:00 pm",10.2264
"Jul 23, 04:00 pm",7.57179
"Jul 23, 05:00 pm",4.13841
"Jul 23, 06:00 pm",0.967989
"Jul 23, 07:00 pm",-0
"Jul 23, 08:00 pm",0
"Jul 23, 09:00 pm",0
"Jul 23, 10:00 pm",0
"Jul 23, 11:00 pm",0
"Jul 24, 12:00 am",0
"Jul 24, 01:00 am",0
"Jul 24, 02:00 am",0
"Jul 24, 03:00 am",0
"Jul 24, 04:00 am",0
"Jul 24, 05:00 am",0
"Jul 24, 06:00 am",0.818848
"Jul 24, 07:00 am",3.27054
"Jul 24, 08:00 am",2.78701
"Jul 24, 09:00 am",0.282876
"Jul 24, 10:00 am",0.508476
"Jul 24, 11:00 am",7.25769
"Jul 24, 12:00 pm",9.92764
"Jul 24, 01:00 pm",12.9038
"Jul 24, 02:00 pm",8.47304
"Jul 24, 03:00 pm",7.91863
"Jul 24, 04:00 pm",6.64567
"Jul 24, 05:00 pm",4.12345
"Jul 24, 06:00 pm",0.989732
"Jul 24, 07:00 pm",-0
"Jul 24, 08:00 pm",0
"Jul 24, 09:00 pm",0
"Jul 24, 10:00 pm",0
"Jul 24, 11:00 pm",0
"Jul 25, 12:00 am",0
"Jul 25, 01:00 am",0
"Jul 25, 02:00 am",0
"Jul 25, 03:00 am",0
"Jul 25, 04:00 am",0
"Jul 25, 05:00 am",0
"Jul 25, 06:00 am",0.705037
"Jul 25, 07:00 am",3.65614
"Jul 25, 08:00 am",7.20647
"Jul 25, 09:00 am",10.0037
"Jul 25, 10:00 am",8.11292
"Jul 25, 11:00 am",12.5879
"Jul 25, 12:00 pm",13.5641
"Jul 25, 01:00 pm",13.227
"Jul 25, 02:00 pm",12.0716
"Jul 25, 03:00 pm",4.03352
"Jul 25, 04:00 pm",7.50365
"Jul 25, 05:00 pm",4.07916
"Jul 25, 06:00 pm",0.934989
"Jul 25, 07:00 pm",-0
"Jul 25, 08:00 pm",0
"Jul 25, 09:00 pm",0
"Jul 25, 10:00 pm",0
"Jul 25, 11:00 pm",0
"Jul 26, 12:00 am",0
"Jul 26, 01:00 am",0
"Jul 26, 02:00 am",0
"Jul 26, 03:00 am",0
"Jul 26, 04:00 am",0
"Jul 26, 05:00 am",0
"Jul 26, 06:00 am",0.635434
"Jul 26, 07:00 am",3.31214
"Jul 26, 08:00 am",7.10792
"Jul 26, 09:00 am",9.75814
"Jul 26, 10:00 am",11.8543
"Jul 26, 11:00 am",13.3169
"Jul 26, 12:00 pm",13.9431
"Jul 26, 01:00 pm",13.7129
"Jul 26, 02:00 pm",12.56
"Jul 26, 03:00 pm",10.5522
"Jul 26, 04:00 pm",7.80246
"Jul 26, 05:00 pm",4.00509
"Jul 26, 06:00 pm",0.911387
"Jul 26, 07:00 pm",-0
"Jul 26, 08:00 pm",0
"Jul 26, 09:00 pm",0
"Jul 26, 10:00 pm",0
"Jul 26, 11:00 pm",0
"Jul 27, 12:00 am",0
"Jul 27, 01:00 am",0
"Jul 27, 02:00 am",0
"Jul 27, 03:00 am",0
"Jul 27, 04:00 am",0
"Jul 27, 05:00 am",0
"Jul 27, 06:00 am",0.610194
"Jul 27, 07:00 am",3.59851
"Jul 27, 08:00 am",7.18892
"Jul 27, 09:00 am",9.896
"Jul 27, 10:00 am",11.896
"Jul 27, 11:00 am",13.1577
"Jul 27, 12:00 pm",13.6644
"Jul 27, 01:00 pm",13.369
"Jul 27, 02:00 pm",12.1859
"Jul 27, 03:00 pm",10.2785
"Jul 27, 04:00 pm",6.5339
"Jul 27, 05:00 pm",0.976885
"Jul 27, 06:00 pm",0.313647
"Jul 27, 07:00 pm",-0
"Jul 27, 08:00 pm",0
"Jul 27, 09:00 pm",0
"Jul 27, 10:00 pm",0
"Jul 27, 11:00 pm",0
"Jul 28, 12:00 am",0
"Jul 28, 01:00 am",0
"Jul 28, 02:00 am",0
"Jul 28, 03:00 am",0
"Jul 28, 04:00 am",0
"Jul 28, 05:00 am",0
"Jul 28, 06:00 am",0.694366
"Jul 28, 07:00 am",2.47659
"Jul 28, 08:00 am",0.368921
"Jul 28, 09:00 am",7.30526
"Jul 28, 10:00 am",4.43456
"Jul 28, 11:00 am",13.032
"Jul 28, 12:00 pm",14.0895
"Jul 28, 01:00 pm",14.0885
"Jul 28, 02:00 pm",13.0055
"Jul 28, 03:00 pm",10.7983
"Jul 28, 04:00 pm",7.87122
"Jul 28, 05:00 pm",4.17616
"Jul 28, 06:00 pm",0.924724
"Jul 28, 07:00 pm",-0
"Jul 28, 08:00 pm",0
"Jul 28, 09:00 pm",0
"Jul 28, 10:00 pm",0
"Jul 28, 11:00 pm",0
"Jul 29, 12:00 am",0
"Jul 29, 01:00 am",0
"Jul 29, 02:00 am",0
"Jul 29, 03:00 am",0
"Jul 29, 04:00 am",0
"Jul 29, 05:00 am",0
"Jul 29, 06:00 am",0.676614
"Jul 29, 07:00 am",2.9386
"Jul 29, 08:00 am",5.62759
"Jul 29, 09:00 am",7.8355
"Jul 29, 10:00 am",10.5082
"Jul 29, 11:00 am",13.0885
"Jul 29, 12:00 pm",13.5482
"Jul 29, 01:00 pm",4.33328
"Jul 29, 02:00 pm",6.57985
"Jul 29, 03:00 pm",9.61338
"Jul 29, 04:00 pm",5.20996
"Jul 29, 05:00 pm",2.57594
"Jul 29, 06:00 pm",0.847975
"Jul 29, 07:00 pm",0
"Jul 29, 08:00 pm",0
"Jul 29, 09:00 pm",0
"Jul 29, 10:00 pm",0
"Jul 29, 11:00 pm",0
"Jul 30, 12:00 am",0
"Jul 30, 01:00 am",0
"Jul 30, 02:00 am",0
"Jul 30, 03:00 am",0
"Jul 30, 04:00 am",0
"Jul 30, 05:00 am",0
"Jul 30, 06:00 am",0.605082
"Jul 30, 07:00 am",2.08093
"Jul 30, 08:00 am",4.12711
"Jul 30, 09:00 am",8.38987
"Jul 30, 10:00 am",10.5718
"Jul 30, 11:00 am",12.1131
"Jul 30, 12:00 pm",10.3712
"Jul 30, 01:00 pm",12.8993
"Jul 30, 02:00 pm",11.705
"Jul 30, 03:00 pm",9.84382
"Jul 30, 04:00 pm",7.23385
"Jul 30, 05:00 pm",1.92171
"Jul 30, 06:00 pm",0.676967
"Jul 30, 07:00 pm",0
"Jul 30, 08:00 pm",0
"Jul 30, 09:00 pm",0
"Jul 30, 10:00 pm",0
"Jul 30, 11:00 pm",0
"Jul 31, 12:00 am",0
"Jul 31, 01:00 am",0
"Jul 31, 02:00 am",0
"Jul 31, 03:00 am",0
"Jul 31, 04:00 am",0
"Jul 31, 05:00 am",0
"Jul 31, 06:00 am",0.644276
"Jul 31, 07:00 am",3.00912
"Jul 31, 08:00 am",7.06391
"Jul 31, 09:00 am",8.16122
"Jul 31, 10:00 am",9.4563
"Jul 31, 11:00 am",13.017
"Jul 31, 12:00 pm",13.4861
"Jul 31, 01:00 pm",13.0813
"Jul 31, 02:00 pm",11.7298
"Jul 31, 03:00 pm",9.74618
"Jul 31, 04:00 pm",7.30978
"Jul 31, 05:00 pm",3.91432
"Jul 31, 06:00 pm",0.851694
"Jul 31, 07:00 pm",0
"Jul 31, 08:00 pm",0
"Jul 31, 09:00 pm",0
"Jul 31, 10:00 pm",0
"Jul 31, 11:00 pm",0
"Aug 1, 12:00 am",0
"Aug 1, 01:00 am",0
"Aug 1, 02:00 am",0
"Aug 1, 03:00 am",0
"Aug 1, 04:00 am",0
"Aug 1, 05:00 am",0
"Aug 1, 06:00 am",0.658347
"Aug 1, 07:00 am",3.59914
"Aug 1, 08:00 am",7.18755
"Aug 1, 09:00 am",9.96844
"Aug 1, 10:00 am",12.062
"Aug 1, 11:00 am",13.3244
"Aug 1, 12:00 pm",13.766
"Aug 1, 01:00 pm",13.367
"Aug 1, 02:00 pm",12.2708
"Aug 1, 03:00 pm",10.3715
"Aug 1, 04:00 pm",7.74541
"Aug 1, 05:00 pm",1.628
"Aug 1, 06:00 pm",0.543606
"Aug 1, 07:00 pm",0
"Aug 1, 08:00 pm",0
"Aug 1, 09:00 pm",0
"Aug 1, 10:00 pm",0
"Aug 1, 11:00 pm",0
"Aug 2, 12:00 am",0
"Aug 2, 01:00 am",0
"Aug 2, 02:00 am",0
"Aug 2, 03:00 am",0
"Aug 2, 04:00 am",0
"Aug 2, 05:00 am",0
"Aug 2, 06:00 am",0.586914
"Aug 2, 07:00 am",0.933434
"Aug 2, 08:00 am",7.48162
"Aug 2, 09:00 am",10.2457
"Aug 2, 10:00 am",12.0347
"Aug 2, 11:00 am",12.9081
"Aug 2, 12:00 pm",13.4191
"Aug 2, 01:00 pm",13.4443
"Aug 2, 02:00 pm",12.4697
"Aug 2, 03:00 pm",10.5686
"Aug 2, 04:00 pm",7.86566
"Aug 2, 05:00 pm",4.20322
"Aug 2, 06:00 pm",0.766708
"Aug 2, 07:00 pm",0
"Aug 2, 08:00 pm",0
"Aug 2, 09:00 pm",0
"Aug 2, 10:00 pm",0
"Aug 2, 11:00 pm",0
"Aug 3, 12:00 am",0
"Aug 3, 01:00 am",0
"Aug 3, 02:00 am",0
"Aug 3, 03:00 am",0
"Aug 3, 04:00 am",0
"Aug 3, 05:00 am",0
"Aug 3, 06:00 am",0.544656
"Aug 3, 07:00 am",3.58229
"Aug 3, 08:00 am",7.19507
"Aug 3, 09:00 am",9.95252
"Aug 3, 10:00 am",12.1181
"Aug 3, 11:00 am",13.4329
"Aug 3, 12:00 pm",13.121
"Aug 3, 01:00 pm",11.7779
"Aug 3, 02:00 pm",10.4386
"Aug 3, 03:00 pm",9.33491
"Aug 3, 04:00 pm",5.83377
"Aug 3, 05:00 pm",3.12835
"Aug 3, 06:00 pm",0.418329
"Aug 3, 07:00 pm",0
"Aug 3, 08:00 pm",0
"Aug 3, 09:00 pm",0
"Aug 3, 10:00 pm",0
"Aug 3, 11:00 pm",0
"Aug 4, 12:00 am",0
"Aug 4, 01:00 am",0
"Aug 4, 02:00 am",0
"Aug 4, 03:00 am",0
"Aug 4, 04:00 am",0
"Aug 4, 05:00 am",0
"Aug 4, 06:00 am",0.252713
"Aug 4, 07:00 am",1.47073
"Aug 4, 08:00 am",4.39335
"Aug 4, 09:00 am",1.94724
"Aug 4, 10:00 am",1.3006
"Aug 4, 11:00 am",2.2499
"Aug 4, 12:00 pm",8.06498
"Aug 4, 01:00 pm",10.3042
"Aug 4, 02:00 pm",13.0568
"Aug 4, 03:00 pm",10.8701
"Aug 4, 04:00 pm",7.94574
"Aug 4, 05:00 pm",4.13536
"Aug 4, 06:00 pm",0.754793
"Aug 4, 07:00 pm",0
"Aug 4, 08:00 pm",0
"Aug 4, 09:00 pm",0
"Aug 4, 10:00 pm",0
"Aug 4, 11:00 pm",0
"Aug 5, 12:00 am",0
"Aug 5, 01:00 am",0
"Aug 5, 02:00 am",0
"Aug 5, 03:00 am",0
"Aug 5, 04:00 am",0
"Aug 5, 05:00 am",0
"Aug 5, 06:00 am",0.569426
"Aug 5, 07:00 am",3.61797
"Aug 5, 08:00 am",7.35967
"Aug 5, 09:00 am",10.1455
"Aug 5, 10:00 am",12.3964
"Aug 5, 11:00 am",13.8273
"Aug 5, 12:00 pm",14.4139
"Aug 5, 01:00 pm",14.1741
"Aug 5, 02:00 pm",12.9902
"Aug 5, 03:00 pm",10.9658
"Aug 5, 04:00 pm",8.10295
"Aug 5, 05:00 pm",4.26099
"Aug 5, 06:00 pm",0.737195
"Aug 5, 07:00 pm",0
"Aug 5, 08:00 pm",0
"Aug 5, 09:00 pm",0
"Aug 5, 10:00 pm",0
"Aug 5, 11:00 pm",0
"Aug 6, 12:00 am",0
"Aug 6, 01:00 am",0
"Aug 6, 02:00 am",0
"Aug 6, 03:00 am",0
"Aug 6, 04:00 am",0
"Aug 6, 05:00 am",0
"Aug 6, 06:00 am",0.522691
"Aug 6, 07:00 am",3.66183
"Aug 6, 08:00 am",7.48942
"Aug 6, 09:00 am",10.2088
"Aug 6, 10:00 am",11.7879
"Aug 6, 11:00 am",12.78
"Aug 6, 12:00 pm",13.474
"Aug 6, 01:00 pm",13.3162
"Aug 6, 02:00 pm",12.1376
"Aug 6, 03:00 pm",10.2951
"Aug 6, 04:00 pm",7.64444
"Aug 6, 05:00 pm",4.01595
"Aug 6, 06:00 pm",0.729431
"Aug 6, 07:00 pm",0
"Aug 6, 08:00 pm",0
"Aug 6, 09:00 pm",0
"Aug 6, 10:00 pm",0
"Aug 6, 11:00 pm",0
"Aug 7, 12:00 am",0
"Aug 7, 01:00 am",0
"Aug 7, 02:00 am",0
"Aug 7, 03:00 am",0
"Aug 7, 04:00 am",0
"Aug 7, 05:00 am",0
"Aug 7, 06:00 am",0.527583
"Aug 7, 07:00 am",3.54131
"Aug 7, 08:00 am",7.32076
"Aug 7, 09:00 am",10.1611
"Aug 7, 10:00 am",11.8752
"Aug 7, 11:00 am",12.7281
"Aug 7, 12:00 pm",13.5224
"Aug 7, 01:00 pm",13.3733
"Aug 7, 02:00 pm",12.2993
"Aug 7, 03:00 pm",10.3496
"Aug 7, 04:00 pm",6.26823
"Aug 7, 05:00 pm",3.04456
"Aug 7, 06:00 pm",0.769858
"Aug 7, 07:00 pm",0
"Aug 7, 08:00 pm",0
"Aug 7, 09:00 pm",0
"Aug 7, 10:00 pm",0
"Aug 7, 11:00 pm",0
"Aug 8, 12:00 am",0
"Aug 8, 01:00 am",0
"Aug 8, 02:00 am",0
"Aug 8, 03:00 am",0
"Aug 8, 04:00 am",0
"Aug 8, 05:00 am",0
"Aug 8, 06:00 am",0.517712
"Aug 8, 07:00 am",3.12417
"Aug 8, 08:00 am",5.99725
"Aug 8, 09:00 am",9.65679
"Aug 8, 10:00 am",11.4648
"Aug 8, 11:00 am",12.6339
"Aug 8, 12:00 pm",13.3815
"Aug 8, 01:00 pm",13.3098
"Aug 8, 02:00 pm",12.2892
"Aug 8, 03:00 pm",10.2662
"Aug 8, 04:00 pm",7.47306
"Aug 8, 05:00 pm",3.55773
"Aug 8, 06:00 pm",0.716976
"Aug 8, 07:00 pm",0
"Aug 8, 08:00 pm",0
"Aug 8, 09:00 pm",0
"Aug 8, 10:00 pm",0
"Aug 8, 11:00 pm",0
"Aug 9, 12:00 am",0
"Aug 9, 01:00 am",0
"Aug 9, 02:00 am",0
"Aug 9, 03:00 am",0
"Aug 9, 04:00 am",0
"Aug 9, 05:00 am",0
"Aug 9, 06:00 am",0.305857
"Aug 9, 07:00 am",1.69925
"Aug 9, 08:00 am",5.51797
"Aug 9, 09:00 am",8.17733
"Aug 9, 10:00 am",9.86928
"Aug 9, 11:00 am",10.7554
"Aug 9, 12:00 pm",12.7651
"Aug 9, 01:00 pm",10.9064
"Aug 9, 02:00 pm",11.2051
"Aug 9, 03:00 pm",9.56748
"Aug 9, 04:00 pm",6.90438
"Aug 9, 05:00 pm",3.67815
"Aug 9, 06:00 pm",0.676244
"Aug 9, 07:00 pm",0
"Aug 9, 08:00 pm",0
"Aug 9, 09:00 pm",0
"Aug 9, 10:00 pm",0
"Aug 9, 11:00 pm",0
"Aug 10, 12:00 am",0
"Aug 10, 01:00 am",0
"Aug 10, 02:00 am",0
"Aug 10, 03:00 am",0
"Aug 10, 04:00 am",0
"Aug 10, 05:00 am",0
"Aug 10, 06:00 am",0.516087
"Aug 10, 07:00 am",1.47576
"Aug 10, 08:00 am",3.00304
"Aug 10, 09:00 am",4.86031
"Aug 10, 10:00 am",10.2172
"Aug 10, 11:00 am",13.2745
"Aug 10, 12:00 pm",13.6676
"Aug 10, 01:00 pm",13.2301
"Aug 10, 02:00 pm",11.8825
"Aug 10, 03:00 pm",9.95044
"Aug 10, 04:00 pm",7.24758
"Aug 10, 05:00 pm",3.75524
"Aug 10, 06:00 pm",0.479582
"Aug 10, 07:00 pm",0
"Aug 10, 08:00 pm",0
"Aug 10, 09:00 pm",0
"Aug 10, 10:00 pm",0
"Aug 10, 11:00 pm",0
"Aug 11, 12:00 am",0
"Aug 11, 01:00 am",0
"Aug 11, 02:00 am",0
"Aug 11, 03:00 am",0
"Aug 11, 04:00 am",0
"Aug 11, 05:00 am",0
"Aug 11, 06:00 am",0.494869
"Aug 11, 07:00 am",3.46162
"Aug 11, 08:00 am",7.1335
"Aug 11, 09:00 am",9.75744
"Aug 11, 10:00 am",10.8692
"Aug 11, 11:00 am",13.1961
"Aug 11, 12:00 pm",13.8864
"Aug 11, 01:00 pm",7.42642
"Aug 11, 02:00 pm",12.5411
"Aug 11, 03:00 pm",10.5114
"Aug 11, 04:00 pm",6.96583
"Aug 11, 05:00 pm",3.83081
"Aug 11, 06:00 pm",0.702416
"Aug 11, 07:00 pm",0
"Aug 11, 08:00 pm",0
"Aug 11, 09:00 pm",0
"Aug 11, 10:00 pm",0
"Aug 11, 11:00 pm",0
"Aug 12, 12:00 am",0
"Aug 12, 01:00 am",0
"Aug 12, 02:00 am",0
"Aug 12, 03:00 am",0
"Aug 12, 04:00 am",0
"Aug 12, 05:00 am",0
"Aug 12, 06:00 am",0.528996
"Aug 12, 07:00 am",3.09379
"Aug 12, 08:00 am",6.26583
"Aug 12, 09:00 am",8.51206
"Aug 12, 10:00 am",10.7994
"Aug 12, 11:00 am",13.1865
"Aug 12, 12:00 pm",12.9849
"Aug 12, 01:00 pm",13.6324
"Aug 12, 02:00 pm",12.5074
"Aug 12, 03:00 pm",10.5399
"Aug 12, 04:00 pm",7.64441
"Aug 12, 05:00 pm",3.57552
"Aug 12, 06:00 pm",0.640571
"Aug 12, 07:00 pm",0
"Aug 12, 08:00 pm",0
"Aug 12, 09:00 pm",0
"Aug 12, 10:00 pm",0
"Aug 12, 11:00 pm",0
"Aug 13, 12:00 am",0
"Aug 13, 01:00 am",0
"Aug 13, 02:00 am",0
"Aug 13, 03:00 am",0
"Aug 13, 04:00 am",0
"Aug 13, 05:00 am",0
"Aug 13, 06:00 am",0.499339
"Aug 13, 07:00 am",3.15794
"Aug 13, 08:00 am",6.50747
"Aug 13, 09:00 am",7.83084
"Aug 13, 10:00 am",10.8613
"Aug 13, 11:00 am",13.3266
"Aug 13, 12:00 pm",13.9856
"Aug 13, 01:00 pm",13.7928
"Aug 13, 02:00 pm",11.4908
"Aug 13, 03:00 pm",10.472
"Aug 13, 04:00 pm",6.94824
"Aug 13, 05:00 pm",3.79752
"Aug 13, 06:00 pm",0.644028
"Aug 13, 07:00 pm",0
"Aug 13, 08:00 pm",0
"Aug 13, 09:00 pm",0
"Aug 13, 10:00 pm",0
"Aug 13, 11:00 pm",0
"Aug 14, 12:00 am",0
"Aug 14, 01:00 am",0
"Aug 14, 02:00 am",0
"Aug 14, 03:00 am",0
"Aug 14, 04:00 am",0
"Aug 14, 05:00 am",0
"Aug 14, 06:00 am",0.538794
"Aug 14, 07:00 am",3.39972
"Aug 14, 08:00 am",7.0713
"Aug 14, 09:00 am",9.82692
"Aug 14, 10:00 am",11.6008
"Aug 14, 11:00 am",12.6772
"Aug 14, 12:00 pm",13.3496
"Aug 14, 01:00 pm",13.2514
"Aug 14, 02:00 pm",12.1318
"Aug 14, 03:00 pm",10.1496
"Aug 14, 04:00 pm",6.72372
"Aug 14, 05:00 pm",3.40117
"Aug 14, 06:00 pm",0.135083
"Aug 14, 07:00 pm",0
"Aug 14, 08:00 pm",0
"Aug 14, 09:00 pm",0
"Aug 14, 10:00 pm",0
"Aug 14, 11:00 pm",0
"Aug 15, 12:00 am",0
"Aug 15, 01:00 am",0
"Aug 15, 02:00 am",0
"Aug 15, 03:00 am",0
"Aug 15, 04:00 am",0
"Aug 15, 05:00 am",0
"Aug 15, 06:00 am",0.319865
"Aug 15, 07:00 am",1.79743
"Aug 15, 08:00 am",6.42976
"Aug 15, 09:00 am",8.29067
"Aug 15, 10:00 am",5.02528
"Aug 15, 11:00 am",7.75771
"Aug 15, 12:00 pm",8.95842
"Aug 15, 01:00 pm",9.91352
"Aug 15, 02:00 pm",9.3554
"Aug 15, 03:00 pm",10.1599
"Aug 15, 04:00 pm",7.4025
"Aug 15, 05:00 pm",3.34967
"Aug 15, 06:00 pm",0.590451
"Aug 15, 07:00 pm",0
"Aug 15, 08:00 pm",0
"Aug 15, 09:00 pm",0
"Aug 15, 10:00 pm",0
"Aug 15, 11:00 pm",0
"Aug 16, 12:00 am",0
"Aug 16, 01:00 am",0
"Aug 16, 02:00 am",0
"Aug 16, 03:00 am",0
"Aug 16, 04:00 am",0
"Aug 16, 05:00 am",0
"Aug 16, 06:00 am",0.450477
"Aug 16, 07:00 am",2.44617
"Aug 16, 08:00 am",5.04831
"Aug 16, 09:00 am",8.01038
"Aug 16, 10:00 am",11.9607
"Aug 16, 11:00 am",13.3549
"Aug 16, 12:00 pm",12.6505
"Aug 16, 01:00 pm",13.7306
"Aug 16, 02:00 pm",12.6326
"Aug 16, 03:00 pm",9.66241
"Aug 16, 04:00 pm",7.01438
"Aug 16, 05:00 pm",3.67395
"Aug 16, 06:00 pm",0.525727
"Aug 16, 07:00 pm",0
"Aug 16, 08:00 pm",0
"Aug 16, 09:00 pm",0
"Aug 16, 10:00 pm",0
"Aug 16, 11:00 pm",0
"Aug 17, 12:00 am",0
"Aug 17, 01:00 am",0
"Aug 17, 02:00 am",0
"Aug 17, 03:00 am",0
"Aug 17, 04:00 am",0
"Aug 17, 05:00 am",0
"Aug 17, 06:00 am",0.441779
"Aug 17, 07:00 am",3.50273
"Aug 17, 08:00 am",7.32558
"Aug 17, 09:00 am",9.96671
"Aug 17, 10:00 am",11.7906
"Aug 17, 11:00 am",13.0939
"Aug 17, 12:00 pm",13.6713
"Aug 17, 01:00 pm",13.3734
"Aug 17, 02:00 pm",12.3081
"Aug 17, 03:00 pm",10.3645
"Aug 17, 04:00 pm",7.60446
"Aug 17, 05:00 pm",3.77228
"Aug 17, 06:00 pm",0.517425
"Aug 17, 07:00 pm",0
"Aug 17, 08:00 pm",0
"Aug 17, 09:00 pm",0
"Aug 17, 10:00 pm",0
"Aug 17, 11:00 pm",0
"Aug 18, 12:00 am",0
"Aug 18, 01:00 am",0
"Aug 18, 02:00 am",0
"Aug 18, 03:00 am",0
"Aug 18, 04:00 am",0
"Aug 18, 05:00 am",0
"Aug 18, 06:00 am",0.419884
"Aug 18, 07:00 am",3.14144
"Aug 18, 08:00 am",7.52013
"Aug 18, 09:00 am",10.3938
"Aug 18, 10:00 am",12.4183
"Aug 18, 11:00 am",13.4428
"Aug 18, 12:00 pm",13.6109
"Aug 18, 01:00 pm",13.0814
"Aug 18, 02:00 pm",11.9264
"Aug 18, 03:00 pm",10.0421
"Aug 18, 04:00 pm",7.34875
"Aug 18, 05:00 pm",3.65087
"Aug 18, 06:00 pm",0.505912
"Aug 18, 07:00 pm",0
"Aug 18, 08:00 pm",0
"Aug 18, 09:00 pm",0
"Aug 18, 10:00 pm",0
"Aug 18, 11:00 pm",0
"Aug 19, 12:00 am",0
"Aug 19, 01:00 am",0
"Aug 19, 02:00 am",0
"Aug 19, 03:00 am",0
"Aug 19, 04:00 am",0
"Aug 19, 05:00 am",0
"Aug 19, 06:00 am",0.428195
"Aug 19, 07:00 am",3.0096
"Aug 19, 08:00 am",7.49173
"Aug 19, 09:00 am",10.4374
"Aug 19, 10:00 am",12.5341
"Aug 19, 11:00 am",13.6082
"Aug 19, 12:00 pm",13.7672
"Aug 19, 01:00 pm",13.1121
"Aug 19, 02:00 pm",11.7387
"Aug 19, 03:00 pm",9.88277
"Aug 19, 04:00 pm",7.33476
"Aug 19, 05:00 pm",3.6779
"Aug 19, 06:00 pm",0.497983
"Aug 19, 07:00 pm",0
"Aug 19, 08:00 pm",0
"Aug 19, 09:00 pm",0
"Aug 19, 10:00 pm",0
"Aug 19, 11:00 pm",0
"Aug 20, 12:00 am",0
"Aug 20, 01:00 am",0
"Aug 20, 02:00 am",0
"Aug 20, 03:00 am",0
"Aug 20, 04:00 am",0
"Aug 20, 05:00 am",0
"Aug 20, 06:00 am",0.418951
"Aug 20, 07:00 am",3.47138
"Aug 20, 08:00 am",7.30801
"Aug 20, 09:00 am",10.1899
"Aug 20, 10:00 am",11.8937
"Aug 20, 11:00 am",11.9669
"Aug 20, 12:00 pm",12.5421
"Aug 20, 01:00 pm",12.0439
"Aug 20, 02:00 pm",10.6528
"Aug 20, 03:00 pm",7.997
"Aug 20, 04:00 pm",5.57734
"Aug 20, 05:00 pm",3.51483
"Aug 20, 06:00 pm",0.470162
"Aug 20, 07:00 pm",0
"Aug 20, 08:00 pm",0
"Aug 20, 09:00 pm",0
"Aug 20, 10:00 pm",0
"Aug 20, 11:00 pm",0
"Aug 21, 12:00 am",0
"Aug 21, 01:00 am",0
"Aug 21, 02:00 am",0
"Aug 21, 03:00 am",0
"Aug 21, 04:00 am",0
"Aug 21, 05:00 am",0
"Aug 21, 06:00 am",0.41054
"Aug 21, 07:00 am",3.38398
"Aug 21, 08:00 am",7.03823
"Aug 21, 09:00 am",9.7113
"Aug 21, 10:00 am",11.7685
"Aug 21, 11:00 am",13.0495
"Aug 21, 12:00 pm",13.4931
"Aug 21, 01:00 pm",13.2552
"Aug 21, 02:00 pm",12.1893
"Aug 21, 03:00 pm",9.28204
"Aug 21, 04:00 pm",5.89553
"Aug 21, 05:00 pm",1.29978
"Aug 21, 06:00 pm",0.333118
"Aug 21, 07:00 pm",0
"Aug 21, 08:00 pm",0
"Aug 21, 09:00 pm",0
"Aug 21, 10:00 pm",0
"Aug 21, 11:00 pm",0
"Aug 22, 12:00 am",0
"Aug 22, 01:00 am",0
"Aug 22, 02:00 am",0
"Aug 22, 03:00 am",0
"Aug 22, 04:00 am",0
"Aug 22, 05:00 am",0
"Aug 22, 06:00 am",0.394692
"Aug 22, 07:00 am",1.25647
"Aug 22, 08:00 am",1.0165
"Aug 22, 09:00 am",2.60445
"Aug 22, 10:00 am",10.0895
"Aug 22, 11:00 am",3.90148
"Aug 22, 12:00 pm",8.09167
"Aug 22, 01:00 pm",5.14819
"Aug 22, 02:00 pm",5.15946
"Aug 22, 03:00 pm",10.4778
"Aug 22, 04:00 pm",7.40291
"Aug 22, 05:00 pm",3.49297
"Aug 22, 06:00 pm",0.412742
"Aug 22, 07:00 pm",0
"Aug 22, 08:00 pm",0
"Aug 22, 09:00 pm",0
"Aug 22, 10:00 pm",0
"Aug 22, 11:00 pm",0
"Aug 23, 12:00 am",0
"Aug 23, 01:00 am",0
"Aug 23, 02:00 am",0
"Aug 23, 03:00 am",0
"Aug 23, 04:00 am",0
"Aug 23, 05:00 am",0
"Aug 23, 06:00 am",0.376343
"Aug 23, 07:00 am",3.38626
"Aug 23, 08:00 am",7.17431
"Aug 23, 09:00 am",10.0593
"Aug 23, 10:00 am",12.0584
"Aug 23, 11:00 am",13.2755
"Aug 23, 12:00 pm",13.6609
"Aug 23, 01:00 pm",13.2601
"Aug 23, 02:00 pm",11.9349
"Aug 23, 03:00 pm",9.84701
"Aug 23, 04:00 pm",6.29695
"Aug 23, 05:00 pm",3.10271
"Aug 23, 06:00 pm",0.390028
"Aug 23, 07:00 pm",0
"Aug 23, 08:00 pm",0
"Aug 23, 09:00 pm",0
"Aug 23, 10:00 pm",0
"Aug 23, 11:00 pm",0
"Aug 24, 12:00 am",0
"Aug 24, 01:00 am",0
"Aug 24, 02:00 am",0
"Aug 24, 03:00 am",0
"Aug 24, 04:00 am",0
"Aug 24, 05:00 am",0
"Aug 24, 06:00 am",-0
"Aug 24, 07:00 am",1.4265
"Aug 24, 08:00 am",0.720155
"Aug 24, 09:00 am",2.26683
"Aug 24, 10:00 am",8.23293
"Aug 24, 11:00 am",10.7648
"Aug 24, 12:00 pm",11.9358
"Aug 24, 01:00 pm",11.6683
"Aug 24, 02:00 pm",10.8002
"Aug 24, 03:00 pm",9.99172
"Aug 24, 04:00 pm",7.16299
"Aug 24, 05:00 pm",3.36171
"Aug 24, 06:00 pm",0.38803
"Aug 24, 07:00 pm",0
"Aug 24, 08:00 pm",0
"Aug 24, 09:00 pm",0
"Aug 24, 10:00 pm",0
"Aug 24, 11:00 pm",0
"Aug 25, 12:00 am",0
"Aug 25, 01:00 am",0
"Aug 25, 02:00 am",0
"Aug 25, 03:00 am",0
"Aug 25, 04:00 am",0
"Aug 25, 05:00 am",0
"Aug 25, 06:00 am",0.00213296
"Aug 25, 07:00 am",0.598688
"Aug 25, 08:00 am",2.84864
"Aug 25, 09:00 am",7.26034
"Aug 25, 10:00 am",6.75883
"Aug 25, 11:00 am",7.71815
"Aug 25, 12:00 pm",13.3878
"Aug 25, 01:00 pm",13.1765
"Aug 25, 02:00 pm",12.1772
"Aug 25, 03:00 pm",10.1856
"Aug 25, 04:00 pm",7.20858
"Aug 25, 05:00 pm",1.47526
"Aug 25, 06:00 pm",0.37669
"Aug 25, 07:00 pm",0
"Aug 25, 08:00 pm",0
"Aug 25, 09:00 pm",0
"Aug 25, 10:00 pm",0
"Aug 25, 11:00 pm",0
"Aug 26, 12:00 am",0
"Aug 26, 01:00 am",0
"Aug 26, 02:00 am",0
"Aug 26, 03:00 am",0
"Aug 26, 04:00 am",0
"Aug 26, 05:00 am",0
"Aug 26, 06:00 am",0.392235
"Aug 26, 07:00 am",3.42684
"Aug 26, 08:00 am",7.29123
"Aug 26, 09:00 am",10.1053
"Aug 26, 10:00 am",11.8378
"Aug 26, 11:00 am",12.8063
"Aug 26, 12:00 pm",13.3984
"Aug 26, 01:00 pm",13.2349
"Aug 26, 02:00 pm",12.0728
"Aug 26, 03:00 pm",9.99757
"Aug 26, 04:00 pm",7.11599
"Aug 26, 05:00 pm",3.31022
"Aug 26, 06:00 pm",0.350575
"Aug 26, 07:00 pm",0
"Aug 26, 08:00 pm",0
"Aug 26, 09:00 pm",0
"Aug 26, 10:00 pm",0
"Aug 26, 11:00 pm",0
"Aug 27, 12:00 am",0
"Aug 27, 01:00 am",0
"Aug 27, 02:00 am",0
"Aug 27, 03:00 am",0
"Aug 27, 04:00 am",0
"Aug 27, 05:00 am",0
"Aug 27, 06:00 am",0.349374
"Aug 27, 07:00 am",3.60081
"Aug 27, 08:00 am",7.70881
"Aug 27, 09:00 am",10.6661
"Aug 27, 10:00 am",12.6864
"Aug 27, 11:00 am",13.7649
"Aug 27, 12:00 pm",13.9515
"Aug 27, 01:00 pm",13.5609
"Aug 27, 02:00 pm",12.4684
"Aug 27, 03:00 pm",10.4712
"Aug 27, 04:00 pm",7.54317
"Aug 27, 05:00 pm",3.48616
"Aug 27, 06:00 pm",0.294103
"Aug 27, 07:00 pm",0
"Aug 27, 08:00 pm",0
"Aug 27, 09:00 pm",0
"Aug 27, 10:00 pm",0
"Aug 27, 11:00 pm",0
"Aug 28, 12:00 am",0
"Aug 28, 01:00 am",0
"Aug 28, 02:00 am",0
"Aug 28, 03:00 am",0
"Aug 28, 04:00 am",0
"Aug 28, 05:00 am",0
"Aug 28, 06:00 am",0.34547
"Aug 28, 07:00 am",3.69785
"Aug 28, 08:00 am",7.77597
"Aug 28, 09:00 am",10.5088
"Aug 28, 10:00 am",12.2714
"Aug 28, 11:00 am",13.1729
"Aug 28, 12:00 pm",13.4691
"Aug 28, 01:00 pm",13.0809
"Aug 28, 02:00 pm",12.05
"Aug 28, 03:00 pm",10.1603
"Aug 28, 04:00 pm",7.38608
"Aug 28, 05:00 pm",3.40227
"Aug 28, 06:00 pm",0.266785
"Aug 28, 07:00 pm",0
"Aug 28, 08:00 pm",0
"Aug 28, 09:00 pm",0
"Aug 28, 10:00 pm",0
"Aug 28, 11:00 pm",0
"Aug 29, 12:00 am",0
"Aug 29, 01:00 am",0
"Aug 29, 02:00 am",0
"Aug 29, 03:00 am",0
"Aug 29, 04:00 am",0
"Aug 29, 05:00 am",0
"Aug 29, 06:00 am",0.337642
"Aug 29, 07:00 am",3.46812
"Aug 29, 08:00 am",7.49667
"Aug 29, 09:00 am",10.6153
"Aug 29, 10:00 am",12.8243
"Aug 29, 11:00 am",14.32
"Aug 29, 12:00 pm",14.7557
"Aug 29, 01:00 pm",14.3432
"Aug 29, 02:00 pm",12.8402
"Aug 29, 03:00 pm",10.5961
"Aug 29, 04:00 pm",7.41046
"Aug 29, 05:00 pm",3.29762
"Aug 29, 06:00 pm",0.232597
"Aug 29, 07:00 pm",0
"Aug 29, 08:00 pm",0
"Aug 29, 09:00 pm",0
"Aug 29, 10:00 pm",0
"Aug 29, 11:00 pm",0
"Aug 30, 12:00 am",0
"Aug 30, 01:00 am",0
"Aug 30, 02:00 am",0
"Aug 30, 03:00 am",0
"Aug 30, 04:00 am",0
"Aug 30, 05:00 am",0
"Aug 30, 06:00 am",0.323742
"Aug 30, 07:00 am",3.29687
"Aug 30, 08:00 am",7.13882
"Aug 30, 09:00 am",10.1276
"Aug 30, 10:00 am",12.3692
"Aug 30, 11:00 am",13.6959
"Aug 30, 12:00 pm",14.2155
"Aug 30, 01:00 pm",13.7836
"Aug 30, 02:00 pm",12.491
"Aug 30, 03:00 pm",10.1635
"Aug 30, 04:00 pm",4.56943
"Aug 30, 05:00 pm",0.792738
"Aug 30, 06:00 pm",0.204491
"Aug 30, 07:00 pm",0
"Aug 30, 08:00 pm",0
"Aug 30, 09:00 pm",0
"Aug 30, 10:00 pm",0
"Aug 30, 11:00 pm",0
"Aug 31, 12:00 am",0
"Aug 31, 01:00 am",0
"Aug 31, 02:00 am",0
"Aug 31, 03:00 am",0
"Aug 31, 04:00 am",0
"Aug 31, 05:00 am",0
"Aug 31, 06:00 am",0.316059
"Aug 31, 07:00 am",3.18576
"Aug 31, 08:00 am",6.95856
"Aug 31, 09:00 am",9.87109
"Aug 31, 10:00 am",11.9361
"Aug 31, 11:00 am",13.1653
"Aug 31, 12:00 pm",13.5312
"Aug 31, 01:00 pm",13.0726
"Aug 31, 02:00 pm",11.8244
"Aug 31, 03:00 pm",9.72626
"Aug 31, 04:00 pm",3.63858
"Aug 31, 05:00 pm",3.10495
"Aug 31, 06:00 pm",0.177875
"Aug 31, 07:00 pm",0
"Aug 31, 08:00 pm",0
"Aug 31, 09:00 pm",0
"Aug 31, 10:00 pm",0
"Aug 31, 11:00 pm",0
"Sep 1, 12:00 am",0
"Sep 1, 01:00 am",0
"Sep 1, 02:00 am",0
"Sep 1, 03:00 am",0
"Sep 1, 04:00 am",0
"Sep 1, 05:00 am",0
"Sep 1, 06:00 am",0.294587
"Sep 1, 07:00 am",3.20749
"Sep 1, 08:00 am",6.87437
"Sep 1, 09:00 am",6.65464
"Sep 1, 10:00 am",9.59753
"Sep 1, 11:00 am",10.5657
"Sep 1, 12:00 pm",13.1384
"Sep 1, 01:00 pm",12.678
"Sep 1, 02:00 pm",11.364
"Sep 1, 03:00 pm",10.0832
"Sep 1, 04:00 pm",6.90717
"Sep 1, 05:00 pm",2.98468
"Sep 1, 06:00 pm",0.136831
"Sep 1, 07:00 pm",0
"Sep 1, 08:00 pm",0
"Sep 1, 09:00 pm",0
"Sep 1, 10:00 pm",0
"Sep 1, 11:00 pm",0
"Sep 2, 12:00 am",0
"Sep 2, 01:00 am",0
"Sep 2, 02:00 am",0
"Sep 2, 03:00 am",0
"Sep 2, 04:00 am",0
"Sep 2, 05:00 am",0
"Sep 2, 06:00 am",0.272635
"Sep 2, 07:00 am",2.99791
"Sep 2, 08:00 am",5.19871
"Sep 2, 09:00 am",9.73786
"Sep 2, 10:00 am",11.796
"Sep 2, 11:00 am",11.819
"Sep 2, 12:00 pm",11.6725
"Sep 2, 01:00 pm",13.4542
"Sep 2, 02:00 pm",12.1571
"Sep 2, 03:00 pm",10.0219
"Sep 2, 04:00 pm",6.98144
"Sep 2, 05:00 pm",3.01211
"Sep 2, 06:00 pm",0.106745
"Sep 2, 07:00 pm",0
"Sep 2, 08:00 pm",0
"Sep 2, 09:00 pm",0
"Sep 2, 10:00 pm",0
"Sep 2, 11:00 pm",0
"Sep 3, 12:00 am",0
"Sep 3, 01:00 am",0
"Sep 3, 02:00 am",0
"Sep 3, 03:00 am",0
"Sep 3, 04:00 am",0
"Sep 3, 05:00 am",0
"Sep 3, 06:00 am",0.257893
"Sep 3, 07:00 am",3.45443
"Sep 3, 08:00 am",7.47088
"Sep 3, 09:00 am",10.2672
"Sep 3, 10:00 am",12.1104
"Sep 3, 11:00 am",12.8474
"Sep 3, 12:00 pm",13.2575
"Sep 3, 01:00 pm",13.1424
"Sep 3, 02:00 pm",12.0615
"Sep 3, 03:00 pm",10.0433
"Sep 3, 04:00 pm",7.00572
"Sep 3, 05:00 pm",2.99616
"Sep 3, 06:00 pm",0.0937195
"Sep 3, 07:00 pm",0
"Sep 3, 08:00 pm",0
"Sep 3, 09:00 pm",0
"Sep 3, 10:00 pm",0
"Sep 3, 11:00 pm",0
"Sep 4, 12:00 am",0
"Sep 4, 01:00 am",0
"Sep 4, 02:00 am",0
"Sep 4, 03:00 am",0
"Sep 4, 04:00 am",0
"Sep 4, 05:00 am",0
"Sep 4, 06:00 am",0.261803
"Sep 4, 07:00 am",3.26202
"Sep 4, 08:00 am",7.203
"Sep 4, 09:00 am",10.3318
"Sep 4, 10:00 am",12.6271
"Sep 4, 11:00 am",13.8726
"Sep 4, 12:00 pm",14.3247
"Sep 4, 01:00 pm",13.758
"Sep 4, 02:00 pm",12.2359
"Sep 4, 03:00 pm",9.87539
"Sep 4, 04:00 pm",6.67407
"Sep 4, 05:00 pm",2.65416
"Sep 4, 06:00 pm",0.0859681
"Sep 4, 07:00 pm",0
"Sep 4, 08:00 pm",0
"Sep 4, 09:00 pm",0
"Sep 4, 10:00 pm",0
"Sep 4, 11:00 pm",0
"Sep 5, 12:00 am",0
"Sep 5, 01:00 am",0
"Sep 5, 02:00 am",0
"Sep 5, 03:00 am",0
"Sep 5, 04:00 am",0
"Sep 5, 05:00 am",0
"Sep 5, 06:00 am",0.060665
"Sep 5, 07:00 am",0.922276
"Sep 5, 08:00 am",3.81417
"Sep 5, 09:00 am",6.49505
"Sep 5, 10:00 am",12.6713
"Sep 5, 11:00 am",14.066
"Sep 5, 12:00 pm",14.4264
"Sep 5, 01:00 pm",13.8415
"Sep 5, 02:00 pm",12.4806
"Sep 5, 03:00 pm",10.1586
"Sep 5, 04:00 pm",6.95603
"Sep 5, 05:00 pm",2.87576
"Sep 5, 06:00 pm",0.0641937
"Sep 5, 07:00 pm",0
"Sep 5, 08:00 pm",0
"Sep 5, 09:00 pm",0
"Sep 5, 10:00 pm",0
"Sep 5, 11:00 pm",0
"Sep 6, 12:00 am",0
"Sep 6, 01:00 am",0
"Sep 6, 02:00 am",0
"Sep 6, 03:00 am",0
"Sep 6, 04:00 am",0
"Sep 6, 05:00 am",0
"Sep 6, 06:00 am",0.224046
"Sep 6, 07:00 am",3.23074
"Sep 6, 08:00 am",7.09336
"Sep 6, 09:00 am",9.90978
"Sep 6, 10:00 am",11.901
"Sep 6, 11:00 am",13.2376
"Sep 6, 12:00 pm",13.7383
"Sep 6, 01:00 pm",11.9113
"Sep 6, 02:00 pm",10.6874
"Sep 6, 03:00 pm",6.50065
"Sep 6, 04:00 pm",0.755543
"Sep 6, 05:00 pm",2.02464
"Sep 6, 06:00 pm",0.112794
"Sep 6, 07:00 pm",0
"Sep 6, 08:00 pm",0
"Sep 6, 09:00 pm",0
"Sep 6, 10:00 pm",0
"Sep 6, 11:00 pm",0
"Sep 7, 12:00 am",0
"Sep 7, 01:00 am",0
"Sep 7, 02:00 am",0
"Sep 7, 03:00 am",0
"Sep 7, 04:00 am",0
"Sep 7, 05:00 am",0
"Sep 7, 06:00 am",0.195433
"Sep 7, 07:00 am",2.64605
"Sep 7, 08:00 am",3.79372
"Sep 7, 09:00 am",8.89235
"Sep 7, 10:00 am",11.6876
"Sep 7, 11:00 am",13.0549
"Sep 7, 12:00 pm",13.6374
"Sep 7, 01:00 pm",13.2538
"Sep 7, 02:00 pm",12.1001
"Sep 7, 03:00 pm",9.89068
"Sep 7, 04:00 pm",6.73455
"Sep 7, 05:00 pm",2.73037
"Sep 7, 06:00 pm",0.0417723
"Sep 7, 07:00 pm",0
"Sep 7, 08:00 pm",0
"Sep 7, 09:00 pm",0
"Sep 7, 10:00 pm",0
"Sep 7, 11:00 pm",0
"Sep 8, 12:00 am",0
"Sep 8, 01:00 am",0
"Sep 8, 02:00 am",0
"Sep 8, 03:00 am",0
"Sep 8, 04:00 am",0
"Sep 8, 05:00 am",0
"Sep 8, 06:00 am",0.178594
"Sep 8, 07:00 am",3.32056
"Sep 8, 08:00 am",7.16213
"Sep 8, 09:00 am",9.9718
"Sep 8, 10:00 am",12.4014
"Sep 8, 11:00 am",13.9371
"Sep 8, 12:00 pm",14.458
"Sep 8, 01:00 pm",13.9564
"Sep 8, 02:00 pm",12.4295
"Sep 8, 03:00 pm",10.093
"Sep 8, 04:00 pm",6.02246
"Sep 8, 05:00 pm",1.96459
"Sep 8, 06:00 pm",0.0177933
"Sep 8, 07:00 pm",0
"Sep 8, 08:00 pm",0
"Sep 8, 09:00 pm",0
"Sep 8, 10:00 pm",0
"Sep 8, 11:00 pm",0
"Sep 9, 12:00 am",0
"Sep 9, 01:00 am",0
"Sep 9, 02:00 am",0
"Sep 9, 03:00 am",0
"Sep 9, 04:00 am",0
"Sep 9, 05:00 am",0
"Sep 9, 06:00 am",0.169999
"Sep 9, 07:00 am",2.96649
"Sep 9, 08:00 am",6.04934
"Sep 9, 09:00 am",5.56868
"Sep 9, 10:00 am",12.3345
"Sep 9, 11:00 am",11.1999
"Sep 9, 12:00 pm",9.33937
"Sep 9, 01:00 pm",11.5776
"Sep 9, 02:00 pm",7.71223
"Sep 9, 03:00 pm",9.6187
"Sep 9, 04:00 pm",6.387
"Sep 9, 05:00 pm",2.4786
"Sep 9, 06:00 pm",0.0391196
"Sep 9, 07:00 pm",0
"Sep 9, 08:00 pm",0
"Sep 9, 09:00 pm",0
"Sep 9, 10:00 pm",0
"Sep 9, 11:00 pm",0
"Sep 10, 12:00 am",0
"Sep 10, 01:00 am",0
"Sep 10, 02:00 am",0
"Sep 10, 03:00 am",0
"Sep 10, 04:00 am",0
"Sep 10, 05:00 am",0
"Sep 10, 06:00 am",0.162142
"Sep 10, 07:00 am",2.70304
"Sep 10, 08:00 am",4.35214
"Sep 10, 09:00 am",5.26864
"Sep 10, 10:00 am",12.3913
"Sep 10, 11:00 am",13.4355
"Sep 10, 12:00 pm",13.6973
"Sep 10, 01:00 pm",13.0961
"Sep 10, 02:00 pm",11.7744
"Sep 10, 03:00 pm",9.59059
"Sep 10, 04:00 pm",6.56295
"Sep 10, 05:00 pm",2.70547
"Sep 10, 06:00 pm",0.0202031
"Sep 10, 07:00 pm",0
"Sep 10, 08:00 pm",0
"Sep 10, 09:00 pm",0
"Sep 10, 10:00 pm",0
"Sep 10, 11:00 pm",0
"Sep 11, 12:00 am",0
"Sep 11, 01:00 am",0
"Sep 11, 02:00 am",0
"Sep 11, 03:00 am",0
"Sep 11, 04:00 am",0
"Sep 11, 05:00 am",0
"Sep 11, 06:00 am",0.137864
"Sep 11, 07:00 am",3.40875
"Sep 11, 08:00 am",7.69668
"Sep 11, 09:00 am",10.7142
"Sep 11, 10:00 am",12.9262
"Sep 11, 11:00 am",14.0912
"Sep 11, 12:00 pm",14.3377
"Sep 11, 01:00 pm",13.7591
"Sep 11, 02:00 pm",12.3358
"Sep 11, 03:00 pm",10.0718
"Sep 11, 04:00 pm",6.82201
"Sep 11, 05:00 pm",2.69033
"Sep 11, 06:00 pm",-0
"Sep 11, 07:00 pm",0
"Sep 11, 08:00 pm",0
"Sep 11, 09:00 pm",0
"Sep 11, 10:00 pm",0
"Sep 11, 11:00 pm",0
"Sep 12, 12:00 am",0
"Sep 12, 01:00 am",0
"Sep 12, 02:00 am",0
"Sep 12, 03:00 am",0
"Sep 12, 04:00 am",0
"Sep 12, 05:00 am",0
"Sep 12, 06:00 am",0.141732
"Sep 12, 07:00 am",3.66901
"Sep 12, 08:00 am",7.95145
"Sep 12, 09:00 am",11.0169
"Sep 12, 10:00 am",13.0908
"Sep 12, 11:00 am",14.2327
"Sep 12, 12:00 pm",14.4859
"Sep 12, 01:00 pm",13.886
"Sep 12, 02:00 pm",12.4578
"Sep 12, 03:00 pm",10.1397
"Sep 12, 04:00 pm",6.87189
"Sep 12, 05:00 pm",2.63342
"Sep 12, 06:00 pm",-0
"Sep 12, 07:00 pm",0
"Sep 12, 08:00 pm",0
"Sep 12, 09:00 pm",0
"Sep 12, 10:00 pm",0
"Sep 12, 11:00 pm",0
"Sep 13, 12:00 am",0
"Sep 13, 01:00 am",0
"Sep 13, 02:00 am",0
"Sep 13, 03:00 am",0
"Sep 13, 04:00 am",0
"Sep 13, 05:00 am",0
"Sep 13, 06:00 am",0.131029
"Sep 13, 07:00 am",3.49438
"Sep 13, 08:00 am",7.70752
"Sep 13, 09:00 am",10.7904
"Sep 13, 10:00 am",12.7546
"Sep 13, 11:00 am",13.5304
"Sep 13, 12:00 pm",13.4207
"Sep 13, 01:00 pm",13.1075
"Sep 13, 02:00 pm",12.0234
"Sep 13, 03:00 pm",9.96942
"Sep 13, 04:00 pm",6.71469
"Sep 13, 05:00 pm",2.62327
"Sep 13, 06:00 pm",-0
"Sep 13, 07:00 pm",0
"Sep 13, 08:00 pm",0
"Sep 13, 09:00 pm",0
"Sep 13, 10:00 pm",0
"Sep 13, 11:00 pm",0
"Sep 14, 12:00 am",0
"Sep 14, 01:00 am",0
"Sep 14, 02:00 am",0
"Sep 14, 03:00 am",0
"Sep 14, 04:00 am",0
"Sep 14, 05:00 am",0
"Sep 14, 06:00 am",0.116443
"Sep 14, 07:00 am",3.36751
"Sep 14, 08:00 am",7.72832
"Sep 14, 09:00 am",10.6784
"Sep 14, 10:00 am",12.3757
"Sep 14, 11:00 am",13.5995
"Sep 14, 12:00 pm",14.2567
"Sep 14, 01:00 pm",13.816
"Sep 14, 02:00 pm",12.4633
"Sep 14, 03:00 pm",10.1439
"Sep 14, 04:00 pm",6.80408
"Sep 14, 05:00 pm",2.53048
"Sep 14, 06:00 pm",-0
"Sep 14, 07:00 pm",0
"Sep 14, 08:00 pm",0
"Sep 14, 09:00 pm",0
"Sep 14, 10:00 pm",0
"Sep 14, 11:00 pm",0
"Sep 15, 12:00 am",0
"Sep 15, 01:00 am",0
"Sep 15, 02:00 am",0
"Sep 15, 03:00 am",0
"Sep 15, 04:00 am",0
"Sep 15, 05:00 am",0
"Sep 15, 06:00 am",0.107756
"Sep 15, 07:00 am",3.45009
"Sep 15, 08:00 am",7.50814
"Sep 15, 09:00 am",10.4953
"Sep 15, 10:00 am",12.7766
"Sep 15, 11:00 am",14.2136
"Sep 15, 12:00 pm",14.6964
"Sep 15, 01:00 pm",14.1131
"Sep 15, 02:00 pm",12.6428
"Sep 15, 03:00 pm",10.1826
"Sep 15, 04:00 pm",6.69887
"Sep 15, 05:00 pm",2.42352
"Sep 15, 06:00 pm",-0
"Sep 15, 07:00 pm",0
"Sep 15, 08:00 pm",0
"Sep 15, 09:00 pm",0
"Sep 15, 10:00 pm",0
"Sep 15, 11:00 pm",0
"Sep 16, 12:00 am",0
"Sep 16, 01:00 am",0
"Sep 16, 02:00 am",0
"Sep 16, 03:00 am",0
"Sep 16, 04:00 am",0
"Sep 16, 05:00 am",0
"Sep 16, 06:00 am",0.106264
"Sep 16, 07:00 am",3.35228
"Sep 16, 08:00 am",7.44912
"Sep 16, 09:00 am",10.4244
"Sep 16, 10:00 am",12.0463
"Sep 16, 11:00 am",13.0696
"Sep 16, 12:00 pm",13.6291
"Sep 16, 01:00 pm",13.2082
"Sep 16, 02:00 pm",11.9543
"Sep 16, 03:00 pm",9.78384
"Sep 16, 04:00 pm",6.59781
"Sep 16, 05:00 pm",2.40518
"Sep 16, 06:00 pm",-0
"Sep 16, 07:00 pm",0
"Sep 16, 08:00 pm",0
"Sep 16, 09:00 pm",0
"Sep 16, 10:00 pm",0
"Sep 16, 11:00 pm",0
"Sep 17, 12:00 am",0
"Sep 17, 01:00 am",0
"Sep 17, 02:00 am",0
"Sep 17, 03:00 am",0
"Sep 17, 04:00 am",0
"Sep 17, 05:00 am",0
"Sep 17, 06:00 am",0.103645
"Sep 17, 07:00 am",3.35938
"Sep 17, 08:00 am",7.50294
"Sep 17, 09:00 am",10.6116
"Sep 17, 10:00 am",12.8714
"Sep 17, 11:00 am",14.0254
"Sep 17, 12:00 pm",14.321
"Sep 17, 01:00 pm",13.8516
"Sep 17, 02:00 pm",12.5059
"Sep 17, 03:00 pm",10.1787
"Sep 17, 04:00 pm",6.74705
"Sep 17, 05:00 pm",2.4125
"Sep 17, 06:00 pm",-0
"Sep 17, 07:00 pm",0
"Sep 17, 08:00 pm",0
"Sep 17, 09:00 pm",0
"Sep 17, 10:00 pm",0
"Sep 17, 11:00 pm",0
"Sep 18, 12:00 am",0
"Sep 18, 01:00 am",0
"Sep 18, 02:00 am",0
"Sep 18, 03:00 am",0
"Sep 18, 04:00 am",0
"Sep 18, 05:00 am",0
"Sep 18, 06:00 am",0.110031
"Sep 18, 07:00 am",3.59903
"Sep 18, 08:00 am",8.01979
"Sep 18, 09:00 am",10.9443
"Sep 18, 10:00 am",12.5445
"Sep 18, 11:00 am",13.4108
"Sep 18, 12:00 pm",13.8685
"Sep 18, 01:00 pm",13.4002
"Sep 18, 02:00 pm",11.9043
"Sep 18, 03:00 pm",9.57566
"Sep 18, 04:00 pm",6.41184
"Sep 18, 05:00 pm",2.30071
"Sep 18, 06:00 pm",-0
"Sep 18, 07:00 pm",0
"Sep 18, 08:00 pm",0
"Sep 18, 09:00 pm",0
"Sep 18, 10:00 pm",0
"Sep 18, 11:00 pm",0
"Sep 19, 12:00 am",0
"Sep 19, 01:00 am",0
"Sep 19, 02:00 am",0
"Sep 19, 03:00 am",0
"Sep 19, 04:00 am",0
"Sep 19, 05:00 am",0
"Sep 19, 06:00 am",0.0997722
"Sep 19, 07:00 am",3.55976
"Sep 19, 08:00 am",7.78516
"Sep 19, 09:00 am",10.6705
"Sep 19, 10:00 am",12.4738
"Sep 19, 11:00 am",13.4156
"Sep 19, 12:00 pm",13.6028
"Sep 19, 01:00 pm",12.8163
"Sep 19, 02:00 pm",11.4589
"Sep 19, 03:00 pm",9.4818
"Sep 19, 04:00 pm",6.35611
"Sep 19, 05:00 pm",2.24631
"Sep 19, 06:00 pm",0
"Sep 19, 07:00 pm",0
"Sep 19, 08:00 pm",0
"Sep 19, 09:00 pm",0
"Sep 19, 10:00 pm",0
"Sep 19, 11:00 pm",0
"Sep 20, 12:00 am",0
"Sep 20, 01:00 am",0
"Sep 20, 02:00 am",0
"Sep 20, 03:00 am",0
"Sep 20, 04:00 am",0
"Sep 20, 05:00 am",0
"Sep 20, 06:00 am",0.0859513
"Sep 20, 07:00 am",3.46619
"Sep 20, 08:00 am",7.73868
"Sep 20, 09:00 am",10.5501
"Sep 20, 10:00 am",12.3026
"Sep 20, 11:00 am",13.4348
"Sep 20, 12:00 pm",13.8794
"Sep 20, 01:00 pm",13.2364
"Sep 20, 02:00 pm",11.8772
"Sep 20, 03:00 pm",9.62705
"Sep 20, 04:00 pm",6.35236
"Sep 20, 05:00 pm",2.22969
"Sep 20, 06:00 pm",0
"Sep 20, 07:00 pm",0
"Sep 20, 08:00 pm",0
"Sep 20, 09:00 pm",0
"Sep 20, 10:00 pm",0
"Sep 20, 11:00 pm",0
"Sep 21, 12:00 am",0
"Sep 21, 01:00 am",0
"Sep 21, 02:00 am",0
"Sep 21, 03:00 am",0
"Sep 21, 04:00 am",0
"Sep 21, 05:00 am",0
"Sep 21, 06:00 am",0.081076
"Sep 21, 07:00 am",3.59692
"Sep 21, 08:00 am",7.95449
"Sep 21, 09:00 am",10.8143
"Sep 21, 10:00 am",12.5304
"Sep 21, 11:00 am",13.2707
"Sep 21, 12:00 pm",13.3929
"Sep 21, 01:00 pm",12.8916
"Sep 21, 02:00 pm",11.7373
"Sep 21, 03:00 pm",9.58338
"Sep 21, 04:00 pm",6.32426
"Sep 21, 05:00 pm",2.13682
"Sep 21, 06:00 pm",0
"Sep 21, 07:00 pm",0
"Sep 21, 08:00 pm",0
"Sep 21, 09:00 pm",0
"Sep 21, 10:00 pm",0
"Sep 21, 11:00 pm",0
"Sep 22, 12:00 am",0
"Sep 22, 01:00 am",0
"Sep 22, 02:00 am",0
"Sep 22, 03:00 am",0
"Sep 22, 04:00 am",0
"Sep 22, 05:00 am",0
"Sep 22, 06:00 am",0.0836543
"Sep 22, 07:00 am",3.50231
"Sep 22, 08:00 am",7.71481
"Sep 22, 09:00 am",10.5287
"Sep 22, 10:00 am",12.4406
"Sep 22, 11:00 am",13.5694
"Sep 22, 12:00 pm",13.9443
"Sep 22, 01:00 pm",8.8389
"Sep 22, 02:00 pm",9.89523
"Sep 22, 03:00 pm",6.94117
"Sep 22, 04:00 pm",3.21326
"Sep 22, 05:00 pm",0.727423
"Sep 22, 06:00 pm",0
"Sep 22, 07:00 pm",0
"Sep 22, 08:00 pm",0
"Sep 22, 09:00 pm",0
"Sep 22, 10:00 pm",0
"Sep 22, 11:00 pm",0
"Sep 23, 12:00 am",0
"Sep 23, 01:00 am",0
"Sep 23, 02:00 am",0
"Sep 23, 03:00 am",0
"Sep 23, 04:00 am",0
"Sep 23, 05:00 am",0
"Sep 23, 06:00 am",-0
"Sep 23, 07:00 am",0.933924
"Sep 23, 08:00 am",3.09372
"Sep 23, 09:00 am",6.82668
"Sep 23, 10:00 am",9.49031
"Sep 23, 11:00 am",8.33154
"Sep 23, 12:00 pm",9.60451
"Sep 23, 01:00 pm",7.47681
"Sep 23, 02:00 pm",8.69328
"Sep 23, 03:00 pm",3.75377
"Sep 23, 04:00 pm",2.28411
"Sep 23, 05:00 pm",0.141473
"Sep 23, 06:00 pm",0
"Sep 23, 07:00 pm",0
"Sep 23, 08:00 pm",0
"Sep 23, 09:00 pm",0
"Sep 23, 10:00 pm",0
"Sep 23, 11:00 pm",0
"Sep 24, 12:00 am",0
"Sep 24, 01:00 am",0
"Sep 24, 02:00 am",0
"Sep 24, 03:00 am",0
"Sep 24, 04:00 am",0
"Sep 24, 05:00 am",0
"Sep 24, 06:00 am",0.00268083
"Sep 24, 07:00 am",1.49785
"Sep 24, 08:00 am",4.71858
"Sep 24, 09:00 am",2.03958
"Sep 24, 10:00 am",3.21436
"Sep 24, 11:00 am",4.11481
"Sep 24, 12:00 pm",4.14541
"Sep 24, 01:00 pm",2.36243
"Sep 24, 02:00 pm",1.00925
"Sep 24, 03:00 pm",1.07782
"Sep 24, 04:00 pm",1.94544
"Sep 24, 05:00 pm",-0
"Sep 24, 06:00 pm",0
"Sep 24, 07:00 pm",0
"Sep 24, 08:00 pm",0
"Sep 24, 09:00 pm",0
"Sep 24, 10:00 pm",0
"Sep 24, 11:00 pm",0
"Sep 25, 12:00 am",0
"Sep 25, 01:00 am",0
"Sep 25, 02:00 am",0
"Sep 25, 03:00 am",0
"Sep 25, 04:00 am",0
"Sep 25, 05:00 am",0
"Sep 25, 06:00 am",-0
"Sep 25, 07:00 am",0.759305
"Sep 25, 08:00 am",4.4492
"Sep 25, 09:00 am",8.91101
"Sep 25, 10:00 am",10.8352
"Sep 25, 11:00 am",10.1155
"Sep 25, 12:00 pm",13.6201
"Sep 25, 01:00 pm",12.9162
"Sep 25, 02:00 pm",11.4044
"Sep 25, 03:00 pm",9.04217
"Sep 25, 04:00 pm",3.72108
"Sep 25, 05:00 pm",1.75316
"Sep 25, 06:00 pm",0
"Sep 25, 07:00 pm",0
"Sep 25, 08:00 pm",0
"Sep 25, 09:00 pm",0
"Sep 25, 10:00 pm",0
"Sep 25, 11:00 pm",0
"Sep 26, 12:00 am",0
"Sep 26, 01:00 am",0
"Sep 26, 02:00 am",0
"Sep 26, 03:00 am",0
"Sep 26, 04:00 am",0
"Sep 26, 05:00 am",0
"Sep 26, 06:00 am",0.0367823
"Sep 26, 07:00 am",3.29339
"Sep 26, 08:00 am",7.56156
"Sep 26, 09:00 am",10.5637
"Sep 26, 10:00 am",12.5416
"Sep 26, 11:00 am",13.6359
"Sep 26, 12:00 pm",13.7506
"Sep 26, 01:00 pm",12.9923
"Sep 26, 02:00 pm",11.4673
"Sep 26, 03:00 pm",9.15896
"Sep 26, 04:00 pm",5.87226
"Sep 26, 05:00 pm",1.76598
"Sep 26, 06:00 pm",0
"Sep 26, 07:00 pm",0
"Sep 26, 08:00 pm",0
"Sep 26, 09:00 pm",0
"Sep 26, 10:00 pm",0
"Sep 26, 11:00 pm",0
"Sep 27, 12:00 am",0
"Sep 27, 01:00 am",0
"Sep 27, 02:00 am",0
"Sep 27, 03:00 am",0
"Sep 27, 04:00 am",0
"Sep 27, 05:00 am",0
"Sep 27, 06:00 am",0.0254361
"Sep 27, 07:00 am",3.30222
"Sep 27, 08:00 am",7.65864
"Sep 27, 09:00 am",10.8096
"Sep 27, 10:00 am",12.9829
"Sep 27, 11:00 am",14.1459
"Sep 27, 12:00 pm",14.3913
"Sep 27, 01:00 pm",13.6699
"Sep 27, 02:00 pm",12.0328
"Sep 27, 03:00 pm",9.49224
"Sep 27, 04:00 pm",5.88461
"Sep 27, 05:00 pm",1.68936
"Sep 27, 06:00 pm",0
"Sep 27, 07:00 pm",0
"Sep 27, 08:00 pm",0
"Sep 27, 09:00 pm",0
"Sep 27, 10:00 pm",0
"Sep 27, 11:00 pm",0
"Sep 28, 12:00 am",0
"Sep 28, 01:00 am",0
"Sep 28, 02:00 am",0
"Sep 28, 03:00 am",0
"Sep 28, 04:00 am",0
"Sep 28, 05:00 am",0
"Sep 28, 06:00 am",0.0107784
"Sep 28, 07:00 am",3.20114
"Sep 28, 08:00 am",7.54802
"Sep 28, 09:00 am",10.519
"Sep 28, 10:00 am",12.5407
"Sep 28, 11:00 am",13.7211
"Sep 28, 12:00 pm",13.9766
"Sep 28, 01:00 pm",13.3418
"Sep 28, 02:00 pm",11.7831
"Sep 28, 03:00 pm",9.34813
"Sep 28, 04:00 pm",5.79245
"Sep 28, 05:00 pm",1.64486
"Sep 28, 06:00 pm",0
"Sep 28, 07:00 pm",0
"Sep 28, 08:00 pm",0
"Sep 28, 09:00 pm",0
"Sep 28, 10:00 pm",0
"Sep 28, 11:00 pm",0
"Sep 29, 12:00 am",0
"Sep 29, 01:00 am",0
"Sep 29, 02:00 am",0
"Sep 29, 03:00 am",0
"Sep 29, 04:00 am",0
"Sep 29, 05:00 am",0
"Sep 29, 06:00 am",0.0147319
"Sep 29, 07:00 am",3.25592
"Sep 29, 08:00 am",7.47055
"Sep 29, 09:00 am",10.394
"Sep 29, 10:00 am",12.4261
"Sep 29, 11:00 am",13.5959
"Sep 29, 12:00 pm",13.9411
"Sep 29, 01:00 pm",13.3933
"Sep 29, 02:00 pm",11.7862
"Sep 29, 03:00 pm",9.29006
"Sep 29, 04:00 pm",5.70737
"Sep 29, 05:00 pm",1.56425
"Sep 29, 06:00 pm",0
"Sep 29, 07:00 pm",0
"Sep 29, 08:00 pm",0
"Sep 29, 09:00 pm",0
"Sep 29, 10:00 pm",0
"Sep 29, 11:00 pm",0
"Sep 30, 12:00 am",0
"Sep 30, 01:00 am",0
"Sep 30, 02:00 am",0
"Sep 30, 03:00 am",0
"Sep 30, 04:00 am",0
"Sep 30, 05:00 am",0
"Sep 30, 06:00 am",-0
"Sep 30, 07:00 am",3.12133
"Sep 30, 08:00 am",7.35158
"Sep 30, 09:00 am",10.3382
"Sep 30, 10:00 am",12.3667
"Sep 30, 11:00 am",13.561
"Sep 30, 12:00 pm",13.8957
"Sep 30, 01:00 pm",13.294
"Sep 30, 02:00 pm",11.7322
"Sep 30, 03:00 pm",9.28497
"Sep 30, 04:00 pm",5.68376
"Sep 30, 05:00 pm",1.39395
"Sep 30, 06:00 pm",0
"Sep 30, 07:00 pm",0
"Sep 30, 08:00 pm",0
"Sep 30, 09:00 pm",0
"Sep 30, 10:00 pm",0
"Sep 30, 11:00 pm",0
"Oct 1, 12:00 am",0
"Oct 1, 01:00 am",0
"Oct 1, 02:00 am",0
"Oct 1, 03:00 am",0
"Oct 1, 04:00 am",0
"Oct 1, 05:00 am",0
"Oct 1, 06:00 am",-0
"Oct 1, 07:00 am",2.99098
"Oct 1, 08:00 am",7.03817
"Oct 1, 09:00 am",8.29223
"Oct 1, 10:00 am",10.4984
"Oct 1, 11:00 am",12.9968
"Oct 1, 12:00 pm",13.4723
"Oct 1, 01:00 pm",12.9698
"Oct 1, 02:00 pm",11.505
"Oct 1, 03:00 pm",9.05021
"Oct 1, 04:00 pm",5.52046
"Oct 1, 05:00 pm",1.4035
"Oct 1, 06:00 pm",0
"Oct 1, 07:00 pm",0
"Oct 1, 08:00 pm",0
"Oct 1, 09:00 pm",0
"Oct 1, 10:00 pm",0
"Oct 1, 11:00 pm",0
"Oct 2, 12:00 am",0
"Oct 2, 01:00 am",0
"Oct 2, 02:00 am",0
"Oct 2, 03:00 am",0
"Oct 2, 04:00 am",0
"Oct 2, 05:00 am",0
"Oct 2, 06:00 am",-0
"Oct 2, 07:00 am",1.96428
"Oct 2, 08:00 am",4.44742
"Oct 2, 09:00 am",7.81904
"Oct 2, 10:00 am",0.771441
"Oct 2, 11:00 am",11.3322
"Oct 2, 12:00 pm",10.6041
"Oct 2, 01:00 pm",4.48037
"Oct 2, 02:00 pm",0.303391
"Oct 2, 03:00 pm",0.337482
"Oct 2, 04:00 pm",4.80628
"Oct 2, 05:00 pm",1.07332
"Oct 2, 06:00 pm",0
"Oct 2, 07:00 pm",0
"Oct 2, 08:00 pm",0
"Oct 2, 09:00 pm",0
"Oct 2, 10:00 pm",0
"Oct 2, 11:00 pm",0
"Oct 3, 12:00 am",0
"Oct 3, 01:00 am",0
"Oct 3, 02:00 am",0
"Oct 3, 03:00 am",0
"Oct 3, 04:00 am",0
"Oct 3, 05:00 am",0
"Oct 3, 06:00 am",-0
"Oct 3, 07:00 am",3.33441
"Oct 3, 08:00 am",7.946
"Oct 3, 09:00 am",11.3417
"Oct 3, 10:00 am",13.6602
"Oct 3, 11:00 am",14.89
"Oct 3, 12:00 pm",15.1738
"Oct 3, 01:00 pm",14.4567
"Oct 3, 02:00 pm",12.7653
"Oct 3, 03:00 pm",9.95434
"Oct 3, 04:00 pm",6.01027
"Oct 3, 05:00 pm",1.44795
"Oct 3, 06:00 pm",0
"Oct 3, 07:00 pm",0
"Oct 3, 08:00 pm",0
"Oct 3, 09:00 pm",0
"Oct 3, 10:00 pm",0
"Oct 3, 11:00 pm",0
"Oct 4, 12:00 am",0
"Oct 4, 01:00 am",0
"Oct 4, 02:00 am",0
"Oct 4, 03:00 am",0
"Oct 4, 04:00 am",0
"Oct 4, 05:00 am",0
"Oct 4, 06:00 am",-0
"Oct 4, 07:00 am",3.42696
"Oct 4, 08:00 am",8.01259
"Oct 4, 09:00 am",11.2344
"Oct 4, 10:00 am",13.3459
"Oct 4, 11:00 am",14.3436
"Oct 4, 12:00 pm",14.3687
"Oct 4, 01:00 pm",13.5603
"Oct 4, 02:00 pm",11.8693
"Oct 4, 03:00 pm",9.3318
"Oct 4, 04:00 pm",5.6212
"Oct 4, 05:00 pm",1.26233
"Oct 4, 06:00 pm",0
"Oct 4, 07:00 pm",0
"Oct 4, 08:00 pm",0
"Oct 4, 09:00 pm",0
"Oct 4, 10:00 pm",0
"Oct 4, 11:00 pm",0
"Oct 5, 12:00 am",0
"Oct 5, 01:00 am",0
"Oct 5, 02:00 am",0
"Oct 5, 03:00 am",0
"Oct 5, 04:00 am",0
"Oct 5, 05:00 am",0
"Oct 5, 06:00 am",-0
"Oct 5, 07:00 am",3.07709
"Oct 5, 08:00 am",7.4998
"Oct 5, 09:00 am",10.6871
"Oct 5, 10:00 am",12.7252
"Oct 5, 11:00 am",13.7989
"Oct 5, 12:00 pm",14.029
"Oct 5, 01:00 pm",13.3
"Oct 5, 02:00 pm",11.8126
"Oct 5, 03:00 pm",9.22938
"Oct 5, 04:00 pm",4.21346
"Oct 5, 05:00 pm",0.934787
"Oct 5, 06:00 pm",0
"Oct 5, 07:00 pm",0
"Oct 5, 08:00 pm",0
"Oct 5, 09:00 pm",0
"Oct 5, 10:00 pm",0
"Oct 5, 11:00 pm",0
"Oct 6, 12:00 am",0
"Oct 6, 01:00 am",0
"Oct 6, 02:00 am",0
"Oct 6, 03:00 am",0
"Oct 6, 04:00 am",0
"Oct 6, 05:00 am",0
"Oct 6, 06:00 am",-0
"Oct 6, 07:00 am",3.07412
"Oct 6, 08:00 am",7.35364
"Oct 6, 09:00 am",8.81675
"Oct 6, 10:00 am",13.0456
"Oct 6, 11:00 am",13.9406
"Oct 6, 12:00 pm",14.038
"Oct 6, 01:00 pm",13.3959
"Oct 6, 02:00 pm",11.8481
"Oct 6, 03:00 pm",9.32582
"Oct 6, 04:00 pm",5.55263
"Oct 6, 05:00 pm",1.19765
"Oct 6, 06:00 pm",0
"Oct 6, 07:00 pm",0
"Oct 6, 08:00 pm",0
"Oct 6, 09:00 pm",0
"Oct 6, 10:00 pm",0
"Oct 6, 11:00 pm",0
"Oct 7, 12:00 am",0
"Oct 7, 01:00 am",0
"Oct 7, 02:00 am",0
"Oct 7, 03:00 am",0
"Oct 7, 04:00 am",0
"Oct 7, 05:00 am",0
"Oct 7, 06:00 am",-0
"Oct 7, 07:00 am",3.32959
"Oct 7, 08:00 am",7.90241
"Oct 7, 09:00 am",10.9959
"Oct 7, 10:00 am",12.9517
"Oct 7, 11:00 am",13.9587
"Oct 7, 12:00 pm",14.0076
"Oct 7, 01:00 pm",13.1667
"Oct 7, 02:00 pm",11.4179
"Oct 7, 03:00 pm",8.8748
"Oct 7, 04:00 pm",5.21335
"Oct 7, 05:00 pm",1.05914
"Oct 7, 06:00 pm",0
"Oct 7, 07:00 pm",0
"Oct 7, 08:00 pm",0
"Oct 7, 09:00 pm",0
"Oct 7, 10:00 pm",0
"Oct 7, 11:00 pm",0
"Oct 8, 12:00 am",0
"Oct 8, 01:00 am",0
"Oct 8, 02:00 am",0
"Oct 8, 03:00 am",0
"Oct 8, 04:00 am",0
"Oct 8, 05:00 am",0
"Oct 8, 06:00 am",-0
"Oct 8, 07:00 am",2.08832
"Oct 8, 08:00 am",5.58669
"Oct 8, 09:00 am",9.31967
"Oct 8, 10:00 am",10.905
"Oct 8, 11:00 am",12.9302
"Oct 8, 12:00 pm",12.6872
"Oct 8, 01:00 pm",12.0706
"Oct 8, 02:00 pm",10.7683
"Oct 8, 03:00 pm",8.43856
"Oct 8, 04:00 pm",4.93288
"Oct 8, 05:00 pm",0.933531
"Oct 8, 06:00 pm",0
"Oct 8, 07:00 pm",0
"Oct 8, 08:00 pm",0
"Oct 8, 09:00 pm",0
"Oct 8, 10:00 pm",0
"Oct 8, 11:00 pm",0
"Oct 9, 12:00 am",0
"Oct 9, 01:00 am",0
"Oct 9, 02:00 am",0
"Oct 9, 03:00 am",0
"Oct 9, 04:00 am",0
"Oct 9, 05:00 am",0
"Oct 9, 06:00 am",-0
"Oct 9, 07:00 am",2.79979
"Oct 9, 08:00 am",6.89098
"Oct 9, 09:00 am",9.8898
"Oct 9, 10:00 am",12.1308
"Oct 9, 11:00 am",13.3087
"Oct 9, 12:00 pm",13.6491
"Oct 9, 01:00 pm",12.9657
"Oct 9, 02:00 pm",11.4358
"Oct 9, 03:00 pm",8.73322
"Oct 9, 04:00 pm",4.99477
"Oct 9, 05:00 pm",0.919854
"Oct 9, 06:00 pm",0
"Oct 9, 07:00 pm",0
"Oct 9, 08:00 pm",0
"Oct 9, 09:00 pm",0
"Oct 9, 10:00 pm",0
"Oct 9, 11:00 pm",0
"Oct 10, 12:00 am",0
"Oct 10, 01:00 am",0
"Oct 10, 02:00 am",0
"Oct 10, 03:00 am",0
"Oct 10, 04:00 am",0
"Oct 10, 05:00 am",0
"Oct 10, 06:00 am",-0
"Oct 10, 07:00 am",2.81369
"Oct 10, 08:00 am",7.14131
"Oct 10, 09:00 am",10.3066
"Oct 10, 10:00 am",12.4681
"Oct 10, 11:00 am",13.7522
"Oct 10, 12:00 pm",13.965
"Oct 10, 01:00 pm",13.2742
"Oct 10, 02:00 pm",11.6022
"Oct 10, 03:00 pm",8.89494
"Oct 10, 04:00 pm",5.08555
"Oct 10, 05:00 pm",0.889526
"Oct 10, 06:00 pm",0
"Oct 10, 07:00 pm",0
"Oct 10, 08:00 pm",0
"Oct 10, 09:00 pm",0
"Oct 10, 10:00 pm",0
"Oct 10, 11:00 pm",0
"Oct 11, 12:00 am",0
"Oct 11, 01:00 am",0
"Oct 11, 02:00 am",0
"Oct 11, 03:00 am",0
"Oct 11, 04:00 am",0
"Oct 11, 05:00 am",0
"Oct 11, 06:00 am",-0
"Oct 11, 07:00 am",3.10341
"Oct 11, 08:00 am",7.49437
"Oct 11, 09:00 am",10.5575
"Oct 11, 10:00 am",12.6131
"Oct 11, 11:00 am",13.551
"Oct 11, 12:00 pm",13.6144
"Oct 11, 01:00 pm",12.8437
"Oct 11, 02:00 pm",11.1894
"Oct 11, 03:00 pm",8.63671
"Oct 11, 04:00 pm",4.89192
"Oct 11, 05:00 pm",0.791785
"Oct 11, 06:00 pm",0
"Oct 11, 07:00 pm",0
"Oct 11, 08:00 pm",0
"Oct 11, 09:00 pm",0
"Oct 11, 10:00 pm",0
"Oct 11, 11:00 pm",0
"Oct 12, 12:00 am",0
"Oct 12, 01:00 am",0
"Oct 12, 02:00 am",0
"Oct 12, 03:00 am",0
"Oct 12, 04:00 am",0
"Oct 12, 05:00 am",0
"Oct 12, 06:00 am",0
"Oct 12, 07:00 am",2.90672
"Oct 12, 08:00 am",7.23136
"Oct 12, 09:00 am",10.1688
"Oct 12, 10:00 am",9.60422
"Oct 12, 11:00 am",13.1808
"Oct 12, 12:00 pm",7.4697
"Oct 12, 01:00 pm",9.33335
"Oct 12, 02:00 pm",11.4695
"Oct 12, 03:00 pm",8.85852
"Oct 12, 04:00 pm",5.15593
"Oct 12, 05:00 pm",0.834421
"Oct 12, 06:00 pm",0
"Oct 12, 07:00 pm",0
"Oct 12, 08:00 pm",0
"Oct 12, 09:00 pm",0
"Oct 12, 10:00 pm",0
"Oct 12, 11:00 pm",0
"Oct 13, 12:00 am",0
"Oct 13, 01:00 am",0
"Oct 13, 02:00 am",0
"Oct 13, 03:00 am",0
"Oct 13, 04:00 am",0
"Oct 13, 05:00 am",0
"Oct 13, 06:00 am",0
"Oct 13, 07:00 am",3.05825
"Oct 13, 08:00 am",7.55375
"Oct 13, 09:00 am",10.7408
"Oct 13, 10:00 am",12.6638
"Oct 13, 11:00 am",13.4082
"Oct 13, 12:00 pm",13.4426
"Oct 13, 01:00 pm",12.7966
"Oct 13, 02:00 pm",11.2704
"Oct 13, 03:00 pm",8.78812
"Oct 13, 04:00 pm",5.04508
"Oct 13, 05:00 pm",0.73737
"Oct 13, 06:00 pm",0
"Oct 13, 07:00 pm",0
"Oct 13, 08:00 pm",0
"Oct 13, 09:00 pm",0
"Oct 13, 10:00 pm",0
"Oct 13, 11:00 pm",0
"Oct 14, 12:00 am",0
"Oct 14, 01:00 am",0
"Oct 14, 02:00 am",0
"Oct 14, 03:00 am",0
"Oct 14, 04:00 am",0
"Oct 14, 05:00 am",0
"Oct 14, 06:00 am",0
"Oct 14, 07:00 am",2.98177
"Oct 14, 08:00 am",7.34908
"Oct 14, 09:00 am",10.4053
"Oct 14, 10:00 am",12.4005
"Oct 14, 11:00 am",13.3586
"Oct 14, 12:00 pm",13.407
"Oct 14, 01:00 pm",12.7266
"Oct 14, 02:00 pm",11.213
"Oct 14, 03:00 pm",8.72992
"Oct 14, 04:00 pm",4.94385
"Oct 14, 05:00 pm",0.639747
"Oct 14, 06:00 pm",0
"Oct 14, 07:00 pm",0
"Oct 14, 08:00 pm",0
"Oct 14, 09:00 pm",0
"Oct 14, 10:00 pm",0
"Oct 14, 11:00 pm",0
"Oct 15, 12:00 am",0
"Oct 15, 01:00 am",0
"Oct 15, 02:00 am",0
"Oct 15, 03:00 am",0
"Oct 15, 04:00 am",0
"Oct 15, 05:00 am",0
"Oct 15, 06:00 am",0
"Oct 15, 07:00 am",3.01234
"Oct 15, 08:00 am",7.4213
"Oct 15, 09:00 am",10.4733
"Oct 15, 10:00 am",12.3408
"Oct 15, 11:00 am",13.1044
"Oct 15, 12:00 pm",13.5363
"Oct 15, 01:00 pm",12.8948
"Oct 15, 02:00 pm",11.2593
"Oct 15, 03:00 pm",8.71605
"Oct 15, 04:00 pm",4.88511
"Oct 15, 05:00 pm",0.524795
"Oct 15, 06:00 pm",0
"Oct 15, 07:00 pm",0
"Oct 15, 08:00 pm",0
"Oct 15, 09:00 pm",0
"Oct 15, 10:00 pm",0
"Oct 15, 11:00 pm",0
"Oct 16, 12:00 am",0
"Oct 16, 01:00 am",0
"Oct 16, 02:00 am",0
"Oct 16, 03:00 am",0
"Oct 16, 04:00 am",0
"Oct 16, 05:00 am",0
"Oct 16, 06:00 am",0
"Oct 16, 07:00 am",2.92523
"Oct 16, 08:00 am",7.37278
"Oct 16, 09:00 am",10.6107
"Oct 16, 10:00 am",12.6292
"Oct 16, 11:00 am",11.3531
"Oct 16, 12:00 pm",13.3204
"Oct 16, 01:00 pm",10.0495
"Oct 16, 02:00 pm",9.02813
"Oct 16, 03:00 pm",8.47719
"Oct 16, 04:00 pm",3.40348
"Oct 16, 05:00 pm",0.300185
"Oct 16, 06:00 pm",0
"Oct 16, 07:00 pm",0
"Oct 16, 08:00 pm",0
"Oct 16, 09:00 pm",0
"Oct 16, 10:00 pm",0
"Oct 16, 11:00 pm",0
"Oct 17, 12:00 am",0
"Oct 17, 01:00 am",0
"Oct 17, 02:00 am",0
"Oct 17, 03:00 am",0
"Oct 17, 04:00 am",0
"Oct 17, 05:00 am",0
"Oct 17, 06:00 am",0
"Oct 17, 07:00 am",2.83185
"Oct 17, 08:00 am",7.36858
"Oct 17, 09:00 am",10.7271
"Oct 17, 10:00 am",12.9804
"Oct 17, 11:00 am",14.14
"Oct 17, 12:00 pm",14.226
"Oct 17, 01:00 pm",13.2989
"Oct 17, 02:00 pm",11.6117
"Oct 17, 03:00 pm",8.79904
"Oct 17, 04:00 pm",4.76286
"Oct 17, 05:00 pm",0.430634
"Oct 17, 06:00 pm",0
"Oct 17, 07:00 pm",0
"Oct 17, 08:00 pm",0
"Oct 17, 09:00 pm",0
"Oct 17, 10:00 pm",0
"Oct 17, 11:00 pm",0
"Oct 18, 12:00 am",0
"Oct 18, 01:00 am",0
"Oct 18, 02:00 am",0
"Oct 18, 03:00 am",0
"Oct 18, 04:00 am",0
"Oct 18, 05:00 am",0
"Oct 18, 06:00 am",0
"Oct 18, 07:00 am",2.78206
"Oct 18, 08:00 am",7.22723
"Oct 18, 09:00 am",10.4155
"Oct 18, 10:00 am",12.3637
"Oct 18, 11:00 am",13.3234
"Oct 18, 12:00 pm",13.4843
"Oct 18, 01:00 pm",12.7071
"Oct 18, 02:00 pm",11.1195
"Oct 18, 03:00 pm",8.40215
"Oct 18, 04:00 pm",4.51312
"Oct 18, 05:00 pm",0.342592
"Oct 18, 06:00 pm",0
"Oct 18, 07:00 pm",0
"Oct 18, 08:00 pm",0
"Oct 18, 09:00 pm",0
"Oct 18, 10:00 pm",0
"Oct 18, 11:00 pm",0
"Oct 19, 12:00 am",0
"Oct 19, 01:00 am",0
"Oct 19, 02:00 am",0
"Oct 19, 03:00 am",0
"Oct 19, 04:00 am",0
"Oct 19, 05:00 am",0
"Oct 19, 06:00 am",0
"Oct 19, 07:00 am",2.69422
"Oct 19, 08:00 am",7.22081
"Oct 19, 09:00 am",10.6027
"Oct 19, 10:00 am",12.8323
"Oct 19, 11:00 am",13.9743
"Oct 19, 12:00 pm",14.192
"Oct 19, 01:00 pm",13.3387
"Oct 19, 02:00 pm",11.6319
"Oct 19, 03:00 pm",8.80291
"Oct 19, 04:00 pm",4.74329
"Oct 19, 05:00 pm",0.390652
"Oct 19, 06:00 pm",0
"Oct 19, 07:00 pm",0
"Oct 19, 08:00 pm",0
"Oct 19, 09:00 pm",0
"Oct 19, 10:00 pm",0
"Oct 19, 11:00 pm",0
"Oct 20, 12:00 am",0
"Oct 20, 01:00 am",0
"Oct 20, 02:00 am",0
"Oct 20, 03:00 am",0
"Oct 20, 04:00 am",0
"Oct 20, 05:00 am",0
"Oct 20, 06:00 am",0
"Oct 20, 07:00 am",3.00246
"Oct 20, 08:00 am",7.66644
"Oct 20, 09:00 am",10.832
"Oct 20, 10:00 am",12.9524
"Oct 20, 11:00 am",14.0031
"Oct 20, 12:00 pm",14.0924
"Oct 20, 01:00 pm",13.1643
"Oct 20, 02:00 pm",11.3164
"Oct 20, 03:00 pm",8.41675
"Oct 20, 04:00 pm",4.48192
"Oct 20, 05:00 pm",0.311922
"Oct 20, 06:00 pm",0
"Oct 20, 07:00 pm",0
"Oct 20, 08:00 pm",0
"Oct 20, 09:00 pm",0
"Oct 20, 10:00 pm",0
"Oct 20, 11:00 pm",0
"Oct 21, 12:00 am",0
"Oct 21, 01:00 am",0
"Oct 21, 02:00 am",0
"Oct 21, 03:00 am",0
"Oct 21, 04:00 am",0
"Oct 21, 05:00 am",0
"Oct 21, 06:00 am",0
"Oct 21, 07:00 am",2.59918
"Oct 21, 08:00 am",6.92274
"Oct 21, 09:00 am",9.93399
"Oct 21, 10:00 am",11.8384
"Oct 21, 11:00 am",12.8315
"Oct 21, 12:00 pm",12.9172
"Oct 21, 01:00 pm",12.055
"Oct 21, 02:00 pm",10.5264
"Oct 21, 03:00 pm",8.07111
"Oct 21, 04:00 pm",4.36909
"Oct 21, 05:00 pm",0.302199
"Oct 21, 06:00 pm",0
"Oct 21, 07:00 pm",0
"Oct 21, 08:00 pm",0
"Oct 21, 09:00 pm",0
"Oct 21, 10:00 pm",0
"Oct 21, 11:00 pm",0
"Oct 22, 12:00 am",0
"Oct 22, 01:00 am",0
"Oct 22, 02:00 am",0
"Oct 22, 03:00 am",0
"Oct 22, 04:00 am",0
"Oct 22, 05:00 am",0
"Oct 22, 06:00 am",0
"Oct 22, 07:00 am",2.47391
"Oct 22, 08:00 am",6.66726
"Oct 22, 09:00 am",9.71135
"Oct 22, 10:00 am",11.5759
"Oct 22, 11:00 am",12.4212
"Oct 22, 12:00 pm",12.5879
"Oct 22, 01:00 pm",11.9953
"Oct 22, 02:00 pm",10.4479
"Oct 22, 03:00 pm",7.86051
"Oct 22, 04:00 pm",4.02879
"Oct 22, 05:00 pm",0.193326
"Oct 22, 06:00 pm",0
"Oct 22, 07:00 pm",0
"Oct 22, 08:00 pm",0
"Oct 22, 09:00 pm",0
"Oct 22, 10:00 pm",0
"Oct 22, 11:00 pm",0
"Oct 23, 12:00 am",0
"Oct 23, 01:00 am",0
"Oct 23, 02:00 am",0
"Oct 23, 03:00 am",0
"Oct 23, 04:00 am",0
"Oct 23, 05:00 am",0
"Oct 23, 06:00 am",0
"Oct 23, 07:00 am",2.47263
"Oct 23, 08:00 am",6.37921
"Oct 23, 09:00 am",8.96506
"Oct 23, 10:00 am",10.6471
"Oct 23, 11:00 am",10.5804
"Oct 23, 12:00 pm",12.8821
"Oct 23, 01:00 pm",12.244
"Oct 23, 02:00 pm",10.6959
"Oct 23, 03:00 pm",8.05725
"Oct 23, 04:00 pm",4.15258
"Oct 23, 05:00 pm",0.172468
"Oct 23, 06:00 pm",0
"Oct 23, 07:00 pm",0
"Oct 23, 08:00 pm",0
"Oct 23, 09:00 pm",0
"Oct 23, 10:00 pm",0
"Oct 23, 11:00 pm",0
"Oct 24, 12:00 am",0
"Oct 24, 01:00 am",0
"Oct 24, 02:00 am",0
"Oct 24, 03:00 am",0
"Oct 24, 04:00 am",0
"Oct 24, 05:00 am",0
"Oct 24, 06:00 am",0
"Oct 24, 07:00 am",1.72618
"Oct 24, 08:00 am",5.29177
"Oct 24, 09:00 am",7.11137
"Oct 24, 10:00 am",6.73952
"Oct 24, 11:00 am",8.03101
"Oct 24, 12:00 pm",9.71865
"Oct 24, 01:00 pm",7.32115
"Oct 24, 02:00 pm",5.61068
"Oct 24, 03:00 pm",1.81448
"Oct 24, 04:00 pm",0.79118
"Oct 24, 05:00 pm",-0
"Oct 24, 06:00 pm",0
"Oct 24, 07:00 pm",0
"Oct 24, 08:00 pm",0
"Oct 24, 09:00 pm",0
"Oct 24, 10:00 pm",0
"Oct 24, 11:00 pm",0
"Oct 25, 12:00 am",0
"Oct 25, 01:00 am",0
"Oct 25, 02:00 am",0
"Oct 25, 03:00 am",0
"Oct 25, 04:00 am",0
"Oct 25, 05:00 am",0
"Oct 25, 06:00 am",0
"Oct 25, 07:00 am",2.24039
"Oct 25, 08:00 am",6.56626
"Oct 25, 09:00 am",9.83423
"Oct 25, 10:00 am",11.9811
"Oct 25, 11:00 am",12.9065
"Oct 25, 12:00 pm",12.9208
"Oct 25, 01:00 pm",12.1577
"Oct 25, 02:00 pm",10.5107
"Oct 25, 03:00 pm",7.86368
"Oct 25, 04:00 pm",4.02771
"Oct 25, 05:00 pm",0.131944
"Oct 25, 06:00 pm",0
"Oct 25, 07:00 pm",0
"Oct 25, 08:00 pm",0
"Oct 25, 09:00 pm",0
"Oct 25, 10:00 pm",0
"Oct 25, 11:00 pm",0
"Oct 26, 12:00 am",0
"Oct 26, 01:00 am",0
"Oct 26, 02:00 am",0
"Oct 26, 03:00 am",0
"Oct 26, 04:00 am",0
"Oct 26, 05:00 am",0
"Oct 26, 06:00 am",0
"Oct 26, 07:00 am",2.43131
"Oct 26, 08:00 am",6.75093
"Oct 26, 09:00 am",9.76076
"Oct 26, 10:00 am",11.4589
"Oct 26, 11:00 am",12.6774
"Oct 26, 12:00 pm",12.894
"Oct 26, 01:00 pm",12.1686
"Oct 26, 02:00 pm",10.569
"Oct 26, 03:00 pm",7.98126
"Oct 26, 04:00 pm",4.11006
"Oct 26, 05:00 pm",0.143486
"Oct 26, 06:00 pm",0
"Oct 26, 07:00 pm",0
"Oct 26, 08:00 pm",0
"Oct 26, 09:00 pm",0
"Oct 26, 10:00 pm",0
"Oct 26, 11:00 pm",0
"Oct 27, 12:00 am",0
"Oct 27, 01:00 am",0
"Oct 27, 02:00 am",0
"Oct 27, 03:00 am",0
"Oct 27, 04:00 am",0
"Oct 27, 05:00 am",0
"Oct 27, 06:00 am",0
"Oct 27, 07:00 am",1.42774
"Oct 27, 08:00 am",4.23141
"Oct 27, 09:00 am",8.80568
"Oct 27, 10:00 am",10.0136
"Oct 27, 11:00 am",9.5946
"Oct 27, 12:00 pm",9.28946
"Oct 27, 01:00 pm",8.95237
"Oct 27, 02:00 pm",8.08199
"Oct 27, 03:00 pm",6.08071
"Oct 27, 04:00 pm",2.97091
"Oct 27, 05:00 pm",0.00811154
"Oct 27, 06:00 pm",0
"Oct 27, 07:00 pm",0
"Oct 27, 08:00 pm",0
"Oct 27, 09:00 pm",0
"Oct 27, 10:00 pm",0
"Oct 27, 11:00 pm",0
"Oct 28, 12:00 am",0
"Oct 28, 01:00 am",0
"Oct 28, 02:00 am",0
"Oct 28, 03:00 am",0
"Oct 28, 04:00 am",0
"Oct 28, 05:00 am",0
"Oct 28, 06:00 am",0
"Oct 28, 07:00 am",1.81837
"Oct 28, 08:00 am",2.43237
"Oct 28, 09:00 am",6.69425
"Oct 28, 10:00 am",4.10073
"Oct 28, 11:00 am",9.54405
"Oct 28, 12:00 pm",10.8832
"Oct 28, 01:00 pm",11.8619
"Oct 28, 02:00 pm",10.3255
"Oct 28, 03:00 pm",4.8319
"Oct 28, 04:00 pm",2.3565
"Oct 28, 05:00 pm",-0
"Oct 28, 06:00 pm",0
"Oct 28, 07:00 pm",0
"Oct 28, 08:00 pm",0
"Oct 28, 09:00 pm",0
"Oct 28, 10:00 pm",0
"Oct 28, 11:00 pm",0
"Oct 29, 12:00 am",0
"Oct 29, 01:00 am",0
"Oct 29, 02:00 am",0
"Oct 29, 03:00 am",0
"Oct 29, 04:00 am",0
"Oct 29, 05:00 am",0
"Oct 29, 06:00 am",0
"Oct 29, 07:00 am",2.37017
"Oct 29, 08:00 am",6.67975
"Oct 29, 09:00 am",9.79565
"Oct 29, 10:00 am",11.6223
"Oct 29, 11:00 am",12.521
"Oct 29, 12:00 pm",12.6432
"Oct 29, 01:00 pm",11.9453
"Oct 29, 02:00 pm",10.3926
"Oct 29, 03:00 pm",7.75276
"Oct 29, 04:00 pm",3.86447
"Oct 29, 05:00 pm",-0
"Oct 29, 06:00 pm",0
"Oct 29, 07:00 pm",0
"Oct 29, 08:00 pm",0
"Oct 29, 09:00 pm",0
"Oct 29, 10:00 pm",0
"Oct 29, 11:00 pm",0
"Oct 30, 12:00 am",0
"Oct 30, 01:00 am",0
"Oct 30, 02:00 am",0
"Oct 30, 03:00 am",0
"Oct 30, 04:00 am",0
"Oct 30, 05:00 am",0
"Oct 30, 06:00 am",0
"Oct 30, 07:00 am",2.2547
"Oct 30, 08:00 am",4.9854
"Oct 30, 09:00 am",8.66507
"Oct 30, 10:00 am",10.3202
"Oct 30, 11:00 am",12.5398
"Oct 30, 12:00 pm",10.8399
"Oct 30, 01:00 pm",9.03622
"Oct 30, 02:00 pm",10.318
"Oct 30, 03:00 pm",6.49878
"Oct 30, 04:00 pm",3.04699
"Oct 30, 05:00 pm",-0
"Oct 30, 06:00 pm",0
"Oct 30, 07:00 pm",0
"Oct 30, 08:00 pm",0
"Oct 30, 09:00 pm",0
"Oct 30, 10:00 pm",0
"Oct 30, 11:00 pm",0
"Oct 31, 12:00 am",0
"Oct 31, 01:00 am",0
"Oct 31, 02:00 am",0
"Oct 31, 03:00 am",0
"Oct 31, 04:00 am",0
"Oct 31, 05:00 am",0
"Oct 31, 06:00 am",0
"Oct 31, 07:00 am",2.13455
"Oct 31, 08:00 am",6.18595
"Oct 31, 09:00 am",9.24476
"Oct 31, 10:00 am",10.3064
"Oct 31, 11:00 am",10.2833
"Oct 31, 12:00 pm",8.92766
"Oct 31, 01:00 pm",9.52734
"Oct 31, 02:00 pm",10.7213
"Oct 31, 03:00 pm",4.8585
"Oct 31, 04:00 pm",2.20549
"Oct 31, 05:00 pm",-0
"Oct 31, 06:00 pm",0
"Oct 31, 07:00 pm",0
"Oct 31, 08:00 pm",0
"Oct 31, 09:00 pm",0
"Oct 31, 10:00 pm",0
"Oct 31, 11:00 pm",0
"Nov 1, 12:00 am",0
"Nov 1, 01:00 am",0
"Nov 1, 02:00 am",0
"Nov 1, 03:00 am",0
"Nov 1, 04:00 am",0
"Nov 1, 05:00 am",0
"Nov 1, 06:00 am",0
"Nov 1, 07:00 am",2.44237
"Nov 1, 08:00 am",7.13814
"Nov 1, 09:00 am",10.4454
"Nov 1, 10:00 am",12.4294
"Nov 1, 11:00 am",13.4707
"Nov 1, 12:00 pm",13.5231
"Nov 1, 01:00 pm",12.5298
"Nov 1, 02:00 pm",10.6925
"Nov 1, 03:00 pm",5.8058
"Nov 1, 04:00 pm",2.80004
"Nov 1, 05:00 pm",-0
"Nov 1, 06:00 pm",0
"Nov 1, 07:00 pm",0
"Nov 1, 08:00 pm",0
"Nov 1, 09:00 pm",0
"Nov 1, 10:00 pm",0
"Nov 1, 11:00 pm",0
"Nov 2, 12:00 am",0
"Nov 2, 01:00 am",0
"Nov 2, 02:00 am",0
"Nov 2, 03:00 am",0
"Nov 2, 04:00 am",0
"Nov 2, 05:00 am",0
"Nov 2, 06:00 am",0
"Nov 2, 07:00 am",1.27065
"Nov 2, 08:00 am",6.94074
"Nov 2, 09:00 am",10.44
"Nov 2, 10:00 am",9.49924
"Nov 2, 11:00 am",13.8235
"Nov 2, 12:00 pm",11.2722
"Nov 2, 01:00 pm",10.7519
"Nov 2, 02:00 pm",8.80069
"Nov 2, 03:00 pm",6.34349
"Nov 2, 04:00 pm",2.80761
"Nov 2, 05:00 pm",-0
"Nov 2, 06:00 pm",0
"Nov 2, 07:00 pm",0
"Nov 2, 08:00 pm",0
"Nov 2, 09:00 pm",0
"Nov 2, 10:00 pm",0
"Nov 2, 11:00 pm",0
"Nov 3, 12:00 am",0
"Nov 3, 01:00 am",0
"Nov 3, 02:00 am",0
"Nov 3, 03:00 am",0
"Nov 3, 04:00 am",0
"Nov 3, 05:00 am",0
"Nov 3, 06:00 am",0
"Nov 3, 07:00 am",-0
"Nov 3, 08:00 am",1.14426
"Nov 3, 09:00 am",2.08336
"Nov 3, 10:00 am",2.94392
"Nov 3, 11:00 am",3.71074
"Nov 3, 12:00 pm",5.98237
"Nov 3, 01:00 pm",8.01326
"Nov 3, 02:00 pm",3.60185
"Nov 3, 03:00 pm",7.58062
"Nov 3, 04:00 pm",3.55746
"Nov 3, 05:00 pm",-0
"Nov 3, 06:00 pm",0
"Nov 3, 07:00 pm",0
"Nov 3, 08:00 pm",0
"Nov 3, 09:00 pm",0
"Nov 3, 10:00 pm",0
"Nov 3, 11:00 pm",0
"Nov 4, 12:00 am",0
"Nov 4, 01:00 am",0
"Nov 4, 02:00 am",0
"Nov 4, 03:00 am",0
"Nov 4, 04:00 am",0
"Nov 4, 05:00 am",0
"Nov 4, 06:00 am",0
"Nov 4, 07:00 am",2.133
"Nov 4, 08:00 am",6.7452
"Nov 4, 09:00 am",10.2474
"Nov 4, 10:00 am",12.4849
"Nov 4, 11:00 am",13.637
"Nov 4, 12:00 pm",13.8084
"Nov 4, 01:00 pm",12.974
"Nov 4, 02:00 pm",11.157
"Nov 4, 03:00 pm",8.16369
"Nov 4, 04:00 pm",3.88298
"Nov 4, 05:00 pm",-0
"Nov 4, 06:00 pm",0
"Nov 4, 07:00 pm",0
"Nov 4, 08:00 pm",0
"Nov 4, 09:00 pm",0
"Nov 4, 10:00 pm",0
"Nov 4, 11:00 pm",0
"Nov 5, 12:00 am",0
"Nov 5, 01:00 am",0
"Nov 5, 02:00 am",0
"Nov 5, 03:00 am",0
"Nov 5, 04:00 am",0
"Nov 5, 05:00 am",0
"Nov 5, 06:00 am",0
"Nov 5, 07:00 am",2.23241
"Nov 5, 08:00 am",6.98634
"Nov 5, 09:00 am",10.5048
"Nov 5, 10:00 am",12.5992
"Nov 5, 11:00 am",13.6202
"Nov 5, 12:00 pm",13.4882
"Nov 5, 01:00 pm",12.5278
"Nov 5, 02:00 pm",10.6881
"Nov 5, 03:00 pm",8.00513
"Nov 5, 04:00 pm",3.93494
"Nov 5, 05:00 pm",-0
"Nov 5, 06:00 pm",0
"Nov 5, 07:00 pm",0
"Nov 5, 08:00 pm",0
"Nov 5, 09:00 pm",0
"Nov 5, 10:00 pm",0
"Nov 5, 11:00 pm",0
"Nov 6, 12:00 am",0
"Nov 6, 01:00 am",0
"Nov 6, 02:00 am",0
"Nov 6, 03:00 am",0
"Nov 6, 04:00 am",0
"Nov 6, 05:00 am",0
"Nov 6, 06:00 am",0
"Nov 6, 07:00 am",2.20245
"Nov 6, 08:00 am",6.53445
"Nov 6, 09:00 am",8.11489
"Nov 6, 10:00 am",9.9509
"Nov 6, 11:00 am",10.3614
"Nov 6, 12:00 pm",11.7468
"Nov 6, 01:00 pm",10.9331
"Nov 6, 02:00 pm",10.9326
"Nov 6, 03:00 pm",4.42193
"Nov 6, 04:00 pm",0.577039
"Nov 6, 05:00 pm",-0
"Nov 6, 06:00 pm",0
"Nov 6, 07:00 pm",0
"Nov 6, 08:00 pm",0
"Nov 6, 09:00 pm",0
"Nov 6, 10:00 pm",0
"Nov 6, 11:00 pm",0
"Nov 7, 12:00 am",0
"Nov 7, 01:00 am",0
"Nov 7, 02:00 am",0
"Nov 7, 03:00 am",0
"Nov 7, 04:00 am",0
"Nov 7, 05:00 am",0
"Nov 7, 06:00 am",0
"Nov 7, 07:00 am",2.02314
"Nov 7, 08:00 am",6.60946
"Nov 7, 09:00 am",7.23119
"Nov 7, 10:00 am",10.3746
"Nov 7, 11:00 am",13.319
"Nov 7, 12:00 pm",12.0033
"Nov 7, 01:00 pm",10.5633
"Nov 7, 02:00 pm",8.83291
"Nov 7, 03:00 pm",7.56764
"Nov 7, 04:00 pm",1.91892
"Nov 7, 05:00 pm",-0
"Nov 7, 06:00 pm",0
"Nov 7, 07:00 pm",0
"Nov 7, 08:00 pm",0
"Nov 7, 09:00 pm",0
"Nov 7, 10:00 pm",0
"Nov 7, 11:00 pm",0
"Nov 8, 12:00 am",0
"Nov 8, 01:00 am",0
"Nov 8, 02:00 am",0
"Nov 8, 03:00 am",0
"Nov 8, 04:00 am",0
"Nov 8, 05:00 am",0
"Nov 8, 06:00 am",0
"Nov 8, 07:00 am",1.11915
"Nov 8, 08:00 am",6.4113
"Nov 8, 09:00 am",7.23933
"Nov 8, 10:00 am",11.6119
"Nov 8, 11:00 am",11.6984
"Nov 8, 12:00 pm",12.9928
"Nov 8, 01:00 pm",12.3235
"Nov 8, 02:00 pm",9.21075
"Nov 8, 03:00 pm",5.82803
"Nov 8, 04:00 pm",2.74837
"Nov 8, 05:00 pm",0
"Nov 8, 06:00 pm",0
"Nov 8, 07:00 pm",0
"Nov 8, 08:00 pm",0
"Nov 8, 09:00 pm",0
"Nov 8, 10:00 pm",0
"Nov 8, 11:00 pm",0
"Nov 9, 12:00 am",0
"Nov 9, 01:00 am",0
"Nov 9, 02:00 am",0
"Nov 9, 03:00 am",0
"Nov 9, 04:00 am",0
"Nov 9, 05:00 am",0
"Nov 9, 06:00 am",0
"Nov 9, 07:00 am",1.27108
"Nov 9, 08:00 am",5.46028
"Nov 9, 09:00 am",8.42703
"Nov 9, 10:00 am",10.3393
"Nov 9, 11:00 am",11.0861
"Nov 9, 12:00 pm",8.92549
"Nov 9, 01:00 pm",9.98841
"Nov 9, 02:00 pm",7.37776
"Nov 9, 03:00 pm",5.45879
"Nov 9, 04:00 pm",2.67832
"Nov 9, 05:00 pm",0
"Nov 9, 06:00 pm",0
"Nov 9, 07:00 pm",0
"Nov 9, 08:00 pm",0
"Nov 9, 09:00 pm",0
"Nov 9, 10:00 pm",0
"Nov 9, 11:00 pm",0
"Nov 10, 12:00 am",0
"Nov 10, 01:00 am",0
"Nov 10, 02:00 am",0
"Nov 10, 03:00 am",0
"Nov 10, 04:00 am",0
"Nov 10, 05:00 am",0
"Nov 10, 06:00 am",0
"Nov 10, 07:00 am",0.69309
"Nov 10, 08:00 am",3.00797
"Nov 10, 09:00 am",5.27732
"Nov 10, 10:00 am",8.38396
"Nov 10, 11:00 am",5.0988
"Nov 10, 12:00 pm",5.58131
"Nov 10, 01:00 pm",2.93932
"Nov 10, 02:00 pm",3.58738
"Nov 10, 03:00 pm",3.18966
"Nov 10, 04:00 pm",1.87702
"Nov 10, 05:00 pm",0
"Nov 10, 06:00 pm",0
"Nov 10, 07:00 pm",0
"Nov 10, 08:00 pm",0
"Nov 10, 09:00 pm",0
"Nov 10, 10:00 pm",0
"Nov 10, 11:00 pm",0
"Nov 11, 12:00 am",0
"Nov 11, 01:00 am",0
"Nov 11, 02:00 am",0
"Nov 11, 03:00 am",0
"Nov 11, 04:00 am",0
"Nov 11, 05:00 am",0
"Nov 11, 06:00 am",0
"Nov 11, 07:00 am",1.55874
"Nov 11, 08:00 am",6.04159
"Nov 11, 09:00 am",9.62778
"Nov 11, 10:00 am",12.015
"Nov 11, 11:00 am",13.1718
"Nov 11, 12:00 pm",13.3962
"Nov 11, 01:00 pm",12.7233
"Nov 11, 02:00 pm",10.7645
"Nov 11, 03:00 pm",7.7792
"Nov 11, 04:00 pm",3.43931
"Nov 11, 05:00 pm",0
"Nov 11, 06:00 pm",0
"Nov 11, 07:00 pm",0
"Nov 11, 08:00 pm",0
"Nov 11, 09:00 pm",0
"Nov 11, 10:00 pm",0
"Nov 11, 11:00 pm",0
"Nov 12, 12:00 am",0
"Nov 12, 01:00 am",0
"Nov 12, 02:00 am",0
"Nov 12, 03:00 am",0
"Nov 12, 04:00 am",0
"Nov 12, 05:00 am",0
"Nov 12, 06:00 am",0
"Nov 12, 07:00 am",1.68577
"Nov 12, 08:00 am",6.3938
"Nov 12, 09:00 am",9.90371
"Nov 12, 10:00 am",12.0999
"Nov 12, 11:00 am",13.2426
"Nov 12, 12:00 pm",13.4105
"Nov 12, 01:00 pm",12.558
"Nov 12, 02:00 pm",10.771
"Nov 12, 03:00 pm",7.87498
"Nov 12, 04:00 pm",3.60445
"Nov 12, 05:00 pm",0
"Nov 12, 06:00 pm",0
"Nov 12, 07:00 pm",0
"Nov 12, 08:00 pm",0
"Nov 12, 09:00 pm",0
"Nov 12, 10:00 pm",0
"Nov 12, 11:00 pm",0
"Nov 13, 12:00 am",0
"Nov 13, 01:00 am",0
"Nov 13, 02:00 am",0
"Nov 13, 03:00 am",0
"Nov 13, 04:00 am",0
"Nov 13, 05:00 am",0
"Nov 13, 06:00 am",0
"Nov 13, 07:00 am",1.83284
"Nov 13, 08:00 am",6.72166
"Nov 13, 09:00 am",10.2813
"Nov 13, 10:00 am",12.5034
"Nov 13, 11:00 am",13.5529
"Nov 13, 12:00 pm",13.657
"Nov 13, 01:00 pm",12.7766
"Nov 13, 02:00 pm",10.8645
"Nov 13, 03:00 pm",7.95614
"Nov 13, 04:00 pm",3.64076
"Nov 13, 05:00 pm",0
"Nov 13, 06:00 pm",0
"Nov 13, 07:00 pm",0
"Nov 13, 08:00 pm",0
"Nov 13, 09:00 pm",0
"Nov 13, 10:00 pm",0
"Nov 13, 11:00 pm",0
"Nov 14, 12:00 am",0
"Nov 14, 01:00 am",0
"Nov 14, 02:00 am",0
"Nov 14, 03:00 am",0
"Nov 14, 04:00 am",0
"Nov 14, 05:00 am",0
"Nov 14, 06:00 am",0
"Nov 14, 07:00 am",1.66094
"Nov 14, 08:00 am",6.40542
"Nov 14, 09:00 am",9.83341
"Nov 14, 10:00 am",12.0976
"Nov 14, 11:00 am",13.237
"Nov 14, 12:00 pm",13.4116
"Nov 14, 01:00 pm",12.5565
"Nov 14, 02:00 pm",10.6126
"Nov 14, 03:00 pm",7.70618
"Nov 14, 04:00 pm",3.46111
"Nov 14, 05:00 pm",0
"Nov 14, 06:00 pm",0
"Nov 14, 07:00 pm",0
"Nov 14, 08:00 pm",0
"Nov 14, 09:00 pm",0
"Nov 14, 10:00 pm",0
"Nov 14, 11:00 pm",0
"Nov 15, 12:00 am",0
"Nov 15, 01:00 am",0
"Nov 15, 02:00 am",0
"Nov 15, 03:00 am",0
"Nov 15, 04:00 am",0
"Nov 15, 05:00 am",0
"Nov 15, 06:00 am",0
"Nov 15, 07:00 am",1.61754
"Nov 15, 08:00 am",6.70719
"Nov 15, 09:00 am",10.5464
"Nov 15, 10:00 am",13.071
"Nov 15, 11:00 am",14.3252
"Nov 15, 12:00 pm",14.5469
"Nov 15, 01:00 pm",13.5958
"Nov 15, 02:00 pm",11.5646
"Nov 15, 03:00 pm",8.44766
"Nov 15, 04:00 pm",3.84537
"Nov 15, 05:00 pm",0
"Nov 15, 06:00 pm",0
"Nov 15, 07:00 pm",0
"Nov 15, 08:00 pm",0
"Nov 15, 09:00 pm",0
"Nov 15, 10:00 pm",0
"Nov 15, 11:00 pm",0
"Nov 16, 12:00 am",0
"Nov 16, 01:00 am",0
"Nov 16, 02:00 am",0
"Nov 16, 03:00 am",0
"Nov 16, 04:00 am",0
"Nov 16, 05:00 am",0
"Nov 16, 06:00 am",0
"Nov 16, 07:00 am",1.62788
"Nov 16, 08:00 am",6.6834
"Nov 16, 09:00 am",10.3473
"Nov 16, 10:00 am",12.7232
"Nov 16, 11:00 am",13.9229
"Nov 16, 12:00 pm",14.0797
"Nov 16, 01:00 pm",13.1471
"Nov 16, 02:00 pm",11.0366
"Nov 16, 03:00 pm",8.0265
"Nov 16, 04:00 pm",3.60054
"Nov 16, 05:00 pm",0
"Nov 16, 06:00 pm",0
"Nov 16, 07:00 pm",0
"Nov 16, 08:00 pm",0
"Nov 16, 09:00 pm",0
"Nov 16, 10:00 pm",0
"Nov 16, 11:00 pm",0
"Nov 17, 12:00 am",0
"Nov 17, 01:00 am",0
"Nov 17, 02:00 am",0
"Nov 17, 03:00 am",0
"Nov 17, 04:00 am",0
"Nov 17, 05:00 am",0
"Nov 17, 06:00 am",0
"Nov 17, 07:00 am",1.44725
"Nov 17, 08:00 am",6.47518
"Nov 17, 09:00 am",10.1778
"Nov 17, 10:00 am",12.4232
"Nov 17, 11:00 am",13.623
"Nov 17, 12:00 pm",13.8484
"Nov 17, 01:00 pm",12.9425
"Nov 17, 02:00 pm",10.9407
"Nov 17, 03:00 pm",7.94946
"Nov 17, 04:00 pm",3.55143
"Nov 17, 05:00 pm",0
"Nov 17, 06:00 pm",0
"Nov 17, 07:00 pm",0
"Nov 17, 08:00 pm",0
"Nov 17, 09:00 pm",0
"Nov 17, 10:00 pm",0
"Nov 17, 11:00 pm",0
"Nov 18, 12:00 am",0
"Nov 18, 01:00 am",0
"Nov 18, 02:00 am",0
"Nov 18, 03:00 am",0
"Nov 18, 04:00 am",0
"Nov 18, 05:00 am",0
"Nov 18, 06:00 am",0
"Nov 18, 07:00 am",1.50105
"Nov 18, 08:00 am",6.70449
"Nov 18, 09:00 am",10.4066
"Nov 18, 10:00 am",12.8196
"Nov 18, 11:00 am",14.0931
"Nov 18, 12:00 pm",14.3437
"Nov 18, 01:00 pm",13.444
"Nov 18, 02:00 pm",11.3418
"Nov 18, 03:00 pm",8.24865
"Nov 18, 04:00 pm",3.68991
"Nov 18, 05:00 pm",0
"Nov 18, 06:00 pm",0
"Nov 18, 07:00 pm",0
"Nov 18, 08:00 pm",0
"Nov 18, 09:00 pm",0
"Nov 18, 10:00 pm",0
"Nov 18, 11:00 pm",0
"Nov 19, 12:00 am",0
"Nov 19, 01:00 am",0
"Nov 19, 02:00 am",0
"Nov 19, 03:00 am",0
"Nov 19, 04:00 am",0
"Nov 19, 05:00 am",0
"Nov 19, 06:00 am",0
"Nov 19, 07:00 am",1.34282
"Nov 19, 08:00 am",6.46942
"Nov 19, 09:00 am",10.0757
"Nov 19, 10:00 am",12.3699
"Nov 19, 11:00 am",13.4941
"Nov 19, 12:00 pm",13.7053
"Nov 19, 01:00 pm",12.8141
"Nov 19, 02:00 pm",10.7625
"Nov 19, 03:00 pm",7.80283
"Nov 19, 04:00 pm",3.47785
"Nov 19, 05:00 pm",0
"Nov 19, 06:00 pm",0
"Nov 19, 07:00 pm",0
"Nov 19, 08:00 pm",0
"Nov 19, 09:00 pm",0
"Nov 19, 10:00 pm",0
"Nov 19, 11:00 pm",0
"Nov 20, 12:00 am",0
"Nov 20, 01:00 am",0
"Nov 20, 02:00 am",0
"Nov 20, 03:00 am",0
"Nov 20, 04:00 am",0
"Nov 20, 05:00 am",0
"Nov 20, 06:00 am",0
"Nov 20, 07:00 am",1.16173
"Nov 20, 08:00 am",6.33412
"Nov 20, 09:00 am",10.0147
"Nov 20, 10:00 am",12.3623
"Nov 20, 11:00 am",13.5756
"Nov 20, 12:00 pm",13.8306
"Nov 20, 01:00 pm",12.977
"Nov 20, 02:00 pm",10.9928
"Nov 20, 03:00 pm",7.86935
"Nov 20, 04:00 pm",3.45387
"Nov 20, 05:00 pm",0
"Nov 20, 06:00 pm",0
"Nov 20, 07:00 pm",0
"Nov 20, 08:00 pm",0
"Nov 20, 09:00 pm",0
"Nov 20, 10:00 pm",0
"Nov 20, 11:00 pm",0
"Nov 21, 12:00 am",0
"Nov 21, 01:00 am",0
"Nov 21, 02:00 am",0
"Nov 21, 03:00 am",0
"Nov 21, 04:00 am",0
"Nov 21, 05:00 am",0
"Nov 21, 06:00 am",0
"Nov 21, 07:00 am",0.832629
"Nov 21, 08:00 am",5.32959
"Nov 21, 09:00 am",7.16264
"Nov 21, 10:00 am",9.72379
"Nov 21, 11:00 am",10.6175
"Nov 21, 12:00 pm",12.0842
"Nov 21, 01:00 pm",9.89491
"Nov 21, 02:00 pm",10.8935
"Nov 21, 03:00 pm",7.84266
"Nov 21, 04:00 pm",3.44093
"Nov 21, 05:00 pm",0
"Nov 21, 06:00 pm",0
"Nov 21, 07:00 pm",0
"Nov 21, 08:00 pm",0
"Nov 21, 09:00 pm",0
"Nov 21, 10:00 pm",0
"Nov 21, 11:00 pm",0
"Nov 22, 12:00 am",0
"Nov 22, 01:00 am",0
"Nov 22, 02:00 am",0
"Nov 22, 03:00 am",0
"Nov 22, 04:00 am",0
"Nov 22, 05:00 am",0
"Nov 22, 06:00 am",0
"Nov 22, 07:00 am",0.394044
"Nov 22, 08:00 am",6.11108
"Nov 22, 09:00 am",6.79259
"Nov 22, 10:00 am",7.95121
"Nov 22, 11:00 am",10.0174
"Nov 22, 12:00 pm",9.59904
"Nov 22, 01:00 pm",9.66831
"Nov 22, 02:00 pm",8.86142
"Nov 22, 03:00 pm",5.71805
"Nov 22, 04:00 pm",2.65339
"Nov 22, 05:00 pm",0
"Nov 22, 06:00 pm",0
"Nov 22, 07:00 pm",0
"Nov 22, 08:00 pm",0
"Nov 22, 09:00 pm",0
"Nov 22, 10:00 pm",0
"Nov 22, 11:00 pm",0
"Nov 23, 12:00 am",0
"Nov 23, 01:00 am",0
"Nov 23, 02:00 am",0
"Nov 23, 03:00 am",0
"Nov 23, 04:00 am",0
"Nov 23, 05:00 am",0
"Nov 23, 06:00 am",0
"Nov 23, 07:00 am",0.134049
"Nov 23, 08:00 am",2.4456
"Nov 23, 09:00 am",4.1454
"Nov 23, 10:00 am",6.0959
"Nov 23, 11:00 am",3.10783
"Nov 23, 12:00 pm",6.40863
"Nov 23, 01:00 pm",2.70068
"Nov 23, 02:00 pm",7.53164
"Nov 23, 03:00 pm",2.38715
"Nov 23, 04:00 pm",1.68962
"Nov 23, 05:00 pm",0
"Nov 23, 06:00 pm",0
"Nov 23, 07:00 pm",0
"Nov 23, 08:00 pm",0
"Nov 23, 09:00 pm",0
"Nov 23, 10:00 pm",0
"Nov 23, 11:00 pm",0
"Nov 24, 12:00 am",0
"Nov 24, 01:00 am",0
"Nov 24, 02:00 am",0
"Nov 24, 03:00 am",0
"Nov 24, 04:00 am",0
"Nov 24, 05:00 am",0
"Nov 24, 06:00 am",0
"Nov 24, 07:00 am",0.609913
"Nov 24, 08:00 am",5.21251
"Nov 24, 09:00 am",8.86894
"Nov 24, 10:00 am",11.1487
"Nov 24, 11:00 am",12.4444
"Nov 24, 12:00 pm",12.6187
"Nov 24, 01:00 pm",11.8054
"Nov 24, 02:00 pm",10.1513
"Nov 24, 03:00 pm",7.28464
"Nov 24, 04:00 pm",3.13358
"Nov 24, 05:00 pm",0
"Nov 24, 06:00 pm",0
"Nov 24, 07:00 pm",0
"Nov 24, 08:00 pm",0
"Nov 24, 09:00 pm",0
"Nov 24, 10:00 pm",0
"Nov 24, 11:00 pm",0
"Nov 25, 12:00 am",0
"Nov 25, 01:00 am",0
"Nov 25, 02:00 am",0
"Nov 25, 03:00 am",0
"Nov 25, 04:00 am",0
"Nov 25, 05:00 am",0
"Nov 25, 06:00 am",0
"Nov 25, 07:00 am",0.79605
"Nov 25, 08:00 am",5.79965
"Nov 25, 09:00 am",9.522
"Nov 25, 10:00 am",11.6907
"Nov 25, 11:00 am",12.8359
"Nov 25, 12:00 pm",13.0391
"Nov 25, 01:00 pm",12.3149
"Nov 25, 02:00 pm",10.5186
"Nov 25, 03:00 pm",6.89814
"Nov 25, 04:00 pm",2.7305
"Nov 25, 05:00 pm",0
"Nov 25, 06:00 pm",0
"Nov 25, 07:00 pm",0
"Nov 25, 08:00 pm",0
"Nov 25, 09:00 pm",0
"Nov 25, 10:00 pm",0
"Nov 25, 11:00 pm",0
"Nov 26, 12:00 am",0
"Nov 26, 01:00 am",0
"Nov 26, 02:00 am",0
"Nov 26, 03:00 am",0
"Nov 26, 04:00 am",0
"Nov 26, 05:00 am",0
"Nov 26, 06:00 am",0
"Nov 26, 07:00 am",-0
"Nov 26, 08:00 am",2.74012
"Nov 26, 09:00 am",7.82789
"Nov 26, 10:00 am",11.591
"Nov 26, 11:00 am",12.6506
"Nov 26, 12:00 pm",10.8891
"Nov 26, 01:00 pm",12.4074
"Nov 26, 02:00 pm",10.833
"Nov 26, 03:00 pm",7.66668
"Nov 26, 04:00 pm",3.11423
"Nov 26, 05:00 pm",0
"Nov 26, 06:00 pm",0
"Nov 26, 07:00 pm",0
"Nov 26, 08:00 pm",0
"Nov 26, 09:00 pm",0
"Nov 26, 10:00 pm",0
"Nov 26, 11:00 pm",0
"Nov 27, 12:00 am",0
"Nov 27, 01:00 am",0
"Nov 27, 02:00 am",0
"Nov 27, 03:00 am",0
"Nov 27, 04:00 am",0
"Nov 27, 05:00 am",0
"Nov 27, 06:00 am",0
"Nov 27, 07:00 am",0.136543
"Nov 27, 08:00 am",3.09559
"Nov 27, 09:00 am",6.68889
"Nov 27, 10:00 am",13.1141
"Nov 27, 11:00 am",14.4978
"Nov 27, 12:00 pm",14.7394
"Nov 27, 01:00 pm",13.8102
"Nov 27, 02:00 pm",11.5916
"Nov 27, 03:00 pm",8.38591
"Nov 27, 04:00 pm",3.61354
"Nov 27, 05:00 pm",0
"Nov 27, 06:00 pm",0
"Nov 27, 07:00 pm",0
"Nov 27, 08:00 pm",0
"Nov 27, 09:00 pm",0
"Nov 27, 10:00 pm",0
"Nov 27, 11:00 pm",0
"Nov 28, 12:00 am",0
"Nov 28, 01:00 am",0
"Nov 28, 02:00 am",0
"Nov 28, 03:00 am",0
"Nov 28, 04:00 am",0
"Nov 28, 05:00 am",0
"Nov 28, 06:00 am",0
"Nov 28, 07:00 am",0.898124
"Nov 28, 08:00 am",6.36961
"Nov 28, 09:00 am",10.2857
"Nov 28, 10:00 am",12.8615
"Nov 28, 11:00 am",14.1404
"Nov 28, 12:00 pm",14.3602
"Nov 28, 01:00 pm",13.4906
"Nov 28, 02:00 pm",11.3792
"Nov 28, 03:00 pm",8.27828
"Nov 28, 04:00 pm",3.57824
"Nov 28, 05:00 pm",0
"Nov 28, 06:00 pm",0
"Nov 28, 07:00 pm",0
"Nov 28, 08:00 pm",0
"Nov 28, 09:00 pm",0
"Nov 28, 10:00 pm",0
"Nov 28, 11:00 pm",0
"Nov 29, 12:00 am",0
"Nov 29, 01:00 am",0
"Nov 29, 02:00 am",0
"Nov 29, 03:00 am",0
"Nov 29, 04:00 am",0
"Nov 29, 05:00 am",0
"Nov 29, 06:00 am",0
"Nov 29, 07:00 am",0.660426
"Nov 29, 08:00 am",5.75154
"Nov 29, 09:00 am",9.61899
"Nov 29, 10:00 am",11.9175
"Nov 29, 11:00 am",13.2324
"Nov 29, 12:00 pm",13.4606
"Nov 29, 01:00 pm",12.5968
"Nov 29, 02:00 pm",10.7408
"Nov 29, 03:00 pm",7.78022
"Nov 29, 04:00 pm",0.984196
"Nov 29, 05:00 pm",0
"Nov 29, 06:00 pm",0
"Nov 29, 07:00 pm",0
"Nov 29, 08:00 pm",0
"Nov 29, 09:00 pm",0
"Nov 29, 10:00 pm",0
"Nov 29, 11:00 pm",0
"Nov 30, 12:00 am",0
"Nov 30, 01:00 am",0
"Nov 30, 02:00 am",0
"Nov 30, 03:00 am",0
"Nov 30, 04:00 am",0
"Nov 30, 05:00 am",0
"Nov 30, 06:00 am",0
"Nov 30, 07:00 am",0.63327
"Nov 30, 08:00 am",5.69888
"Nov 30, 09:00 am",9.61831
"Nov 30, 10:00 am",11.9409
"Nov 30, 11:00 am",13.2698
"Nov 30, 12:00 pm",13.4782
"Nov 30, 01:00 pm",12.6966
"Nov 30, 02:00 pm",10.8155
"Nov 30, 03:00 pm",7.85016
"Nov 30, 04:00 pm",3.38079
"Nov 30, 05:00 pm",0
"Nov 30, 06:00 pm",0
"Nov 30, 07:00 pm",0
"Nov 30, 08:00 pm",0
"Nov 30, 09:00 pm",0
"Nov 30, 10:00 pm",0
"Nov 30, 11:00 pm",0
"Dec 1, 12:00 am",0
"Dec 1, 01:00 am",0
"Dec 1, 02:00 am",0
"Dec 1, 03:00 am",0
"Dec 1, 04:00 am",0
"Dec 1, 05:00 am",0
"Dec 1, 06:00 am",0
"Dec 1, 07:00 am",0.321151
"Dec 1, 08:00 am",5.03041
"Dec 1, 09:00 am",8.8857
"Dec 1, 10:00 am",11.3669
"Dec 1, 11:00 am",12.6036
"Dec 1, 12:00 pm",12.7736
"Dec 1, 01:00 pm",11.9671
"Dec 1, 02:00 pm",9.96247
"Dec 1, 03:00 pm",7.04968
"Dec 1, 04:00 pm",2.8412
"Dec 1, 05:00 pm",0
"Dec 1, 06:00 pm",0
"Dec 1, 07:00 pm",0
"Dec 1, 08:00 pm",0
"Dec 1, 09:00 pm",0
"Dec 1, 10:00 pm",0
"Dec 1, 11:00 pm",0
"Dec 2, 12:00 am",0
"Dec 2, 01:00 am",0
"Dec 2, 02:00 am",0
"Dec 2, 03:00 am",0
"Dec 2, 04:00 am",0
"Dec 2, 05:00 am",0
"Dec 2, 06:00 am",0
"Dec 2, 07:00 am",0.279705
"Dec 2, 08:00 am",4.93771
"Dec 2, 09:00 am",8.67402
"Dec 2, 10:00 am",10.9951
"Dec 2, 11:00 am",11.9192
"Dec 2, 12:00 pm",11.9519
"Dec 2, 01:00 pm",11.2237
"Dec 2, 02:00 pm",10.0432
"Dec 2, 03:00 pm",7.45617
"Dec 2, 04:00 pm",2.33483
"Dec 2, 05:00 pm",0
"Dec 2, 06:00 pm",0
"Dec 2, 07:00 pm",0
"Dec 2, 08:00 pm",0
"Dec 2, 09:00 pm",0
"Dec 2, 10:00 pm",0
"Dec 2, 11:00 pm",0
"Dec 3, 12:00 am",0
"Dec 3, 01:00 am",0
"Dec 3, 02:00 am",0
"Dec 3, 03:00 am",0
"Dec 3, 04:00 am",0
"Dec 3, 05:00 am",0
"Dec 3, 06:00 am",0
"Dec 3, 07:00 am",0.358174
"Dec 3, 08:00 am",5.04585
"Dec 3, 09:00 am",6.67523
"Dec 3, 10:00 am",9.72406
"Dec 3, 11:00 am",12.3276
"Dec 3, 12:00 pm",12.5172
"Dec 3, 01:00 pm",11.7102
"Dec 3, 02:00 pm",9.94399
"Dec 3, 03:00 pm",7.05151
"Dec 3, 04:00 pm",2.87335
"Dec 3, 05:00 pm",0
"Dec 3, 06:00 pm",0
"Dec 3, 07:00 pm",0
"Dec 3, 08:00 pm",0
"Dec 3, 09:00 pm",0
"Dec 3, 10:00 pm",0
"Dec 3, 11:00 pm",0
"Dec 4, 12:00 am",0
"Dec 4, 01:00 am",0
"Dec 4, 02:00 am",0
"Dec 4, 03:00 am",0
"Dec 4, 04:00 am",0
"Dec 4, 05:00 am",0
"Dec 4, 06:00 am",0
"Dec 4, 07:00 am",0.0282444
"Dec 4, 08:00 am",2.43384
"Dec 4, 09:00 am",4.59205
"Dec 4, 10:00 am",10.9957
"Dec 4, 11:00 am",11.923
"Dec 4, 12:00 pm",12.0379
"Dec 4, 01:00 pm",11.397
"Dec 4, 02:00 pm",6.14683
"Dec 4, 03:00 pm",7.2196
"Dec 4, 04:00 pm",3.1058
"Dec 4, 05:00 pm",0
"Dec 4, 06:00 pm",0
"Dec 4, 07:00 pm",0
"Dec 4, 08:00 pm",0
"Dec 4, 09:00 pm",0
"Dec 4, 10:00 pm",0
"Dec 4, 11:00 pm",0
"Dec 5, 12:00 am",0
"Dec 5, 01:00 am",0
"Dec 5, 02:00 am",0
"Dec 5, 03:00 am",0
"Dec 5, 04:00 am",0
"Dec 5, 05:00 am",0
"Dec 5, 06:00 am",0
"Dec 5, 07:00 am",-0
"Dec 5, 08:00 am",1.79559
"Dec 5, 09:00 am",8.75894
"Dec 5, 10:00 am",7.47622
"Dec 5, 11:00 am",12.3506
"Dec 5, 12:00 pm",12.6275
"Dec 5, 01:00 pm",11.8645
"Dec 5, 02:00 pm",10.2596
"Dec 5, 03:00 pm",7.36947
"Dec 5, 04:00 pm",3.15549
"Dec 5, 05:00 pm",0
"Dec 5, 06:00 pm",0
"Dec 5, 07:00 pm",0
"Dec 5, 08:00 pm",0
"Dec 5, 09:00 pm",0
"Dec 5, 10:00 pm",0
"Dec 5, 11:00 pm",0
"Dec 6, 12:00 am",0
"Dec 6, 01:00 am",0
"Dec 6, 02:00 am",0
"Dec 6, 03:00 am",0
"Dec 6, 04:00 am",0
"Dec 6, 05:00 am",0
"Dec 6, 06:00 am",0
"Dec 6, 07:00 am",-0
"Dec 6, 08:00 am",2.39399
"Dec 6, 09:00 am",4.82396
"Dec 6, 10:00 am",7.39855
"Dec 6, 11:00 am",9.7729
"Dec 6, 12:00 pm",12.6105
"Dec 6, 01:00 pm",9.38886
"Dec 6, 02:00 pm",5.90404
"Dec 6, 03:00 pm",3.6082
"Dec 6, 04:00 pm",0.945455
"Dec 6, 05:00 pm",0
"Dec 6, 06:00 pm",0
"Dec 6, 07:00 pm",0
"Dec 6, 08:00 pm",0
"Dec 6, 09:00 pm",0
"Dec 6, 10:00 pm",0
"Dec 6, 11:00 pm",0
"Dec 7, 12:00 am",0
"Dec 7, 01:00 am",0
"Dec 7, 02:00 am",0
"Dec 7, 03:00 am",0
"Dec 7, 04:00 am",0
"Dec 7, 05:00 am",0
"Dec 7, 06:00 am",0
"Dec 7, 07:00 am",0.251216
"Dec 7, 08:00 am",4.89864
"Dec 7, 09:00 am",8.79159
"Dec 7, 10:00 am",11.2272
"Dec 7, 11:00 am",12.4937
"Dec 7, 12:00 pm",12.7581
"Dec 7, 01:00 pm",12.0081
"Dec 7, 02:00 pm",10.3012
"Dec 7, 03:00 pm",7.37468
"Dec 7, 04:00 pm",3.1468
"Dec 7, 05:00 pm",0
"Dec 7, 06:00 pm",0
"Dec 7, 07:00 pm",0
"Dec 7, 08:00 pm",0
"Dec 7, 09:00 pm",0
"Dec 7, 10:00 pm",0
"Dec 7, 11:00 pm",0
"Dec 8, 12:00 am",0
"Dec 8, 01:00 am",0
"Dec 8, 02:00 am",0
"Dec 8, 03:00 am",0
"Dec 8, 04:00 am",0
"Dec 8, 05:00 am",0
"Dec 8, 06:00 am",0
"Dec 8, 07:00 am",0.201888
"Dec 8, 08:00 am",4.86643
"Dec 8, 09:00 am",8.8138
"Dec 8, 10:00 am",11.2052
"Dec 8, 11:00 am",12.3999
"Dec 8, 12:00 pm",12.6022
"Dec 8, 01:00 pm",11.9451
"Dec 8, 02:00 pm",10.4353
"Dec 8, 03:00 pm",7.61778
"Dec 8, 04:00 pm",3.29949
"Dec 8, 05:00 pm",0
"Dec 8, 06:00 pm",0
"Dec 8, 07:00 pm",0
"Dec 8, 08:00 pm",0
"Dec 8, 09:00 pm",0
"Dec 8, 10:00 pm",0
"Dec 8, 11:00 pm",0
"Dec 9, 12:00 am",0
"Dec 9, 01:00 am",0
"Dec 9, 02:00 am",0
"Dec 9, 03:00 am",0
"Dec 9, 04:00 am",0
"Dec 9, 05:00 am",0
"Dec 9, 06:00 am",0
"Dec 9, 07:00 am",-0
"Dec 9, 08:00 am",4.80019
"Dec 9, 09:00 am",8.6065
"Dec 9, 10:00 am",11.142
"Dec 9, 11:00 am",12.5582
"Dec 9, 12:00 pm",13.0126
"Dec 9, 01:00 pm",12.4148
"Dec 9, 02:00 pm",10.6494
"Dec 9, 03:00 pm",7.71702
"Dec 9, 04:00 pm",2.15923
"Dec 9, 05:00 pm",0
"Dec 9, 06:00 pm",0
"Dec 9, 07:00 pm",0
"Dec 9, 08:00 pm",0
"Dec 9, 09:00 pm",0
"Dec 9, 10:00 pm",0
"Dec 9, 11:00 pm",0
"Dec 10, 12:00 am",0
"Dec 10, 01:00 am",0
"Dec 10, 02:00 am",0
"Dec 10, 03:00 am",0
"Dec 10, 04:00 am",0
"Dec 10, 05:00 am",0
"Dec 10, 06:00 am",0
"Dec 10, 07:00 am",-0
"Dec 10, 08:00 am",5.40009
"Dec 10, 09:00 am",9.49374
"Dec 10, 10:00 am",12.1422
"Dec 10, 11:00 am",13.5953
"Dec 10, 12:00 pm",14.0239
"Dec 10, 01:00 pm",13.2753
"Dec 10, 02:00 pm",11.2068
"Dec 10, 03:00 pm",8.1835
"Dec 10, 04:00 pm",3.59794
"Dec 10, 05:00 pm",0
"Dec 10, 06:00 pm",0
"Dec 10, 07:00 pm",0
"Dec 10, 08:00 pm",0
"Dec 10, 09:00 pm",0
"Dec 10, 10:00 pm",0
"Dec 10, 11:00 pm",0
"Dec 11, 12:00 am",0
"Dec 11, 01:00 am",0
"Dec 11, 02:00 am",0
"Dec 11, 03:00 am",0
"Dec 11, 04:00 am",0
"Dec 11, 05:00 am",0
"Dec 11, 06:00 am",0
"Dec 11, 07:00 am",-0
"Dec 11, 08:00 am",5.21561
"Dec 11, 09:00 am",9.20706
"Dec 11, 10:00 am",11.5809
"Dec 11, 11:00 am",12.5944
"Dec 11, 12:00 pm",12.8543
"Dec 11, 01:00 pm",12.1081
"Dec 11, 02:00 pm",10.548
"Dec 11, 03:00 pm",7.78264
"Dec 11, 04:00 pm",1.72113
"Dec 11, 05:00 pm",0
"Dec 11, 06:00 pm",0
"Dec 11, 07:00 pm",0
"Dec 11, 08:00 pm",0
"Dec 11, 09:00 pm",0
"Dec 11, 10:00 pm",0
"Dec 11, 11:00 pm",0
"Dec 12, 12:00 am",0
"Dec 12, 01:00 am",0
"Dec 12, 02:00 am",0
"Dec 12, 03:00 am",0
"Dec 12, 04:00 am",0
"Dec 12, 05:00 am",0
"Dec 12, 06:00 am",0
"Dec 12, 07:00 am",-0
"Dec 12, 08:00 am",4.9654
"Dec 12, 09:00 am",9.04556
"Dec 12, 10:00 am",7.11807
"Dec 12, 11:00 am",9.89366
"Dec 12, 12:00 pm",13.1918
"Dec 12, 01:00 pm",12.5456
"Dec 12, 02:00 pm",10.7656
"Dec 12, 03:00 pm",7.76475
"Dec 12, 04:00 pm",3.36364
"Dec 12, 05:00 pm",0
"Dec 12, 06:00 pm",0
"Dec 12, 07:00 pm",0
"Dec 12, 08:00 pm",0
"Dec 12, 09:00 pm",0
"Dec 12, 10:00 pm",0
"Dec 12, 11:00 pm",0
"Dec 13, 12:00 am",0
"Dec 13, 01:00 am",0
"Dec 13, 02:00 am",0
"Dec 13, 03:00 am",0
"Dec 13, 04:00 am",0
"Dec 13, 05:00 am",0
"Dec 13, 06:00 am",0
"Dec 13, 07:00 am",-0
"Dec 13, 08:00 am",4.29864
"Dec 13, 09:00 am",2.91986
"Dec 13, 10:00 am",7.15071
"Dec 13, 11:00 am",9.91091
"Dec 13, 12:00 pm",6.77495
"Dec 13, 01:00 pm",5.50364
"Dec 13, 02:00 pm",4.51665
"Dec 13, 03:00 pm",2.25661
"Dec 13, 04:00 pm",0.830307
"Dec 13, 05:00 pm",0
"Dec 13, 06:00 pm",0
"Dec 13, 07:00 pm",0
"Dec 13, 08:00 pm",0
"Dec 13, 09:00 pm",0
"Dec 13, 10:00 pm",0
"Dec 13, 11:00 pm",0
"Dec 14, 12:00 am",0
"Dec 14, 01:00 am",0
"Dec 14, 02:00 am",0
"Dec 14, 03:00 am",0
"Dec 14, 04:00 am",0
"Dec 14, 05:00 am",0
"Dec 14, 06:00 am",0
"Dec 14, 07:00 am",-0
"Dec 14, 08:00 am",4.54561
"Dec 14, 09:00 am",4.6758
"Dec 14, 10:00 am",11.56
"Dec 14, 11:00 am",13.0696
"Dec 14, 12:00 pm",13.5346
"Dec 14, 01:00 pm",12.8509
"Dec 14, 02:00 pm",0.623688
"Dec 14, 03:00 pm",7.75579
"Dec 14, 04:00 pm",1.68147
"Dec 14, 05:00 pm",0
"Dec 14, 06:00 pm",0
"Dec 14, 07:00 pm",0
"Dec 14, 08:00 pm",0
"Dec 14, 09:00 pm",0
"Dec 14, 10:00 pm",0
"Dec 14, 11:00 pm",0
"Dec 15, 12:00 am",0
"Dec 15, 01:00 am",0
"Dec 15, 02:00 am",0
"Dec 15, 03:00 am",0
"Dec 15, 04:00 am",0
"Dec 15, 05:00 am",0
"Dec 15, 06:00 am",0
"Dec 15, 07:00 am",-0
"Dec 15, 08:00 am",0.847101
"Dec 15, 09:00 am",0.0310337
"Dec 15, 10:00 am",1.13607
"Dec 15, 11:00 am",2.47441
"Dec 15, 12:00 pm",4.19751
"Dec 15, 01:00 pm",2.97212
"Dec 15, 02:00 pm",4.41353
"Dec 15, 03:00 pm",0.290185
"Dec 15, 04:00 pm",-0
"Dec 15, 05:00 pm",0
"Dec 15, 06:00 pm",0
"Dec 15, 07:00 pm",0
"Dec 15, 08:00 pm",0
"Dec 15, 09:00 pm",0
"Dec 15, 10:00 pm",0
"Dec 15, 11:00 pm",0
"Dec 16, 12:00 am",0
"Dec 16, 01:00 am",0
"Dec 16, 02:00 am",0
"Dec 16, 03:00 am",0
"Dec 16, 04:00 am",0
"Dec 16, 05:00 am",0
"Dec 16, 06:00 am",0
"Dec 16, 07:00 am",-0
"Dec 16, 08:00 am",4.40604
"Dec 16, 09:00 am",8.42613
"Dec 16, 10:00 am",11.0648
"Dec 16, 11:00 am",12.2534
"Dec 16, 12:00 pm",12.6382
"Dec 16, 01:00 pm",12.1932
"Dec 16, 02:00 pm",10.637
"Dec 16, 03:00 pm",7.78815
"Dec 16, 04:00 pm",0.873386
"Dec 16, 05:00 pm",0
"Dec 16, 06:00 pm",0
"Dec 16, 07:00 pm",0
"Dec 16, 08:00 pm",0
"Dec 16, 09:00 pm",0
"Dec 16, 10:00 pm",0
"Dec 16, 11:00 pm",0
"Dec 17, 12:00 am",0
"Dec 17, 01:00 am",0
"Dec 17, 02:00 am",0
"Dec 17, 03:00 am",0
"Dec 17, 04:00 am",0
"Dec 17, 05:00 am",0
"Dec 17, 06:00 am",0
"Dec 17, 07:00 am",-0
"Dec 17, 08:00 am",4.43628
"Dec 17, 09:00 am",8.528
"Dec 17, 10:00 am",11.0712
"Dec 17, 11:00 am",12.3255
"Dec 17, 12:00 pm",12.7095
"Dec 17, 01:00 pm",12.1303
"Dec 17, 02:00 pm",10.4351
"Dec 17, 03:00 pm",7.66186
"Dec 17, 04:00 pm",3.37834
"Dec 17, 05:00 pm",0
"Dec 17, 06:00 pm",0
"Dec 17, 07:00 pm",0
"Dec 17, 08:00 pm",0
"Dec 17, 09:00 pm",0
"Dec 17, 10:00 pm",0
"Dec 17, 11:00 pm",0
"Dec 18, 12:00 am",0
"Dec 18, 01:00 am",0
"Dec 18, 02:00 am",0
"Dec 18, 03:00 am",0
"Dec 18, 04:00 am",0
"Dec 18, 05:00 am",0
"Dec 18, 06:00 am",0
"Dec 18, 07:00 am",-0
"Dec 18, 08:00 am",1.64917
"Dec 18, 09:00 am",8.38807
"Dec 18, 10:00 am",6.62213
"Dec 18, 11:00 am",8.03025
"Dec 18, 12:00 pm",9.02738
"Dec 18, 01:00 pm",3.9588
"Dec 18, 02:00 pm",1.50921
"Dec 18, 03:00 pm",1.3617
"Dec 18, 04:00 pm",0.320844
"Dec 18, 05:00 pm",0
"Dec 18, 06:00 pm",0
"Dec 18, 07:00 pm",0
"Dec 18, 08:00 pm",0
"Dec 18, 09:00 pm",0
"Dec 18, 10:00 pm",0
"Dec 18, 11:00 pm",0
"Dec 19, 12:00 am",0
"Dec 19, 01:00 am",0
"Dec 19, 02:00 am",0
"Dec 19, 03:00 am",0
"Dec 19, 04:00 am",0
"Dec 19, 05:00 am",0
"Dec 19, 06:00 am",0
"Dec 19, 07:00 am",-0
"Dec 19, 08:00 am",4.55549
"Dec 19, 09:00 am",9.04398
"Dec 19, 10:00 am",12.0751
"Dec 19, 11:00 am",13.768
"Dec 19, 12:00 pm",14.2741
"Dec 19, 01:00 pm",13.6009
"Dec 19, 02:00 pm",11.7051
"Dec 19, 03:00 pm",8.66788
"Dec 19, 04:00 pm",4.02168
"Dec 19, 05:00 pm",0
"Dec 19, 06:00 pm",0
"Dec 19, 07:00 pm",0
"Dec 19, 08:00 pm",0
"Dec 19, 09:00 pm",0
"Dec 19, 10:00 pm",0
"Dec 19, 11:00 pm",0
"Dec 20, 12:00 am",0
"Dec 20, 01:00 am",0
"Dec 20, 02:00 am",0
"Dec 20, 03:00 am",0
"Dec 20, 04:00 am",0
"Dec 20, 05:00 am",0
"Dec 20, 06:00 am",0
"Dec 20, 07:00 am",-0
"Dec 20, 08:00 am",5.06325
"Dec 20, 09:00 am",9.40486
"Dec 20, 10:00 am",12.1332
"Dec 20, 11:00 am",13.4683
"Dec 20, 12:00 pm",13.8978
"Dec 20, 01:00 pm",13.2049
"Dec 20, 02:00 pm",11.3441
"Dec 20, 03:00 pm",5.67709
"Dec 20, 04:00 pm",1.80704
"Dec 20, 05:00 pm",0
"Dec 20, 06:00 pm",0
"Dec 20, 07:00 pm",0
"Dec 20, 08:00 pm",0
"Dec 20, 09:00 pm",0
"Dec 20, 10:00 pm",0
"Dec 20, 11:00 pm",0
"Dec 21, 12:00 am",0
"Dec 21, 01:00 am",0
"Dec 21, 02:00 am",0
"Dec 21, 03:00 am",0
"Dec 21, 04:00 am",0
"Dec 21, 05:00 am",0
"Dec 21, 06:00 am",0
"Dec 21, 07:00 am",-0
"Dec 21, 08:00 am",4.74026
"Dec 21, 09:00 am",9.08875
"Dec 21, 10:00 am",11.6495
"Dec 21, 11:00 am",13.0197
"Dec 21, 12:00 pm",13.3075
"Dec 21, 01:00 pm",12.6426
"Dec 21, 02:00 pm",11.0072
"Dec 21, 03:00 pm",5.09485
"Dec 21, 04:00 pm",1.24389
"Dec 21, 05:00 pm",0
"Dec 21, 06:00 pm",0
"Dec 21, 07:00 pm",0
"Dec 21, 08:00 pm",0
"Dec 21, 09:00 pm",0
"Dec 21, 10:00 pm",0
"Dec 21, 11:00 pm",0
"Dec 22, 12:00 am",0
"Dec 22, 01:00 am",0
"Dec 22, 02:00 am",0
"Dec 22, 03:00 am",0
"Dec 22, 04:00 am",0
"Dec 22, 05:00 am",0
"Dec 22, 06:00 am",0
"Dec 22, 07:00 am",-0
"Dec 22, 08:00 am",4.11911
"Dec 22, 09:00 am",8.19488
"Dec 22, 10:00 am",10.7709
"Dec 22, 11:00 am",11.7192
"Dec 22, 12:00 pm",12.1089
"Dec 22, 01:00 pm",7.9173
"Dec 22, 02:00 pm",7.59104
"Dec 22, 03:00 pm",2.35881
"Dec 22, 04:00 pm",3.81897
"Dec 22, 05:00 pm",0
"Dec 22, 06:00 pm",0
"Dec 22, 07:00 pm",0
"Dec 22, 08:00 pm",0
"Dec 22, 09:00 pm",0
"Dec 22, 10:00 pm",0
"Dec 22, 11:00 pm",0
"Dec 23, 12:00 am",0
"Dec 23, 01:00 am",0
"Dec 23, 02:00 am",0
"Dec 23, 03:00 am",0
"Dec 23, 04:00 am",0
"Dec 23, 05:00 am",0
"Dec 23, 06:00 am",0
"Dec 23, 07:00 am",-0
"Dec 23, 08:00 am",3.97811
"Dec 23, 09:00 am",8.25789
"Dec 23, 10:00 am",10.9797
"Dec 23, 11:00 am",12.4829
"Dec 23, 12:00 pm",12.8509
"Dec 23, 01:00 pm",12.1954
"Dec 23, 02:00 pm",10.7086
"Dec 23, 03:00 pm",3.90435
"Dec 23, 04:00 pm",1.01184
"Dec 23, 05:00 pm",0
"Dec 23, 06:00 pm",0
"Dec 23, 07:00 pm",0
"Dec 23, 08:00 pm",0
"Dec 23, 09:00 pm",0
"Dec 23, 10:00 pm",0
"Dec 23, 11:00 pm",0
"Dec 24, 12:00 am",0
"Dec 24, 01:00 am",0
"Dec 24, 02:00 am",0
"Dec 24, 03:00 am",0
"Dec 24, 04:00 am",0
"Dec 24, 05:00 am",0
"Dec 24, 06:00 am",0
"Dec 24, 07:00 am",-0
"Dec 24, 08:00 am",0.288188
"Dec 24, 09:00 am",8.17322
"Dec 24, 10:00 am",11.0703
"Dec 24, 11:00 am",12.7418
"Dec 24, 12:00 pm",13.2369
"Dec 24, 01:00 pm",12.6869
"Dec 24, 02:00 pm",10.6678
"Dec 24, 03:00 pm",7.66615
"Dec 24, 04:00 pm",3.32583
"Dec 24, 05:00 pm",0
"Dec 24, 06:00 pm",0
"Dec 24, 07:00 pm",0
"Dec 24, 08:00 pm",0
"Dec 24, 09:00 pm",0
"Dec 24, 10:00 pm",0
"Dec 24, 11:00 pm",0
"Dec 25, 12:00 am",0
"Dec 25, 01:00 am",0
"Dec 25, 02:00 am",0
"Dec 25, 03:00 am",0
"Dec 25, 04:00 am",0
"Dec 25, 05:00 am",0
"Dec 25, 06:00 am",0
"Dec 25, 07:00 am",0
"Dec 25, 08:00 am",0.356706
"Dec 25, 09:00 am",4.58101
"Dec 25, 10:00 am",7.66062
"Dec 25, 11:00 am",7.07833
"Dec 25, 12:00 pm",5.04648
"Dec 25, 01:00 pm",9.4812
"Dec 25, 02:00 pm",5.20871
"Dec 25, 03:00 pm",4.06816
"Dec 25, 04:00 pm",1.43495
"Dec 25, 05:00 pm",0
"Dec 25, 06:00 pm",0
"Dec 25, 07:00 pm",0
"Dec 25, 08:00 pm",0
"Dec 25, 09:00 pm",0
"Dec 25, 10:00 pm",0
"Dec 25, 11:00 pm",0
"Dec 26, 12:00 am",0
"Dec 26, 01:00 am",0
"Dec 26, 02:00 am",0
"Dec 26, 03:00 am",0
"Dec 26, 04:00 am",0
"Dec 26, 05:00 am",0
"Dec 26, 06:00 am",0
"Dec 26, 07:00 am",0
"Dec 26, 08:00 am",0.581655
"Dec 26, 09:00 am",5.1741
"Dec 26, 10:00 am",8.00473
"Dec 26, 11:00 am",8.34923
"Dec 26, 12:00 pm",8.98012
"Dec 26, 01:00 pm",8.90061
"Dec 26, 02:00 pm",11.1661
"Dec 26, 03:00 pm",8.24811
"Dec 26, 04:00 pm",3.89513
"Dec 26, 05:00 pm",0
"Dec 26, 06:00 pm",0
"Dec 26, 07:00 pm",0
"Dec 26, 08:00 pm",0
"Dec 26, 09:00 pm",0
"Dec 26, 10:00 pm",0
"Dec 26, 11:00 pm",0
"Dec 27, 12:00 am",0
"Dec 27, 01:00 am",0
"Dec 27, 02:00 am",0
"Dec 27, 03:00 am",0
"Dec 27, 04:00 am",0
"Dec 27, 05:00 am",0
"Dec 27, 06:00 am",0
"Dec 27, 07:00 am",0
"Dec 27, 08:00 am",0.919891
"Dec 27, 09:00 am",4.13058
"Dec 27, 10:00 am",4.09953
"Dec 27, 11:00 am",9.3835
"Dec 27, 12:00 pm",13.3502
"Dec 27, 01:00 pm",8.06571
"Dec 27, 02:00 pm",11.1678
"Dec 27, 03:00 pm",8.30323
"Dec 27, 04:00 pm",4.05285
"Dec 27, 05:00 pm",0
"Dec 27, 06:00 pm",0
"Dec 27, 07:00 pm",0
"Dec 27, 08:00 pm",0
"Dec 27, 09:00 pm",0
"Dec 27, 10:00 pm",0
"Dec 27, 11:00 pm",0
"Dec 28, 12:00 am",0
"Dec 28, 01:00 am",0
"Dec 28, 02:00 am",0
"Dec 28, 03:00 am",0
"Dec 28, 04:00 am",0
"Dec 28, 05:00 am",0
"Dec 28, 06:00 am",0
"Dec 28, 07:00 am",0
"Dec 28, 08:00 am",4.46258
"Dec 28, 09:00 am",8.89348
"Dec 28, 10:00 am",11.6023
"Dec 28, 11:00 am",13.0788
"Dec 28, 12:00 pm",13.4764
"Dec 28, 01:00 pm",12.8073
"Dec 28, 02:00 pm",11.1663
"Dec 28, 03:00 pm",8.39499
"Dec 28, 04:00 pm",4.21068
"Dec 28, 05:00 pm",0
"Dec 28, 06:00 pm",0
"Dec 28, 07:00 pm",0
"Dec 28, 08:00 pm",0
"Dec 28, 09:00 pm",0
"Dec 28, 10:00 pm",0
"Dec 28, 11:00 pm",0
"Dec 29, 12:00 am",0
"Dec 29, 01:00 am",0
"Dec 29, 02:00 am",0
"Dec 29, 03:00 am",0
"Dec 29, 04:00 am",0
"Dec 29, 05:00 am",0
"Dec 29, 06:00 am",0
"Dec 29, 07:00 am",0
"Dec 29, 08:00 am",4.35114
"Dec 29, 09:00 am",8.72558
"Dec 29, 10:00 am",11.5049
"Dec 29, 11:00 am",12.7429
"Dec 29, 12:00 pm",12.9519
"Dec 29, 01:00 pm",7.73614
"Dec 29, 02:00 pm",6.8245
"Dec 29, 03:00 pm",4.8599
"Dec 29, 04:00 pm",2.05205
"Dec 29, 05:00 pm",0
"Dec 29, 06:00 pm",0
"Dec 29, 07:00 pm",0
"Dec 29, 08:00 pm",0
"Dec 29, 09:00 pm",0
"Dec 29, 10:00 pm",0
"Dec 29, 11:00 pm",0
"Dec 30, 12:00 am",0
"Dec 30, 01:00 am",0
"Dec 30, 02:00 am",0
"Dec 30, 03:00 am",0
"Dec 30, 04:00 am",0
"Dec 30, 05:00 am",0
"Dec 30, 06:00 am",0
"Dec 30, 07:00 am",0
"Dec 30, 08:00 am",0.0753216
"Dec 30, 09:00 am",1.75625
"Dec 30, 10:00 am",1.24382
"Dec 30, 11:00 am",3.51349
"Dec 30, 12:00 pm",6.4166
"Dec 30, 01:00 pm",3.63158
"Dec 30, 02:00 pm",3.50557
"Dec 30, 03:00 pm",1.96603
"Dec 30, 04:00 pm",0.208804
"Dec 30, 05:00 pm",-0
"Dec 30, 06:00 pm",0
"Dec 30, 07:00 pm",0
"Dec 30, 08:00 pm",0
"Dec 30, 09:00 pm",0
"Dec 30, 10:00 pm",0
"Dec 30, 11:00 pm",0
"Dec 31, 12:00 am",0
"Dec 31, 01:00 am",0
"Dec 31, 02:00 am",0
"Dec 31, 03:00 am",0
"Dec 31, 04:00 am",0
"Dec 31, 05:00 am",0
"Dec 31, 06:00 am",0
"Dec 31, 07:00 am",0
"Dec 31, 08:00 am",3.75336
"Dec 31, 09:00 am",8.16612
"Dec 31, 10:00 am",11.2222
"Dec 31, 11:00 am",12.9015
"Dec 31, 12:00 pm",13.4343
"Dec 31, 01:00 pm",12.9124
"Dec 31, 02:00 pm",7.58969
"Dec 31, 03:00 pm",8.46404
"Dec 31, 04:00 pm",4.17213
"Dec 31, 05:00 pm",-0
"Dec 31, 06:00 pm",0
"Dec 31, 07:00 pm",0
"Dec 31, 08:00 pm",0
"Dec 31, 09:00 pm",0
"Dec 31, 10:00 pm",0
"Dec 31, 11:00 pm",0
