"Time stamp","System power generated | (kW)"
"Jan 1, 12:00 am",0
"Jan 1, 01:00 am",0
"Jan 1, 02:00 am",0
"Jan 1, 03:00 am",0
"Jan 1, 04:00 am",0
"Jan 1, 05:00 am",0
"Jan 1, 06:00 am",0
"Jan 1, 07:00 am",0
"Jan 1, 08:00 am",0.444181
"Jan 1, 09:00 am",0.633071
"Jan 1, 10:00 am",1.02899
"Jan 1, 11:00 am",4.26135
"Jan 1, 12:00 pm",7.46882
"Jan 1, 01:00 pm",9.56798
"Jan 1, 02:00 pm",10.497
"Jan 1, 03:00 pm",10.0531
"Jan 1, 04:00 pm",7.56038
"Jan 1, 05:00 pm",-0
"Jan 1, 06:00 pm",0
"Jan 1, 07:00 pm",0
"Jan 1, 08:00 pm",0
"Jan 1, 09:00 pm",0
"Jan 1, 10:00 pm",0
"Jan 1, 11:00 pm",0
"Jan 2, 12:00 am",0
"Jan 2, 01:00 am",0
"Jan 2, 02:00 am",0
"Jan 2, 03:00 am",0
"Jan 2, 04:00 am",0
"Jan 2, 05:00 am",0
"Jan 2, 06:00 am",0
"Jan 2, 07:00 am",0
"Jan 2, 08:00 am",0.470819
"Jan 2, 09:00 am",0.681332
"Jan 2, 10:00 am",1.06821
"Jan 2, 11:00 am",4.27
"Jan 2, 12:00 pm",7.48241
"Jan 2, 01:00 pm",9.56704
"Jan 2, 02:00 pm",10.4304
"Jan 2, 03:00 pm",9.88031
"Jan 2, 04:00 pm",7.49935
"Jan 2, 05:00 pm",-0
"Jan 2, 06:00 pm",0
"Jan 2, 07:00 pm",0
"Jan 2, 08:00 pm",0
"Jan 2, 09:00 pm",0
"Jan 2, 10:00 pm",0
"Jan 2, 11:00 pm",0
"Jan 3, 12:00 am",0
"Jan 3, 01:00 am",0
"Jan 3, 02:00 am",0
"Jan 3, 03:00 am",0
"Jan 3, 04:00 am",0
"Jan 3, 05:00 am",0
"Jan 3, 06:00 am",0
"Jan 3, 07:00 am",0
"Jan 3, 08:00 am",0.452286
"Jan 3, 09:00 am",0.664624
"Jan 3, 10:00 am",0.947127
"Jan 3, 11:00 am",4.13923
"Jan 3, 12:00 pm",6.13714
"Jan 3, 01:00 pm",1.84089
"Jan 3, 02:00 pm",3.87712
"Jan 3, 03:00 pm",9.97589
"Jan 3, 04:00 pm",7.60147
"Jan 3, 05:00 pm",-0
"Jan 3, 06:00 pm",0
"Jan 3, 07:00 pm",0
"Jan 3, 08:00 pm",0
"Jan 3, 09:00 pm",0
"Jan 3, 10:00 pm",0
"Jan 3, 11:00 pm",0
"Jan 4, 12:00 am",0
"Jan 4, 01:00 am",0
"Jan 4, 02:00 am",0
"Jan 4, 03:00 am",0
"Jan 4, 04:00 am",0
"Jan 4, 05:00 am",0
"Jan 4, 06:00 am",0
"Jan 4, 07:00 am",0
"Jan 4, 08:00 am",0.401934
"Jan 4, 09:00 am",0.666811
"Jan 4, 10:00 am",0.936068
"Jan 4, 11:00 am",4.2151
"Jan 4, 12:00 pm",7.4195
"Jan 4, 01:00 pm",9.54068
"Jan 4, 02:00 pm",10.357
"Jan 4, 03:00 pm",10.0005
"Jan 4, 04:00 pm",7.67063
"Jan 4, 05:00 pm",-0
"Jan 4, 06:00 pm",0
"Jan 4, 07:00 pm",0
"Jan 4, 08:00 pm",0
"Jan 4, 09:00 pm",0
"Jan 4, 10:00 pm",0
"Jan 4, 11:00 pm",0
"Jan 5, 12:00 am",0
"Jan 5, 01:00 am",0
"Jan 5, 02:00 am",0
"Jan 5, 03:00 am",0
"Jan 5, 04:00 am",0
"Jan 5, 05:00 am",0
"Jan 5, 06:00 am",0
"Jan 5, 07:00 am",0
"Jan 5, 08:00 am",0.45562
"Jan 5, 09:00 am",0.683483
"Jan 5, 10:00 am",1.04619
"Jan 5, 11:00 am",4.18125
"Jan 5, 12:00 pm",7.42605
"Jan 5, 01:00 pm",9.57187
"Jan 5, 02:00 pm",10.4326
"Jan 5, 03:00 pm",10.1293
"Jan 5, 04:00 pm",7.79195
"Jan 5, 05:00 pm",-0
"Jan 5, 06:00 pm",0
"Jan 5, 07:00 pm",0
"Jan 5, 08:00 pm",0
"Jan 5, 09:00 pm",0
"Jan 5, 10:00 pm",0
"Jan 5, 11:00 pm",0
"Jan 6, 12:00 am",0
"Jan 6, 01:00 am",0
"Jan 6, 02:00 am",0
"Jan 6, 03:00 am",0
"Jan 6, 04:00 am",0
"Jan 6, 05:00 am",0
"Jan 6, 06:00 am",0
"Jan 6, 07:00 am",0
"Jan 6, 08:00 am",0.449845
"Jan 6, 09:00 am",0.747676
"Jan 6, 10:00 am",1.00626
"Jan 6, 11:00 am",4.16379
"Jan 6, 12:00 pm",7.31531
"Jan 6, 01:00 pm",9.34802
"Jan 6, 02:00 pm",10.2869
"Jan 6, 03:00 pm",9.91739
"Jan 6, 04:00 pm",7.64747
"Jan 6, 05:00 pm",-0
"Jan 6, 06:00 pm",0
"Jan 6, 07:00 pm",0
"Jan 6, 08:00 pm",0
"Jan 6, 09:00 pm",0
"Jan 6, 10:00 pm",0
"Jan 6, 11:00 pm",0
"Jan 7, 12:00 am",0
"Jan 7, 01:00 am",0
"Jan 7, 02:00 am",0
"Jan 7, 03:00 am",0
"Jan 7, 04:00 am",0
"Jan 7, 05:00 am",0
"Jan 7, 06:00 am",0
"Jan 7, 07:00 am",0
"Jan 7, 08:00 am",0.462742
"Jan 7, 09:00 am",0.790674
"Jan 7, 10:00 am",1.06439
"Jan 7, 11:00 am",4.18507
"Jan 7, 12:00 pm",7.39947
"Jan 7, 01:00 pm",9.50557
"Jan 7, 02:00 pm",10.3744
"Jan 7, 03:00 pm",9.8556
"Jan 7, 04:00 pm",7.35899
"Jan 7, 05:00 pm",-0
"Jan 7, 06:00 pm",0
"Jan 7, 07:00 pm",0
"Jan 7, 08:00 pm",0
"Jan 7, 09:00 pm",0
"Jan 7, 10:00 pm",0
"Jan 7, 11:00 pm",0
"Jan 8, 12:00 am",0
"Jan 8, 01:00 am",0
"Jan 8, 02:00 am",0
"Jan 8, 03:00 am",0
"Jan 8, 04:00 am",0
"Jan 8, 05:00 am",0
"Jan 8, 06:00 am",0
"Jan 8, 07:00 am",0
"Jan 8, 08:00 am",0.540226
"Jan 8, 09:00 am",0.797472
"Jan 8, 10:00 am",1.10615
"Jan 8, 11:00 am",4.31301
"Jan 8, 12:00 pm",7.82486
"Jan 8, 01:00 pm",10.2143
"Jan 8, 02:00 pm",11.215
"Jan 8, 03:00 pm",10.7755
"Jan 8, 04:00 pm",8.25122
"Jan 8, 05:00 pm",-0
"Jan 8, 06:00 pm",0
"Jan 8, 07:00 pm",0
"Jan 8, 08:00 pm",0
"Jan 8, 09:00 pm",0
"Jan 8, 10:00 pm",0
"Jan 8, 11:00 pm",0
"Jan 9, 12:00 am",0
"Jan 9, 01:00 am",0
"Jan 9, 02:00 am",0
"Jan 9, 03:00 am",0
"Jan 9, 04:00 am",0
"Jan 9, 05:00 am",0
"Jan 9, 06:00 am",0
"Jan 9, 07:00 am",0
"Jan 9, 08:00 am",0.68675
"Jan 9, 09:00 am",0.778147
"Jan 9, 10:00 am",1.02514
"Jan 9, 11:00 am",4.20802
"Jan 9, 12:00 pm",7.50492
"Jan 9, 01:00 pm",6.81036
"Jan 9, 02:00 pm",10.5395
"Jan 9, 03:00 pm",10.1103
"Jan 9, 04:00 pm",6.37591
"Jan 9, 05:00 pm",-0
"Jan 9, 06:00 pm",0
"Jan 9, 07:00 pm",0
"Jan 9, 08:00 pm",0
"Jan 9, 09:00 pm",0
"Jan 9, 10:00 pm",0
"Jan 9, 11:00 pm",0
"Jan 10, 12:00 am",0
"Jan 10, 01:00 am",0
"Jan 10, 02:00 am",0
"Jan 10, 03:00 am",0
"Jan 10, 04:00 am",0
"Jan 10, 05:00 am",0
"Jan 10, 06:00 am",0
"Jan 10, 07:00 am",0
"Jan 10, 08:00 am",0.456638
"Jan 10, 09:00 am",0.743045
"Jan 10, 10:00 am",0.992739
"Jan 10, 11:00 am",4.13256
"Jan 10, 12:00 pm",7.29985
"Jan 10, 01:00 pm",7.28699
"Jan 10, 02:00 pm",10.4716
"Jan 10, 03:00 pm",5.96964
"Jan 10, 04:00 pm",7.94414
"Jan 10, 05:00 pm",-0
"Jan 10, 06:00 pm",0
"Jan 10, 07:00 pm",0
"Jan 10, 08:00 pm",0
"Jan 10, 09:00 pm",0
"Jan 10, 10:00 pm",0
"Jan 10, 11:00 pm",0
"Jan 11, 12:00 am",0
"Jan 11, 01:00 am",0
"Jan 11, 02:00 am",0
"Jan 11, 03:00 am",0
"Jan 11, 04:00 am",0
"Jan 11, 05:00 am",0
"Jan 11, 06:00 am",0
"Jan 11, 07:00 am",0
"Jan 11, 08:00 am",0.692248
"Jan 11, 09:00 am",1.24666
"Jan 11, 10:00 am",2.33251
"Jan 11, 11:00 am",3.90919
"Jan 11, 12:00 pm",6.35083
"Jan 11, 01:00 pm",6.57252
"Jan 11, 02:00 pm",7.46505
"Jan 11, 03:00 pm",7.77995
"Jan 11, 04:00 pm",2.86549
"Jan 11, 05:00 pm",-0
"Jan 11, 06:00 pm",0
"Jan 11, 07:00 pm",0
"Jan 11, 08:00 pm",0
"Jan 11, 09:00 pm",0
"Jan 11, 10:00 pm",0
"Jan 11, 11:00 pm",0
"Jan 12, 12:00 am",0
"Jan 12, 01:00 am",0
"Jan 12, 02:00 am",0
"Jan 12, 03:00 am",0
"Jan 12, 04:00 am",0
"Jan 12, 05:00 am",0
"Jan 12, 06:00 am",0
"Jan 12, 07:00 am",0
"Jan 12, 08:00 am",-0
"Jan 12, 09:00 am",1.24084
"Jan 12, 10:00 am",2.2232
"Jan 12, 11:00 am",4.15134
"Jan 12, 12:00 pm",2.90118
"Jan 12, 01:00 pm",4.39922
"Jan 12, 02:00 pm",3.7373
"Jan 12, 03:00 pm",5.39375
"Jan 12, 04:00 pm",8.18105
"Jan 12, 05:00 pm",0.643676
"Jan 12, 06:00 pm",0
"Jan 12, 07:00 pm",0
"Jan 12, 08:00 pm",0
"Jan 12, 09:00 pm",0
"Jan 12, 10:00 pm",0
"Jan 12, 11:00 pm",0
"Jan 13, 12:00 am",0
"Jan 13, 01:00 am",0
"Jan 13, 02:00 am",0
"Jan 13, 03:00 am",0
"Jan 13, 04:00 am",0
"Jan 13, 05:00 am",0
"Jan 13, 06:00 am",0
"Jan 13, 07:00 am",0
"Jan 13, 08:00 am",0.429062
"Jan 13, 09:00 am",0.660509
"Jan 13, 10:00 am",0.927496
"Jan 13, 11:00 am",4.39424
"Jan 13, 12:00 pm",7.83065
"Jan 13, 01:00 pm",10.0975
"Jan 13, 02:00 pm",11.1311
"Jan 13, 03:00 pm",10.8961
"Jan 13, 04:00 pm",8.81955
"Jan 13, 05:00 pm",1.3842
"Jan 13, 06:00 pm",0
"Jan 13, 07:00 pm",0
"Jan 13, 08:00 pm",0
"Jan 13, 09:00 pm",0
"Jan 13, 10:00 pm",0
"Jan 13, 11:00 pm",0
"Jan 14, 12:00 am",0
"Jan 14, 01:00 am",0
"Jan 14, 02:00 am",0
"Jan 14, 03:00 am",0
"Jan 14, 04:00 am",0
"Jan 14, 05:00 am",0
"Jan 14, 06:00 am",0
"Jan 14, 07:00 am",0
"Jan 14, 08:00 am",0.694228
"Jan 14, 09:00 am",1.48972
"Jan 14, 10:00 am",1.04253
"Jan 14, 11:00 am",4.04848
"Jan 14, 12:00 pm",6.54057
"Jan 14, 01:00 pm",8.82125
"Jan 14, 02:00 pm",7.08459
"Jan 14, 03:00 pm",1.6091
"Jan 14, 04:00 pm",0.238176
"Jan 14, 05:00 pm",-0
"Jan 14, 06:00 pm",0
"Jan 14, 07:00 pm",0
"Jan 14, 08:00 pm",0
"Jan 14, 09:00 pm",0
"Jan 14, 10:00 pm",0
"Jan 14, 11:00 pm",0
"Jan 15, 12:00 am",0
"Jan 15, 01:00 am",0
"Jan 15, 02:00 am",0
"Jan 15, 03:00 am",0
"Jan 15, 04:00 am",0
"Jan 15, 05:00 am",0
"Jan 15, 06:00 am",0
"Jan 15, 07:00 am",0
"Jan 15, 08:00 am",0.00335605
"Jan 15, 09:00 am",1.40119
"Jan 15, 10:00 am",1.21471
"Jan 15, 11:00 am",2.64163
"Jan 15, 12:00 pm",0.963927
"Jan 15, 01:00 pm",3.74985
"Jan 15, 02:00 pm",2.49321
"Jan 15, 03:00 pm",1.8644
"Jan 15, 04:00 pm",0.327497
"Jan 15, 05:00 pm",-0
"Jan 15, 06:00 pm",0
"Jan 15, 07:00 pm",0
"Jan 15, 08:00 pm",0
"Jan 15, 09:00 pm",0
"Jan 15, 10:00 pm",0
"Jan 15, 11:00 pm",0
"Jan 16, 12:00 am",0
"Jan 16, 01:00 am",0
"Jan 16, 02:00 am",0
"Jan 16, 03:00 am",0
"Jan 16, 04:00 am",0
"Jan 16, 05:00 am",0
"Jan 16, 06:00 am",0
"Jan 16, 07:00 am",0
"Jan 16, 08:00 am",0.697813
"Jan 16, 09:00 am",0.80734
"Jan 16, 10:00 am",1.04805
"Jan 16, 11:00 am",4.09912
"Jan 16, 12:00 pm",6.39657
"Jan 16, 01:00 pm",7.08587
"Jan 16, 02:00 pm",6.61264
"Jan 16, 03:00 pm",9.95264
"Jan 16, 04:00 pm",7.44571
"Jan 16, 05:00 pm",0.616534
"Jan 16, 06:00 pm",0
"Jan 16, 07:00 pm",0
"Jan 16, 08:00 pm",0
"Jan 16, 09:00 pm",0
"Jan 16, 10:00 pm",0
"Jan 16, 11:00 pm",0
"Jan 17, 12:00 am",0
"Jan 17, 01:00 am",0
"Jan 17, 02:00 am",0
"Jan 17, 03:00 am",0
"Jan 17, 04:00 am",0
"Jan 17, 05:00 am",0
"Jan 17, 06:00 am",0
"Jan 17, 07:00 am",0
"Jan 17, 08:00 am",0.46462
"Jan 17, 09:00 am",0.750796
"Jan 17, 10:00 am",1.0074
"Jan 17, 11:00 am",4.29445
"Jan 17, 12:00 pm",7.58448
"Jan 17, 01:00 pm",9.72728
"Jan 17, 02:00 pm",10.5055
"Jan 17, 03:00 pm",10.2456
"Jan 17, 04:00 pm",7.96898
"Jan 17, 05:00 pm",0.868575
"Jan 17, 06:00 pm",0
"Jan 17, 07:00 pm",0
"Jan 17, 08:00 pm",0
"Jan 17, 09:00 pm",0
"Jan 17, 10:00 pm",0
"Jan 17, 11:00 pm",0
"Jan 18, 12:00 am",0
"Jan 18, 01:00 am",0
"Jan 18, 02:00 am",0
"Jan 18, 03:00 am",0
"Jan 18, 04:00 am",0
"Jan 18, 05:00 am",0
"Jan 18, 06:00 am",0
"Jan 18, 07:00 am",0
"Jan 18, 08:00 am",0.480864
"Jan 18, 09:00 am",0.753571
"Jan 18, 10:00 am",1.01114
"Jan 18, 11:00 am",4.31811
"Jan 18, 12:00 pm",7.53488
"Jan 18, 01:00 pm",9.61369
"Jan 18, 02:00 pm",10.6104
"Jan 18, 03:00 pm",10.2808
"Jan 18, 04:00 pm",8.1963
"Jan 18, 05:00 pm",1.1231
"Jan 18, 06:00 pm",0
"Jan 18, 07:00 pm",0
"Jan 18, 08:00 pm",0
"Jan 18, 09:00 pm",0
"Jan 18, 10:00 pm",0
"Jan 18, 11:00 pm",0
"Jan 19, 12:00 am",0
"Jan 19, 01:00 am",0
"Jan 19, 02:00 am",0
"Jan 19, 03:00 am",0
"Jan 19, 04:00 am",0
"Jan 19, 05:00 am",0
"Jan 19, 06:00 am",0
"Jan 19, 07:00 am",0
"Jan 19, 08:00 am",0.518695
"Jan 19, 09:00 am",0.829646
"Jan 19, 10:00 am",1.0913
"Jan 19, 11:00 am",4.35336
"Jan 19, 12:00 pm",7.52164
"Jan 19, 01:00 pm",9.48726
"Jan 19, 02:00 pm",10.4994
"Jan 19, 03:00 pm",10.3935
"Jan 19, 04:00 pm",8.63477
"Jan 19, 05:00 pm",1.88648
"Jan 19, 06:00 pm",0
"Jan 19, 07:00 pm",0
"Jan 19, 08:00 pm",0
"Jan 19, 09:00 pm",0
"Jan 19, 10:00 pm",0
"Jan 19, 11:00 pm",0
"Jan 20, 12:00 am",0
"Jan 20, 01:00 am",0
"Jan 20, 02:00 am",0
"Jan 20, 03:00 am",0
"Jan 20, 04:00 am",0
"Jan 20, 05:00 am",0
"Jan 20, 06:00 am",0
"Jan 20, 07:00 am",0
"Jan 20, 08:00 am",0.505456
"Jan 20, 09:00 am",0.802396
"Jan 20, 10:00 am",1.07199
"Jan 20, 11:00 am",4.31722
"Jan 20, 12:00 pm",7.55325
"Jan 20, 01:00 pm",9.67204
"Jan 20, 02:00 pm",10.8065
"Jan 20, 03:00 pm",10.5123
"Jan 20, 04:00 pm",8.50069
"Jan 20, 05:00 pm",1.97694
"Jan 20, 06:00 pm",0
"Jan 20, 07:00 pm",0
"Jan 20, 08:00 pm",0
"Jan 20, 09:00 pm",0
"Jan 20, 10:00 pm",0
"Jan 20, 11:00 pm",0
"Jan 21, 12:00 am",0
"Jan 21, 01:00 am",0
"Jan 21, 02:00 am",0
"Jan 21, 03:00 am",0
"Jan 21, 04:00 am",0
"Jan 21, 05:00 am",0
"Jan 21, 06:00 am",0
"Jan 21, 07:00 am",0
"Jan 21, 08:00 am",0.74081
"Jan 21, 09:00 am",1.68582
"Jan 21, 10:00 am",2.42257
"Jan 21, 11:00 am",2.79684
"Jan 21, 12:00 pm",3.00601
"Jan 21, 01:00 pm",2.53062
"Jan 21, 02:00 pm",7.96344
"Jan 21, 03:00 pm",10.291
"Jan 21, 04:00 pm",7.45801
"Jan 21, 05:00 pm",0.119769
"Jan 21, 06:00 pm",0
"Jan 21, 07:00 pm",0
"Jan 21, 08:00 pm",0
"Jan 21, 09:00 pm",0
"Jan 21, 10:00 pm",0
"Jan 21, 11:00 pm",0
"Jan 22, 12:00 am",0
"Jan 22, 01:00 am",0
"Jan 22, 02:00 am",0
"Jan 22, 03:00 am",0
"Jan 22, 04:00 am",0
"Jan 22, 05:00 am",0
"Jan 22, 06:00 am",0
"Jan 22, 07:00 am",-0
"Jan 22, 08:00 am",0.525755
"Jan 22, 09:00 am",1.51256
"Jan 22, 10:00 am",2.2478
"Jan 22, 11:00 am",4.05394
"Jan 22, 12:00 pm",6.41944
"Jan 22, 01:00 pm",6.1781
"Jan 22, 02:00 pm",5.85589
"Jan 22, 03:00 pm",2.29012
"Jan 22, 04:00 pm",3.43871
"Jan 22, 05:00 pm",0.0419856
"Jan 22, 06:00 pm",0
"Jan 22, 07:00 pm",0
"Jan 22, 08:00 pm",0
"Jan 22, 09:00 pm",0
"Jan 22, 10:00 pm",0
"Jan 22, 11:00 pm",0
"Jan 23, 12:00 am",0
"Jan 23, 01:00 am",0
"Jan 23, 02:00 am",0
"Jan 23, 03:00 am",0
"Jan 23, 04:00 am",0
"Jan 23, 05:00 am",0
"Jan 23, 06:00 am",0
"Jan 23, 07:00 am",-0
"Jan 23, 08:00 am",0.741202
"Jan 23, 09:00 am",0.832507
"Jan 23, 10:00 am",2.23553
"Jan 23, 11:00 am",3.67413
"Jan 23, 12:00 pm",4.69267
"Jan 23, 01:00 pm",5.63067
"Jan 23, 02:00 pm",7.36221
"Jan 23, 03:00 pm",1.85962
"Jan 23, 04:00 pm",1.0476
"Jan 23, 05:00 pm",0.0437935
"Jan 23, 06:00 pm",0
"Jan 23, 07:00 pm",0
"Jan 23, 08:00 pm",0
"Jan 23, 09:00 pm",0
"Jan 23, 10:00 pm",0
"Jan 23, 11:00 pm",0
"Jan 24, 12:00 am",0
"Jan 24, 01:00 am",0
"Jan 24, 02:00 am",0
"Jan 24, 03:00 am",0
"Jan 24, 04:00 am",0
"Jan 24, 05:00 am",0
"Jan 24, 06:00 am",0
"Jan 24, 07:00 am",-0
"Jan 24, 08:00 am",0.480927
"Jan 24, 09:00 am",0.752989
"Jan 24, 10:00 am",1.0388
"Jan 24, 11:00 am",4.57332
"Jan 24, 12:00 pm",8.12084
"Jan 24, 01:00 pm",10.5184
"Jan 24, 02:00 pm",11.6611
"Jan 24, 03:00 pm",11.4618
"Jan 24, 04:00 pm",9.33266
"Jan 24, 05:00 pm",2.46485
"Jan 24, 06:00 pm",0
"Jan 24, 07:00 pm",0
"Jan 24, 08:00 pm",0
"Jan 24, 09:00 pm",0
"Jan 24, 10:00 pm",0
"Jan 24, 11:00 pm",0
"Jan 25, 12:00 am",0
"Jan 25, 01:00 am",0
"Jan 25, 02:00 am",0
"Jan 25, 03:00 am",0
"Jan 25, 04:00 am",0
"Jan 25, 05:00 am",0
"Jan 25, 06:00 am",0
"Jan 25, 07:00 am",-0
"Jan 25, 08:00 am",0.459717
"Jan 25, 09:00 am",0.737287
"Jan 25, 10:00 am",1.07509
"Jan 25, 11:00 am",4.60332
"Jan 25, 12:00 pm",8.23536
"Jan 25, 01:00 pm",10.6591
"Jan 25, 02:00 pm",11.801
"Jan 25, 03:00 pm",11.6726
"Jan 25, 04:00 pm",9.59331
"Jan 25, 05:00 pm",2.89881
"Jan 25, 06:00 pm",0
"Jan 25, 07:00 pm",0
"Jan 25, 08:00 pm",0
"Jan 25, 09:00 pm",0
"Jan 25, 10:00 pm",0
"Jan 25, 11:00 pm",0
"Jan 26, 12:00 am",0
"Jan 26, 01:00 am",0
"Jan 26, 02:00 am",0
"Jan 26, 03:00 am",0
"Jan 26, 04:00 am",0
"Jan 26, 05:00 am",0
"Jan 26, 06:00 am",0
"Jan 26, 07:00 am",-0
"Jan 26, 08:00 am",0.518952
"Jan 26, 09:00 am",0.705788
"Jan 26, 10:00 am",1.11869
"Jan 26, 11:00 am",4.49674
"Jan 26, 12:00 pm",7.77838
"Jan 26, 01:00 pm",9.9215
"Jan 26, 02:00 pm",11.026
"Jan 26, 03:00 pm",10.9325
"Jan 26, 04:00 pm",9.14616
"Jan 26, 05:00 pm",2.60196
"Jan 26, 06:00 pm",0
"Jan 26, 07:00 pm",0
"Jan 26, 08:00 pm",0
"Jan 26, 09:00 pm",0
"Jan 26, 10:00 pm",0
"Jan 26, 11:00 pm",0
"Jan 27, 12:00 am",0
"Jan 27, 01:00 am",0
"Jan 27, 02:00 am",0
"Jan 27, 03:00 am",0
"Jan 27, 04:00 am",0
"Jan 27, 05:00 am",0
"Jan 27, 06:00 am",0
"Jan 27, 07:00 am",-0
"Jan 27, 08:00 am",0.801719
"Jan 27, 09:00 am",1.36871
"Jan 27, 10:00 am",2.50967
"Jan 27, 11:00 am",4.17542
"Jan 27, 12:00 pm",4.4405
"Jan 27, 01:00 pm",6.19125
"Jan 27, 02:00 pm",7.56914
"Jan 27, 03:00 pm",5.579
"Jan 27, 04:00 pm",1.45201
"Jan 27, 05:00 pm",0.0499416
"Jan 27, 06:00 pm",0
"Jan 27, 07:00 pm",0
"Jan 27, 08:00 pm",0
"Jan 27, 09:00 pm",0
"Jan 27, 10:00 pm",0
"Jan 27, 11:00 pm",0
"Jan 28, 12:00 am",0
"Jan 28, 01:00 am",0
"Jan 28, 02:00 am",0
"Jan 28, 03:00 am",0
"Jan 28, 04:00 am",0
"Jan 28, 05:00 am",0
"Jan 28, 06:00 am",0
"Jan 28, 07:00 am",-0
"Jan 28, 08:00 am",0.527389
"Jan 28, 09:00 am",0.723855
"Jan 28, 10:00 am",1.1661
"Jan 28, 11:00 am",4.70054
"Jan 28, 12:00 pm",8.26092
"Jan 28, 01:00 pm",10.6393
"Jan 28, 02:00 pm",11.8133
"Jan 28, 03:00 pm",11.6801
"Jan 28, 04:00 pm",9.79602
"Jan 28, 05:00 pm",3.49004
"Jan 28, 06:00 pm",0
"Jan 28, 07:00 pm",0
"Jan 28, 08:00 pm",0
"Jan 28, 09:00 pm",0
"Jan 28, 10:00 pm",0
"Jan 28, 11:00 pm",0
"Jan 29, 12:00 am",0
"Jan 29, 01:00 am",0
"Jan 29, 02:00 am",0
"Jan 29, 03:00 am",0
"Jan 29, 04:00 am",0
"Jan 29, 05:00 am",0
"Jan 29, 06:00 am",0
"Jan 29, 07:00 am",-0
"Jan 29, 08:00 am",0.573777
"Jan 29, 09:00 am",0.763824
"Jan 29, 10:00 am",1.20881
"Jan 29, 11:00 am",4.73388
"Jan 29, 12:00 pm",8.20451
"Jan 29, 01:00 pm",10.4817
"Jan 29, 02:00 pm",11.5552
"Jan 29, 03:00 pm",11.3477
"Jan 29, 04:00 pm",9.60056
"Jan 29, 05:00 pm",3.48213
"Jan 29, 06:00 pm",0
"Jan 29, 07:00 pm",0
"Jan 29, 08:00 pm",0
"Jan 29, 09:00 pm",0
"Jan 29, 10:00 pm",0
"Jan 29, 11:00 pm",0
"Jan 30, 12:00 am",0
"Jan 30, 01:00 am",0
"Jan 30, 02:00 am",0
"Jan 30, 03:00 am",0
"Jan 30, 04:00 am",0
"Jan 30, 05:00 am",0
"Jan 30, 06:00 am",0
"Jan 30, 07:00 am",-0
"Jan 30, 08:00 am",0.551643
"Jan 30, 09:00 am",0.753407
"Jan 30, 10:00 am",1.22451
"Jan 30, 11:00 am",4.66086
"Jan 30, 12:00 pm",7.97982
"Jan 30, 01:00 pm",9.99519
"Jan 30, 02:00 pm",11.1423
"Jan 30, 03:00 pm",11.3473
"Jan 30, 04:00 pm",9.61986
"Jan 30, 05:00 pm",3.74984
"Jan 30, 06:00 pm",0
"Jan 30, 07:00 pm",0
"Jan 30, 08:00 pm",0
"Jan 30, 09:00 pm",0
"Jan 30, 10:00 pm",0
"Jan 30, 11:00 pm",0
"Jan 31, 12:00 am",0
"Jan 31, 01:00 am",0
"Jan 31, 02:00 am",0
"Jan 31, 03:00 am",0
"Jan 31, 04:00 am",0
"Jan 31, 05:00 am",0
"Jan 31, 06:00 am",0
"Jan 31, 07:00 am",-0
"Jan 31, 08:00 am",0.79905
"Jan 31, 09:00 am",0.878099
"Jan 31, 10:00 am",2.62096
"Jan 31, 11:00 am",4.66312
"Jan 31, 12:00 pm",8.02166
"Jan 31, 01:00 pm",10.2068
"Jan 31, 02:00 pm",11.3553
"Jan 31, 03:00 pm",11.2244
"Jan 31, 04:00 pm",9.3881
"Jan 31, 05:00 pm",2.04593
"Jan 31, 06:00 pm",0
"Jan 31, 07:00 pm",0
"Jan 31, 08:00 pm",0
"Jan 31, 09:00 pm",0
"Jan 31, 10:00 pm",0
"Jan 31, 11:00 pm",0
"Feb 1, 12:00 am",0
"Feb 1, 01:00 am",0
"Feb 1, 02:00 am",0
"Feb 1, 03:00 am",0
"Feb 1, 04:00 am",0
"Feb 1, 05:00 am",0
"Feb 1, 06:00 am",0
"Feb 1, 07:00 am",-0
"Feb 1, 08:00 am",0.511928
"Feb 1, 09:00 am",0.777441
"Feb 1, 10:00 am",1.21876
"Feb 1, 11:00 am",5.06906
"Feb 1, 12:00 pm",8.80272
"Feb 1, 01:00 pm",11.2196
"Feb 1, 02:00 pm",12.4636
"Feb 1, 03:00 pm",12.3601
"Feb 1, 04:00 pm",10.6308
"Feb 1, 05:00 pm",5.06012
"Feb 1, 06:00 pm",0
"Feb 1, 07:00 pm",0
"Feb 1, 08:00 pm",0
"Feb 1, 09:00 pm",0
"Feb 1, 10:00 pm",0
"Feb 1, 11:00 pm",0
"Feb 2, 12:00 am",0
"Feb 2, 01:00 am",0
"Feb 2, 02:00 am",0
"Feb 2, 03:00 am",0
"Feb 2, 04:00 am",0
"Feb 2, 05:00 am",0
"Feb 2, 06:00 am",0
"Feb 2, 07:00 am",-0
"Feb 2, 08:00 am",0.576954
"Feb 2, 09:00 am",0.767958
"Feb 2, 10:00 am",1.30693
"Feb 2, 11:00 am",4.89143
"Feb 2, 12:00 pm",8.39546
"Feb 2, 01:00 pm",10.636
"Feb 2, 02:00 pm",11.8077
"Feb 2, 03:00 pm",11.7318
"Feb 2, 04:00 pm",9.90643
"Feb 2, 05:00 pm",4.73082
"Feb 2, 06:00 pm",0
"Feb 2, 07:00 pm",0
"Feb 2, 08:00 pm",0
"Feb 2, 09:00 pm",0
"Feb 2, 10:00 pm",0
"Feb 2, 11:00 pm",0
"Feb 3, 12:00 am",0
"Feb 3, 01:00 am",0
"Feb 3, 02:00 am",0
"Feb 3, 03:00 am",0
"Feb 3, 04:00 am",0
"Feb 3, 05:00 am",0
"Feb 3, 06:00 am",0
"Feb 3, 07:00 am",-0
"Feb 3, 08:00 am",0.542931
"Feb 3, 09:00 am",0.710506
"Feb 3, 10:00 am",1.27611
"Feb 3, 11:00 am",4.67411
"Feb 3, 12:00 pm",8.3416
"Feb 3, 01:00 pm",10.5813
"Feb 3, 02:00 pm",11.6919
"Feb 3, 03:00 pm",8.8108
"Feb 3, 04:00 pm",8.0637
"Feb 3, 05:00 pm",5.09419
"Feb 3, 06:00 pm",0
"Feb 3, 07:00 pm",0
"Feb 3, 08:00 pm",0
"Feb 3, 09:00 pm",0
"Feb 3, 10:00 pm",0
"Feb 3, 11:00 pm",0
"Feb 4, 12:00 am",0
"Feb 4, 01:00 am",0
"Feb 4, 02:00 am",0
"Feb 4, 03:00 am",0
"Feb 4, 04:00 am",0
"Feb 4, 05:00 am",0
"Feb 4, 06:00 am",0
"Feb 4, 07:00 am",-0
"Feb 4, 08:00 am",0.491938
"Feb 4, 09:00 am",0.751014
"Feb 4, 10:00 am",1.21409
"Feb 4, 11:00 am",4.82607
"Feb 4, 12:00 pm",8.23329
"Feb 4, 01:00 pm",10.3982
"Feb 4, 02:00 pm",11.5299
"Feb 4, 03:00 pm",11.436
"Feb 4, 04:00 pm",9.97598
"Feb 4, 05:00 pm",5.60099
"Feb 4, 06:00 pm",0
"Feb 4, 07:00 pm",0
"Feb 4, 08:00 pm",0
"Feb 4, 09:00 pm",0
"Feb 4, 10:00 pm",0
"Feb 4, 11:00 pm",0
"Feb 5, 12:00 am",0
"Feb 5, 01:00 am",0
"Feb 5, 02:00 am",0
"Feb 5, 03:00 am",0
"Feb 5, 04:00 am",0
"Feb 5, 05:00 am",0
"Feb 5, 06:00 am",0
"Feb 5, 07:00 am",-0
"Feb 5, 08:00 am",0.497741
"Feb 5, 09:00 am",0.750578
"Feb 5, 10:00 am",1.24895
"Feb 5, 11:00 am",4.8142
"Feb 5, 12:00 pm",8.20891
"Feb 5, 01:00 pm",10.397
"Feb 5, 02:00 pm",11.5036
"Feb 5, 03:00 pm",11.418
"Feb 5, 04:00 pm",10.1161
"Feb 5, 05:00 pm",5.61081
"Feb 5, 06:00 pm",0
"Feb 5, 07:00 pm",0
"Feb 5, 08:00 pm",0
"Feb 5, 09:00 pm",0
"Feb 5, 10:00 pm",0
"Feb 5, 11:00 pm",0
"Feb 6, 12:00 am",0
"Feb 6, 01:00 am",0
"Feb 6, 02:00 am",0
"Feb 6, 03:00 am",0
"Feb 6, 04:00 am",0
"Feb 6, 05:00 am",0
"Feb 6, 06:00 am",0
"Feb 6, 07:00 am",0.00914057
"Feb 6, 08:00 am",0.525845
"Feb 6, 09:00 am",0.703824
"Feb 6, 10:00 am",2.32819
"Feb 6, 11:00 am",4.95438
"Feb 6, 12:00 pm",8.40283
"Feb 6, 01:00 pm",9.3122
"Feb 6, 02:00 pm",11.7622
"Feb 6, 03:00 pm",9.9996
"Feb 6, 04:00 pm",7.52824
"Feb 6, 05:00 pm",3.12162
"Feb 6, 06:00 pm",0
"Feb 6, 07:00 pm",0
"Feb 6, 08:00 pm",0
"Feb 6, 09:00 pm",0
"Feb 6, 10:00 pm",0
"Feb 6, 11:00 pm",0
"Feb 7, 12:00 am",0
"Feb 7, 01:00 am",0
"Feb 7, 02:00 am",0
"Feb 7, 03:00 am",0
"Feb 7, 04:00 am",0
"Feb 7, 05:00 am",0
"Feb 7, 06:00 am",0
"Feb 7, 07:00 am",0.0295137
"Feb 7, 08:00 am",0.646459
"Feb 7, 09:00 am",0.869051
"Feb 7, 10:00 am",1.50373
"Feb 7, 11:00 am",5.12807
"Feb 7, 12:00 pm",8.65516
"Feb 7, 01:00 pm",10.8426
"Feb 7, 02:00 pm",12.0215
"Feb 7, 03:00 pm",11.8717
"Feb 7, 04:00 pm",9.65998
"Feb 7, 05:00 pm",4.19466
"Feb 7, 06:00 pm",0
"Feb 7, 07:00 pm",0
"Feb 7, 08:00 pm",0
"Feb 7, 09:00 pm",0
"Feb 7, 10:00 pm",0
"Feb 7, 11:00 pm",0
"Feb 8, 12:00 am",0
"Feb 8, 01:00 am",0
"Feb 8, 02:00 am",0
"Feb 8, 03:00 am",0
"Feb 8, 04:00 am",0
"Feb 8, 05:00 am",0
"Feb 8, 06:00 am",0
"Feb 8, 07:00 am",0.00286569
"Feb 8, 08:00 am",0.898966
"Feb 8, 09:00 am",1.83313
"Feb 8, 10:00 am",2.95229
"Feb 8, 11:00 am",5.49178
"Feb 8, 12:00 pm",9.17864
"Feb 8, 01:00 pm",9.00244
"Feb 8, 02:00 pm",9.9549
"Feb 8, 03:00 pm",12.4989
"Feb 8, 04:00 pm",10.45
"Feb 8, 05:00 pm",5.51615
"Feb 8, 06:00 pm",0
"Feb 8, 07:00 pm",0
"Feb 8, 08:00 pm",0
"Feb 8, 09:00 pm",0
"Feb 8, 10:00 pm",0
"Feb 8, 11:00 pm",0
"Feb 9, 12:00 am",0
"Feb 9, 01:00 am",0
"Feb 9, 02:00 am",0
"Feb 9, 03:00 am",0
"Feb 9, 04:00 am",0
"Feb 9, 05:00 am",0
"Feb 9, 06:00 am",0
"Feb 9, 07:00 am",0.054244
"Feb 9, 08:00 am",0.654251
"Feb 9, 09:00 am",0.938697
"Feb 9, 10:00 am",1.55882
"Feb 9, 11:00 am",5.51059
"Feb 9, 12:00 pm",9.16648
"Feb 9, 01:00 pm",11.5255
"Feb 9, 02:00 pm",12.8403
"Feb 9, 03:00 pm",12.9434
"Feb 9, 04:00 pm",11.2319
"Feb 9, 05:00 pm",6.34688
"Feb 9, 06:00 pm",0
"Feb 9, 07:00 pm",0
"Feb 9, 08:00 pm",0
"Feb 9, 09:00 pm",0
"Feb 9, 10:00 pm",0
"Feb 9, 11:00 pm",0
"Feb 10, 12:00 am",0
"Feb 10, 01:00 am",0
"Feb 10, 02:00 am",0
"Feb 10, 03:00 am",0
"Feb 10, 04:00 am",0
"Feb 10, 05:00 am",0
"Feb 10, 06:00 am",0
"Feb 10, 07:00 am",0.12339
"Feb 10, 08:00 am",0.605656
"Feb 10, 09:00 am",0.860551
"Feb 10, 10:00 am",1.59592
"Feb 10, 11:00 am",5.06136
"Feb 10, 12:00 pm",8.07909
"Feb 10, 01:00 pm",10.8649
"Feb 10, 02:00 pm",8.95144
"Feb 10, 03:00 pm",11.8765
"Feb 10, 04:00 pm",10.2306
"Feb 10, 05:00 pm",4.60058
"Feb 10, 06:00 pm",0
"Feb 10, 07:00 pm",0
"Feb 10, 08:00 pm",0
"Feb 10, 09:00 pm",0
"Feb 10, 10:00 pm",0
"Feb 10, 11:00 pm",0
"Feb 11, 12:00 am",0
"Feb 11, 01:00 am",0
"Feb 11, 02:00 am",0
"Feb 11, 03:00 am",0
"Feb 11, 04:00 am",0
"Feb 11, 05:00 am",0
"Feb 11, 06:00 am",0
"Feb 11, 07:00 am",0.0623783
"Feb 11, 08:00 am",0.654324
"Feb 11, 09:00 am",0.831462
"Feb 11, 10:00 am",1.60735
"Feb 11, 11:00 am",5.38612
"Feb 11, 12:00 pm",8.75959
"Feb 11, 01:00 pm",10.9282
"Feb 11, 02:00 pm",12.1412
"Feb 11, 03:00 pm",12.4492
"Feb 11, 04:00 pm",11.0299
"Feb 11, 05:00 pm",6.51097
"Feb 11, 06:00 pm",0
"Feb 11, 07:00 pm",0
"Feb 11, 08:00 pm",0
"Feb 11, 09:00 pm",0
"Feb 11, 10:00 pm",0
"Feb 11, 11:00 pm",0
"Feb 12, 12:00 am",0
"Feb 12, 01:00 am",0
"Feb 12, 02:00 am",0
"Feb 12, 03:00 am",0
"Feb 12, 04:00 am",0
"Feb 12, 05:00 am",0
"Feb 12, 06:00 am",0
"Feb 12, 07:00 am",0.0617261
"Feb 12, 08:00 am",0.604355
"Feb 12, 09:00 am",0.773347
"Feb 12, 10:00 am",1.58778
"Feb 12, 11:00 am",5.50719
"Feb 12, 12:00 pm",9.14266
"Feb 12, 01:00 pm",11.4812
"Feb 12, 02:00 pm",12.7365
"Feb 12, 03:00 pm",12.7671
"Feb 12, 04:00 pm",11.2532
"Feb 12, 05:00 pm",6.61092
"Feb 12, 06:00 pm",0
"Feb 12, 07:00 pm",0
"Feb 12, 08:00 pm",0
"Feb 12, 09:00 pm",0
"Feb 12, 10:00 pm",0
"Feb 12, 11:00 pm",0
"Feb 13, 12:00 am",0
"Feb 13, 01:00 am",0
"Feb 13, 02:00 am",0
"Feb 13, 03:00 am",0
"Feb 13, 04:00 am",0
"Feb 13, 05:00 am",0
"Feb 13, 06:00 am",0
"Feb 13, 07:00 am",0.0679937
"Feb 13, 08:00 am",0.630039
"Feb 13, 09:00 am",0.797094
"Feb 13, 10:00 am",1.64718
"Feb 13, 11:00 am",5.29891
"Feb 13, 12:00 pm",6.19531
"Feb 13, 01:00 pm",2.45452
"Feb 13, 02:00 pm",1.03105
"Feb 13, 03:00 pm",10.2876
"Feb 13, 04:00 pm",6.61047
"Feb 13, 05:00 pm",1.86727
"Feb 13, 06:00 pm",0
"Feb 13, 07:00 pm",0
"Feb 13, 08:00 pm",0
"Feb 13, 09:00 pm",0
"Feb 13, 10:00 pm",0
"Feb 13, 11:00 pm",0
"Feb 14, 12:00 am",0
"Feb 14, 01:00 am",0
"Feb 14, 02:00 am",0
"Feb 14, 03:00 am",0
"Feb 14, 04:00 am",0
"Feb 14, 05:00 am",0
"Feb 14, 06:00 am",0
"Feb 14, 07:00 am",0.0905657
"Feb 14, 08:00 am",0.424017
"Feb 14, 09:00 am",2.15703
"Feb 14, 10:00 am",3.10376
"Feb 14, 11:00 am",3.31953
"Feb 14, 12:00 pm",6.72643
"Feb 14, 01:00 pm",0.323959
"Feb 14, 02:00 pm",10.3018
"Feb 14, 03:00 pm",12.6476
"Feb 14, 04:00 pm",0.505552
"Feb 14, 05:00 pm",-0
"Feb 14, 06:00 pm",0
"Feb 14, 07:00 pm",0
"Feb 14, 08:00 pm",0
"Feb 14, 09:00 pm",0
"Feb 14, 10:00 pm",0
"Feb 14, 11:00 pm",0
"Feb 15, 12:00 am",0
"Feb 15, 01:00 am",0
"Feb 15, 02:00 am",0
"Feb 15, 03:00 am",0
"Feb 15, 04:00 am",0
"Feb 15, 05:00 am",0
"Feb 15, 06:00 am",0
"Feb 15, 07:00 am",0.0906247
"Feb 15, 08:00 am",0.67089
"Feb 15, 09:00 am",0.832076
"Feb 15, 10:00 am",1.7765
"Feb 15, 11:00 am",5.75646
"Feb 15, 12:00 pm",9.2363
"Feb 15, 01:00 pm",11.3358
"Feb 15, 02:00 pm",12.5092
"Feb 15, 03:00 pm",12.5541
"Feb 15, 04:00 pm",11.2033
"Feb 15, 05:00 pm",7.06573
"Feb 15, 06:00 pm",0
"Feb 15, 07:00 pm",0
"Feb 15, 08:00 pm",0
"Feb 15, 09:00 pm",0
"Feb 15, 10:00 pm",0
"Feb 15, 11:00 pm",0
"Feb 16, 12:00 am",0
"Feb 16, 01:00 am",0
"Feb 16, 02:00 am",0
"Feb 16, 03:00 am",0
"Feb 16, 04:00 am",0
"Feb 16, 05:00 am",0
"Feb 16, 06:00 am",0
"Feb 16, 07:00 am",0.0932758
"Feb 16, 08:00 am",1.17557
"Feb 16, 09:00 am",1.94943
"Feb 16, 10:00 am",3.01567
"Feb 16, 11:00 am",5.33314
"Feb 16, 12:00 pm",7.5494
"Feb 16, 01:00 pm",10.1128
"Feb 16, 02:00 pm",12.7951
"Feb 16, 03:00 pm",12.9954
"Feb 16, 04:00 pm",11.4925
"Feb 16, 05:00 pm",7.41141
"Feb 16, 06:00 pm",0
"Feb 16, 07:00 pm",0
"Feb 16, 08:00 pm",0
"Feb 16, 09:00 pm",0
"Feb 16, 10:00 pm",0
"Feb 16, 11:00 pm",0
"Feb 17, 12:00 am",0
"Feb 17, 01:00 am",0
"Feb 17, 02:00 am",0
"Feb 17, 03:00 am",0
"Feb 17, 04:00 am",0
"Feb 17, 05:00 am",0
"Feb 17, 06:00 am",0
"Feb 17, 07:00 am",0.10596
"Feb 17, 08:00 am",0.813375
"Feb 17, 09:00 am",1.79547
"Feb 17, 10:00 am",2.54591
"Feb 17, 11:00 am",5.4555
"Feb 17, 12:00 pm",6.47988
"Feb 17, 01:00 pm",6.17075
"Feb 17, 02:00 pm",6.06967
"Feb 17, 03:00 pm",4.51036
"Feb 17, 04:00 pm",5.68049
"Feb 17, 05:00 pm",1.42449
"Feb 17, 06:00 pm",0
"Feb 17, 07:00 pm",0
"Feb 17, 08:00 pm",0
"Feb 17, 09:00 pm",0
"Feb 17, 10:00 pm",0
"Feb 17, 11:00 pm",0
"Feb 18, 12:00 am",0
"Feb 18, 01:00 am",0
"Feb 18, 02:00 am",0
"Feb 18, 03:00 am",0
"Feb 18, 04:00 am",0
"Feb 18, 05:00 am",0
"Feb 18, 06:00 am",0
"Feb 18, 07:00 am",0.0985505
"Feb 18, 08:00 am",0.940909
"Feb 18, 09:00 am",0.87357
"Feb 18, 10:00 am",1.8058
"Feb 18, 11:00 am",5.72696
"Feb 18, 12:00 pm",9.03928
"Feb 18, 01:00 pm",11.2279
"Feb 18, 02:00 pm",12.4878
"Feb 18, 03:00 pm",12.7586
"Feb 18, 04:00 pm",11.328
"Feb 18, 05:00 pm",7.1911
"Feb 18, 06:00 pm",0
"Feb 18, 07:00 pm",0
"Feb 18, 08:00 pm",0
"Feb 18, 09:00 pm",0
"Feb 18, 10:00 pm",0
"Feb 18, 11:00 pm",0
"Feb 19, 12:00 am",0
"Feb 19, 01:00 am",0
"Feb 19, 02:00 am",0
"Feb 19, 03:00 am",0
"Feb 19, 04:00 am",0
"Feb 19, 05:00 am",0
"Feb 19, 06:00 am",0
"Feb 19, 07:00 am",0.113815
"Feb 19, 08:00 am",0.66166
"Feb 19, 09:00 am",0.812682
"Feb 19, 10:00 am",1.94088
"Feb 19, 11:00 am",5.88524
"Feb 19, 12:00 pm",9.20433
"Feb 19, 01:00 pm",11.1826
"Feb 19, 02:00 pm",12.4556
"Feb 19, 03:00 pm",12.5351
"Feb 19, 04:00 pm",11.0064
"Feb 19, 05:00 pm",6.44244
"Feb 19, 06:00 pm",0
"Feb 19, 07:00 pm",0
"Feb 19, 08:00 pm",0
"Feb 19, 09:00 pm",0
"Feb 19, 10:00 pm",0
"Feb 19, 11:00 pm",0
"Feb 20, 12:00 am",0
"Feb 20, 01:00 am",0
"Feb 20, 02:00 am",0
"Feb 20, 03:00 am",0
"Feb 20, 04:00 am",0
"Feb 20, 05:00 am",0
"Feb 20, 06:00 am",0
"Feb 20, 07:00 am",0.167273
"Feb 20, 08:00 am",0.754353
"Feb 20, 09:00 am",0.925078
"Feb 20, 10:00 am",1.97776
"Feb 20, 11:00 am",5.85191
"Feb 20, 12:00 pm",9.13604
"Feb 20, 01:00 pm",11.102
"Feb 20, 02:00 pm",12.2951
"Feb 20, 03:00 pm",12.6434
"Feb 20, 04:00 pm",11.3574
"Feb 20, 05:00 pm",7.39444
"Feb 20, 06:00 pm",0
"Feb 20, 07:00 pm",0
"Feb 20, 08:00 pm",0
"Feb 20, 09:00 pm",0
"Feb 20, 10:00 pm",0
"Feb 20, 11:00 pm",0
"Feb 21, 12:00 am",0
"Feb 21, 01:00 am",0
"Feb 21, 02:00 am",0
"Feb 21, 03:00 am",0
"Feb 21, 04:00 am",0
"Feb 21, 05:00 am",0
"Feb 21, 06:00 am",0
"Feb 21, 07:00 am",0.181411
"Feb 21, 08:00 am",0.700927
"Feb 21, 09:00 am",0.98362
"Feb 21, 10:00 am",2.04018
"Feb 21, 11:00 am",5.66684
"Feb 21, 12:00 pm",9.3741
"Feb 21, 01:00 pm",11.4644
"Feb 21, 02:00 pm",12.6639
"Feb 21, 03:00 pm",12.7684
"Feb 21, 04:00 pm",11.0728
"Feb 21, 05:00 pm",6.8073
"Feb 21, 06:00 pm",0
"Feb 21, 07:00 pm",0
"Feb 21, 08:00 pm",0
"Feb 21, 09:00 pm",0
"Feb 21, 10:00 pm",0
"Feb 21, 11:00 pm",0
"Feb 22, 12:00 am",0
"Feb 22, 01:00 am",0
"Feb 22, 02:00 am",0
"Feb 22, 03:00 am",0
"Feb 22, 04:00 am",0
"Feb 22, 05:00 am",0
"Feb 22, 06:00 am",0
"Feb 22, 07:00 am",0.244327
"Feb 22, 08:00 am",1.22313
"Feb 22, 09:00 am",1.16187
"Feb 22, 10:00 am",2.62926
"Feb 22, 11:00 am",5.58124
"Feb 22, 12:00 pm",8.05346
"Feb 22, 01:00 pm",9.02891
"Feb 22, 02:00 pm",9.11745
"Feb 22, 03:00 pm",9.42322
"Feb 22, 04:00 pm",4.68708
"Feb 22, 05:00 pm",6.02358
"Feb 22, 06:00 pm",0
"Feb 22, 07:00 pm",0
"Feb 22, 08:00 pm",0
"Feb 22, 09:00 pm",0
"Feb 22, 10:00 pm",0
"Feb 22, 11:00 pm",0
"Feb 23, 12:00 am",0
"Feb 23, 01:00 am",0
"Feb 23, 02:00 am",0
"Feb 23, 03:00 am",0
"Feb 23, 04:00 am",0
"Feb 23, 05:00 am",0
"Feb 23, 06:00 am",0
"Feb 23, 07:00 am",-0
"Feb 23, 08:00 am",1.13819
"Feb 23, 09:00 am",0.994187
"Feb 23, 10:00 am",3.0448
"Feb 23, 11:00 am",6.39761
"Feb 23, 12:00 pm",10.0732
"Feb 23, 01:00 pm",12.4661
"Feb 23, 02:00 pm",13.7606
"Feb 23, 03:00 pm",13.8364
"Feb 23, 04:00 pm",9.0234
"Feb 23, 05:00 pm",6.9959
"Feb 23, 06:00 pm",0
"Feb 23, 07:00 pm",0
"Feb 23, 08:00 pm",0
"Feb 23, 09:00 pm",0
"Feb 23, 10:00 pm",0
"Feb 23, 11:00 pm",0
"Feb 24, 12:00 am",0
"Feb 24, 01:00 am",0
"Feb 24, 02:00 am",0
"Feb 24, 03:00 am",0
"Feb 24, 04:00 am",0
"Feb 24, 05:00 am",0
"Feb 24, 06:00 am",0
"Feb 24, 07:00 am",0.270329
"Feb 24, 08:00 am",0.726194
"Feb 24, 09:00 am",0.938294
"Feb 24, 10:00 am",2.2713
"Feb 24, 11:00 am",6.43857
"Feb 24, 12:00 pm",9.99757
"Feb 24, 01:00 pm",10.5858
"Feb 24, 02:00 pm",13.3454
"Feb 24, 03:00 pm",10.8394
"Feb 24, 04:00 pm",8.26219
"Feb 24, 05:00 pm",3.2748
"Feb 24, 06:00 pm",0
"Feb 24, 07:00 pm",0
"Feb 24, 08:00 pm",0
"Feb 24, 09:00 pm",0
"Feb 24, 10:00 pm",0
"Feb 24, 11:00 pm",0
"Feb 25, 12:00 am",0
"Feb 25, 01:00 am",0
"Feb 25, 02:00 am",0
"Feb 25, 03:00 am",0
"Feb 25, 04:00 am",0
"Feb 25, 05:00 am",0
"Feb 25, 06:00 am",0
"Feb 25, 07:00 am",0.0700673
"Feb 25, 08:00 am",1.28902
"Feb 25, 09:00 am",2.10886
"Feb 25, 10:00 am",3.48728
"Feb 25, 11:00 am",5.90591
"Feb 25, 12:00 pm",7.81787
"Feb 25, 01:00 pm",7.24831
"Feb 25, 02:00 pm",7.26007
"Feb 25, 03:00 pm",4.83436
"Feb 25, 04:00 pm",2.10652
"Feb 25, 05:00 pm",0.384469
"Feb 25, 06:00 pm",0
"Feb 25, 07:00 pm",0
"Feb 25, 08:00 pm",0
"Feb 25, 09:00 pm",0
"Feb 25, 10:00 pm",0
"Feb 25, 11:00 pm",0
"Feb 26, 12:00 am",0
"Feb 26, 01:00 am",0
"Feb 26, 02:00 am",0
"Feb 26, 03:00 am",0
"Feb 26, 04:00 am",0
"Feb 26, 05:00 am",0
"Feb 26, 06:00 am",0
"Feb 26, 07:00 am",0.0601561
"Feb 26, 08:00 am",1.39507
"Feb 26, 09:00 am",0.972845
"Feb 26, 10:00 am",3.38448
"Feb 26, 11:00 am",5.86033
"Feb 26, 12:00 pm",8.57224
"Feb 26, 01:00 pm",3.54774
"Feb 26, 02:00 pm",6.97545
"Feb 26, 03:00 pm",13.2847
"Feb 26, 04:00 pm",11.7288
"Feb 26, 05:00 pm",7.90795
"Feb 26, 06:00 pm",0
"Feb 26, 07:00 pm",0
"Feb 26, 08:00 pm",0
"Feb 26, 09:00 pm",0
"Feb 26, 10:00 pm",0
"Feb 26, 11:00 pm",0
"Feb 27, 12:00 am",0
"Feb 27, 01:00 am",0
"Feb 27, 02:00 am",0
"Feb 27, 03:00 am",0
"Feb 27, 04:00 am",0
"Feb 27, 05:00 am",0
"Feb 27, 06:00 am",0
"Feb 27, 07:00 am",0.302206
"Feb 27, 08:00 am",0.718451
"Feb 27, 09:00 am",1.8179
"Feb 27, 10:00 am",2.98064
"Feb 27, 11:00 am",6.19428
"Feb 27, 12:00 pm",6.5645
"Feb 27, 01:00 pm",7.55314
"Feb 27, 02:00 pm",0.500001
"Feb 27, 03:00 pm",3.81853
"Feb 27, 04:00 pm",2.16154
"Feb 27, 05:00 pm",0.471303
"Feb 27, 06:00 pm",0
"Feb 27, 07:00 pm",0
"Feb 27, 08:00 pm",0
"Feb 27, 09:00 pm",0
"Feb 27, 10:00 pm",0
"Feb 27, 11:00 pm",0
"Feb 28, 12:00 am",0
"Feb 28, 01:00 am",0
"Feb 28, 02:00 am",0
"Feb 28, 03:00 am",0
"Feb 28, 04:00 am",0
"Feb 28, 05:00 am",0
"Feb 28, 06:00 am",0
"Feb 28, 07:00 am",0.352058
"Feb 28, 08:00 am",1.15548
"Feb 28, 09:00 am",1.6118
"Feb 28, 10:00 am",2.84446
"Feb 28, 11:00 am",2.01158
"Feb 28, 12:00 pm",6.54564
"Feb 28, 01:00 pm",0.754728
"Feb 28, 02:00 pm",0.684448
"Feb 28, 03:00 pm",6.02551
"Feb 28, 04:00 pm",1.4865
"Feb 28, 05:00 pm",8.16848
"Feb 28, 06:00 pm",0
"Feb 28, 07:00 pm",0
"Feb 28, 08:00 pm",0
"Feb 28, 09:00 pm",0
"Feb 28, 10:00 pm",0
"Feb 28, 11:00 pm",0
"Mar 1, 12:00 am",0
"Mar 1, 01:00 am",0
"Mar 1, 02:00 am",0
"Mar 1, 03:00 am",0
"Mar 1, 04:00 am",0
"Mar 1, 05:00 am",0
"Mar 1, 06:00 am",0
"Mar 1, 07:00 am",0.35172
"Mar 1, 08:00 am",1.40677
"Mar 1, 09:00 am",1.81771
"Mar 1, 10:00 am",2.83781
"Mar 1, 11:00 am",6.35529
"Mar 1, 12:00 pm",9.5946
"Mar 1, 01:00 pm",10.7061
"Mar 1, 02:00 pm",11.5693
"Mar 1, 03:00 pm",12.8948
"Mar 1, 04:00 pm",11.4228
"Mar 1, 05:00 pm",7.50134
"Mar 1, 06:00 pm",0
"Mar 1, 07:00 pm",0
"Mar 1, 08:00 pm",0
"Mar 1, 09:00 pm",0
"Mar 1, 10:00 pm",0
"Mar 1, 11:00 pm",0
"Mar 2, 12:00 am",0
"Mar 2, 01:00 am",0
"Mar 2, 02:00 am",0
"Mar 2, 03:00 am",0
"Mar 2, 04:00 am",0
"Mar 2, 05:00 am",0
"Mar 2, 06:00 am",0
"Mar 2, 07:00 am",0.357729
"Mar 2, 08:00 am",0.798229
"Mar 2, 09:00 am",0.940619
"Mar 2, 10:00 am",2.5423
"Mar 2, 11:00 am",5.99582
"Mar 2, 12:00 pm",8.31841
"Mar 2, 01:00 pm",11.6228
"Mar 2, 02:00 pm",12.7057
"Mar 2, 03:00 pm",12.8793
"Mar 2, 04:00 pm",11.6331
"Mar 2, 05:00 pm",2.23645
"Mar 2, 06:00 pm",0
"Mar 2, 07:00 pm",0
"Mar 2, 08:00 pm",0
"Mar 2, 09:00 pm",0
"Mar 2, 10:00 pm",0
"Mar 2, 11:00 pm",0
"Mar 3, 12:00 am",0
"Mar 3, 01:00 am",0
"Mar 3, 02:00 am",0
"Mar 3, 03:00 am",0
"Mar 3, 04:00 am",0
"Mar 3, 05:00 am",0
"Mar 3, 06:00 am",0
"Mar 3, 07:00 am",0.327022
"Mar 3, 08:00 am",0.728944
"Mar 3, 09:00 am",0.844948
"Mar 3, 10:00 am",2.53147
"Mar 3, 11:00 am",6.6345
"Mar 3, 12:00 pm",9.98218
"Mar 3, 01:00 pm",12.1321
"Mar 3, 02:00 pm",13.398
"Mar 3, 03:00 pm",13.6775
"Mar 3, 04:00 pm",10.9954
"Mar 3, 05:00 pm",8.41493
"Mar 3, 06:00 pm",0
"Mar 3, 07:00 pm",0
"Mar 3, 08:00 pm",0
"Mar 3, 09:00 pm",0
"Mar 3, 10:00 pm",0
"Mar 3, 11:00 pm",0
"Mar 4, 12:00 am",0
"Mar 4, 01:00 am",0
"Mar 4, 02:00 am",0
"Mar 4, 03:00 am",0
"Mar 4, 04:00 am",0
"Mar 4, 05:00 am",0
"Mar 4, 06:00 am",0
"Mar 4, 07:00 am",0.334406
"Mar 4, 08:00 am",1.31258
"Mar 4, 09:00 am",2.20256
"Mar 4, 10:00 am",3.56658
"Mar 4, 11:00 am",6.18202
"Mar 4, 12:00 pm",8.81414
"Mar 4, 01:00 pm",10.5707
"Mar 4, 02:00 pm",10.355
"Mar 4, 03:00 pm",10.2042
"Mar 4, 04:00 pm",12.1004
"Mar 4, 05:00 pm",8.14135
"Mar 4, 06:00 pm",0
"Mar 4, 07:00 pm",0
"Mar 4, 08:00 pm",0
"Mar 4, 09:00 pm",0
"Mar 4, 10:00 pm",0
"Mar 4, 11:00 pm",0
"Mar 5, 12:00 am",0
"Mar 5, 01:00 am",0
"Mar 5, 02:00 am",0
"Mar 5, 03:00 am",0
"Mar 5, 04:00 am",0
"Mar 5, 05:00 am",0
"Mar 5, 06:00 am",0
"Mar 5, 07:00 am",0.412674
"Mar 5, 08:00 am",0.746422
"Mar 5, 09:00 am",0.941067
"Mar 5, 10:00 am",2.71388
"Mar 5, 11:00 am",6.71844
"Mar 5, 12:00 pm",9.80345
"Mar 5, 01:00 pm",11.5464
"Mar 5, 02:00 pm",12.649
"Mar 5, 03:00 pm",12.9294
"Mar 5, 04:00 pm",11.9091
"Mar 5, 05:00 pm",8.68651
"Mar 5, 06:00 pm",0
"Mar 5, 07:00 pm",0
"Mar 5, 08:00 pm",0
"Mar 5, 09:00 pm",0
"Mar 5, 10:00 pm",0
"Mar 5, 11:00 pm",0
"Mar 6, 12:00 am",0
"Mar 6, 01:00 am",0
"Mar 6, 02:00 am",0
"Mar 6, 03:00 am",0
"Mar 6, 04:00 am",0
"Mar 6, 05:00 am",0
"Mar 6, 06:00 am",0
"Mar 6, 07:00 am",0.380272
"Mar 6, 08:00 am",0.620732
"Mar 6, 09:00 am",0.852848
"Mar 6, 10:00 am",2.72941
"Mar 6, 11:00 am",6.89934
"Mar 6, 12:00 pm",10.3071
"Mar 6, 01:00 pm",12.5483
"Mar 6, 02:00 pm",13.8236
"Mar 6, 03:00 pm",13.9571
"Mar 6, 04:00 pm",12.7607
"Mar 6, 05:00 pm",8.92961
"Mar 6, 06:00 pm",0
"Mar 6, 07:00 pm",0
"Mar 6, 08:00 pm",0
"Mar 6, 09:00 pm",0
"Mar 6, 10:00 pm",0
"Mar 6, 11:00 pm",0
"Mar 7, 12:00 am",0
"Mar 7, 01:00 am",0
"Mar 7, 02:00 am",0
"Mar 7, 03:00 am",0
"Mar 7, 04:00 am",0
"Mar 7, 05:00 am",0
"Mar 7, 06:00 am",0
"Mar 7, 07:00 am",0.466293
"Mar 7, 08:00 am",0.779523
"Mar 7, 09:00 am",0.626729
"Mar 7, 10:00 am",1.74945
"Mar 7, 11:00 am",0.546174
"Mar 7, 12:00 pm",3.44963
"Mar 7, 01:00 pm",1.87079
"Mar 7, 02:00 pm",2.54048
"Mar 7, 03:00 pm",6.62471
"Mar 7, 04:00 pm",4.26936
"Mar 7, 05:00 pm",-0
"Mar 7, 06:00 pm",0
"Mar 7, 07:00 pm",0
"Mar 7, 08:00 pm",0
"Mar 7, 09:00 pm",0
"Mar 7, 10:00 pm",0
"Mar 7, 11:00 pm",0
"Mar 8, 12:00 am",0
"Mar 8, 01:00 am",0
"Mar 8, 02:00 am",0
"Mar 8, 03:00 am",0
"Mar 8, 04:00 am",0
"Mar 8, 05:00 am",0
"Mar 8, 06:00 am",0
"Mar 8, 07:00 am",0.533643
"Mar 8, 08:00 am",0.850752
"Mar 8, 09:00 am",1.02766
"Mar 8, 10:00 am",3.00089
"Mar 8, 11:00 am",7.14195
"Mar 8, 12:00 pm",10.5318
"Mar 8, 01:00 pm",12.7173
"Mar 8, 02:00 pm",13.9301
"Mar 8, 03:00 pm",14.0083
"Mar 8, 04:00 pm",12.7575
"Mar 8, 05:00 pm",4.59736
"Mar 8, 06:00 pm",-0
"Mar 8, 07:00 pm",0
"Mar 8, 08:00 pm",0
"Mar 8, 09:00 pm",0
"Mar 8, 10:00 pm",0
"Mar 8, 11:00 pm",0
"Mar 9, 12:00 am",0
"Mar 9, 01:00 am",0
"Mar 9, 02:00 am",0
"Mar 9, 03:00 am",0
"Mar 9, 04:00 am",0
"Mar 9, 05:00 am",0
"Mar 9, 06:00 am",0
"Mar 9, 07:00 am",0.42385
"Mar 9, 08:00 am",0.754972
"Mar 9, 09:00 am",0.968689
"Mar 9, 10:00 am",2.95189
"Mar 9, 11:00 am",7.12518
"Mar 9, 12:00 pm",10.3933
"Mar 9, 01:00 pm",12.4943
"Mar 9, 02:00 pm",13.626
"Mar 9, 03:00 pm",13.7616
"Mar 9, 04:00 pm",12.5503
"Mar 9, 05:00 pm",8.93837
"Mar 9, 06:00 pm",-0
"Mar 9, 07:00 pm",0
"Mar 9, 08:00 pm",0
"Mar 9, 09:00 pm",0
"Mar 9, 10:00 pm",0
"Mar 9, 11:00 pm",0
"Mar 10, 12:00 am",0
"Mar 10, 01:00 am",0
"Mar 10, 02:00 am",0
"Mar 10, 03:00 am",0
"Mar 10, 04:00 am",0
"Mar 10, 05:00 am",0
"Mar 10, 06:00 am",0
"Mar 10, 07:00 am",0.559309
"Mar 10, 08:00 am",1.27706
"Mar 10, 09:00 am",0.952092
"Mar 10, 10:00 am",3.10917
"Mar 10, 11:00 am",7.21229
"Mar 10, 12:00 pm",10.3239
"Mar 10, 01:00 pm",12.3337
"Mar 10, 02:00 pm",13.4603
"Mar 10, 03:00 pm",13.6162
"Mar 10, 04:00 pm",12.2491
"Mar 10, 05:00 pm",8.77059
"Mar 10, 06:00 pm",-0
"Mar 10, 07:00 pm",0
"Mar 10, 08:00 pm",0
"Mar 10, 09:00 pm",0
"Mar 10, 10:00 pm",0
"Mar 10, 11:00 pm",0
"Mar 11, 12:00 am",0
"Mar 11, 01:00 am",0
"Mar 11, 02:00 am",0
"Mar 11, 03:00 am",0
"Mar 11, 04:00 am",0
"Mar 11, 05:00 am",0
"Mar 11, 06:00 am",0
"Mar 11, 07:00 am",0.550105
"Mar 11, 08:00 am",0.99282
"Mar 11, 09:00 am",1.09088
"Mar 11, 10:00 am",3.23164
"Mar 11, 11:00 am",7.35119
"Mar 11, 12:00 pm",10.6213
"Mar 11, 01:00 pm",12.9478
"Mar 11, 02:00 pm",14.1556
"Mar 11, 03:00 pm",14.0316
"Mar 11, 04:00 pm",10.678
"Mar 11, 05:00 pm",6.82806
"Mar 11, 06:00 pm",-0
"Mar 11, 07:00 pm",0
"Mar 11, 08:00 pm",0
"Mar 11, 09:00 pm",0
"Mar 11, 10:00 pm",0
"Mar 11, 11:00 pm",0
"Mar 12, 12:00 am",0
"Mar 12, 01:00 am",0
"Mar 12, 02:00 am",0
"Mar 12, 03:00 am",0
"Mar 12, 04:00 am",0
"Mar 12, 05:00 am",0
"Mar 12, 06:00 am",0
"Mar 12, 07:00 am",0.525833
"Mar 12, 08:00 am",0.850312
"Mar 12, 09:00 am",1.04923
"Mar 12, 10:00 am",3.21988
"Mar 12, 11:00 am",7.59162
"Mar 12, 12:00 pm",10.9778
"Mar 12, 01:00 pm",13.165
"Mar 12, 02:00 pm",14.3421
"Mar 12, 03:00 pm",14.3776
"Mar 12, 04:00 pm",12.8105
"Mar 12, 05:00 pm",8.78464
"Mar 12, 06:00 pm",-0
"Mar 12, 07:00 pm",0
"Mar 12, 08:00 pm",0
"Mar 12, 09:00 pm",0
"Mar 12, 10:00 pm",0
"Mar 12, 11:00 pm",0
"Mar 13, 12:00 am",0
"Mar 13, 01:00 am",0
"Mar 13, 02:00 am",0
"Mar 13, 03:00 am",0
"Mar 13, 04:00 am",0
"Mar 13, 05:00 am",0
"Mar 13, 06:00 am",0
"Mar 13, 07:00 am",0.525732
"Mar 13, 08:00 am",0.894639
"Mar 13, 09:00 am",0.961817
"Mar 13, 10:00 am",3.27345
"Mar 13, 11:00 am",7.37545
"Mar 13, 12:00 pm",10.5837
"Mar 13, 01:00 pm",12.6779
"Mar 13, 02:00 pm",13.8792
"Mar 13, 03:00 pm",14.0539
"Mar 13, 04:00 pm",12.6491
"Mar 13, 05:00 pm",9.0207
"Mar 13, 06:00 pm",-0
"Mar 13, 07:00 pm",0
"Mar 13, 08:00 pm",0
"Mar 13, 09:00 pm",0
"Mar 13, 10:00 pm",0
"Mar 13, 11:00 pm",0
"Mar 14, 12:00 am",0
"Mar 14, 01:00 am",0
"Mar 14, 02:00 am",0
"Mar 14, 03:00 am",0
"Mar 14, 04:00 am",0
"Mar 14, 05:00 am",0
"Mar 14, 06:00 am",0
"Mar 14, 07:00 am",0.557245
"Mar 14, 08:00 am",0.920489
"Mar 14, 09:00 am",1.10157
"Mar 14, 10:00 am",3.33975
"Mar 14, 11:00 am",7.04601
"Mar 14, 12:00 pm",9.71546
"Mar 14, 01:00 pm",11.3683
"Mar 14, 02:00 pm",9.40011
"Mar 14, 03:00 pm",10.8549
"Mar 14, 04:00 pm",0.464164
"Mar 14, 05:00 pm",2.89918
"Mar 14, 06:00 pm",-0
"Mar 14, 07:00 pm",0
"Mar 14, 08:00 pm",0
"Mar 14, 09:00 pm",0
"Mar 14, 10:00 pm",0
"Mar 14, 11:00 pm",0
"Mar 15, 12:00 am",0
"Mar 15, 01:00 am",0
"Mar 15, 02:00 am",0
"Mar 15, 03:00 am",0
"Mar 15, 04:00 am",0
"Mar 15, 05:00 am",0
"Mar 15, 06:00 am",0
"Mar 15, 07:00 am",0.677511
"Mar 15, 08:00 am",1.5314
"Mar 15, 09:00 am",2.62241
"Mar 15, 10:00 am",3.36257
"Mar 15, 11:00 am",7.82237
"Mar 15, 12:00 pm",11.0915
"Mar 15, 01:00 pm",13.2401
"Mar 15, 02:00 pm",14.4548
"Mar 15, 03:00 pm",14.3924
"Mar 15, 04:00 pm",12.8509
"Mar 15, 05:00 pm",8.67073
"Mar 15, 06:00 pm",-0
"Mar 15, 07:00 pm",0
"Mar 15, 08:00 pm",0
"Mar 15, 09:00 pm",0
"Mar 15, 10:00 pm",0
"Mar 15, 11:00 pm",0
"Mar 16, 12:00 am",0
"Mar 16, 01:00 am",0
"Mar 16, 02:00 am",0
"Mar 16, 03:00 am",0
"Mar 16, 04:00 am",0
"Mar 16, 05:00 am",0
"Mar 16, 06:00 am",0
"Mar 16, 07:00 am",-0
"Mar 16, 08:00 am",1.81614
"Mar 16, 09:00 am",0.231151
"Mar 16, 10:00 am",1.65236
"Mar 16, 11:00 am",3.45144
"Mar 16, 12:00 pm",3.59967
"Mar 16, 01:00 pm",5.54664
"Mar 16, 02:00 pm",6.4596
"Mar 16, 03:00 pm",11.5801
"Mar 16, 04:00 pm",0.149209
"Mar 16, 05:00 pm",0.468128
"Mar 16, 06:00 pm",-0
"Mar 16, 07:00 pm",0
"Mar 16, 08:00 pm",0
"Mar 16, 09:00 pm",0
"Mar 16, 10:00 pm",0
"Mar 16, 11:00 pm",0
"Mar 17, 12:00 am",0
"Mar 17, 01:00 am",0
"Mar 17, 02:00 am",0
"Mar 17, 03:00 am",0
"Mar 17, 04:00 am",0
"Mar 17, 05:00 am",0
"Mar 17, 06:00 am",0
"Mar 17, 07:00 am",0.782917
"Mar 17, 08:00 am",1.7558
"Mar 17, 09:00 am",1.40617
"Mar 17, 10:00 am",3.49542
"Mar 17, 11:00 am",2.44124
"Mar 17, 12:00 pm",4.08181
"Mar 17, 01:00 pm",6.68085
"Mar 17, 02:00 pm",10.6715
"Mar 17, 03:00 pm",13.3622
"Mar 17, 04:00 pm",8.05309
"Mar 17, 05:00 pm",2.44296
"Mar 17, 06:00 pm",-0
"Mar 17, 07:00 pm",0
"Mar 17, 08:00 pm",0
"Mar 17, 09:00 pm",0
"Mar 17, 10:00 pm",0
"Mar 17, 11:00 pm",0
"Mar 18, 12:00 am",0
"Mar 18, 01:00 am",0
"Mar 18, 02:00 am",0
"Mar 18, 03:00 am",0
"Mar 18, 04:00 am",0
"Mar 18, 05:00 am",0
"Mar 18, 06:00 am",0
"Mar 18, 07:00 am",0.626119
"Mar 18, 08:00 am",0.923384
"Mar 18, 09:00 am",1.12086
"Mar 18, 10:00 am",3.64937
"Mar 18, 11:00 am",7.83395
"Mar 18, 12:00 pm",10.9631
"Mar 18, 01:00 pm",13.0293
"Mar 18, 02:00 pm",14.0657
"Mar 18, 03:00 pm",14.2018
"Mar 18, 04:00 pm",12.7601
"Mar 18, 05:00 pm",8.87053
"Mar 18, 06:00 pm",-0
"Mar 18, 07:00 pm",0
"Mar 18, 08:00 pm",0
"Mar 18, 09:00 pm",0
"Mar 18, 10:00 pm",0
"Mar 18, 11:00 pm",0
"Mar 19, 12:00 am",0
"Mar 19, 01:00 am",0
"Mar 19, 02:00 am",0
"Mar 19, 03:00 am",0
"Mar 19, 04:00 am",0
"Mar 19, 05:00 am",0
"Mar 19, 06:00 am",0
"Mar 19, 07:00 am",0.590742
"Mar 19, 08:00 am",0.861912
"Mar 19, 09:00 am",1.026
"Mar 19, 10:00 am",3.72989
"Mar 19, 11:00 am",7.78557
"Mar 19, 12:00 pm",10.9143
"Mar 19, 01:00 pm",13.0093
"Mar 19, 02:00 pm",14.1659
"Mar 19, 03:00 pm",13.0009
"Mar 19, 04:00 pm",12.9129
"Mar 19, 05:00 pm",9.18066
"Mar 19, 06:00 pm",-0
"Mar 19, 07:00 pm",0
"Mar 19, 08:00 pm",0
"Mar 19, 09:00 pm",0
"Mar 19, 10:00 pm",0
"Mar 19, 11:00 pm",0
"Mar 20, 12:00 am",0
"Mar 20, 01:00 am",0
"Mar 20, 02:00 am",0
"Mar 20, 03:00 am",0
"Mar 20, 04:00 am",0
"Mar 20, 05:00 am",0
"Mar 20, 06:00 am",0
"Mar 20, 07:00 am",0.632545
"Mar 20, 08:00 am",1.29982
"Mar 20, 09:00 am",1.68903
"Mar 20, 10:00 am",3.70903
"Mar 20, 11:00 am",7.65066
"Mar 20, 12:00 pm",10.7167
"Mar 20, 01:00 pm",12.7737
"Mar 20, 02:00 pm",13.8157
"Mar 20, 03:00 pm",13.8188
"Mar 20, 04:00 pm",12.6708
"Mar 20, 05:00 pm",9.57355
"Mar 20, 06:00 pm",0.697908
"Mar 20, 07:00 pm",0
"Mar 20, 08:00 pm",0
"Mar 20, 09:00 pm",0
"Mar 20, 10:00 pm",0
"Mar 20, 11:00 pm",0
"Mar 21, 12:00 am",0
"Mar 21, 01:00 am",0
"Mar 21, 02:00 am",0
"Mar 21, 03:00 am",0
"Mar 21, 04:00 am",0
"Mar 21, 05:00 am",0
"Mar 21, 06:00 am",0
"Mar 21, 07:00 am",0.501837
"Mar 21, 08:00 am",0.793838
"Mar 21, 09:00 am",1.00596
"Mar 21, 10:00 am",3.80556
"Mar 21, 11:00 am",7.99065
"Mar 21, 12:00 pm",11.0636
"Mar 21, 01:00 pm",13.0678
"Mar 21, 02:00 pm",14.0685
"Mar 21, 03:00 pm",14.0362
"Mar 21, 04:00 pm",12.8105
"Mar 21, 05:00 pm",9.65792
"Mar 21, 06:00 pm",0.881541
"Mar 21, 07:00 pm",0
"Mar 21, 08:00 pm",0
"Mar 21, 09:00 pm",0
"Mar 21, 10:00 pm",0
"Mar 21, 11:00 pm",0
"Mar 22, 12:00 am",0
"Mar 22, 01:00 am",0
"Mar 22, 02:00 am",0
"Mar 22, 03:00 am",0
"Mar 22, 04:00 am",0
"Mar 22, 05:00 am",0
"Mar 22, 06:00 am",-0
"Mar 22, 07:00 am",0.54282
"Mar 22, 08:00 am",0.845384
"Mar 22, 09:00 am",1.05931
"Mar 22, 10:00 am",3.87772
"Mar 22, 11:00 am",7.84014
"Mar 22, 12:00 pm",10.7551
"Mar 22, 01:00 pm",12.8275
"Mar 22, 02:00 pm",14.0166
"Mar 22, 03:00 pm",14.2704
"Mar 22, 04:00 pm",12.9561
"Mar 22, 05:00 pm",9.61979
"Mar 22, 06:00 pm",0.671154
"Mar 22, 07:00 pm",0
"Mar 22, 08:00 pm",0
"Mar 22, 09:00 pm",0
"Mar 22, 10:00 pm",0
"Mar 22, 11:00 pm",0
"Mar 23, 12:00 am",0
"Mar 23, 01:00 am",0
"Mar 23, 02:00 am",0
"Mar 23, 03:00 am",0
"Mar 23, 04:00 am",0
"Mar 23, 05:00 am",0
"Mar 23, 06:00 am",-0
"Mar 23, 07:00 am",0.773103
"Mar 23, 08:00 am",1.13816
"Mar 23, 09:00 am",1.23801
"Mar 23, 10:00 am",4.03055
"Mar 23, 11:00 am",8.10142
"Mar 23, 12:00 pm",11.0761
"Mar 23, 01:00 pm",13.2094
"Mar 23, 02:00 pm",14.1548
"Mar 23, 03:00 pm",14.1435
"Mar 23, 04:00 pm",12.6417
"Mar 23, 05:00 pm",8.96206
"Mar 23, 06:00 pm",0.453206
"Mar 23, 07:00 pm",0
"Mar 23, 08:00 pm",0
"Mar 23, 09:00 pm",0
"Mar 23, 10:00 pm",0
"Mar 23, 11:00 pm",0
"Mar 24, 12:00 am",0
"Mar 24, 01:00 am",0
"Mar 24, 02:00 am",0
"Mar 24, 03:00 am",0
"Mar 24, 04:00 am",0
"Mar 24, 05:00 am",0
"Mar 24, 06:00 am",-0
"Mar 24, 07:00 am",0.640578
"Mar 24, 08:00 am",0.908089
"Mar 24, 09:00 am",1.08395
"Mar 24, 10:00 am",3.96466
"Mar 24, 11:00 am",7.81188
"Mar 24, 12:00 pm",10.6416
"Mar 24, 01:00 pm",12.563
"Mar 24, 02:00 pm",13.5928
"Mar 24, 03:00 pm",13.7248
"Mar 24, 04:00 pm",12.4897
"Mar 24, 05:00 pm",9.1163
"Mar 24, 06:00 pm",0.705303
"Mar 24, 07:00 pm",0
"Mar 24, 08:00 pm",0
"Mar 24, 09:00 pm",0
"Mar 24, 10:00 pm",0
"Mar 24, 11:00 pm",0
"Mar 25, 12:00 am",0
"Mar 25, 01:00 am",0
"Mar 25, 02:00 am",0
"Mar 25, 03:00 am",0
"Mar 25, 04:00 am",0
"Mar 25, 05:00 am",0
"Mar 25, 06:00 am",-0
"Mar 25, 07:00 am",0.679616
"Mar 25, 08:00 am",1.97519
"Mar 25, 09:00 am",1.66458
"Mar 25, 10:00 am",4.03862
"Mar 25, 11:00 am",7.64927
"Mar 25, 12:00 pm",11.0557
"Mar 25, 01:00 pm",11.6128
"Mar 25, 02:00 pm",9.56064
"Mar 25, 03:00 pm",4.0383
"Mar 25, 04:00 pm",1.88193
"Mar 25, 05:00 pm",3.1914
"Mar 25, 06:00 pm",-0
"Mar 25, 07:00 pm",0
"Mar 25, 08:00 pm",0
"Mar 25, 09:00 pm",0
"Mar 25, 10:00 pm",0
"Mar 25, 11:00 pm",0
"Mar 26, 12:00 am",0
"Mar 26, 01:00 am",0
"Mar 26, 02:00 am",0
"Mar 26, 03:00 am",0
"Mar 26, 04:00 am",0
"Mar 26, 05:00 am",0
"Mar 26, 06:00 am",-0
"Mar 26, 07:00 am",0.0542728
"Mar 26, 08:00 am",1.94833
"Mar 26, 09:00 am",2.8697
"Mar 26, 10:00 am",4.69063
"Mar 26, 11:00 am",6.72425
"Mar 26, 12:00 pm",6.59425
"Mar 26, 01:00 pm",5.1959
"Mar 26, 02:00 pm",2.89048
"Mar 26, 03:00 pm",7.666
"Mar 26, 04:00 pm",6.89776
"Mar 26, 05:00 pm",8.78562
"Mar 26, 06:00 pm",0.0743914
"Mar 26, 07:00 pm",0
"Mar 26, 08:00 pm",0
"Mar 26, 09:00 pm",0
"Mar 26, 10:00 pm",0
"Mar 26, 11:00 pm",0
"Mar 27, 12:00 am",0
"Mar 27, 01:00 am",0
"Mar 27, 02:00 am",0
"Mar 27, 03:00 am",0
"Mar 27, 04:00 am",0
"Mar 27, 05:00 am",0
"Mar 27, 06:00 am",-0
"Mar 27, 07:00 am",0.823181
"Mar 27, 08:00 am",1.07215
"Mar 27, 09:00 am",1.26826
"Mar 27, 10:00 am",4.35377
"Mar 27, 11:00 am",8.31498
"Mar 27, 12:00 pm",11.229
"Mar 27, 01:00 pm",13.1599
"Mar 27, 02:00 pm",14.2216
"Mar 27, 03:00 pm",14.1402
"Mar 27, 04:00 pm",12.7665
"Mar 27, 05:00 pm",9.2614
"Mar 27, 06:00 pm",0.640413
"Mar 27, 07:00 pm",0
"Mar 27, 08:00 pm",0
"Mar 27, 09:00 pm",0
"Mar 27, 10:00 pm",0
"Mar 27, 11:00 pm",0
"Mar 28, 12:00 am",0
"Mar 28, 01:00 am",0
"Mar 28, 02:00 am",0
"Mar 28, 03:00 am",0
"Mar 28, 04:00 am",0
"Mar 28, 05:00 am",0
"Mar 28, 06:00 am",-0
"Mar 28, 07:00 am",0.702199
"Mar 28, 08:00 am",0.910593
"Mar 28, 09:00 am",1.09706
"Mar 28, 10:00 am",4.40061
"Mar 28, 11:00 am",8.31738
"Mar 28, 12:00 pm",11.1302
"Mar 28, 01:00 pm",12.9054
"Mar 28, 02:00 pm",13.8904
"Mar 28, 03:00 pm",13.8781
"Mar 28, 04:00 pm",12.6789
"Mar 28, 05:00 pm",9.14532
"Mar 28, 06:00 pm",1.02244
"Mar 28, 07:00 pm",0
"Mar 28, 08:00 pm",0
"Mar 28, 09:00 pm",0
"Mar 28, 10:00 pm",0
"Mar 28, 11:00 pm",0
"Mar 29, 12:00 am",0
"Mar 29, 01:00 am",0
"Mar 29, 02:00 am",0
"Mar 29, 03:00 am",0
"Mar 29, 04:00 am",0
"Mar 29, 05:00 am",0
"Mar 29, 06:00 am",0.00868832
"Mar 29, 07:00 am",0.840014
"Mar 29, 08:00 am",1.18545
"Mar 29, 09:00 am",1.25694
"Mar 29, 10:00 am",4.4847
"Mar 29, 11:00 am",8.35588
"Mar 29, 12:00 pm",11.2414
"Mar 29, 01:00 pm",13.1656
"Mar 29, 02:00 pm",14.0836
"Mar 29, 03:00 pm",13.9578
"Mar 29, 04:00 pm",12.1556
"Mar 29, 05:00 pm",7.95715
"Mar 29, 06:00 pm",0.302439
"Mar 29, 07:00 pm",0
"Mar 29, 08:00 pm",0
"Mar 29, 09:00 pm",0
"Mar 29, 10:00 pm",0
"Mar 29, 11:00 pm",0
"Mar 30, 12:00 am",0
"Mar 30, 01:00 am",0
"Mar 30, 02:00 am",0
"Mar 30, 03:00 am",0
"Mar 30, 04:00 am",0
"Mar 30, 05:00 am",0
"Mar 30, 06:00 am",0.00820497
"Mar 30, 07:00 am",0.867353
"Mar 30, 08:00 am",1.11435
"Mar 30, 09:00 am",1.31368
"Mar 30, 10:00 am",4.48033
"Mar 30, 11:00 am",8.26114
"Mar 30, 12:00 pm",11.0005
"Mar 30, 01:00 pm",12.8579
"Mar 30, 02:00 pm",13.623
"Mar 30, 03:00 pm",13.6916
"Mar 30, 04:00 pm",12.4434
"Mar 30, 05:00 pm",8.54039
"Mar 30, 06:00 pm",0.797882
"Mar 30, 07:00 pm",0
"Mar 30, 08:00 pm",0
"Mar 30, 09:00 pm",0
"Mar 30, 10:00 pm",0
"Mar 30, 11:00 pm",0
"Mar 31, 12:00 am",0
"Mar 31, 01:00 am",0
"Mar 31, 02:00 am",0
"Mar 31, 03:00 am",0
"Mar 31, 04:00 am",0
"Mar 31, 05:00 am",0
"Mar 31, 06:00 am",0.027902
"Mar 31, 07:00 am",0.924268
"Mar 31, 08:00 am",1.25346
"Mar 31, 09:00 am",1.37303
"Mar 31, 10:00 am",4.8175
"Mar 31, 11:00 am",8.74943
"Mar 31, 12:00 pm",11.6362
"Mar 31, 01:00 pm",13.6283
"Mar 31, 02:00 pm",14.6777
"Mar 31, 03:00 pm",14.5056
"Mar 31, 04:00 pm",12.5876
"Mar 31, 05:00 pm",9.89044
"Mar 31, 06:00 pm",2.01985
"Mar 31, 07:00 pm",0
"Mar 31, 08:00 pm",0
"Mar 31, 09:00 pm",0
"Mar 31, 10:00 pm",0
"Mar 31, 11:00 pm",0
"Apr 1, 12:00 am",0
"Apr 1, 01:00 am",0
"Apr 1, 02:00 am",0
"Apr 1, 03:00 am",0
"Apr 1, 04:00 am",0
"Apr 1, 05:00 am",0
"Apr 1, 06:00 am",0.0543294
"Apr 1, 07:00 am",0.598285
"Apr 1, 08:00 am",0.834769
"Apr 1, 09:00 am",1.09778
"Apr 1, 10:00 am",4.38447
"Apr 1, 11:00 am",8.06586
"Apr 1, 12:00 pm",10.7966
"Apr 1, 01:00 pm",12.7577
"Apr 1, 02:00 pm",13.8881
"Apr 1, 03:00 pm",14.0791
"Apr 1, 04:00 pm",12.7031
"Apr 1, 05:00 pm",9.59168
"Apr 1, 06:00 pm",1.72216
"Apr 1, 07:00 pm",0
"Apr 1, 08:00 pm",0
"Apr 1, 09:00 pm",0
"Apr 1, 10:00 pm",0
"Apr 1, 11:00 pm",0
"Apr 2, 12:00 am",0
"Apr 2, 01:00 am",0
"Apr 2, 02:00 am",0
"Apr 2, 03:00 am",0
"Apr 2, 04:00 am",0
"Apr 2, 05:00 am",0
"Apr 2, 06:00 am",0.0498069
"Apr 2, 07:00 am",0.830186
"Apr 2, 08:00 am",1.00231
"Apr 2, 09:00 am",1.22148
"Apr 2, 10:00 am",4.4216
"Apr 2, 11:00 am",8.07785
"Apr 2, 12:00 pm",10.5704
"Apr 2, 01:00 pm",10.9485
"Apr 2, 02:00 pm",9.03774
"Apr 2, 03:00 pm",7.95895
"Apr 2, 04:00 pm",10.8551
"Apr 2, 05:00 pm",2.4632
"Apr 2, 06:00 pm",0.758867
"Apr 2, 07:00 pm",0
"Apr 2, 08:00 pm",0
"Apr 2, 09:00 pm",0
"Apr 2, 10:00 pm",0
"Apr 2, 11:00 pm",0
"Apr 3, 12:00 am",0
"Apr 3, 01:00 am",0
"Apr 3, 02:00 am",0
"Apr 3, 03:00 am",0
"Apr 3, 04:00 am",0
"Apr 3, 05:00 am",0
"Apr 3, 06:00 am",0.0973437
"Apr 3, 07:00 am",0.702567
"Apr 3, 08:00 am",0.967521
"Apr 3, 09:00 am",1.11935
"Apr 3, 10:00 am",4.65975
"Apr 3, 11:00 am",8.43491
"Apr 3, 12:00 pm",11.0351
"Apr 3, 01:00 pm",12.9671
"Apr 3, 02:00 pm",14.1678
"Apr 3, 03:00 pm",14.15
"Apr 3, 04:00 pm",12.4785
"Apr 3, 05:00 pm",8.37874
"Apr 3, 06:00 pm",0.693071
"Apr 3, 07:00 pm",0
"Apr 3, 08:00 pm",0
"Apr 3, 09:00 pm",0
"Apr 3, 10:00 pm",0
"Apr 3, 11:00 pm",0
"Apr 4, 12:00 am",0
"Apr 4, 01:00 am",0
"Apr 4, 02:00 am",0
"Apr 4, 03:00 am",0
"Apr 4, 04:00 am",0
"Apr 4, 05:00 am",0
"Apr 4, 06:00 am",0.104276
"Apr 4, 07:00 am",0.655053
"Apr 4, 08:00 am",0.830449
"Apr 4, 09:00 am",1.15654
"Apr 4, 10:00 am",4.96044
"Apr 4, 11:00 am",9.10722
"Apr 4, 12:00 pm",11.9415
"Apr 4, 01:00 pm",13.8674
"Apr 4, 02:00 pm",14.8488
"Apr 4, 03:00 pm",14.8551
"Apr 4, 04:00 pm",13.803
"Apr 4, 05:00 pm",10.7543
"Apr 4, 06:00 pm",2.74276
"Apr 4, 07:00 pm",0
"Apr 4, 08:00 pm",0
"Apr 4, 09:00 pm",0
"Apr 4, 10:00 pm",0
"Apr 4, 11:00 pm",0
"Apr 5, 12:00 am",0
"Apr 5, 01:00 am",0
"Apr 5, 02:00 am",0
"Apr 5, 03:00 am",0
"Apr 5, 04:00 am",0
"Apr 5, 05:00 am",0
"Apr 5, 06:00 am",0.101314
"Apr 5, 07:00 am",0.627682
"Apr 5, 08:00 am",0.830691
"Apr 5, 09:00 am",1.17983
"Apr 5, 10:00 am",4.71053
"Apr 5, 11:00 am",8.48625
"Apr 5, 12:00 pm",11.0603
"Apr 5, 01:00 pm",11.837
"Apr 5, 02:00 pm",12.2992
"Apr 5, 03:00 pm",13.3081
"Apr 5, 04:00 pm",9.77508
"Apr 5, 05:00 pm",6.79781
"Apr 5, 06:00 pm",0.364674
"Apr 5, 07:00 pm",0
"Apr 5, 08:00 pm",0
"Apr 5, 09:00 pm",0
"Apr 5, 10:00 pm",0
"Apr 5, 11:00 pm",0
"Apr 6, 12:00 am",0
"Apr 6, 01:00 am",0
"Apr 6, 02:00 am",0
"Apr 6, 03:00 am",0
"Apr 6, 04:00 am",0
"Apr 6, 05:00 am",0
"Apr 6, 06:00 am",0.0666483
"Apr 6, 07:00 am",0.344342
"Apr 6, 08:00 am",2.20337
"Apr 6, 09:00 am",3.09911
"Apr 6, 10:00 am",4.71724
"Apr 6, 11:00 am",2.59426
"Apr 6, 12:00 pm",2.12556
"Apr 6, 01:00 pm",4.41003
"Apr 6, 02:00 pm",0.239388
"Apr 6, 03:00 pm",7.75532
"Apr 6, 04:00 pm",0.403497
"Apr 6, 05:00 pm",3.47419
"Apr 6, 06:00 pm",0.0364634
"Apr 6, 07:00 pm",0
"Apr 6, 08:00 pm",0
"Apr 6, 09:00 pm",0
"Apr 6, 10:00 pm",0
"Apr 6, 11:00 pm",0
"Apr 7, 12:00 am",0
"Apr 7, 01:00 am",0
"Apr 7, 02:00 am",0
"Apr 7, 03:00 am",0
"Apr 7, 04:00 am",0
"Apr 7, 05:00 am",0
"Apr 7, 06:00 am",0.0314955
"Apr 7, 07:00 am",1.22915
"Apr 7, 08:00 am",0.950639
"Apr 7, 09:00 am",1.32106
"Apr 7, 10:00 am",5.01862
"Apr 7, 11:00 am",8.90219
"Apr 7, 12:00 pm",8.55053
"Apr 7, 01:00 pm",13.5843
"Apr 7, 02:00 pm",14.7944
"Apr 7, 03:00 pm",14.7606
"Apr 7, 04:00 pm",13.4435
"Apr 7, 05:00 pm",9.96691
"Apr 7, 06:00 pm",1.93303
"Apr 7, 07:00 pm",0
"Apr 7, 08:00 pm",0
"Apr 7, 09:00 pm",0
"Apr 7, 10:00 pm",0
"Apr 7, 11:00 pm",0
"Apr 8, 12:00 am",0
"Apr 8, 01:00 am",0
"Apr 8, 02:00 am",0
"Apr 8, 03:00 am",0
"Apr 8, 04:00 am",0
"Apr 8, 05:00 am",0
"Apr 8, 06:00 am",0.139372
"Apr 8, 07:00 am",1.30153
"Apr 8, 08:00 am",2.10889
"Apr 8, 09:00 am",3.2499
"Apr 8, 10:00 am",5.14149
"Apr 8, 11:00 am",7.86019
"Apr 8, 12:00 pm",10.4417
"Apr 8, 01:00 pm",13.3634
"Apr 8, 02:00 pm",11.9959
"Apr 8, 03:00 pm",10.4557
"Apr 8, 04:00 pm",8.88397
"Apr 8, 05:00 pm",2.2475
"Apr 8, 06:00 pm",1.32954
"Apr 8, 07:00 pm",0
"Apr 8, 08:00 pm",0
"Apr 8, 09:00 pm",0
"Apr 8, 10:00 pm",0
"Apr 8, 11:00 pm",0
"Apr 9, 12:00 am",0
"Apr 9, 01:00 am",0
"Apr 9, 02:00 am",0
"Apr 9, 03:00 am",0
"Apr 9, 04:00 am",0
"Apr 9, 05:00 am",0
"Apr 9, 06:00 am",-0
"Apr 9, 07:00 am",0.803431
"Apr 9, 08:00 am",0.142039
"Apr 9, 09:00 am",1.45684
"Apr 9, 10:00 am",3.69998
"Apr 9, 11:00 am",4.12006
"Apr 9, 12:00 pm",5.50071
"Apr 9, 01:00 pm",5.59347
"Apr 9, 02:00 pm",9.48613
"Apr 9, 03:00 pm",15.1609
"Apr 9, 04:00 pm",13.8504
"Apr 9, 05:00 pm",10.4517
"Apr 9, 06:00 pm",-0
"Apr 9, 07:00 pm",0
"Apr 9, 08:00 pm",0
"Apr 9, 09:00 pm",0
"Apr 9, 10:00 pm",0
"Apr 9, 11:00 pm",0
"Apr 10, 12:00 am",0
"Apr 10, 01:00 am",0
"Apr 10, 02:00 am",0
"Apr 10, 03:00 am",0
"Apr 10, 04:00 am",0
"Apr 10, 05:00 am",0
"Apr 10, 06:00 am",0.230423
"Apr 10, 07:00 am",0.753219
"Apr 10, 08:00 am",1.02054
"Apr 10, 09:00 am",1.47391
"Apr 10, 10:00 am",5.4762
"Apr 10, 11:00 am",9.29064
"Apr 10, 12:00 pm",12.0838
"Apr 10, 01:00 pm",14.02
"Apr 10, 02:00 pm",14.9495
"Apr 10, 03:00 pm",14.8093
"Apr 10, 04:00 pm",13.3896
"Apr 10, 05:00 pm",9.8081
"Apr 10, 06:00 pm",2.42023
"Apr 10, 07:00 pm",0
"Apr 10, 08:00 pm",0
"Apr 10, 09:00 pm",0
"Apr 10, 10:00 pm",0
"Apr 10, 11:00 pm",0
"Apr 11, 12:00 am",0
"Apr 11, 01:00 am",0
"Apr 11, 02:00 am",0
"Apr 11, 03:00 am",0
"Apr 11, 04:00 am",0
"Apr 11, 05:00 am",0
"Apr 11, 06:00 am",0.248712
"Apr 11, 07:00 am",0.738827
"Apr 11, 08:00 am",0.985711
"Apr 11, 09:00 am",1.44312
"Apr 11, 10:00 am",5.44523
"Apr 11, 11:00 am",9.21979
"Apr 11, 12:00 pm",10.937
"Apr 11, 01:00 pm",13.5846
"Apr 11, 02:00 pm",14.7021
"Apr 11, 03:00 pm",14.9965
"Apr 11, 04:00 pm",13.8435
"Apr 11, 05:00 pm",10.836
"Apr 11, 06:00 pm",3.46088
"Apr 11, 07:00 pm",0
"Apr 11, 08:00 pm",0
"Apr 11, 09:00 pm",0
"Apr 11, 10:00 pm",0
"Apr 11, 11:00 pm",0
"Apr 12, 12:00 am",0
"Apr 12, 01:00 am",0
"Apr 12, 02:00 am",0
"Apr 12, 03:00 am",0
"Apr 12, 04:00 am",0
"Apr 12, 05:00 am",0
"Apr 12, 06:00 am",-0
"Apr 12, 07:00 am",0.642618
"Apr 12, 08:00 am",1.02738
"Apr 12, 09:00 am",1.46305
"Apr 12, 10:00 am",5.36859
"Apr 12, 11:00 am",8.99204
"Apr 12, 12:00 pm",11.2834
"Apr 12, 01:00 pm",12.8073
"Apr 12, 02:00 pm",13.6849
"Apr 12, 03:00 pm",13.5507
"Apr 12, 04:00 pm",12.239
"Apr 12, 05:00 pm",9.23564
"Apr 12, 06:00 pm",2.60669
"Apr 12, 07:00 pm",0
"Apr 12, 08:00 pm",0
"Apr 12, 09:00 pm",0
"Apr 12, 10:00 pm",0
"Apr 12, 11:00 pm",0
"Apr 13, 12:00 am",0
"Apr 13, 01:00 am",0
"Apr 13, 02:00 am",0
"Apr 13, 03:00 am",0
"Apr 13, 04:00 am",0
"Apr 13, 05:00 am",0
"Apr 13, 06:00 am",0.289537
"Apr 13, 07:00 am",0.950362
"Apr 13, 08:00 am",1.11467
"Apr 13, 09:00 am",1.75138
"Apr 13, 10:00 am",5.40734
"Apr 13, 11:00 am",9.05932
"Apr 13, 12:00 pm",11.5773
"Apr 13, 01:00 pm",13.5555
"Apr 13, 02:00 pm",14.979
"Apr 13, 03:00 pm",15.0162
"Apr 13, 04:00 pm",13.5547
"Apr 13, 05:00 pm",9.6312
"Apr 13, 06:00 pm",2.18953
"Apr 13, 07:00 pm",0
"Apr 13, 08:00 pm",0
"Apr 13, 09:00 pm",0
"Apr 13, 10:00 pm",0
"Apr 13, 11:00 pm",0
"Apr 14, 12:00 am",0
"Apr 14, 01:00 am",0
"Apr 14, 02:00 am",0
"Apr 14, 03:00 am",0
"Apr 14, 04:00 am",0
"Apr 14, 05:00 am",0
"Apr 14, 06:00 am",0.358435
"Apr 14, 07:00 am",1.0738
"Apr 14, 08:00 am",1.16243
"Apr 14, 09:00 am",1.7996
"Apr 14, 10:00 am",5.7042
"Apr 14, 11:00 am",9.59841
"Apr 14, 12:00 pm",12.3701
"Apr 14, 01:00 pm",14.3021
"Apr 14, 02:00 pm",15.2189
"Apr 14, 03:00 pm",15.0086
"Apr 14, 04:00 pm",13.5222
"Apr 14, 05:00 pm",9.88388
"Apr 14, 06:00 pm",2.75573
"Apr 14, 07:00 pm",0
"Apr 14, 08:00 pm",0
"Apr 14, 09:00 pm",0
"Apr 14, 10:00 pm",0
"Apr 14, 11:00 pm",0
"Apr 15, 12:00 am",0
"Apr 15, 01:00 am",0
"Apr 15, 02:00 am",0
"Apr 15, 03:00 am",0
"Apr 15, 04:00 am",0
"Apr 15, 05:00 am",0
"Apr 15, 06:00 am",0.346333
"Apr 15, 07:00 am",0.939635
"Apr 15, 08:00 am",1.07038
"Apr 15, 09:00 am",1.75465
"Apr 15, 10:00 am",5.67308
"Apr 15, 11:00 am",9.3856
"Apr 15, 12:00 pm",11.972
"Apr 15, 01:00 pm",13.7358
"Apr 15, 02:00 pm",14.6577
"Apr 15, 03:00 pm",14.6219
"Apr 15, 04:00 pm",13.2763
"Apr 15, 05:00 pm",10.1351
"Apr 15, 06:00 pm",3.55589
"Apr 15, 07:00 pm",0
"Apr 15, 08:00 pm",0
"Apr 15, 09:00 pm",0
"Apr 15, 10:00 pm",0
"Apr 15, 11:00 pm",0
"Apr 16, 12:00 am",0
"Apr 16, 01:00 am",0
"Apr 16, 02:00 am",0
"Apr 16, 03:00 am",0
"Apr 16, 04:00 am",0
"Apr 16, 05:00 am",0
"Apr 16, 06:00 am",0.346693
"Apr 16, 07:00 am",0.765202
"Apr 16, 08:00 am",0.958878
"Apr 16, 09:00 am",1.69386
"Apr 16, 10:00 am",5.48115
"Apr 16, 11:00 am",9.13525
"Apr 16, 12:00 pm",11.6774
"Apr 16, 01:00 pm",13.4426
"Apr 16, 02:00 pm",14.1985
"Apr 16, 03:00 pm",14.2405
"Apr 16, 04:00 pm",12.8691
"Apr 16, 05:00 pm",9.93993
"Apr 16, 06:00 pm",3.62956
"Apr 16, 07:00 pm",0
"Apr 16, 08:00 pm",0
"Apr 16, 09:00 pm",0
"Apr 16, 10:00 pm",0
"Apr 16, 11:00 pm",0
"Apr 17, 12:00 am",0
"Apr 17, 01:00 am",0
"Apr 17, 02:00 am",0
"Apr 17, 03:00 am",0
"Apr 17, 04:00 am",0
"Apr 17, 05:00 am",0
"Apr 17, 06:00 am",0.331007
"Apr 17, 07:00 am",0.844868
"Apr 17, 08:00 am",0.970754
"Apr 17, 09:00 am",1.72064
"Apr 17, 10:00 am",5.37658
"Apr 17, 11:00 am",8.92753
"Apr 17, 12:00 pm",11.4647
"Apr 17, 01:00 pm",13.2375
"Apr 17, 02:00 pm",14.5819
"Apr 17, 03:00 pm",14.332
"Apr 17, 04:00 pm",12.6602
"Apr 17, 05:00 pm",8.80829
"Apr 17, 06:00 pm",2.05196
"Apr 17, 07:00 pm",0
"Apr 17, 08:00 pm",0
"Apr 17, 09:00 pm",0
"Apr 17, 10:00 pm",0
"Apr 17, 11:00 pm",0
"Apr 18, 12:00 am",0
"Apr 18, 01:00 am",0
"Apr 18, 02:00 am",0
"Apr 18, 03:00 am",0
"Apr 18, 04:00 am",0
"Apr 18, 05:00 am",0
"Apr 18, 06:00 am",0.378896
"Apr 18, 07:00 am",1.09881
"Apr 18, 08:00 am",0.966528
"Apr 18, 09:00 am",1.73321
"Apr 18, 10:00 am",5.54932
"Apr 18, 11:00 am",9.08595
"Apr 18, 12:00 pm",11.5959
"Apr 18, 01:00 pm",13.2836
"Apr 18, 02:00 pm",14.169
"Apr 18, 03:00 pm",14.3418
"Apr 18, 04:00 pm",7.79776
"Apr 18, 05:00 pm",4.47031
"Apr 18, 06:00 pm",-0
"Apr 18, 07:00 pm",0
"Apr 18, 08:00 pm",0
"Apr 18, 09:00 pm",0
"Apr 18, 10:00 pm",0
"Apr 18, 11:00 pm",0
"Apr 19, 12:00 am",0
"Apr 19, 01:00 am",0
"Apr 19, 02:00 am",0
"Apr 19, 03:00 am",0
"Apr 19, 04:00 am",0
"Apr 19, 05:00 am",0
"Apr 19, 06:00 am",0.427853
"Apr 19, 07:00 am",1.03817
"Apr 19, 08:00 am",1.20304
"Apr 19, 09:00 am",1.99306
"Apr 19, 10:00 am",5.58314
"Apr 19, 11:00 am",8.64551
"Apr 19, 12:00 pm",11.3276
"Apr 19, 01:00 pm",12.8507
"Apr 19, 02:00 pm",12.6786
"Apr 19, 03:00 pm",12.8567
"Apr 19, 04:00 pm",8.18958
"Apr 19, 05:00 pm",7.2272
"Apr 19, 06:00 pm",0.90341
"Apr 19, 07:00 pm",0
"Apr 19, 08:00 pm",0
"Apr 19, 09:00 pm",0
"Apr 19, 10:00 pm",0
"Apr 19, 11:00 pm",0
"Apr 20, 12:00 am",0
"Apr 20, 01:00 am",0
"Apr 20, 02:00 am",0
"Apr 20, 03:00 am",0
"Apr 20, 04:00 am",0
"Apr 20, 05:00 am",0
"Apr 20, 06:00 am",0.441836
"Apr 20, 07:00 am",0.998342
"Apr 20, 08:00 am",1.09845
"Apr 20, 09:00 am",1.94569
"Apr 20, 10:00 am",5.49802
"Apr 20, 11:00 am",8.7777
"Apr 20, 12:00 pm",10.3679
"Apr 20, 01:00 pm",11.2683
"Apr 20, 02:00 pm",13.6076
"Apr 20, 03:00 pm",13.8613
"Apr 20, 04:00 pm",12.8942
"Apr 20, 05:00 pm",10.2823
"Apr 20, 06:00 pm",4.14844
"Apr 20, 07:00 pm",0
"Apr 20, 08:00 pm",0
"Apr 20, 09:00 pm",0
"Apr 20, 10:00 pm",0
"Apr 20, 11:00 pm",0
"Apr 21, 12:00 am",0
"Apr 21, 01:00 am",0
"Apr 21, 02:00 am",0
"Apr 21, 03:00 am",0
"Apr 21, 04:00 am",0
"Apr 21, 05:00 am",0
"Apr 21, 06:00 am",0.412793
"Apr 21, 07:00 am",0.827844
"Apr 21, 08:00 am",1.06469
"Apr 21, 09:00 am",1.88123
"Apr 21, 10:00 am",5.80386
"Apr 21, 11:00 am",9.37989
"Apr 21, 12:00 pm",11.994
"Apr 21, 01:00 pm",13.8313
"Apr 21, 02:00 pm",14.7901
"Apr 21, 03:00 pm",14.6427
"Apr 21, 04:00 pm",13.2853
"Apr 21, 05:00 pm",9.95264
"Apr 21, 06:00 pm",3.49801
"Apr 21, 07:00 pm",0
"Apr 21, 08:00 pm",0
"Apr 21, 09:00 pm",0
"Apr 21, 10:00 pm",0
"Apr 21, 11:00 pm",0
"Apr 22, 12:00 am",0
"Apr 22, 01:00 am",0
"Apr 22, 02:00 am",0
"Apr 22, 03:00 am",0
"Apr 22, 04:00 am",0
"Apr 22, 05:00 am",0
"Apr 22, 06:00 am",0.413545
"Apr 22, 07:00 am",0.866364
"Apr 22, 08:00 am",1.07747
"Apr 22, 09:00 am",1.91406
"Apr 22, 10:00 am",5.79871
"Apr 22, 11:00 am",9.27552
"Apr 22, 12:00 pm",11.7465
"Apr 22, 01:00 pm",13.4693
"Apr 22, 02:00 pm",14.3381
"Apr 22, 03:00 pm",14.4178
"Apr 22, 04:00 pm",13.2413
"Apr 22, 05:00 pm",10.2512
"Apr 22, 06:00 pm",4.29091
"Apr 22, 07:00 pm",0
"Apr 22, 08:00 pm",0
"Apr 22, 09:00 pm",0
"Apr 22, 10:00 pm",0
"Apr 22, 11:00 pm",0
"Apr 23, 12:00 am",0
"Apr 23, 01:00 am",0
"Apr 23, 02:00 am",0
"Apr 23, 03:00 am",0
"Apr 23, 04:00 am",0
"Apr 23, 05:00 am",0
"Apr 23, 06:00 am",0.242264
"Apr 23, 07:00 am",0.852732
"Apr 23, 08:00 am",2.15343
"Apr 23, 09:00 am",2.15
"Apr 23, 10:00 am",5.75269
"Apr 23, 11:00 am",9.0774
"Apr 23, 12:00 pm",10.9592
"Apr 23, 01:00 pm",10.8281
"Apr 23, 02:00 pm",11.5524
"Apr 23, 03:00 pm",11.3827
"Apr 23, 04:00 pm",8.71599
"Apr 23, 05:00 pm",7.42328
"Apr 23, 06:00 pm",0.835963
"Apr 23, 07:00 pm",0
"Apr 23, 08:00 pm",0
"Apr 23, 09:00 pm",0
"Apr 23, 10:00 pm",0
"Apr 23, 11:00 pm",0
"Apr 24, 12:00 am",0
"Apr 24, 01:00 am",0
"Apr 24, 02:00 am",0
"Apr 24, 03:00 am",0
"Apr 24, 04:00 am",0
"Apr 24, 05:00 am",0
"Apr 24, 06:00 am",0.521044
"Apr 24, 07:00 am",1.12792
"Apr 24, 08:00 am",1.31293
"Apr 24, 09:00 am",2.16851
"Apr 24, 10:00 am",5.96871
"Apr 24, 11:00 am",9.37924
"Apr 24, 12:00 pm",11.9172
"Apr 24, 01:00 pm",13.7843
"Apr 24, 02:00 pm",14.8007
"Apr 24, 03:00 pm",12.8771
"Apr 24, 04:00 pm",11.9589
"Apr 24, 05:00 pm",8.07397
"Apr 24, 06:00 pm",2.08538
"Apr 24, 07:00 pm",0
"Apr 24, 08:00 pm",0
"Apr 24, 09:00 pm",0
"Apr 24, 10:00 pm",0
"Apr 24, 11:00 pm",0
"Apr 25, 12:00 am",0
"Apr 25, 01:00 am",0
"Apr 25, 02:00 am",0
"Apr 25, 03:00 am",0
"Apr 25, 04:00 am",0
"Apr 25, 05:00 am",0
"Apr 25, 06:00 am",0.581453
"Apr 25, 07:00 am",1.18377
"Apr 25, 08:00 am",1.30031
"Apr 25, 09:00 am",2.18931
"Apr 25, 10:00 am",5.96384
"Apr 25, 11:00 am",9.37
"Apr 25, 12:00 pm",11.7916
"Apr 25, 01:00 pm",13.4412
"Apr 25, 02:00 pm",14.2825
"Apr 25, 03:00 pm",14.2521
"Apr 25, 04:00 pm",12.6905
"Apr 25, 05:00 pm",9.11696
"Apr 25, 06:00 pm",2.78232
"Apr 25, 07:00 pm",0
"Apr 25, 08:00 pm",0
"Apr 25, 09:00 pm",0
"Apr 25, 10:00 pm",0
"Apr 25, 11:00 pm",0
"Apr 26, 12:00 am",0
"Apr 26, 01:00 am",0
"Apr 26, 02:00 am",0
"Apr 26, 03:00 am",0
"Apr 26, 04:00 am",0
"Apr 26, 05:00 am",0
"Apr 26, 06:00 am",0.511806
"Apr 26, 07:00 am",0.971332
"Apr 26, 08:00 am",1.14145
"Apr 26, 09:00 am",2.10347
"Apr 26, 10:00 am",6.21188
"Apr 26, 11:00 am",9.80903
"Apr 26, 12:00 pm",12.429
"Apr 26, 01:00 pm",14.2926
"Apr 26, 02:00 pm",15.1761
"Apr 26, 03:00 pm",15.1533
"Apr 26, 04:00 pm",13.791
"Apr 26, 05:00 pm",10.7679
"Apr 26, 06:00 pm",4.68997
"Apr 26, 07:00 pm",0
"Apr 26, 08:00 pm",0
"Apr 26, 09:00 pm",0
"Apr 26, 10:00 pm",0
"Apr 26, 11:00 pm",0
"Apr 27, 12:00 am",0
"Apr 27, 01:00 am",0
"Apr 27, 02:00 am",0
"Apr 27, 03:00 am",0
"Apr 27, 04:00 am",0
"Apr 27, 05:00 am",0
"Apr 27, 06:00 am",0.392585
"Apr 27, 07:00 am",0.726551
"Apr 27, 08:00 am",0.961063
"Apr 27, 09:00 am",2.06283
"Apr 27, 10:00 am",6.13921
"Apr 27, 11:00 am",9.78971
"Apr 27, 12:00 pm",12.2348
"Apr 27, 01:00 pm",13.8469
"Apr 27, 02:00 pm",14.6984
"Apr 27, 03:00 pm",14.7887
"Apr 27, 04:00 pm",13.9283
"Apr 27, 05:00 pm",11.2058
"Apr 27, 06:00 pm",5.75262
"Apr 27, 07:00 pm",0
"Apr 27, 08:00 pm",0
"Apr 27, 09:00 pm",0
"Apr 27, 10:00 pm",0
"Apr 27, 11:00 pm",0
"Apr 28, 12:00 am",0
"Apr 28, 01:00 am",0
"Apr 28, 02:00 am",0
"Apr 28, 03:00 am",0
"Apr 28, 04:00 am",0
"Apr 28, 05:00 am",0
"Apr 28, 06:00 am",0.42334
"Apr 28, 07:00 am",0.795077
"Apr 28, 08:00 am",0.908173
"Apr 28, 09:00 am",2.16825
"Apr 28, 10:00 am",6.08144
"Apr 28, 11:00 am",9.53583
"Apr 28, 12:00 pm",11.9111
"Apr 28, 01:00 pm",13.38
"Apr 28, 02:00 pm",13.9254
"Apr 28, 03:00 pm",13.7137
"Apr 28, 04:00 pm",12.3713
"Apr 28, 05:00 pm",9.66397
"Apr 28, 06:00 pm",4.34538
"Apr 28, 07:00 pm",0
"Apr 28, 08:00 pm",0
"Apr 28, 09:00 pm",0
"Apr 28, 10:00 pm",0
"Apr 28, 11:00 pm",0
"Apr 29, 12:00 am",0
"Apr 29, 01:00 am",0
"Apr 29, 02:00 am",0
"Apr 29, 03:00 am",0
"Apr 29, 04:00 am",0
"Apr 29, 05:00 am",0
"Apr 29, 06:00 am",0.500832
"Apr 29, 07:00 am",0.856371
"Apr 29, 08:00 am",1.06331
"Apr 29, 09:00 am",2.18238
"Apr 29, 10:00 am",6.22057
"Apr 29, 11:00 am",9.80902
"Apr 29, 12:00 pm",12.4391
"Apr 29, 01:00 pm",14.271
"Apr 29, 02:00 pm",15.206
"Apr 29, 03:00 pm",15.2109
"Apr 29, 04:00 pm",13.9343
"Apr 29, 05:00 pm",11.089
"Apr 29, 06:00 pm",5.20322
"Apr 29, 07:00 pm",0
"Apr 29, 08:00 pm",0
"Apr 29, 09:00 pm",0
"Apr 29, 10:00 pm",0
"Apr 29, 11:00 pm",0
"Apr 30, 12:00 am",0
"Apr 30, 01:00 am",0
"Apr 30, 02:00 am",0
"Apr 30, 03:00 am",0
"Apr 30, 04:00 am",0
"Apr 30, 05:00 am",0
"Apr 30, 06:00 am",0.586792
"Apr 30, 07:00 am",0.962185
"Apr 30, 08:00 am",1.17549
"Apr 30, 09:00 am",2.39863
"Apr 30, 10:00 am",6.54939
"Apr 30, 11:00 am",10.2988
"Apr 30, 12:00 pm",12.9315
"Apr 30, 01:00 pm",15.1059
"Apr 30, 02:00 pm",16.0743
"Apr 30, 03:00 pm",15.8094
"Apr 30, 04:00 pm",14.2996
"Apr 30, 05:00 pm",9.90363
"Apr 30, 06:00 pm",4.21381
"Apr 30, 07:00 pm",0
"Apr 30, 08:00 pm",0
"Apr 30, 09:00 pm",0
"Apr 30, 10:00 pm",0
"Apr 30, 11:00 pm",0
"May 1, 12:00 am",0
"May 1, 01:00 am",0
"May 1, 02:00 am",0
"May 1, 03:00 am",0
"May 1, 04:00 am",0
"May 1, 05:00 am",0
"May 1, 06:00 am",0.595502
"May 1, 07:00 am",1.08965
"May 1, 08:00 am",1.06566
"May 1, 09:00 am",2.36613
"May 1, 10:00 am",6.15804
"May 1, 11:00 am",9.64038
"May 1, 12:00 pm",12.1624
"May 1, 01:00 pm",14.0109
"May 1, 02:00 pm",15.1357
"May 1, 03:00 pm",14.9744
"May 1, 04:00 pm",13.6775
"May 1, 05:00 pm",10.6219
"May 1, 06:00 pm",4.61987
"May 1, 07:00 pm",0
"May 1, 08:00 pm",0
"May 1, 09:00 pm",0
"May 1, 10:00 pm",0
"May 1, 11:00 pm",0
"May 2, 12:00 am",0
"May 2, 01:00 am",0
"May 2, 02:00 am",0
"May 2, 03:00 am",0
"May 2, 04:00 am",0
"May 2, 05:00 am",0
"May 2, 06:00 am",0.580612
"May 2, 07:00 am",0.904964
"May 2, 08:00 am",1.0785
"May 2, 09:00 am",2.33974
"May 2, 10:00 am",6.14889
"May 2, 11:00 am",9.32649
"May 2, 12:00 pm",11.4878
"May 2, 01:00 pm",12.9264
"May 2, 02:00 pm",13.8187
"May 2, 03:00 pm",14.2186
"May 2, 04:00 pm",13.1949
"May 2, 05:00 pm",10.3984
"May 2, 06:00 pm",4.17791
"May 2, 07:00 pm",0
"May 2, 08:00 pm",0
"May 2, 09:00 pm",0
"May 2, 10:00 pm",0
"May 2, 11:00 pm",0
"May 3, 12:00 am",0
"May 3, 01:00 am",0
"May 3, 02:00 am",0
"May 3, 03:00 am",0
"May 3, 04:00 am",0
"May 3, 05:00 am",0
"May 3, 06:00 am",0.604586
"May 3, 07:00 am",1.32579
"May 3, 08:00 am",1.06894
"May 3, 09:00 am",2.48931
"May 3, 10:00 am",6.71053
"May 3, 11:00 am",10.4218
"May 3, 12:00 pm",13.1171
"May 3, 01:00 pm",15.0221
"May 3, 02:00 pm",15.9861
"May 3, 03:00 pm",15.8641
"May 3, 04:00 pm",14.5987
"May 3, 05:00 pm",11.581
"May 3, 06:00 pm",5.65794
"May 3, 07:00 pm",0
"May 3, 08:00 pm",0
"May 3, 09:00 pm",0
"May 3, 10:00 pm",0
"May 3, 11:00 pm",0
"May 4, 12:00 am",0
"May 4, 01:00 am",0
"May 4, 02:00 am",0
"May 4, 03:00 am",0
"May 4, 04:00 am",0
"May 4, 05:00 am",0
"May 4, 06:00 am",0.565441
"May 4, 07:00 am",0.880775
"May 4, 08:00 am",1.05644
"May 4, 09:00 am",2.56342
"May 4, 10:00 am",6.55122
"May 4, 11:00 am",10.1037
"May 4, 12:00 pm",12.6286
"May 4, 01:00 pm",14.3224
"May 4, 02:00 pm",15.1954
"May 4, 03:00 pm",15.2677
"May 4, 04:00 pm",13.8685
"May 4, 05:00 pm",11.0471
"May 4, 06:00 pm",5.52455
"May 4, 07:00 pm",0
"May 4, 08:00 pm",0
"May 4, 09:00 pm",0
"May 4, 10:00 pm",0
"May 4, 11:00 pm",0
"May 5, 12:00 am",0
"May 5, 01:00 am",0
"May 5, 02:00 am",0
"May 5, 03:00 am",0
"May 5, 04:00 am",0
"May 5, 05:00 am",0
"May 5, 06:00 am",0.546353
"May 5, 07:00 am",0.809125
"May 5, 08:00 am",0.944459
"May 5, 09:00 am",2.49183
"May 5, 10:00 am",6.45263
"May 5, 11:00 am",9.98598
"May 5, 12:00 pm",12.6027
"May 5, 01:00 pm",14.3866
"May 5, 02:00 pm",15.338
"May 5, 03:00 pm",15.2504
"May 5, 04:00 pm",14.0769
"May 5, 05:00 pm",11.3836
"May 5, 06:00 pm",5.66778
"May 5, 07:00 pm",0
"May 5, 08:00 pm",0
"May 5, 09:00 pm",0
"May 5, 10:00 pm",0
"May 5, 11:00 pm",0
"May 6, 12:00 am",0
"May 6, 01:00 am",0
"May 6, 02:00 am",0
"May 6, 03:00 am",0
"May 6, 04:00 am",0
"May 6, 05:00 am",0
"May 6, 06:00 am",0.68802
"May 6, 07:00 am",1.12793
"May 6, 08:00 am",1.00907
"May 6, 09:00 am",2.43256
"May 6, 10:00 am",6.37751
"May 6, 11:00 am",9.80192
"May 6, 12:00 pm",12.312
"May 6, 01:00 pm",14.0617
"May 6, 02:00 pm",15.0114
"May 6, 03:00 pm",14.7849
"May 6, 04:00 pm",13.5784
"May 6, 05:00 pm",10.7983
"May 6, 06:00 pm",5.29397
"May 6, 07:00 pm",0
"May 6, 08:00 pm",0
"May 6, 09:00 pm",0
"May 6, 10:00 pm",0
"May 6, 11:00 pm",0
"May 7, 12:00 am",0
"May 7, 01:00 am",0
"May 7, 02:00 am",0
"May 7, 03:00 am",0
"May 7, 04:00 am",0
"May 7, 05:00 am",0
"May 7, 06:00 am",0.647833
"May 7, 07:00 am",1.09093
"May 7, 08:00 am",1.03953
"May 7, 09:00 am",2.40362
"May 7, 10:00 am",6.18435
"May 7, 11:00 am",9.37151
"May 7, 12:00 pm",11.6302
"May 7, 01:00 pm",13.1352
"May 7, 02:00 pm",13.875
"May 7, 03:00 pm",13.8196
"May 7, 04:00 pm",12.7523
"May 7, 05:00 pm",10.4611
"May 7, 06:00 pm",5.49516
"May 7, 07:00 pm",0
"May 7, 08:00 pm",0
"May 7, 09:00 pm",0
"May 7, 10:00 pm",0
"May 7, 11:00 pm",0
"May 8, 12:00 am",0
"May 8, 01:00 am",0
"May 8, 02:00 am",0
"May 8, 03:00 am",0
"May 8, 04:00 am",0
"May 8, 05:00 am",0
"May 8, 06:00 am",0.562013
"May 8, 07:00 am",0.843132
"May 8, 08:00 am",0.988558
"May 8, 09:00 am",2.52409
"May 8, 10:00 am",6.17338
"May 8, 11:00 am",9.16624
"May 8, 12:00 pm",11.1329
"May 8, 01:00 pm",12.806
"May 8, 02:00 pm",13.8344
"May 8, 03:00 pm",13.871
"May 8, 04:00 pm",12.971
"May 8, 05:00 pm",10.5882
"May 8, 06:00 pm",5.60141
"May 8, 07:00 pm",0
"May 8, 08:00 pm",0
"May 8, 09:00 pm",0
"May 8, 10:00 pm",0
"May 8, 11:00 pm",0
"May 9, 12:00 am",0
"May 9, 01:00 am",0
"May 9, 02:00 am",0
"May 9, 03:00 am",0
"May 9, 04:00 am",0
"May 9, 05:00 am",0
"May 9, 06:00 am",0.610805
"May 9, 07:00 am",0.913202
"May 9, 08:00 am",1.05393
"May 9, 09:00 am",2.44434
"May 9, 10:00 am",6.14579
"May 9, 11:00 am",9.33955
"May 9, 12:00 pm",11.757
"May 9, 01:00 pm",13.477
"May 9, 02:00 pm",14.4334
"May 9, 03:00 pm",14.5442
"May 9, 04:00 pm",13.3698
"May 9, 05:00 pm",10.6359
"May 9, 06:00 pm",5.244
"May 9, 07:00 pm",0
"May 9, 08:00 pm",0
"May 9, 09:00 pm",0
"May 9, 10:00 pm",0
"May 9, 11:00 pm",0
"May 10, 12:00 am",0
"May 10, 01:00 am",0
"May 10, 02:00 am",0
"May 10, 03:00 am",0
"May 10, 04:00 am",0
"May 10, 05:00 am",0
"May 10, 06:00 am",0.647471
"May 10, 07:00 am",1.02527
"May 10, 08:00 am",1.02071
"May 10, 09:00 am",2.54562
"May 10, 10:00 am",6.29718
"May 10, 11:00 am",9.54233
"May 10, 12:00 pm",11.969
"May 10, 01:00 pm",13.6691
"May 10, 02:00 pm",14.5848
"May 10, 03:00 pm",14.6326
"May 10, 04:00 pm",13.3848
"May 10, 05:00 pm",10.7264
"May 10, 06:00 pm",5.38138
"May 10, 07:00 pm",0
"May 10, 08:00 pm",0
"May 10, 09:00 pm",0
"May 10, 10:00 pm",0
"May 10, 11:00 pm",0
"May 11, 12:00 am",0
"May 11, 01:00 am",0
"May 11, 02:00 am",0
"May 11, 03:00 am",0
"May 11, 04:00 am",0
"May 11, 05:00 am",0
"May 11, 06:00 am",0.614547
"May 11, 07:00 am",0.970713
"May 11, 08:00 am",1.01078
"May 11, 09:00 am",2.5919
"May 11, 10:00 am",6.34595
"May 11, 11:00 am",9.55814
"May 11, 12:00 pm",11.9558
"May 11, 01:00 pm",13.6708
"May 11, 02:00 pm",14.5865
"May 11, 03:00 pm",14.6139
"May 11, 04:00 pm",13.4147
"May 11, 05:00 pm",10.6555
"May 11, 06:00 pm",5.32949
"May 11, 07:00 pm",0
"May 11, 08:00 pm",0
"May 11, 09:00 pm",0
"May 11, 10:00 pm",0
"May 11, 11:00 pm",0
"May 12, 12:00 am",0
"May 12, 01:00 am",0
"May 12, 02:00 am",0
"May 12, 03:00 am",0
"May 12, 04:00 am",0
"May 12, 05:00 am",-0
"May 12, 06:00 am",0.72488
"May 12, 07:00 am",1.13134
"May 12, 08:00 am",1.13991
"May 12, 09:00 am",2.71439
"May 12, 10:00 am",6.27659
"May 12, 11:00 am",9.44088
"May 12, 12:00 pm",11.787
"May 12, 01:00 pm",13.402
"May 12, 02:00 pm",14.1111
"May 12, 03:00 pm",13.8509
"May 12, 04:00 pm",8.29009
"May 12, 05:00 pm",4.17504
"May 12, 06:00 pm",0.227536
"May 12, 07:00 pm",0
"May 12, 08:00 pm",0
"May 12, 09:00 pm",0
"May 12, 10:00 pm",0
"May 12, 11:00 pm",0
"May 13, 12:00 am",0
"May 13, 01:00 am",0
"May 13, 02:00 am",0
"May 13, 03:00 am",0
"May 13, 04:00 am",0
"May 13, 05:00 am",-0
"May 13, 06:00 am",0.648345
"May 13, 07:00 am",1.15048
"May 13, 08:00 am",1.19633
"May 13, 09:00 am",2.72165
"May 13, 10:00 am",6.13692
"May 13, 11:00 am",7.04266
"May 13, 12:00 pm",11.1598
"May 13, 01:00 pm",12.1174
"May 13, 02:00 pm",12.917
"May 13, 03:00 pm",11.8937
"May 13, 04:00 pm",12.4471
"May 13, 05:00 pm",7.24722
"May 13, 06:00 pm",4.52833
"May 13, 07:00 pm",0
"May 13, 08:00 pm",0
"May 13, 09:00 pm",0
"May 13, 10:00 pm",0
"May 13, 11:00 pm",0
"May 14, 12:00 am",0
"May 14, 01:00 am",0
"May 14, 02:00 am",0
"May 14, 03:00 am",0
"May 14, 04:00 am",0
"May 14, 05:00 am",-0
"May 14, 06:00 am",0.723743
"May 14, 07:00 am",1.1496
"May 14, 08:00 am",1.09527
"May 14, 09:00 am",2.61264
"May 14, 10:00 am",6.36513
"May 14, 11:00 am",9.56501
"May 14, 12:00 pm",11.9858
"May 14, 01:00 pm",13.7734
"May 14, 02:00 pm",14.6526
"May 14, 03:00 pm",14.788
"May 14, 04:00 pm",13.6227
"May 14, 05:00 pm",10.9842
"May 14, 06:00 pm",1.39249
"May 14, 07:00 pm",0
"May 14, 08:00 pm",0
"May 14, 09:00 pm",0
"May 14, 10:00 pm",0
"May 14, 11:00 pm",0
"May 15, 12:00 am",0
"May 15, 01:00 am",0
"May 15, 02:00 am",0
"May 15, 03:00 am",0
"May 15, 04:00 am",0
"May 15, 05:00 am",-0
"May 15, 06:00 am",0.619367
"May 15, 07:00 am",0.863281
"May 15, 08:00 am",0.924361
"May 15, 09:00 am",2.68992
"May 15, 10:00 am",6.50424
"May 15, 11:00 am",9.83846
"May 15, 12:00 pm",12.3437
"May 15, 01:00 pm",14.1518
"May 15, 02:00 pm",15.1035
"May 15, 03:00 pm",15.0557
"May 15, 04:00 pm",14.0976
"May 15, 05:00 pm",11.6537
"May 15, 06:00 pm",1.26044
"May 15, 07:00 pm",0
"May 15, 08:00 pm",0
"May 15, 09:00 pm",0
"May 15, 10:00 pm",0
"May 15, 11:00 pm",0
"May 16, 12:00 am",0
"May 16, 01:00 am",0
"May 16, 02:00 am",0
"May 16, 03:00 am",0
"May 16, 04:00 am",0
"May 16, 05:00 am",-0
"May 16, 06:00 am",0.54417
"May 16, 07:00 am",0.844701
"May 16, 08:00 am",0.858774
"May 16, 09:00 am",2.65516
"May 16, 10:00 am",6.45565
"May 16, 11:00 am",9.7158
"May 16, 12:00 pm",12.1585
"May 16, 01:00 pm",13.9358
"May 16, 02:00 pm",14.9972
"May 16, 03:00 pm",15.0898
"May 16, 04:00 pm",14.0605
"May 16, 05:00 pm",11.858
"May 16, 06:00 pm",7.35102
"May 16, 07:00 pm",0
"May 16, 08:00 pm",0
"May 16, 09:00 pm",0
"May 16, 10:00 pm",0
"May 16, 11:00 pm",0
"May 17, 12:00 am",0
"May 17, 01:00 am",0
"May 17, 02:00 am",0
"May 17, 03:00 am",0
"May 17, 04:00 am",0
"May 17, 05:00 am",-0
"May 17, 06:00 am",0.499633
"May 17, 07:00 am",0.902785
"May 17, 08:00 am",0.881704
"May 17, 09:00 am",3.33212
"May 17, 10:00 am",6.27415
"May 17, 11:00 am",9.02351
"May 17, 12:00 pm",8.64231
"May 17, 01:00 pm",13.3304
"May 17, 02:00 pm",14.3216
"May 17, 03:00 pm",14.3629
"May 17, 04:00 pm",13.4214
"May 17, 05:00 pm",11.0969
"May 17, 06:00 pm",6.30772
"May 17, 07:00 pm",0
"May 17, 08:00 pm",0
"May 17, 09:00 pm",0
"May 17, 10:00 pm",0
"May 17, 11:00 pm",0
"May 18, 12:00 am",0
"May 18, 01:00 am",0
"May 18, 02:00 am",0
"May 18, 03:00 am",0
"May 18, 04:00 am",0
"May 18, 05:00 am",-0
"May 18, 06:00 am",0.638418
"May 18, 07:00 am",0.871749
"May 18, 08:00 am",1.06375
"May 18, 09:00 am",3.22439
"May 18, 10:00 am",6.32348
"May 18, 11:00 am",9.44418
"May 18, 12:00 pm",9.58558
"May 18, 01:00 pm",9.27365
"May 18, 02:00 pm",10.0116
"May 18, 03:00 pm",0.339534
"May 18, 04:00 pm",9.05481
"May 18, 05:00 pm",3.2983
"May 18, 06:00 pm",1.50026
"May 18, 07:00 pm",0
"May 18, 08:00 pm",0
"May 18, 09:00 pm",0
"May 18, 10:00 pm",0
"May 18, 11:00 pm",0
"May 19, 12:00 am",0
"May 19, 01:00 am",0
"May 19, 02:00 am",0
"May 19, 03:00 am",0
"May 19, 04:00 am",0
"May 19, 05:00 am",-0
"May 19, 06:00 am",-0
"May 19, 07:00 am",1.08255
"May 19, 08:00 am",1.53127
"May 19, 09:00 am",4.13608
"May 19, 10:00 am",6.37843
"May 19, 11:00 am",4.71095
"May 19, 12:00 pm",8.59476
"May 19, 01:00 pm",9.87703
"May 19, 02:00 pm",12.0826
"May 19, 03:00 pm",5.16481
"May 19, 04:00 pm",2.24983
"May 19, 05:00 pm",-0
"May 19, 06:00 pm",0.518908
"May 19, 07:00 pm",0
"May 19, 08:00 pm",0
"May 19, 09:00 pm",0
"May 19, 10:00 pm",0
"May 19, 11:00 pm",0
"May 20, 12:00 am",0
"May 20, 01:00 am",0
"May 20, 02:00 am",0
"May 20, 03:00 am",0
"May 20, 04:00 am",0
"May 20, 05:00 am",-0
"May 20, 06:00 am",0.654284
"May 20, 07:00 am",0.91815
"May 20, 08:00 am",0.971922
"May 20, 09:00 am",2.79496
"May 20, 10:00 am",6.4225
"May 20, 11:00 am",9.45055
"May 20, 12:00 pm",11.4766
"May 20, 01:00 pm",12.8096
"May 20, 02:00 pm",13.511
"May 20, 03:00 pm",13.7244
"May 20, 04:00 pm",12.637
"May 20, 05:00 pm",10.3888
"May 20, 06:00 pm",5.53741
"May 20, 07:00 pm",0
"May 20, 08:00 pm",0
"May 20, 09:00 pm",0
"May 20, 10:00 pm",0
"May 20, 11:00 pm",0
"May 21, 12:00 am",0
"May 21, 01:00 am",0
"May 21, 02:00 am",0
"May 21, 03:00 am",0
"May 21, 04:00 am",0
"May 21, 05:00 am",-0
"May 21, 06:00 am",0.615914
"May 21, 07:00 am",0.86125
"May 21, 08:00 am",0.929775
"May 21, 09:00 am",2.78749
"May 21, 10:00 am",6.36313
"May 21, 11:00 am",9.28218
"May 21, 12:00 pm",11.1877
"May 21, 01:00 pm",12.5398
"May 21, 02:00 pm",13.2653
"May 21, 03:00 pm",13.3322
"May 21, 04:00 pm",12.664
"May 21, 05:00 pm",10.8018
"May 21, 06:00 pm",6.75964
"May 21, 07:00 pm",0
"May 21, 08:00 pm",0
"May 21, 09:00 pm",0
"May 21, 10:00 pm",0
"May 21, 11:00 pm",0
"May 22, 12:00 am",0
"May 22, 01:00 am",0
"May 22, 02:00 am",0
"May 22, 03:00 am",0
"May 22, 04:00 am",0
"May 22, 05:00 am",-0
"May 22, 06:00 am",0.536406
"May 22, 07:00 am",0.79542
"May 22, 08:00 am",0.825448
"May 22, 09:00 am",2.71148
"May 22, 10:00 am",6.36117
"May 22, 11:00 am",9.34506
"May 22, 12:00 pm",11.4452
"May 22, 01:00 pm",12.9764
"May 22, 02:00 pm",13.9049
"May 22, 03:00 pm",14.0625
"May 22, 04:00 pm",13.3279
"May 22, 05:00 pm",11.1718
"May 22, 06:00 pm",6.97872
"May 22, 07:00 pm",0
"May 22, 08:00 pm",0
"May 22, 09:00 pm",0
"May 22, 10:00 pm",0
"May 22, 11:00 pm",0
"May 23, 12:00 am",0
"May 23, 01:00 am",0
"May 23, 02:00 am",0
"May 23, 03:00 am",0
"May 23, 04:00 am",0
"May 23, 05:00 am",-0
"May 23, 06:00 am",0.495916
"May 23, 07:00 am",0.757074
"May 23, 08:00 am",0.95456
"May 23, 09:00 am",2.69509
"May 23, 10:00 am",6.32538
"May 23, 11:00 am",9.32072
"May 23, 12:00 pm",11.5733
"May 23, 01:00 pm",13.2227
"May 23, 02:00 pm",14.1093
"May 23, 03:00 pm",14.1786
"May 23, 04:00 pm",13.3008
"May 23, 05:00 pm",11.2641
"May 23, 06:00 pm",7.27577
"May 23, 07:00 pm",0
"May 23, 08:00 pm",0
"May 23, 09:00 pm",0
"May 23, 10:00 pm",0
"May 23, 11:00 pm",0
"May 24, 12:00 am",0
"May 24, 01:00 am",0
"May 24, 02:00 am",0
"May 24, 03:00 am",0
"May 24, 04:00 am",0
"May 24, 05:00 am",-0
"May 24, 06:00 am",0.526842
"May 24, 07:00 am",0.805045
"May 24, 08:00 am",0.828434
"May 24, 09:00 am",2.71449
"May 24, 10:00 am",6.29568
"May 24, 11:00 am",9.44979
"May 24, 12:00 pm",11.8495
"May 24, 01:00 pm",13.5544
"May 24, 02:00 pm",14.4988
"May 24, 03:00 pm",14.4995
"May 24, 04:00 pm",13.5562
"May 24, 05:00 pm",11.1683
"May 24, 06:00 pm",6.78256
"May 24, 07:00 pm",0
"May 24, 08:00 pm",0
"May 24, 09:00 pm",0
"May 24, 10:00 pm",0
"May 24, 11:00 pm",0
"May 25, 12:00 am",0
"May 25, 01:00 am",0
"May 25, 02:00 am",0
"May 25, 03:00 am",0
"May 25, 04:00 am",0
"May 25, 05:00 am",-0
"May 25, 06:00 am",0.608218
"May 25, 07:00 am",0.80853
"May 25, 08:00 am",0.905954
"May 25, 09:00 am",2.78244
"May 25, 10:00 am",6.42655
"May 25, 11:00 am",9.56447
"May 25, 12:00 pm",11.9503
"May 25, 01:00 pm",13.7576
"May 25, 02:00 pm",14.7656
"May 25, 03:00 pm",14.8135
"May 25, 04:00 pm",13.8715
"May 25, 05:00 pm",11.4557
"May 25, 06:00 pm",6.81915
"May 25, 07:00 pm",0
"May 25, 08:00 pm",0
"May 25, 09:00 pm",0
"May 25, 10:00 pm",0
"May 25, 11:00 pm",0
"May 26, 12:00 am",0
"May 26, 01:00 am",0
"May 26, 02:00 am",0
"May 26, 03:00 am",0
"May 26, 04:00 am",0
"May 26, 05:00 am",-0
"May 26, 06:00 am",0.607187
"May 26, 07:00 am",1.8221
"May 26, 08:00 am",0.925394
"May 26, 09:00 am",2.80774
"May 26, 10:00 am",6.44137
"May 26, 11:00 am",9.22161
"May 26, 12:00 pm",11.3152
"May 26, 01:00 pm",13.1552
"May 26, 02:00 pm",14.0204
"May 26, 03:00 pm",14.7859
"May 26, 04:00 pm",13.8017
"May 26, 05:00 pm",8.69934
"May 26, 06:00 pm",6.22429
"May 26, 07:00 pm",0
"May 26, 08:00 pm",0
"May 26, 09:00 pm",0
"May 26, 10:00 pm",0
"May 26, 11:00 pm",0
"May 27, 12:00 am",0
"May 27, 01:00 am",0
"May 27, 02:00 am",0
"May 27, 03:00 am",0
"May 27, 04:00 am",0
"May 27, 05:00 am",-0
"May 27, 06:00 am",0.482231
"May 27, 07:00 am",0.821816
"May 27, 08:00 am",2.34107
"May 27, 09:00 am",3.46319
"May 27, 10:00 am",6.37585
"May 27, 11:00 am",8.84544
"May 27, 12:00 pm",10.7449
"May 27, 01:00 pm",11.9565
"May 27, 02:00 pm",9.25796
"May 27, 03:00 pm",3.61736
"May 27, 04:00 pm",5.31839
"May 27, 05:00 pm",3.64523
"May 27, 06:00 pm",0.044211
"May 27, 07:00 pm",0
"May 27, 08:00 pm",0
"May 27, 09:00 pm",0
"May 27, 10:00 pm",0
"May 27, 11:00 pm",0
"May 28, 12:00 am",0
"May 28, 01:00 am",0
"May 28, 02:00 am",0
"May 28, 03:00 am",0
"May 28, 04:00 am",0
"May 28, 05:00 am",-0
"May 28, 06:00 am",0.714248
"May 28, 07:00 am",1.00481
"May 28, 08:00 am",1.11612
"May 28, 09:00 am",2.91536
"May 28, 10:00 am",6.7327
"May 28, 11:00 am",9.82951
"May 28, 12:00 pm",12.1403
"May 28, 01:00 pm",13.7673
"May 28, 02:00 pm",14.6458
"May 28, 03:00 pm",14.5497
"May 28, 04:00 pm",13.5903
"May 28, 05:00 pm",11.3391
"May 28, 06:00 pm",6.91466
"May 28, 07:00 pm",-0
"May 28, 08:00 pm",0
"May 28, 09:00 pm",0
"May 28, 10:00 pm",0
"May 28, 11:00 pm",0
"May 29, 12:00 am",0
"May 29, 01:00 am",0
"May 29, 02:00 am",0
"May 29, 03:00 am",0
"May 29, 04:00 am",0
"May 29, 05:00 am",-0
"May 29, 06:00 am",0.640596
"May 29, 07:00 am",0.882273
"May 29, 08:00 am",1.02998
"May 29, 09:00 am",2.81835
"May 29, 10:00 am",6.47971
"May 29, 11:00 am",9.50563
"May 29, 12:00 pm",11.7334
"May 29, 01:00 pm",13.2613
"May 29, 02:00 pm",14.0217
"May 29, 03:00 pm",14.0194
"May 29, 04:00 pm",10.5464
"May 29, 05:00 pm",9.32805
"May 29, 06:00 pm",5.06764
"May 29, 07:00 pm",-0
"May 29, 08:00 pm",0
"May 29, 09:00 pm",0
"May 29, 10:00 pm",0
"May 29, 11:00 pm",0
"May 30, 12:00 am",0
"May 30, 01:00 am",0
"May 30, 02:00 am",0
"May 30, 03:00 am",0
"May 30, 04:00 am",0
"May 30, 05:00 am",-0
"May 30, 06:00 am",0.658174
"May 30, 07:00 am",0.876261
"May 30, 08:00 am",1.00226
"May 30, 09:00 am",2.78222
"May 30, 10:00 am",6.45616
"May 30, 11:00 am",9.4731
"May 30, 12:00 pm",11.7493
"May 30, 01:00 pm",13.3485
"May 30, 02:00 pm",14.1665
"May 30, 03:00 pm",14.218
"May 30, 04:00 pm",13.0537
"May 30, 05:00 pm",10.7111
"May 30, 06:00 pm",6.31994
"May 30, 07:00 pm",-0
"May 30, 08:00 pm",0
"May 30, 09:00 pm",0
"May 30, 10:00 pm",0
"May 30, 11:00 pm",0
"May 31, 12:00 am",0
"May 31, 01:00 am",0
"May 31, 02:00 am",0
"May 31, 03:00 am",0
"May 31, 04:00 am",0
"May 31, 05:00 am",-0
"May 31, 06:00 am",0.624723
"May 31, 07:00 am",0.839027
"May 31, 08:00 am",0.965509
"May 31, 09:00 am",2.86935
"May 31, 10:00 am",6.37437
"May 31, 11:00 am",9.37443
"May 31, 12:00 pm",11.6856
"May 31, 01:00 pm",13.4059
"May 31, 02:00 pm",14.4444
"May 31, 03:00 pm",14.4913
"May 31, 04:00 pm",13.6215
"May 31, 05:00 pm",10.9904
"May 31, 06:00 pm",6.81961
"May 31, 07:00 pm",-0
"May 31, 08:00 pm",0
"May 31, 09:00 pm",0
"May 31, 10:00 pm",0
"May 31, 11:00 pm",0
"Jun 1, 12:00 am",0
"Jun 1, 01:00 am",0
"Jun 1, 02:00 am",0
"Jun 1, 03:00 am",0
"Jun 1, 04:00 am",0
"Jun 1, 05:00 am",0.00405965
"Jun 1, 06:00 am",0.573544
"Jun 1, 07:00 am",0.823952
"Jun 1, 08:00 am",0.863632
"Jun 1, 09:00 am",2.79583
"Jun 1, 10:00 am",6.28865
"Jun 1, 11:00 am",9.20889
"Jun 1, 12:00 pm",11.4212
"Jun 1, 01:00 pm",11.6011
"Jun 1, 02:00 pm",13.9219
"Jun 1, 03:00 pm",13.9088
"Jun 1, 04:00 pm",13.0798
"Jun 1, 05:00 pm",10.9329
"Jun 1, 06:00 pm",6.71981
"Jun 1, 07:00 pm",-0
"Jun 1, 08:00 pm",0
"Jun 1, 09:00 pm",0
"Jun 1, 10:00 pm",0
"Jun 1, 11:00 pm",0
"Jun 2, 12:00 am",0
"Jun 2, 01:00 am",0
"Jun 2, 02:00 am",0
"Jun 2, 03:00 am",0
"Jun 2, 04:00 am",0
"Jun 2, 05:00 am",-0
"Jun 2, 06:00 am",0.682534
"Jun 2, 07:00 am",0.928243
"Jun 2, 08:00 am",1.09923
"Jun 2, 09:00 am",2.86023
"Jun 2, 10:00 am",6.46479
"Jun 2, 11:00 am",9.4516
"Jun 2, 12:00 pm",11.7831
"Jun 2, 01:00 pm",13.5583
"Jun 2, 02:00 pm",14.3847
"Jun 2, 03:00 pm",14.5471
"Jun 2, 04:00 pm",13.4132
"Jun 2, 05:00 pm",11.0349
"Jun 2, 06:00 pm",6.64569
"Jun 2, 07:00 pm",-0
"Jun 2, 08:00 pm",0
"Jun 2, 09:00 pm",0
"Jun 2, 10:00 pm",0
"Jun 2, 11:00 pm",0
"Jun 3, 12:00 am",0
"Jun 3, 01:00 am",0
"Jun 3, 02:00 am",0
"Jun 3, 03:00 am",0
"Jun 3, 04:00 am",0
"Jun 3, 05:00 am",0.00360323
"Jun 3, 06:00 am",0.562017
"Jun 3, 07:00 am",0.829821
"Jun 3, 08:00 am",0.880781
"Jun 3, 09:00 am",2.86503
"Jun 3, 10:00 am",6.53015
"Jun 3, 11:00 am",9.62566
"Jun 3, 12:00 pm",11.9338
"Jun 3, 01:00 pm",13.6132
"Jun 3, 02:00 pm",14.54
"Jun 3, 03:00 pm",14.6174
"Jun 3, 04:00 pm",13.7277
"Jun 3, 05:00 pm",11.3981
"Jun 3, 06:00 pm",7.0017
"Jun 3, 07:00 pm",-0
"Jun 3, 08:00 pm",0
"Jun 3, 09:00 pm",0
"Jun 3, 10:00 pm",0
"Jun 3, 11:00 pm",0
"Jun 4, 12:00 am",0
"Jun 4, 01:00 am",0
"Jun 4, 02:00 am",0
"Jun 4, 03:00 am",0
"Jun 4, 04:00 am",0
"Jun 4, 05:00 am",0.0212754
"Jun 4, 06:00 am",0.556766
"Jun 4, 07:00 am",0.822083
"Jun 4, 08:00 am",0.871594
"Jun 4, 09:00 am",2.80309
"Jun 4, 10:00 am",6.36706
"Jun 4, 11:00 am",9.35263
"Jun 4, 12:00 pm",11.5726
"Jun 4, 01:00 pm",13.1568
"Jun 4, 02:00 pm",13.7649
"Jun 4, 03:00 pm",13.8227
"Jun 4, 04:00 pm",12.8465
"Jun 4, 05:00 pm",10.3687
"Jun 4, 06:00 pm",5.9301
"Jun 4, 07:00 pm",-0
"Jun 4, 08:00 pm",0
"Jun 4, 09:00 pm",0
"Jun 4, 10:00 pm",0
"Jun 4, 11:00 pm",0
"Jun 5, 12:00 am",0
"Jun 5, 01:00 am",0
"Jun 5, 02:00 am",0
"Jun 5, 03:00 am",0
"Jun 5, 04:00 am",0
"Jun 5, 05:00 am",-0
"Jun 5, 06:00 am",0.741531
"Jun 5, 07:00 am",1.07561
"Jun 5, 08:00 am",1.11331
"Jun 5, 09:00 am",2.97374
"Jun 5, 10:00 am",6.39541
"Jun 5, 11:00 am",9.17578
"Jun 5, 12:00 pm",11.29
"Jun 5, 01:00 pm",12.8654
"Jun 5, 02:00 pm",13.6637
"Jun 5, 03:00 pm",13.6765
"Jun 5, 04:00 pm",12.9567
"Jun 5, 05:00 pm",10.8772
"Jun 5, 06:00 pm",7.00103
"Jun 5, 07:00 pm",-0
"Jun 5, 08:00 pm",0
"Jun 5, 09:00 pm",0
"Jun 5, 10:00 pm",0
"Jun 5, 11:00 pm",0
"Jun 6, 12:00 am",0
"Jun 6, 01:00 am",0
"Jun 6, 02:00 am",0
"Jun 6, 03:00 am",0
"Jun 6, 04:00 am",0
"Jun 6, 05:00 am",0.00315936
"Jun 6, 06:00 am",0.586049
"Jun 6, 07:00 am",0.782311
"Jun 6, 08:00 am",0.933125
"Jun 6, 09:00 am",2.86183
"Jun 6, 10:00 am",6.32022
"Jun 6, 11:00 am",9.06782
"Jun 6, 12:00 pm",11.2001
"Jun 6, 01:00 pm",12.8902
"Jun 6, 02:00 pm",13.7002
"Jun 6, 03:00 pm",13.724
"Jun 6, 04:00 pm",12.7004
"Jun 6, 05:00 pm",10.0344
"Jun 6, 06:00 pm",5.45788
"Jun 6, 07:00 pm",-0
"Jun 6, 08:00 pm",0
"Jun 6, 09:00 pm",0
"Jun 6, 10:00 pm",0
"Jun 6, 11:00 pm",0
"Jun 7, 12:00 am",0
"Jun 7, 01:00 am",0
"Jun 7, 02:00 am",0
"Jun 7, 03:00 am",0
"Jun 7, 04:00 am",0
"Jun 7, 05:00 am",-0
"Jun 7, 06:00 am",0.743767
"Jun 7, 07:00 am",1.05673
"Jun 7, 08:00 am",1.08846
"Jun 7, 09:00 am",2.89369
"Jun 7, 10:00 am",6.19719
"Jun 7, 11:00 am",9.09321
"Jun 7, 12:00 pm",11.3431
"Jun 7, 01:00 pm",13.0025
"Jun 7, 02:00 pm",14.0424
"Jun 7, 03:00 pm",14.1075
"Jun 7, 04:00 pm",13.3169
"Jun 7, 05:00 pm",11.1184
"Jun 7, 06:00 pm",6.91324
"Jun 7, 07:00 pm",-0
"Jun 7, 08:00 pm",0
"Jun 7, 09:00 pm",0
"Jun 7, 10:00 pm",0
"Jun 7, 11:00 pm",0
"Jun 8, 12:00 am",0
"Jun 8, 01:00 am",0
"Jun 8, 02:00 am",0
"Jun 8, 03:00 am",0
"Jun 8, 04:00 am",0
"Jun 8, 05:00 am",0.00270181
"Jun 8, 06:00 am",0.617597
"Jun 8, 07:00 am",0.821666
"Jun 8, 08:00 am",0.950493
"Jun 8, 09:00 am",2.90683
"Jun 8, 10:00 am",6.54828
"Jun 8, 11:00 am",9.75154
"Jun 8, 12:00 pm",12.1384
"Jun 8, 01:00 pm",13.8116
"Jun 8, 02:00 pm",14.6023
"Jun 8, 03:00 pm",14.55
"Jun 8, 04:00 pm",13.305
"Jun 8, 05:00 pm",10.632
"Jun 8, 06:00 pm",5.97055
"Jun 8, 07:00 pm",-0
"Jun 8, 08:00 pm",0
"Jun 8, 09:00 pm",0
"Jun 8, 10:00 pm",0
"Jun 8, 11:00 pm",0
"Jun 9, 12:00 am",0
"Jun 9, 01:00 am",0
"Jun 9, 02:00 am",0
"Jun 9, 03:00 am",0
"Jun 9, 04:00 am",0
"Jun 9, 05:00 am",0.00312395
"Jun 9, 06:00 am",0.670408
"Jun 9, 07:00 am",0.887795
"Jun 9, 08:00 am",1.03269
"Jun 9, 09:00 am",2.80195
"Jun 9, 10:00 am",6.4185
"Jun 9, 11:00 am",9.38951
"Jun 9, 12:00 pm",11.6891
"Jun 9, 01:00 pm",13.3941
"Jun 9, 02:00 pm",14.5994
"Jun 9, 03:00 pm",14.6826
"Jun 9, 04:00 pm",13.8722
"Jun 9, 05:00 pm",11.6939
"Jun 9, 06:00 pm",7.661
"Jun 9, 07:00 pm",-0
"Jun 9, 08:00 pm",0
"Jun 9, 09:00 pm",0
"Jun 9, 10:00 pm",0
"Jun 9, 11:00 pm",0
"Jun 10, 12:00 am",0
"Jun 10, 01:00 am",0
"Jun 10, 02:00 am",0
"Jun 10, 03:00 am",0
"Jun 10, 04:00 am",0
"Jun 10, 05:00 am",0.0117015
"Jun 10, 06:00 am",0.568714
"Jun 10, 07:00 am",0.834939
"Jun 10, 08:00 am",0.873188
"Jun 10, 09:00 am",2.81758
"Jun 10, 10:00 am",6.41509
"Jun 10, 11:00 am",8.9941
"Jun 10, 12:00 pm",11.8921
"Jun 10, 01:00 pm",13.6112
"Jun 10, 02:00 pm",14.4599
"Jun 10, 03:00 pm",14.4833
"Jun 10, 04:00 pm",13.3454
"Jun 10, 05:00 pm",10.8142
"Jun 10, 06:00 pm",6.429
"Jun 10, 07:00 pm",-0
"Jun 10, 08:00 pm",0
"Jun 10, 09:00 pm",0
"Jun 10, 10:00 pm",0
"Jun 10, 11:00 pm",0
"Jun 11, 12:00 am",0
"Jun 11, 01:00 am",0
"Jun 11, 02:00 am",0
"Jun 11, 03:00 am",0
"Jun 11, 04:00 am",0
"Jun 11, 05:00 am",0.00315529
"Jun 11, 06:00 am",0.681762
"Jun 11, 07:00 am",0.895682
"Jun 11, 08:00 am",1.03726
"Jun 11, 09:00 am",2.75837
"Jun 11, 10:00 am",6.14461
"Jun 11, 11:00 am",8.95298
"Jun 11, 12:00 pm",10.9661
"Jun 11, 01:00 pm",12.3315
"Jun 11, 02:00 pm",13.128
"Jun 11, 03:00 pm",13.2295
"Jun 11, 04:00 pm",12.5357
"Jun 11, 05:00 pm",10.4351
"Jun 11, 06:00 pm",5.34527
"Jun 11, 07:00 pm",-0
"Jun 11, 08:00 pm",0
"Jun 11, 09:00 pm",0
"Jun 11, 10:00 pm",0
"Jun 11, 11:00 pm",0
"Jun 12, 12:00 am",0
"Jun 12, 01:00 am",0
"Jun 12, 02:00 am",0
"Jun 12, 03:00 am",0
"Jun 12, 04:00 am",0
"Jun 12, 05:00 am",0.00174115
"Jun 12, 06:00 am",0.637982
"Jun 12, 07:00 am",0.88894
"Jun 12, 08:00 am",1.08712
"Jun 12, 09:00 am",2.81343
"Jun 12, 10:00 am",6.43417
"Jun 12, 11:00 am",8.58864
"Jun 12, 12:00 pm",11.0994
"Jun 12, 01:00 pm",12.838
"Jun 12, 02:00 pm",13.9336
"Jun 12, 03:00 pm",13.8391
"Jun 12, 04:00 pm",12.8094
"Jun 12, 05:00 pm",10.3957
"Jun 12, 06:00 pm",6.14127
"Jun 12, 07:00 pm",-0
"Jun 12, 08:00 pm",0
"Jun 12, 09:00 pm",0
"Jun 12, 10:00 pm",0
"Jun 12, 11:00 pm",0
"Jun 13, 12:00 am",0
"Jun 13, 01:00 am",0
"Jun 13, 02:00 am",0
"Jun 13, 03:00 am",0
"Jun 13, 04:00 am",0
"Jun 13, 05:00 am",-0
"Jun 13, 06:00 am",0.839293
"Jun 13, 07:00 am",1.24014
"Jun 13, 08:00 am",1.26074
"Jun 13, 09:00 am",3.91856
"Jun 13, 10:00 am",5.96966
"Jun 13, 11:00 am",8.89969
"Jun 13, 12:00 pm",10.7405
"Jun 13, 01:00 pm",11.8228
"Jun 13, 02:00 pm",12.4913
"Jun 13, 03:00 pm",12.4948
"Jun 13, 04:00 pm",11.8082
"Jun 13, 05:00 pm",9.81694
"Jun 13, 06:00 pm",5.87319
"Jun 13, 07:00 pm",-0
"Jun 13, 08:00 pm",0
"Jun 13, 09:00 pm",0
"Jun 13, 10:00 pm",0
"Jun 13, 11:00 pm",0
"Jun 14, 12:00 am",0
"Jun 14, 01:00 am",0
"Jun 14, 02:00 am",0
"Jun 14, 03:00 am",0
"Jun 14, 04:00 am",0
"Jun 14, 05:00 am",-0
"Jun 14, 06:00 am",0.882694
"Jun 14, 07:00 am",1.36138
"Jun 14, 08:00 am",1.47854
"Jun 14, 09:00 am",3.01394
"Jun 14, 10:00 am",6.18211
"Jun 14, 11:00 am",9.19562
"Jun 14, 12:00 pm",11.4587
"Jun 14, 01:00 pm",13.1278
"Jun 14, 02:00 pm",14.0158
"Jun 14, 03:00 pm",14.2465
"Jun 14, 04:00 pm",13.2957
"Jun 14, 05:00 pm",11.1644
"Jun 14, 06:00 pm",7.14715
"Jun 14, 07:00 pm",-0
"Jun 14, 08:00 pm",0
"Jun 14, 09:00 pm",0
"Jun 14, 10:00 pm",0
"Jun 14, 11:00 pm",0
"Jun 15, 12:00 am",0
"Jun 15, 01:00 am",0
"Jun 15, 02:00 am",0
"Jun 15, 03:00 am",0
"Jun 15, 04:00 am",0
"Jun 15, 05:00 am",0.00221956
"Jun 15, 06:00 am",0.696926
"Jun 15, 07:00 am",1.01328
"Jun 15, 08:00 am",1.07079
"Jun 15, 09:00 am",2.83759
"Jun 15, 10:00 am",6.10501
"Jun 15, 11:00 am",8.96807
"Jun 15, 12:00 pm",11.0711
"Jun 15, 01:00 pm",12.5373
"Jun 15, 02:00 pm",13.2933
"Jun 15, 03:00 pm",13.2648
"Jun 15, 04:00 pm",12.2088
"Jun 15, 05:00 pm",9.8533
"Jun 15, 06:00 pm",5.72797
"Jun 15, 07:00 pm",-0
"Jun 15, 08:00 pm",0
"Jun 15, 09:00 pm",0
"Jun 15, 10:00 pm",0
"Jun 15, 11:00 pm",0
"Jun 16, 12:00 am",0
"Jun 16, 01:00 am",0
"Jun 16, 02:00 am",0
"Jun 16, 03:00 am",0
"Jun 16, 04:00 am",0
"Jun 16, 05:00 am",0.00269226
"Jun 16, 06:00 am",0.665778
"Jun 16, 07:00 am",0.913155
"Jun 16, 08:00 am",1.05404
"Jun 16, 09:00 am",2.72402
"Jun 16, 10:00 am",6.22054
"Jun 16, 11:00 am",8.87469
"Jun 16, 12:00 pm",10.9152
"Jun 16, 01:00 pm",12.5408
"Jun 16, 02:00 pm",13.476
"Jun 16, 03:00 pm",13.7644
"Jun 16, 04:00 pm",12.8978
"Jun 16, 05:00 pm",10.8394
"Jun 16, 06:00 pm",6.92835
"Jun 16, 07:00 pm",-0
"Jun 16, 08:00 pm",0
"Jun 16, 09:00 pm",0
"Jun 16, 10:00 pm",0
"Jun 16, 11:00 pm",0
"Jun 17, 12:00 am",0
"Jun 17, 01:00 am",0
"Jun 17, 02:00 am",0
"Jun 17, 03:00 am",0
"Jun 17, 04:00 am",0
"Jun 17, 05:00 am",0.00223103
"Jun 17, 06:00 am",0.508132
"Jun 17, 07:00 am",0.767909
"Jun 17, 08:00 am",0.962123
"Jun 17, 09:00 am",2.73497
"Jun 17, 10:00 am",6.2578
"Jun 17, 11:00 am",9.18313
"Jun 17, 12:00 pm",11.5388
"Jun 17, 01:00 pm",13.2483
"Jun 17, 02:00 pm",14.1804
"Jun 17, 03:00 pm",14.2839
"Jun 17, 04:00 pm",13.501
"Jun 17, 05:00 pm",11.4169
"Jun 17, 06:00 pm",7.67917
"Jun 17, 07:00 pm",0.383407
"Jun 17, 08:00 pm",0
"Jun 17, 09:00 pm",0
"Jun 17, 10:00 pm",0
"Jun 17, 11:00 pm",0
"Jun 18, 12:00 am",0
"Jun 18, 01:00 am",0
"Jun 18, 02:00 am",0
"Jun 18, 03:00 am",0
"Jun 18, 04:00 am",0
"Jun 18, 05:00 am",0.00268288
"Jun 18, 06:00 am",0.610064
"Jun 18, 07:00 am",0.803282
"Jun 18, 08:00 am",0.94435
"Jun 18, 09:00 am",2.81623
"Jun 18, 10:00 am",6.33376
"Jun 18, 11:00 am",9.40608
"Jun 18, 12:00 pm",11.6846
"Jun 18, 01:00 pm",13.3169
"Jun 18, 02:00 pm",14.42
"Jun 18, 03:00 pm",14.5161
"Jun 18, 04:00 pm",13.6562
"Jun 18, 05:00 pm",11.7439
"Jun 18, 06:00 pm",8.0049
"Jun 18, 07:00 pm",0.465949
"Jun 18, 08:00 pm",0
"Jun 18, 09:00 pm",0
"Jun 18, 10:00 pm",0
"Jun 18, 11:00 pm",0
"Jun 19, 12:00 am",0
"Jun 19, 01:00 am",0
"Jun 19, 02:00 am",0
"Jun 19, 03:00 am",0
"Jun 19, 04:00 am",0
"Jun 19, 05:00 am",0.00361804
"Jun 19, 06:00 am",0.653396
"Jun 19, 07:00 am",0.874687
"Jun 19, 08:00 am",1.02258
"Jun 19, 09:00 am",2.89827
"Jun 19, 10:00 am",6.43084
"Jun 19, 11:00 am",9.35173
"Jun 19, 12:00 pm",11.3582
"Jun 19, 01:00 pm",12.6337
"Jun 19, 02:00 pm",13.2603
"Jun 19, 03:00 pm",13.2964
"Jun 19, 04:00 pm",12.3496
"Jun 19, 05:00 pm",10.3132
"Jun 19, 06:00 pm",6.61736
"Jun 19, 07:00 pm",0.141854
"Jun 19, 08:00 pm",0
"Jun 19, 09:00 pm",0
"Jun 19, 10:00 pm",0
"Jun 19, 11:00 pm",0
"Jun 20, 12:00 am",0
"Jun 20, 01:00 am",0
"Jun 20, 02:00 am",0
"Jun 20, 03:00 am",0
"Jun 20, 04:00 am",0
"Jun 20, 05:00 am",0.00407364
"Jun 20, 06:00 am",0.587752
"Jun 20, 07:00 am",0.786618
"Jun 20, 08:00 am",0.909606
"Jun 20, 09:00 am",2.7596
"Jun 20, 10:00 am",6.2357
"Jun 20, 11:00 am",9.16488
"Jun 20, 12:00 pm",11.4382
"Jun 20, 01:00 pm",13.1909
"Jun 20, 02:00 pm",14.0907
"Jun 20, 03:00 pm",14.1781
"Jun 20, 04:00 pm",13.4156
"Jun 20, 05:00 pm",11.2617
"Jun 20, 06:00 pm",7.15863
"Jun 20, 07:00 pm",0.217909
"Jun 20, 08:00 pm",0
"Jun 20, 09:00 pm",0
"Jun 20, 10:00 pm",0
"Jun 20, 11:00 pm",0
"Jun 21, 12:00 am",0
"Jun 21, 01:00 am",0
"Jun 21, 02:00 am",0
"Jun 21, 03:00 am",0
"Jun 21, 04:00 am",0
"Jun 21, 05:00 am",-0
"Jun 21, 06:00 am",0.63876
"Jun 21, 07:00 am",0.843403
"Jun 21, 08:00 am",0.993549
"Jun 21, 09:00 am",3.11822
"Jun 21, 10:00 am",6.24601
"Jun 21, 11:00 am",9.00501
"Jun 21, 12:00 pm",10.6165
"Jun 21, 01:00 pm",8.62464
"Jun 21, 02:00 pm",14.1934
"Jun 21, 03:00 pm",14.3662
"Jun 21, 04:00 pm",13.3555
"Jun 21, 05:00 pm",10.8774
"Jun 21, 06:00 pm",6.54594
"Jun 21, 07:00 pm",0.116317
"Jun 21, 08:00 pm",0
"Jun 21, 09:00 pm",0
"Jun 21, 10:00 pm",0
"Jun 21, 11:00 pm",0
"Jun 22, 12:00 am",0
"Jun 22, 01:00 am",0
"Jun 22, 02:00 am",0
"Jun 22, 03:00 am",0
"Jun 22, 04:00 am",0
"Jun 22, 05:00 am",-0
"Jun 22, 06:00 am",0.625804
"Jun 22, 07:00 am",0.710664
"Jun 22, 08:00 am",1.76311
"Jun 22, 09:00 am",2.80371
"Jun 22, 10:00 am",5.88372
"Jun 22, 11:00 am",7.78819
"Jun 22, 12:00 pm",8.85566
"Jun 22, 01:00 pm",11.4514
"Jun 22, 02:00 pm",13.8548
"Jun 22, 03:00 pm",13.9287
"Jun 22, 04:00 pm",13.2336
"Jun 22, 05:00 pm",11.0906
"Jun 22, 06:00 pm",7.00781
"Jun 22, 07:00 pm",0.198015
"Jun 22, 08:00 pm",0
"Jun 22, 09:00 pm",0
"Jun 22, 10:00 pm",0
"Jun 22, 11:00 pm",0
"Jun 23, 12:00 am",0
"Jun 23, 01:00 am",0
"Jun 23, 02:00 am",0
"Jun 23, 03:00 am",0
"Jun 23, 04:00 am",0
"Jun 23, 05:00 am",-0
"Jun 23, 06:00 am",0.681034
"Jun 23, 07:00 am",0.907509
"Jun 23, 08:00 am",1.0412
"Jun 23, 09:00 am",2.66754
"Jun 23, 10:00 am",6.27323
"Jun 23, 11:00 am",9.36349
"Jun 23, 12:00 pm",11.725
"Jun 23, 01:00 pm",13.4365
"Jun 23, 02:00 pm",14.4694
"Jun 23, 03:00 pm",14.484
"Jun 23, 04:00 pm",13.5904
"Jun 23, 05:00 pm",11.3049
"Jun 23, 06:00 pm",7.1438
"Jun 23, 07:00 pm",0.00035805
"Jun 23, 08:00 pm",0
"Jun 23, 09:00 pm",0
"Jun 23, 10:00 pm",0
"Jun 23, 11:00 pm",0
"Jun 24, 12:00 am",0
"Jun 24, 01:00 am",0
"Jun 24, 02:00 am",0
"Jun 24, 03:00 am",0
"Jun 24, 04:00 am",0
"Jun 24, 05:00 am",-0
"Jun 24, 06:00 am",0.575415
"Jun 24, 07:00 am",0.768943
"Jun 24, 08:00 am",0.892363
"Jun 24, 09:00 am",2.69116
"Jun 24, 10:00 am",6.09656
"Jun 24, 11:00 am",8.61049
"Jun 24, 12:00 pm",11.2332
"Jun 24, 01:00 pm",11.5102
"Jun 24, 02:00 pm",11.1108
"Jun 24, 03:00 pm",13.4408
"Jun 24, 04:00 pm",12.5009
"Jun 24, 05:00 pm",10.2738
"Jun 24, 06:00 pm",6.43337
"Jun 24, 07:00 pm",0.000348673
"Jun 24, 08:00 pm",0
"Jun 24, 09:00 pm",0
"Jun 24, 10:00 pm",0
"Jun 24, 11:00 pm",0
"Jun 25, 12:00 am",0
"Jun 25, 01:00 am",0
"Jun 25, 02:00 am",0
"Jun 25, 03:00 am",0
"Jun 25, 04:00 am",0
"Jun 25, 05:00 am",0.00407364
"Jun 25, 06:00 am",0.526107
"Jun 25, 07:00 am",0.787273
"Jun 25, 08:00 am",0.836668
"Jun 25, 09:00 am",2.63739
"Jun 25, 10:00 am",6.14398
"Jun 25, 11:00 am",8.90368
"Jun 25, 12:00 pm",10.7718
"Jun 25, 01:00 pm",12.1543
"Jun 25, 02:00 pm",13.0364
"Jun 25, 03:00 pm",13.2715
"Jun 25, 04:00 pm",12.61
"Jun 25, 05:00 pm",10.8637
"Jun 25, 06:00 pm",7.02821
"Jun 25, 07:00 pm",0.276142
"Jun 25, 08:00 pm",0
"Jun 25, 09:00 pm",0
"Jun 25, 10:00 pm",0
"Jun 25, 11:00 pm",0
"Jun 26, 12:00 am",0
"Jun 26, 01:00 am",0
"Jun 26, 02:00 am",0
"Jun 26, 03:00 am",0
"Jun 26, 04:00 am",0
"Jun 26, 05:00 am",-0
"Jun 26, 06:00 am",0.553598
"Jun 26, 07:00 am",0.838818
"Jun 26, 08:00 am",0.88223
"Jun 26, 09:00 am",2.70477
"Jun 26, 10:00 am",6.39345
"Jun 26, 11:00 am",9.64608
"Jun 26, 12:00 pm",12.0905
"Jun 26, 01:00 pm",13.8485
"Jun 26, 02:00 pm",14.7239
"Jun 26, 03:00 pm",14.682
"Jun 26, 04:00 pm",13.8806
"Jun 26, 05:00 pm",11.7607
"Jun 26, 06:00 pm",7.82666
"Jun 26, 07:00 pm",0.485663
"Jun 26, 08:00 pm",0
"Jun 26, 09:00 pm",0
"Jun 26, 10:00 pm",0
"Jun 26, 11:00 pm",0
"Jun 27, 12:00 am",0
"Jun 27, 01:00 am",0
"Jun 27, 02:00 am",0
"Jun 27, 03:00 am",0
"Jun 27, 04:00 am",0
"Jun 27, 05:00 am",-0
"Jun 27, 06:00 am",0.584816
"Jun 27, 07:00 am",0.828814
"Jun 27, 08:00 am",1.0478
"Jun 27, 09:00 am",2.6988
"Jun 27, 10:00 am",6.10896
"Jun 27, 11:00 am",9.0349
"Jun 27, 12:00 pm",11.2581
"Jun 27, 01:00 pm",12.8179
"Jun 27, 02:00 pm",13.7489
"Jun 27, 03:00 pm",13.6247
"Jun 27, 04:00 pm",12.4781
"Jun 27, 05:00 pm",10.2686
"Jun 27, 06:00 pm",6.62444
"Jun 27, 07:00 pm",0.301943
"Jun 27, 08:00 pm",0
"Jun 27, 09:00 pm",0
"Jun 27, 10:00 pm",0
"Jun 27, 11:00 pm",0
"Jun 28, 12:00 am",0
"Jun 28, 01:00 am",0
"Jun 28, 02:00 am",0
"Jun 28, 03:00 am",0
"Jun 28, 04:00 am",0
"Jun 28, 05:00 am",-0
"Jun 28, 06:00 am",0.68426
"Jun 28, 07:00 am",0.982714
"Jun 28, 08:00 am",0.994175
"Jun 28, 09:00 am",2.57788
"Jun 28, 10:00 am",6.00035
"Jun 28, 11:00 am",8.77346
"Jun 28, 12:00 pm",10.8135
"Jun 28, 01:00 pm",12.2575
"Jun 28, 02:00 pm",12.8484
"Jun 28, 03:00 pm",12.4728
"Jun 28, 04:00 pm",11.1598
"Jun 28, 05:00 pm",9.74752
"Jun 28, 06:00 pm",5.99691
"Jun 28, 07:00 pm",0.113165
"Jun 28, 08:00 pm",0
"Jun 28, 09:00 pm",0
"Jun 28, 10:00 pm",0
"Jun 28, 11:00 pm",0
"Jun 29, 12:00 am",0
"Jun 29, 01:00 am",0
"Jun 29, 02:00 am",0
"Jun 29, 03:00 am",0
"Jun 29, 04:00 am",0
"Jun 29, 05:00 am",-0
"Jun 29, 06:00 am",0.152778
"Jun 29, 07:00 am",1.58888
"Jun 29, 08:00 am",1.30629
"Jun 29, 09:00 am",3.65747
"Jun 29, 10:00 am",5.81857
"Jun 29, 11:00 am",8.57755
"Jun 29, 12:00 pm",10.6639
"Jun 29, 01:00 pm",12.1717
"Jun 29, 02:00 pm",12.9073
"Jun 29, 03:00 pm",12.655
"Jun 29, 04:00 pm",11.2879
"Jun 29, 05:00 pm",8.812
"Jun 29, 06:00 pm",4.83336
"Jun 29, 07:00 pm",0.0136297
"Jun 29, 08:00 pm",0
"Jun 29, 09:00 pm",0
"Jun 29, 10:00 pm",0
"Jun 29, 11:00 pm",0
"Jun 30, 12:00 am",0
"Jun 30, 01:00 am",0
"Jun 30, 02:00 am",0
"Jun 30, 03:00 am",0
"Jun 30, 04:00 am",0
"Jun 30, 05:00 am",-0
"Jun 30, 06:00 am",0.677471
"Jun 30, 07:00 am",1.6431
"Jun 30, 08:00 am",1.94725
"Jun 30, 09:00 am",3.31054
"Jun 30, 10:00 am",6.13827
"Jun 30, 11:00 am",8.78094
"Jun 30, 12:00 pm",10.9493
"Jun 30, 01:00 pm",12.5497
"Jun 30, 02:00 pm",13.0488
"Jun 30, 03:00 pm",12.8124
"Jun 30, 04:00 pm",7.56874
"Jun 30, 05:00 pm",11.175
"Jun 30, 06:00 pm",7.3955
"Jun 30, 07:00 pm",0.413248
"Jun 30, 08:00 pm",0
"Jun 30, 09:00 pm",0
"Jun 30, 10:00 pm",0
"Jun 30, 11:00 pm",0
"Jul 1, 12:00 am",0
"Jul 1, 01:00 am",0
"Jul 1, 02:00 am",0
"Jul 1, 03:00 am",0
"Jul 1, 04:00 am",0
"Jul 1, 05:00 am",-0
"Jul 1, 06:00 am",0.624629
"Jul 1, 07:00 am",0.864649
"Jul 1, 08:00 am",1.00338
"Jul 1, 09:00 am",2.66487
"Jul 1, 10:00 am",6.20973
"Jul 1, 11:00 am",9.35788
"Jul 1, 12:00 pm",11.7167
"Jul 1, 01:00 pm",13.4727
"Jul 1, 02:00 pm",14.2737
"Jul 1, 03:00 pm",14.3186
"Jul 1, 04:00 pm",13.4973
"Jul 1, 05:00 pm",11.2919
"Jul 1, 06:00 pm",7.40329
"Jul 1, 07:00 pm",0.412848
"Jul 1, 08:00 pm",0
"Jul 1, 09:00 pm",0
"Jul 1, 10:00 pm",0
"Jul 1, 11:00 pm",0
"Jul 2, 12:00 am",0
"Jul 2, 01:00 am",0
"Jul 2, 02:00 am",0
"Jul 2, 03:00 am",0
"Jul 2, 04:00 am",0
"Jul 2, 05:00 am",-0
"Jul 2, 06:00 am",0.532765
"Jul 2, 07:00 am",0.751855
"Jul 2, 08:00 am",0.894796
"Jul 2, 09:00 am",2.53334
"Jul 2, 10:00 am",5.98265
"Jul 2, 11:00 am",8.94823
"Jul 2, 12:00 pm",11.0833
"Jul 2, 01:00 pm",12.7134
"Jul 2, 02:00 pm",13.6407
"Jul 2, 03:00 pm",13.6428
"Jul 2, 04:00 pm",12.8676
"Jul 2, 05:00 pm",10.8155
"Jul 2, 06:00 pm",6.99861
"Jul 2, 07:00 pm",0.305585
"Jul 2, 08:00 pm",0
"Jul 2, 09:00 pm",0
"Jul 2, 10:00 pm",0
"Jul 2, 11:00 pm",0
"Jul 3, 12:00 am",0
"Jul 3, 01:00 am",0
"Jul 3, 02:00 am",0
"Jul 3, 03:00 am",0
"Jul 3, 04:00 am",0
"Jul 3, 05:00 am",-0
"Jul 3, 06:00 am",0.589858
"Jul 3, 07:00 am",0.893168
"Jul 3, 08:00 am",0.951489
"Jul 3, 09:00 am",2.49247
"Jul 3, 10:00 am",5.93272
"Jul 3, 11:00 am",8.97625
"Jul 3, 12:00 pm",11.2749
"Jul 3, 01:00 pm",12.9515
"Jul 3, 02:00 pm",13.8703
"Jul 3, 03:00 pm",14.0277
"Jul 3, 04:00 pm",13.1034
"Jul 3, 05:00 pm",10.9612
"Jul 3, 06:00 pm",7.03006
"Jul 3, 07:00 pm",0.274041
"Jul 3, 08:00 pm",0
"Jul 3, 09:00 pm",0
"Jul 3, 10:00 pm",0
"Jul 3, 11:00 pm",0
"Jul 4, 12:00 am",0
"Jul 4, 01:00 am",0
"Jul 4, 02:00 am",0
"Jul 4, 03:00 am",0
"Jul 4, 04:00 am",0
"Jul 4, 05:00 am",-0
"Jul 4, 06:00 am",0.579602
"Jul 4, 07:00 am",0.833135
"Jul 4, 08:00 am",0.991222
"Jul 4, 09:00 am",2.42802
"Jul 4, 10:00 am",5.9707
"Jul 4, 11:00 am",9.0292
"Jul 4, 12:00 pm",11.3474
"Jul 4, 01:00 pm",13.048
"Jul 4, 02:00 pm",14.0556
"Jul 4, 03:00 pm",14.1197
"Jul 4, 04:00 pm",13.4035
"Jul 4, 05:00 pm",11.3105
"Jul 4, 06:00 pm",7.47036
"Jul 4, 07:00 pm",0.382551
"Jul 4, 08:00 pm",0
"Jul 4, 09:00 pm",0
"Jul 4, 10:00 pm",0
"Jul 4, 11:00 pm",0
"Jul 5, 12:00 am",0
"Jul 5, 01:00 am",0
"Jul 5, 02:00 am",0
"Jul 5, 03:00 am",0
"Jul 5, 04:00 am",0
"Jul 5, 05:00 am",-0
"Jul 5, 06:00 am",0.700879
"Jul 5, 07:00 am",1.07915
"Jul 5, 08:00 am",1.10991
"Jul 5, 09:00 am",2.57378
"Jul 5, 10:00 am",5.91274
"Jul 5, 11:00 am",9.01429
"Jul 5, 12:00 pm",11.3392
"Jul 5, 01:00 pm",13.0336
"Jul 5, 02:00 pm",13.9182
"Jul 5, 03:00 pm",14.0662
"Jul 5, 04:00 pm",13.3107
"Jul 5, 05:00 pm",11.2026
"Jul 5, 06:00 pm",7.25346
"Jul 5, 07:00 pm",0.272471
"Jul 5, 08:00 pm",0
"Jul 5, 09:00 pm",0
"Jul 5, 10:00 pm",0
"Jul 5, 11:00 pm",0
"Jul 6, 12:00 am",0
"Jul 6, 01:00 am",0
"Jul 6, 02:00 am",0
"Jul 6, 03:00 am",0
"Jul 6, 04:00 am",0
"Jul 6, 05:00 am",-0
"Jul 6, 06:00 am",0.612872
"Jul 6, 07:00 am",1.00955
"Jul 6, 08:00 am",1.09682
"Jul 6, 09:00 am",2.53346
"Jul 6, 10:00 am",5.73488
"Jul 6, 11:00 am",8.63769
"Jul 6, 12:00 pm",10.7476
"Jul 6, 01:00 pm",12.3604
"Jul 6, 02:00 pm",13.3799
"Jul 6, 03:00 pm",13.5024
"Jul 6, 04:00 pm",12.8192
"Jul 6, 05:00 pm",10.5825
"Jul 6, 06:00 pm",6.2144
"Jul 6, 07:00 pm",-0
"Jul 6, 08:00 pm",0
"Jul 6, 09:00 pm",0
"Jul 6, 10:00 pm",0
"Jul 6, 11:00 pm",0
"Jul 7, 12:00 am",0
"Jul 7, 01:00 am",0
"Jul 7, 02:00 am",0
"Jul 7, 03:00 am",0
"Jul 7, 04:00 am",0
"Jul 7, 05:00 am",-0
"Jul 7, 06:00 am",0.700425
"Jul 7, 07:00 am",1.13531
"Jul 7, 08:00 am",1.20936
"Jul 7, 09:00 am",2.46676
"Jul 7, 10:00 am",5.77214
"Jul 7, 11:00 am",8.60167
"Jul 7, 12:00 pm",10.5532
"Jul 7, 01:00 pm",12.1438
"Jul 7, 02:00 pm",13.016
"Jul 7, 03:00 pm",13.1168
"Jul 7, 04:00 pm",11.0018
"Jul 7, 05:00 pm",9.08123
"Jul 7, 06:00 pm",4.87173
"Jul 7, 07:00 pm",-0
"Jul 7, 08:00 pm",0
"Jul 7, 09:00 pm",0
"Jul 7, 10:00 pm",0
"Jul 7, 11:00 pm",0
"Jul 8, 12:00 am",0
"Jul 8, 01:00 am",0
"Jul 8, 02:00 am",0
"Jul 8, 03:00 am",0
"Jul 8, 04:00 am",0
"Jul 8, 05:00 am",-0
"Jul 8, 06:00 am",0.629668
"Jul 8, 07:00 am",1.02127
"Jul 8, 08:00 am",1.07763
"Jul 8, 09:00 am",3.75652
"Jul 8, 10:00 am",5.71019
"Jul 8, 11:00 am",8.62511
"Jul 8, 12:00 pm",10.7939
"Jul 8, 01:00 pm",12.418
"Jul 8, 02:00 pm",13.2426
"Jul 8, 03:00 pm",11.9383
"Jul 8, 04:00 pm",8.51636
"Jul 8, 05:00 pm",5.40184
"Jul 8, 06:00 pm",2.51581
"Jul 8, 07:00 pm",-0
"Jul 8, 08:00 pm",0
"Jul 8, 09:00 pm",0
"Jul 8, 10:00 pm",0
"Jul 8, 11:00 pm",0
"Jul 9, 12:00 am",0
"Jul 9, 01:00 am",0
"Jul 9, 02:00 am",0
"Jul 9, 03:00 am",0
"Jul 9, 04:00 am",0
"Jul 9, 05:00 am",-0
"Jul 9, 06:00 am",0.686546
"Jul 9, 07:00 am",1.17255
"Jul 9, 08:00 am",1.34409
"Jul 9, 09:00 am",2.61306
"Jul 9, 10:00 am",5.7512
"Jul 9, 11:00 am",8.72826
"Jul 9, 12:00 pm",10.9281
"Jul 9, 01:00 pm",12.6194
"Jul 9, 02:00 pm",13.5827
"Jul 9, 03:00 pm",13.556
"Jul 9, 04:00 pm",12.6407
"Jul 9, 05:00 pm",10.4279
"Jul 9, 06:00 pm",6.40223
"Jul 9, 07:00 pm",-0
"Jul 9, 08:00 pm",0
"Jul 9, 09:00 pm",0
"Jul 9, 10:00 pm",0
"Jul 9, 11:00 pm",0
"Jul 10, 12:00 am",0
"Jul 10, 01:00 am",0
"Jul 10, 02:00 am",0
"Jul 10, 03:00 am",0
"Jul 10, 04:00 am",0
"Jul 10, 05:00 am",-0
"Jul 10, 06:00 am",0.598023
"Jul 10, 07:00 am",0.933181
"Jul 10, 08:00 am",0.957926
"Jul 10, 09:00 am",2.34141
"Jul 10, 10:00 am",5.84749
"Jul 10, 11:00 am",8.84147
"Jul 10, 12:00 pm",11.1718
"Jul 10, 01:00 pm",12.9248
"Jul 10, 02:00 pm",13.7872
"Jul 10, 03:00 pm",13.7998
"Jul 10, 04:00 pm",13.0691
"Jul 10, 05:00 pm",10.912
"Jul 10, 06:00 pm",6.92384
"Jul 10, 07:00 pm",0.184679
"Jul 10, 08:00 pm",0
"Jul 10, 09:00 pm",0
"Jul 10, 10:00 pm",0
"Jul 10, 11:00 pm",0
"Jul 11, 12:00 am",0
"Jul 11, 01:00 am",0
"Jul 11, 02:00 am",0
"Jul 11, 03:00 am",0
"Jul 11, 04:00 am",0
"Jul 11, 05:00 am",-0
"Jul 11, 06:00 am",0.697541
"Jul 11, 07:00 am",1.33065
"Jul 11, 08:00 am",2.53002
"Jul 11, 09:00 am",3.63206
"Jul 11, 10:00 am",6.03497
"Jul 11, 11:00 am",7.38796
"Jul 11, 12:00 pm",7.42037
"Jul 11, 01:00 pm",12.5144
"Jul 11, 02:00 pm",13.4713
"Jul 11, 03:00 pm",13.637
"Jul 11, 04:00 pm",10.6154
"Jul 11, 05:00 pm",8.30572
"Jul 11, 06:00 pm",6.64457
"Jul 11, 07:00 pm",-0
"Jul 11, 08:00 pm",0
"Jul 11, 09:00 pm",0
"Jul 11, 10:00 pm",0
"Jul 11, 11:00 pm",0
"Jul 12, 12:00 am",0
"Jul 12, 01:00 am",0
"Jul 12, 02:00 am",0
"Jul 12, 03:00 am",0
"Jul 12, 04:00 am",0
"Jul 12, 05:00 am",-0
"Jul 12, 06:00 am",0.620422
"Jul 12, 07:00 am",0.988121
"Jul 12, 08:00 am",1.06637
"Jul 12, 09:00 am",2.39541
"Jul 12, 10:00 am",5.6263
"Jul 12, 11:00 am",8.62752
"Jul 12, 12:00 pm",10.8986
"Jul 12, 01:00 pm",12.5263
"Jul 12, 02:00 pm",13.4178
"Jul 12, 03:00 pm",13.5675
"Jul 12, 04:00 pm",12.5504
"Jul 12, 05:00 pm",10.3147
"Jul 12, 06:00 pm",6.20893
"Jul 12, 07:00 pm",-0
"Jul 12, 08:00 pm",0
"Jul 12, 09:00 pm",0
"Jul 12, 10:00 pm",0
"Jul 12, 11:00 pm",0
"Jul 13, 12:00 am",0
"Jul 13, 01:00 am",0
"Jul 13, 02:00 am",0
"Jul 13, 03:00 am",0
"Jul 13, 04:00 am",0
"Jul 13, 05:00 am",-0
"Jul 13, 06:00 am",0.588695
"Jul 13, 07:00 am",0.939473
"Jul 13, 08:00 am",0.98937
"Jul 13, 09:00 am",2.29951
"Jul 13, 10:00 am",5.59753
"Jul 13, 11:00 am",8.70049
"Jul 13, 12:00 pm",10.9926
"Jul 13, 01:00 pm",12.6854
"Jul 13, 02:00 pm",13.6439
"Jul 13, 03:00 pm",13.8675
"Jul 13, 04:00 pm",12.8035
"Jul 13, 05:00 pm",10.4281
"Jul 13, 06:00 pm",6.07673
"Jul 13, 07:00 pm",-0
"Jul 13, 08:00 pm",0
"Jul 13, 09:00 pm",0
"Jul 13, 10:00 pm",0
"Jul 13, 11:00 pm",0
"Jul 14, 12:00 am",0
"Jul 14, 01:00 am",0
"Jul 14, 02:00 am",0
"Jul 14, 03:00 am",0
"Jul 14, 04:00 am",0
"Jul 14, 05:00 am",-0
"Jul 14, 06:00 am",0.599721
"Jul 14, 07:00 am",0.987844
"Jul 14, 08:00 am",1.04912
"Jul 14, 09:00 am",2.33238
"Jul 14, 10:00 am",5.56481
"Jul 14, 11:00 am",8.58045
"Jul 14, 12:00 pm",10.8182
"Jul 14, 01:00 pm",12.462
"Jul 14, 02:00 pm",13.2599
"Jul 14, 03:00 pm",13.3304
"Jul 14, 04:00 pm",12.1772
"Jul 14, 05:00 pm",7.69844
"Jul 14, 06:00 pm",4.32503
"Jul 14, 07:00 pm",-0
"Jul 14, 08:00 pm",0
"Jul 14, 09:00 pm",0
"Jul 14, 10:00 pm",0
"Jul 14, 11:00 pm",0
"Jul 15, 12:00 am",0
"Jul 15, 01:00 am",0
"Jul 15, 02:00 am",0
"Jul 15, 03:00 am",0
"Jul 15, 04:00 am",0
"Jul 15, 05:00 am",-0
"Jul 15, 06:00 am",0.672493
"Jul 15, 07:00 am",1.26437
"Jul 15, 08:00 am",1.15771
"Jul 15, 09:00 am",2.27428
"Jul 15, 10:00 am",5.5268
"Jul 15, 11:00 am",8.41959
"Jul 15, 12:00 pm",10.5351
"Jul 15, 01:00 pm",12.072
"Jul 15, 02:00 pm",12.8836
"Jul 15, 03:00 pm",12.9842
"Jul 15, 04:00 pm",11.8722
"Jul 15, 05:00 pm",5.58364
"Jul 15, 06:00 pm",2.86856
"Jul 15, 07:00 pm",-0
"Jul 15, 08:00 pm",0
"Jul 15, 09:00 pm",0
"Jul 15, 10:00 pm",0
"Jul 15, 11:00 pm",0
"Jul 16, 12:00 am",0
"Jul 16, 01:00 am",0
"Jul 16, 02:00 am",0
"Jul 16, 03:00 am",0
"Jul 16, 04:00 am",0
"Jul 16, 05:00 am",-0
"Jul 16, 06:00 am",0.376415
"Jul 16, 07:00 am",1.16252
"Jul 16, 08:00 am",2.48387
"Jul 16, 09:00 am",2.31795
"Jul 16, 10:00 am",5.54714
"Jul 16, 11:00 am",8.442
"Jul 16, 12:00 pm",10.6203
"Jul 16, 01:00 pm",12.3712
"Jul 16, 02:00 pm",13.1771
"Jul 16, 03:00 pm",13.1601
"Jul 16, 04:00 pm",12.1955
"Jul 16, 05:00 pm",9.97371
"Jul 16, 06:00 pm",5.98931
"Jul 16, 07:00 pm",-0
"Jul 16, 08:00 pm",0
"Jul 16, 09:00 pm",0
"Jul 16, 10:00 pm",0
"Jul 16, 11:00 pm",0
"Jul 17, 12:00 am",0
"Jul 17, 01:00 am",0
"Jul 17, 02:00 am",0
"Jul 17, 03:00 am",0
"Jul 17, 04:00 am",0
"Jul 17, 05:00 am",0
"Jul 17, 06:00 am",0.518029
"Jul 17, 07:00 am",1.55801
"Jul 17, 08:00 am",0.812853
"Jul 17, 09:00 am",3.78595
"Jul 17, 10:00 am",5.79951
"Jul 17, 11:00 am",7.964
"Jul 17, 12:00 pm",10.3277
"Jul 17, 01:00 pm",12.8148
"Jul 17, 02:00 pm",13.4959
"Jul 17, 03:00 pm",13.5526
"Jul 17, 04:00 pm",12.4709
"Jul 17, 05:00 pm",6.91726
"Jul 17, 06:00 pm",3.91836
"Jul 17, 07:00 pm",-0
"Jul 17, 08:00 pm",0
"Jul 17, 09:00 pm",0
"Jul 17, 10:00 pm",0
"Jul 17, 11:00 pm",0
"Jul 18, 12:00 am",0
"Jul 18, 01:00 am",0
"Jul 18, 02:00 am",0
"Jul 18, 03:00 am",0
"Jul 18, 04:00 am",0
"Jul 18, 05:00 am",0
"Jul 18, 06:00 am",0.618592
"Jul 18, 07:00 am",1.07092
"Jul 18, 08:00 am",1.18897
"Jul 18, 09:00 am",2.29487
"Jul 18, 10:00 am",5.63455
"Jul 18, 11:00 am",8.67303
"Jul 18, 12:00 pm",10.969
"Jul 18, 01:00 pm",12.4416
"Jul 18, 02:00 pm",13.0651
"Jul 18, 03:00 pm",12.8274
"Jul 18, 04:00 pm",0.137199
"Jul 18, 05:00 pm",0.103728
"Jul 18, 06:00 pm",-0
"Jul 18, 07:00 pm",-0
"Jul 18, 08:00 pm",0
"Jul 18, 09:00 pm",0
"Jul 18, 10:00 pm",0
"Jul 18, 11:00 pm",0
"Jul 19, 12:00 am",0
"Jul 19, 01:00 am",0
"Jul 19, 02:00 am",0
"Jul 19, 03:00 am",0
"Jul 19, 04:00 am",0
"Jul 19, 05:00 am",0
"Jul 19, 06:00 am",0.670813
"Jul 19, 07:00 am",1.19769
"Jul 19, 08:00 am",1.31985
"Jul 19, 09:00 am",2.34997
"Jul 19, 10:00 am",5.64676
"Jul 19, 11:00 am",8.59632
"Jul 19, 12:00 pm",10.747
"Jul 19, 01:00 pm",10.3542
"Jul 19, 02:00 pm",11.3592
"Jul 19, 03:00 pm",11.5151
"Jul 19, 04:00 pm",8.26553
"Jul 19, 05:00 pm",3.88713
"Jul 19, 06:00 pm",1.71325
"Jul 19, 07:00 pm",-0
"Jul 19, 08:00 pm",0
"Jul 19, 09:00 pm",0
"Jul 19, 10:00 pm",0
"Jul 19, 11:00 pm",0
"Jul 20, 12:00 am",0
"Jul 20, 01:00 am",0
"Jul 20, 02:00 am",0
"Jul 20, 03:00 am",0
"Jul 20, 04:00 am",0
"Jul 20, 05:00 am",0
"Jul 20, 06:00 am",0.677659
"Jul 20, 07:00 am",1.62202
"Jul 20, 08:00 am",2.44892
"Jul 20, 09:00 am",3.5627
"Jul 20, 10:00 am",3.18698
"Jul 20, 11:00 am",8.21385
"Jul 20, 12:00 pm",10.1644
"Jul 20, 01:00 pm",11.6525
"Jul 20, 02:00 pm",12.6852
"Jul 20, 03:00 pm",12.7953
"Jul 20, 04:00 pm",12.0082
"Jul 20, 05:00 pm",9.77139
"Jul 20, 06:00 pm",5.73029
"Jul 20, 07:00 pm",-0
"Jul 20, 08:00 pm",0
"Jul 20, 09:00 pm",0
"Jul 20, 10:00 pm",0
"Jul 20, 11:00 pm",0
"Jul 21, 12:00 am",0
"Jul 21, 01:00 am",0
"Jul 21, 02:00 am",0
"Jul 21, 03:00 am",0
"Jul 21, 04:00 am",0
"Jul 21, 05:00 am",0
"Jul 21, 06:00 am",0.640429
"Jul 21, 07:00 am",1.0944
"Jul 21, 08:00 am",2.11555
"Jul 21, 09:00 am",2.27898
"Jul 21, 10:00 am",5.54547
"Jul 21, 11:00 am",8.72321
"Jul 21, 12:00 pm",11.0498
"Jul 21, 01:00 pm",12.7132
"Jul 21, 02:00 pm",13.567
"Jul 21, 03:00 pm",13.4806
"Jul 21, 04:00 pm",12.4086
"Jul 21, 05:00 pm",10.1409
"Jul 21, 06:00 pm",6.08145
"Jul 21, 07:00 pm",-0
"Jul 21, 08:00 pm",0
"Jul 21, 09:00 pm",0
"Jul 21, 10:00 pm",0
"Jul 21, 11:00 pm",0
"Jul 22, 12:00 am",0
"Jul 22, 01:00 am",0
"Jul 22, 02:00 am",0
"Jul 22, 03:00 am",0
"Jul 22, 04:00 am",0
"Jul 22, 05:00 am",0
"Jul 22, 06:00 am",0.571401
"Jul 22, 07:00 am",1.64196
"Jul 22, 08:00 am",2.22384
"Jul 22, 09:00 am",3.60261
"Jul 22, 10:00 am",5.44241
"Jul 22, 11:00 am",8.59635
"Jul 22, 12:00 pm",10.8744
"Jul 22, 01:00 pm",12.5079
"Jul 22, 02:00 pm",13.4755
"Jul 22, 03:00 pm",13.2683
"Jul 22, 04:00 pm",11.1218
"Jul 22, 05:00 pm",3.77259
"Jul 22, 06:00 pm",1.62611
"Jul 22, 07:00 pm",-0
"Jul 22, 08:00 pm",0
"Jul 22, 09:00 pm",0
"Jul 22, 10:00 pm",0
"Jul 22, 11:00 pm",0
"Jul 23, 12:00 am",0
"Jul 23, 01:00 am",0
"Jul 23, 02:00 am",0
"Jul 23, 03:00 am",0
"Jul 23, 04:00 am",0
"Jul 23, 05:00 am",0
"Jul 23, 06:00 am",0.598512
"Jul 23, 07:00 am",1.24564
"Jul 23, 08:00 am",2.52492
"Jul 23, 09:00 am",2.18067
"Jul 23, 10:00 am",5.43272
"Jul 23, 11:00 am",8.45378
"Jul 23, 12:00 pm",10.6333
"Jul 23, 01:00 pm",12.3856
"Jul 23, 02:00 pm",13.1873
"Jul 23, 03:00 pm",13.3235
"Jul 23, 04:00 pm",12.4056
"Jul 23, 05:00 pm",10.2484
"Jul 23, 06:00 pm",6.11583
"Jul 23, 07:00 pm",-0
"Jul 23, 08:00 pm",0
"Jul 23, 09:00 pm",0
"Jul 23, 10:00 pm",0
"Jul 23, 11:00 pm",0
"Jul 24, 12:00 am",0
"Jul 24, 01:00 am",0
"Jul 24, 02:00 am",0
"Jul 24, 03:00 am",0
"Jul 24, 04:00 am",0
"Jul 24, 05:00 am",0
"Jul 24, 06:00 am",0.667357
"Jul 24, 07:00 am",1.39681
"Jul 24, 08:00 am",2.24615
"Jul 24, 09:00 am",0.246594
"Jul 24, 10:00 am",0.451163
"Jul 24, 11:00 am",5.78164
"Jul 24, 12:00 pm",8.31357
"Jul 24, 01:00 pm",12.1163
"Jul 24, 02:00 pm",8.74708
"Jul 24, 03:00 pm",9.46884
"Jul 24, 04:00 pm",9.94325
"Jul 24, 05:00 pm",9.67881
"Jul 24, 06:00 pm",5.77907
"Jul 24, 07:00 pm",-0
"Jul 24, 08:00 pm",0
"Jul 24, 09:00 pm",0
"Jul 24, 10:00 pm",0
"Jul 24, 11:00 pm",0
"Jul 25, 12:00 am",0
"Jul 25, 01:00 am",0
"Jul 25, 02:00 am",0
"Jul 25, 03:00 am",0
"Jul 25, 04:00 am",0
"Jul 25, 05:00 am",0
"Jul 25, 06:00 am",0.529324
"Jul 25, 07:00 am",0.935423
"Jul 25, 08:00 am",1.01573
"Jul 25, 09:00 am",2.12147
"Jul 25, 10:00 am",5.28786
"Jul 25, 11:00 am",8.29921
"Jul 25, 12:00 pm",10.7305
"Jul 25, 01:00 pm",12.3592
"Jul 25, 02:00 pm",13.1911
"Jul 25, 03:00 pm",3.96677
"Jul 25, 04:00 pm",12.128
"Jul 25, 05:00 pm",10.0479
"Jul 25, 06:00 pm",6.10941
"Jul 25, 07:00 pm",-0
"Jul 25, 08:00 pm",0
"Jul 25, 09:00 pm",0
"Jul 25, 10:00 pm",0
"Jul 25, 11:00 pm",0
"Jul 26, 12:00 am",0
"Jul 26, 01:00 am",0
"Jul 26, 02:00 am",0
"Jul 26, 03:00 am",0
"Jul 26, 04:00 am",0
"Jul 26, 05:00 am",0
"Jul 26, 06:00 am",0.46858
"Jul 26, 07:00 am",1.17111
"Jul 26, 08:00 am",0.898869
"Jul 26, 09:00 am",1.86856
"Jul 26, 10:00 am",5.35257
"Jul 26, 11:00 am",8.51824
"Jul 26, 12:00 pm",10.9283
"Jul 26, 01:00 pm",12.7258
"Jul 26, 02:00 pm",13.6906
"Jul 26, 03:00 pm",13.7276
"Jul 26, 04:00 pm",12.86
"Jul 26, 05:00 pm",9.63772
"Jul 26, 06:00 pm",5.87334
"Jul 26, 07:00 pm",-0
"Jul 26, 08:00 pm",0
"Jul 26, 09:00 pm",0
"Jul 26, 10:00 pm",0
"Jul 26, 11:00 pm",0
"Jul 27, 12:00 am",0
"Jul 27, 01:00 am",0
"Jul 27, 02:00 am",0
"Jul 27, 03:00 am",0
"Jul 27, 04:00 am",0
"Jul 27, 05:00 am",0
"Jul 27, 06:00 am",0.450288
"Jul 27, 07:00 am",0.732123
"Jul 27, 08:00 am",0.89767
"Jul 27, 09:00 am",1.86075
"Jul 27, 10:00 am",5.33004
"Jul 27, 11:00 am",8.41508
"Jul 27, 12:00 pm",10.7071
"Jul 27, 01:00 pm",12.3994
"Jul 27, 02:00 pm",13.258
"Jul 27, 03:00 pm",13.4305
"Jul 27, 04:00 pm",9.95475
"Jul 27, 05:00 pm",0.876228
"Jul 27, 06:00 pm",0.273221
"Jul 27, 07:00 pm",-0
"Jul 27, 08:00 pm",0
"Jul 27, 09:00 pm",0
"Jul 27, 10:00 pm",0
"Jul 27, 11:00 pm",0
"Jul 28, 12:00 am",0
"Jul 28, 01:00 am",0
"Jul 28, 02:00 am",0
"Jul 28, 03:00 am",0
"Jul 28, 04:00 am",0
"Jul 28, 05:00 am",0
"Jul 28, 06:00 am",0.593723
"Jul 28, 07:00 am",1.56949
"Jul 28, 08:00 am",0.323627
"Jul 28, 09:00 am",3.6495
"Jul 28, 10:00 am",3.66192
"Jul 28, 11:00 am",8.51097
"Jul 28, 12:00 pm",11.0839
"Jul 28, 01:00 pm",13.0983
"Jul 28, 02:00 pm",14.2513
"Jul 28, 03:00 pm",14.1459
"Jul 28, 04:00 pm",12.9121
"Jul 28, 05:00 pm",10.3949
"Jul 28, 06:00 pm",6.0939
"Jul 28, 07:00 pm",-0
"Jul 28, 08:00 pm",0
"Jul 28, 09:00 pm",0
"Jul 28, 10:00 pm",0
"Jul 28, 11:00 pm",0
"Jul 29, 12:00 am",0
"Jul 29, 01:00 am",0
"Jul 29, 02:00 am",0
"Jul 29, 03:00 am",0
"Jul 29, 04:00 am",0
"Jul 29, 05:00 am",0
"Jul 29, 06:00 am",0.550956
"Jul 29, 07:00 am",1.43258
"Jul 29, 08:00 am",2.21469
"Jul 29, 09:00 am",3.37946
"Jul 29, 10:00 am",5.58532
"Jul 29, 11:00 am",8.43116
"Jul 29, 12:00 pm",10.6946
"Jul 29, 01:00 pm",3.94584
"Jul 29, 02:00 pm",6.56433
"Jul 29, 03:00 pm",12.156
"Jul 29, 04:00 pm",6.94029
"Jul 29, 05:00 pm",3.69762
"Jul 29, 06:00 pm",1.4026
"Jul 29, 07:00 pm",0
"Jul 29, 08:00 pm",0
"Jul 29, 09:00 pm",0
"Jul 29, 10:00 pm",0
"Jul 29, 11:00 pm",0
"Jul 30, 12:00 am",0
"Jul 30, 01:00 am",0
"Jul 30, 02:00 am",0
"Jul 30, 03:00 am",0
"Jul 30, 04:00 am",0
"Jul 30, 05:00 am",0
"Jul 30, 06:00 am",0.528694
"Jul 30, 07:00 am",1.53345
"Jul 30, 08:00 am",2.53711
"Jul 30, 09:00 am",3.27464
"Jul 30, 10:00 am",5.59902
"Jul 30, 11:00 am",8.25961
"Jul 30, 12:00 pm",8.60349
"Jul 30, 01:00 pm",12.0347
"Jul 30, 02:00 pm",12.6386
"Jul 30, 03:00 pm",12.4934
"Jul 30, 04:00 pm",11.417
"Jul 30, 05:00 pm",2.09391
"Jul 30, 06:00 pm",0.692674
"Jul 30, 07:00 pm",0
"Jul 30, 08:00 pm",0
"Jul 30, 09:00 pm",0
"Jul 30, 10:00 pm",0
"Jul 30, 11:00 pm",0
"Jul 31, 12:00 am",0
"Jul 31, 01:00 am",0
"Jul 31, 02:00 am",0
"Jul 31, 03:00 am",0
"Jul 31, 04:00 am",0
"Jul 31, 05:00 am",0
"Jul 31, 06:00 am",0.517224
"Jul 31, 07:00 am",1.36479
"Jul 31, 08:00 am",0.854946
"Jul 31, 09:00 am",3.16278
"Jul 31, 10:00 am",5.47645
"Jul 31, 11:00 am",8.34047
"Jul 31, 12:00 pm",10.5895
"Jul 31, 01:00 pm",12.1342
"Jul 31, 02:00 pm",12.677
"Jul 31, 03:00 pm",12.4442
"Jul 31, 04:00 pm",11.6661
"Jul 31, 05:00 pm",9.26714
"Jul 31, 06:00 pm",2.04081
"Jul 31, 07:00 pm",0
"Jul 31, 08:00 pm",0
"Jul 31, 09:00 pm",0
"Jul 31, 10:00 pm",0
"Jul 31, 11:00 pm",0
"Aug 1, 12:00 am",0
"Aug 1, 01:00 am",0
"Aug 1, 02:00 am",0
"Aug 1, 03:00 am",0
"Aug 1, 04:00 am",0
"Aug 1, 05:00 am",0
"Aug 1, 06:00 am",0.507265
"Aug 1, 07:00 am",0.923478
"Aug 1, 08:00 am",0.922472
"Aug 1, 09:00 am",1.80899
"Aug 1, 10:00 am",5.36089
"Aug 1, 11:00 am",8.5408
"Aug 1, 12:00 pm",10.8169
"Aug 1, 01:00 pm",12.3902
"Aug 1, 02:00 pm",13.2794
"Aug 1, 03:00 pm",13.3532
"Aug 1, 04:00 pm",12.6667
"Aug 1, 05:00 pm",1.61023
"Aug 1, 06:00 pm",0.505456
"Aug 1, 07:00 pm",0
"Aug 1, 08:00 pm",0
"Aug 1, 09:00 pm",0
"Aug 1, 10:00 pm",0
"Aug 1, 11:00 pm",0
"Aug 2, 12:00 am",0
"Aug 2, 01:00 am",0
"Aug 2, 02:00 am",0
"Aug 2, 03:00 am",0
"Aug 2, 04:00 am",0
"Aug 2, 05:00 am",0
"Aug 2, 06:00 am",0.457029
"Aug 2, 07:00 am",0.8315
"Aug 2, 08:00 am",0.957659
"Aug 2, 09:00 am",1.80793
"Aug 2, 10:00 am",5.34023
"Aug 2, 11:00 am",8.37906
"Aug 2, 12:00 pm",10.6141
"Aug 2, 01:00 pm",12.4547
"Aug 2, 02:00 pm",13.5087
"Aug 2, 03:00 pm",13.673
"Aug 2, 04:00 pm",12.9976
"Aug 2, 05:00 pm",10.965
"Aug 2, 06:00 pm",6.85861
"Aug 2, 07:00 pm",0
"Aug 2, 08:00 pm",0
"Aug 2, 09:00 pm",0
"Aug 2, 10:00 pm",0
"Aug 2, 11:00 pm",0
"Aug 3, 12:00 am",0
"Aug 3, 01:00 am",0
"Aug 3, 02:00 am",0
"Aug 3, 03:00 am",0
"Aug 3, 04:00 am",0
"Aug 3, 05:00 am",0
"Aug 3, 06:00 am",0.407771
"Aug 3, 07:00 am",0.735365
"Aug 3, 08:00 am",0.934106
"Aug 3, 09:00 am",1.78884
"Aug 3, 10:00 am",5.31421
"Aug 3, 11:00 am",8.50884
"Aug 3, 12:00 pm",10.3467
"Aug 3, 01:00 pm",10.9586
"Aug 3, 02:00 pm",11.0676
"Aug 3, 03:00 pm",11.8275
"Aug 3, 04:00 pm",8.3911
"Aug 3, 05:00 pm",6.01446
"Aug 3, 06:00 pm",0.36748
"Aug 3, 07:00 pm",0
"Aug 3, 08:00 pm",0
"Aug 3, 09:00 pm",0
"Aug 3, 10:00 pm",0
"Aug 3, 11:00 pm",0
"Aug 4, 12:00 am",0
"Aug 4, 01:00 am",0
"Aug 4, 02:00 am",0
"Aug 4, 03:00 am",0
"Aug 4, 04:00 am",0
"Aug 4, 05:00 am",0
"Aug 4, 06:00 am",0.218373
"Aug 4, 07:00 am",1.26203
"Aug 4, 08:00 am",2.39566
"Aug 4, 09:00 am",1.70613
"Aug 4, 10:00 am",1.1625
"Aug 4, 11:00 am",1.96852
"Aug 4, 12:00 pm",6.8309
"Aug 4, 01:00 pm",9.52067
"Aug 4, 02:00 pm",14.2096
"Aug 4, 03:00 pm",14.2435
"Aug 4, 04:00 pm",13.3454
"Aug 4, 05:00 pm",11.0373
"Aug 4, 06:00 pm",6.4174
"Aug 4, 07:00 pm",0
"Aug 4, 08:00 pm",0
"Aug 4, 09:00 pm",0
"Aug 4, 10:00 pm",0
"Aug 4, 11:00 pm",0
"Aug 5, 12:00 am",0
"Aug 5, 01:00 am",0
"Aug 5, 02:00 am",0
"Aug 5, 03:00 am",0
"Aug 5, 04:00 am",0
"Aug 5, 05:00 am",0
"Aug 5, 06:00 am",0.43787
"Aug 5, 07:00 am",0.761079
"Aug 5, 08:00 am",0.954145
"Aug 5, 09:00 am",1.76509
"Aug 5, 10:00 am",5.36919
"Aug 5, 11:00 am",8.71629
"Aug 5, 12:00 pm",11.1794
"Aug 5, 01:00 pm",13.0525
"Aug 5, 02:00 pm",14.0936
"Aug 5, 03:00 pm",14.2737
"Aug 5, 04:00 pm",13.5247
"Aug 5, 05:00 pm",11.2871
"Aug 5, 06:00 pm",6.94358
"Aug 5, 07:00 pm",0
"Aug 5, 08:00 pm",0
"Aug 5, 09:00 pm",0
"Aug 5, 10:00 pm",0
"Aug 5, 11:00 pm",0
"Aug 6, 12:00 am",0
"Aug 6, 01:00 am",0
"Aug 6, 02:00 am",0
"Aug 6, 03:00 am",0
"Aug 6, 04:00 am",0
"Aug 6, 05:00 am",0
"Aug 6, 06:00 am",0.388883
"Aug 6, 07:00 am",0.699686
"Aug 6, 08:00 am",0.894468
"Aug 6, 09:00 am",1.71615
"Aug 6, 10:00 am",5.20257
"Aug 6, 11:00 am",8.24615
"Aug 6, 12:00 pm",10.5862
"Aug 6, 01:00 pm",12.3104
"Aug 6, 02:00 pm",13.1014
"Aug 6, 03:00 pm",13.2247
"Aug 6, 04:00 pm",12.5092
"Aug 6, 05:00 pm",10.4085
"Aug 6, 06:00 pm",6.14496
"Aug 6, 07:00 pm",0
"Aug 6, 08:00 pm",0
"Aug 6, 09:00 pm",0
"Aug 6, 10:00 pm",0
"Aug 6, 11:00 pm",0
"Aug 7, 12:00 am",0
"Aug 7, 01:00 am",0
"Aug 7, 02:00 am",0
"Aug 7, 03:00 am",0
"Aug 7, 04:00 am",0
"Aug 7, 05:00 am",0
"Aug 7, 06:00 am",0.40691
"Aug 7, 07:00 am",0.733172
"Aug 7, 08:00 am",0.911987
"Aug 7, 09:00 am",1.68017
"Aug 7, 10:00 am",5.15431
"Aug 7, 11:00 am",8.17889
"Aug 7, 12:00 pm",10.5572
"Aug 7, 01:00 pm",12.3182
"Aug 7, 02:00 pm",13.3737
"Aug 7, 03:00 pm",13.4884
"Aug 7, 04:00 pm",9.35001
"Aug 7, 05:00 pm",5.98311
"Aug 7, 06:00 pm",2.51996
"Aug 7, 07:00 pm",0
"Aug 7, 08:00 pm",0
"Aug 7, 09:00 pm",0
"Aug 7, 10:00 pm",0
"Aug 7, 11:00 pm",0
"Aug 8, 12:00 am",0
"Aug 8, 01:00 am",0
"Aug 8, 02:00 am",0
"Aug 8, 03:00 am",0
"Aug 8, 04:00 am",0
"Aug 8, 05:00 am",0
"Aug 8, 06:00 am",0.40327
"Aug 8, 07:00 am",1.12635
"Aug 8, 08:00 am",1.94905
"Aug 8, 09:00 am",1.83709
"Aug 8, 10:00 am",5.0871
"Aug 8, 11:00 am",8.09975
"Aug 8, 12:00 pm",10.4317
"Aug 8, 01:00 pm",12.2404
"Aug 8, 02:00 pm",13.3665
"Aug 8, 03:00 pm",13.3901
"Aug 8, 04:00 pm",12.4128
"Aug 8, 05:00 pm",8.44153
"Aug 8, 06:00 pm",5.07706
"Aug 8, 07:00 pm",0
"Aug 8, 08:00 pm",0
"Aug 8, 09:00 pm",0
"Aug 8, 10:00 pm",0
"Aug 8, 11:00 pm",0
"Aug 9, 12:00 am",0
"Aug 9, 01:00 am",0
"Aug 9, 02:00 am",0
"Aug 9, 03:00 am",0
"Aug 9, 04:00 am",0
"Aug 9, 05:00 am",0
"Aug 9, 06:00 am",0.266271
"Aug 9, 07:00 am",1.39114
"Aug 9, 08:00 am",2.1693
"Aug 9, 09:00 am",3.21023
"Aug 9, 10:00 am",5.52918
"Aug 9, 11:00 am",7.49988
"Aug 9, 12:00 pm",10.1517
"Aug 9, 01:00 pm",10.091
"Aug 9, 02:00 pm",12.0229
"Aug 9, 03:00 pm",12.3408
"Aug 9, 04:00 pm",10.944
"Aug 9, 05:00 pm",8.99843
"Aug 9, 06:00 pm",1.70685
"Aug 9, 07:00 pm",0
"Aug 9, 08:00 pm",0
"Aug 9, 09:00 pm",0
"Aug 9, 10:00 pm",0
"Aug 9, 11:00 pm",0
"Aug 10, 12:00 am",0
"Aug 10, 01:00 am",0
"Aug 10, 02:00 am",0
"Aug 10, 03:00 am",0
"Aug 10, 04:00 am",0
"Aug 10, 05:00 am",0
"Aug 10, 06:00 am",0.443966
"Aug 10, 07:00 am",1.25999
"Aug 10, 08:00 am",2.30405
"Aug 10, 09:00 am",3.2367
"Aug 10, 10:00 am",5.53331
"Aug 10, 11:00 am",8.34962
"Aug 10, 12:00 pm",10.6543
"Aug 10, 01:00 pm",12.2366
"Aug 10, 02:00 pm",12.8456
"Aug 10, 03:00 pm",12.8248
"Aug 10, 04:00 pm",11.713
"Aug 10, 05:00 pm",9.26067
"Aug 10, 06:00 pm",0.459329
"Aug 10, 07:00 pm",0
"Aug 10, 08:00 pm",0
"Aug 10, 09:00 pm",0
"Aug 10, 10:00 pm",0
"Aug 10, 11:00 pm",0
"Aug 11, 12:00 am",0
"Aug 11, 01:00 am",0
"Aug 11, 02:00 am",0
"Aug 11, 03:00 am",0
"Aug 11, 04:00 am",0
"Aug 11, 05:00 am",0
"Aug 11, 06:00 am",0.376607
"Aug 11, 07:00 am",0.794484
"Aug 11, 08:00 am",0.885107
"Aug 11, 09:00 am",1.69167
"Aug 11, 10:00 am",5.50921
"Aug 11, 11:00 am",8.34459
"Aug 11, 12:00 pm",10.7593
"Aug 11, 01:00 pm",6.82407
"Aug 11, 02:00 pm",13.5534
"Aug 11, 03:00 pm",13.7411
"Aug 11, 04:00 pm",11.14
"Aug 11, 05:00 pm",9.90693
"Aug 11, 06:00 pm",4.61244
"Aug 11, 07:00 pm",0
"Aug 11, 08:00 pm",0
"Aug 11, 09:00 pm",0
"Aug 11, 10:00 pm",0
"Aug 11, 11:00 pm",0
"Aug 12, 12:00 am",0
"Aug 12, 01:00 am",0
"Aug 12, 02:00 am",0
"Aug 12, 03:00 am",0
"Aug 12, 04:00 am",0
"Aug 12, 05:00 am",0
"Aug 12, 06:00 am",0.426636
"Aug 12, 07:00 am",1.1441
"Aug 12, 08:00 am",1.80511
"Aug 12, 09:00 am",3.03566
"Aug 12, 10:00 am",5.46601
"Aug 12, 11:00 am",8.32422
"Aug 12, 12:00 pm",10.2181
"Aug 12, 01:00 pm",12.5116
"Aug 12, 02:00 pm",13.5183
"Aug 12, 03:00 pm",13.7907
"Aug 12, 04:00 pm",12.756
"Aug 12, 05:00 pm",8.74224
"Aug 12, 06:00 pm",2.18172
"Aug 12, 07:00 pm",0
"Aug 12, 08:00 pm",0
"Aug 12, 09:00 pm",0
"Aug 12, 10:00 pm",0
"Aug 12, 11:00 pm",0
"Aug 13, 12:00 am",0
"Aug 13, 01:00 am",0
"Aug 13, 02:00 am",0
"Aug 13, 03:00 am",0
"Aug 13, 04:00 am",0
"Aug 13, 05:00 am",0
"Aug 13, 06:00 am",0.395763
"Aug 13, 07:00 am",1.10481
"Aug 13, 08:00 am",1.50968
"Aug 13, 09:00 am",3.08294
"Aug 13, 10:00 am",5.43464
"Aug 13, 11:00 am",8.35882
"Aug 13, 12:00 pm",10.7792
"Aug 13, 01:00 pm",12.6281
"Aug 13, 02:00 pm",12.3215
"Aug 13, 03:00 pm",13.6874
"Aug 13, 04:00 pm",11.1548
"Aug 13, 05:00 pm",9.9314
"Aug 13, 06:00 pm",2.07297
"Aug 13, 07:00 pm",0
"Aug 13, 08:00 pm",0
"Aug 13, 09:00 pm",0
"Aug 13, 10:00 pm",0
"Aug 13, 11:00 pm",0
"Aug 14, 12:00 am",0
"Aug 14, 01:00 am",0
"Aug 14, 02:00 am",0
"Aug 14, 03:00 am",0
"Aug 14, 04:00 am",0
"Aug 14, 05:00 am",0
"Aug 14, 06:00 am",0.429534
"Aug 14, 07:00 am",1.00076
"Aug 14, 08:00 am",1.16525
"Aug 14, 09:00 am",1.82078
"Aug 14, 10:00 am",5.11076
"Aug 14, 11:00 am",8.11167
"Aug 14, 12:00 pm",10.4276
"Aug 14, 01:00 pm",12.2134
"Aug 14, 02:00 pm",13.1302
"Aug 14, 03:00 pm",13.2148
"Aug 14, 04:00 pm",10.6146
"Aug 14, 05:00 pm",8.16701
"Aug 14, 06:00 pm",0.112401
"Aug 14, 07:00 pm",0
"Aug 14, 08:00 pm",0
"Aug 14, 09:00 pm",0
"Aug 14, 10:00 pm",0
"Aug 14, 11:00 pm",0
"Aug 15, 12:00 am",0
"Aug 15, 01:00 am",0
"Aug 15, 02:00 am",0
"Aug 15, 03:00 am",0
"Aug 15, 04:00 am",0
"Aug 15, 05:00 am",0
"Aug 15, 06:00 am",0.279037
"Aug 15, 07:00 am",1.36103
"Aug 15, 08:00 am",1.71202
"Aug 15, 09:00 am",3.0918
"Aug 15, 10:00 am",3.78509
"Aug 15, 11:00 am",5.99846
"Aug 15, 12:00 pm",7.44753
"Aug 15, 01:00 pm",9.14809
"Aug 15, 02:00 pm",9.82702
"Aug 15, 03:00 pm",13.1201
"Aug 15, 04:00 pm",12.2212
"Aug 15, 05:00 pm",7.89679
"Aug 15, 06:00 pm",3.72836
"Aug 15, 07:00 pm",0
"Aug 15, 08:00 pm",0
"Aug 15, 09:00 pm",0
"Aug 15, 10:00 pm",0
"Aug 15, 11:00 pm",0
"Aug 16, 12:00 am",0
"Aug 16, 01:00 am",0
"Aug 16, 02:00 am",0
"Aug 16, 03:00 am",0
"Aug 16, 04:00 am",0
"Aug 16, 05:00 am",0
"Aug 16, 06:00 am",0.389672
"Aug 16, 07:00 am",1.40915
"Aug 16, 08:00 am",2.30265
"Aug 16, 09:00 am",2.93694
"Aug 16, 10:00 am",5.03287
"Aug 16, 11:00 am",8.36189
"Aug 16, 12:00 pm",10.0502
"Aug 16, 01:00 pm",12.5571
"Aug 16, 02:00 pm",13.7054
"Aug 16, 03:00 pm",12.4577
"Aug 16, 04:00 pm",11.4413
"Aug 16, 05:00 pm",9.92248
"Aug 16, 06:00 pm",4.38744
"Aug 16, 07:00 pm",0
"Aug 16, 08:00 pm",0
"Aug 16, 09:00 pm",0
"Aug 16, 10:00 pm",0
"Aug 16, 11:00 pm",0
"Aug 17, 12:00 am",0
"Aug 17, 01:00 am",0
"Aug 17, 02:00 am",0
"Aug 17, 03:00 am",0
"Aug 17, 04:00 am",0
"Aug 17, 05:00 am",0
"Aug 17, 06:00 am",0.339305
"Aug 17, 07:00 am",0.684975
"Aug 17, 08:00 am",0.854564
"Aug 17, 09:00 am",1.59643
"Aug 17, 10:00 am",4.96809
"Aug 17, 11:00 am",8.23975
"Aug 17, 12:00 pm",10.6079
"Aug 17, 01:00 pm",12.2758
"Aug 17, 02:00 pm",13.2506
"Aug 17, 03:00 pm",13.3819
"Aug 17, 04:00 pm",12.6523
"Aug 17, 05:00 pm",10.3725
"Aug 17, 06:00 pm",5.4563
"Aug 17, 07:00 pm",0
"Aug 17, 08:00 pm",0
"Aug 17, 09:00 pm",0
"Aug 17, 10:00 pm",0
"Aug 17, 11:00 pm",0
"Aug 18, 12:00 am",0
"Aug 18, 01:00 am",0
"Aug 18, 02:00 am",0
"Aug 18, 03:00 am",0
"Aug 18, 04:00 am",0
"Aug 18, 05:00 am",0
"Aug 18, 06:00 am",0.318609
"Aug 18, 07:00 am",1.01599
"Aug 18, 08:00 am",0.845
"Aug 18, 09:00 am",1.59416
"Aug 18, 10:00 am",5.05367
"Aug 18, 11:00 am",8.34654
"Aug 18, 12:00 pm",10.5569
"Aug 18, 01:00 pm",12.0256
"Aug 18, 02:00 pm",12.8024
"Aug 18, 03:00 pm",12.8373
"Aug 18, 04:00 pm",12.0145
"Aug 18, 05:00 pm",9.72449
"Aug 18, 06:00 pm",4.86732
"Aug 18, 07:00 pm",0
"Aug 18, 08:00 pm",0
"Aug 18, 09:00 pm",0
"Aug 18, 10:00 pm",0
"Aug 18, 11:00 pm",0
"Aug 19, 12:00 am",0
"Aug 19, 01:00 am",0
"Aug 19, 02:00 am",0
"Aug 19, 03:00 am",0
"Aug 19, 04:00 am",0
"Aug 19, 05:00 am",0
"Aug 19, 06:00 am",0.336206
"Aug 19, 07:00 am",1.06842
"Aug 19, 08:00 am",0.902256
"Aug 19, 09:00 am",1.47254
"Aug 19, 10:00 am",5.06395
"Aug 19, 11:00 am",8.38799
"Aug 19, 12:00 pm",10.6254
"Aug 19, 01:00 pm",12.0451
"Aug 19, 02:00 pm",12.5703
"Aug 19, 03:00 pm",12.5906
"Aug 19, 04:00 pm",11.9062
"Aug 19, 05:00 pm",9.81457
"Aug 19, 06:00 pm",4.91674
"Aug 19, 07:00 pm",0
"Aug 19, 08:00 pm",0
"Aug 19, 09:00 pm",0
"Aug 19, 10:00 pm",0
"Aug 19, 11:00 pm",0
"Aug 20, 12:00 am",0
"Aug 20, 01:00 am",0
"Aug 20, 02:00 am",0
"Aug 20, 03:00 am",0
"Aug 20, 04:00 am",0
"Aug 20, 05:00 am",0
"Aug 20, 06:00 am",0.315805
"Aug 20, 07:00 am",0.778324
"Aug 20, 08:00 am",0.894742
"Aug 20, 09:00 am",1.5612
"Aug 20, 10:00 am",4.98419
"Aug 20, 11:00 am",7.98434
"Aug 20, 12:00 pm",9.99074
"Aug 20, 01:00 pm",11.1326
"Aug 20, 02:00 pm",11.3592
"Aug 20, 03:00 pm",9.69393
"Aug 20, 04:00 pm",8.16898
"Aug 20, 05:00 pm",9.59689
"Aug 20, 06:00 pm",2.61182
"Aug 20, 07:00 pm",0
"Aug 20, 08:00 pm",0
"Aug 20, 09:00 pm",0
"Aug 20, 10:00 pm",0
"Aug 20, 11:00 pm",0
"Aug 21, 12:00 am",0
"Aug 21, 01:00 am",0
"Aug 21, 02:00 am",0
"Aug 21, 03:00 am",0
"Aug 21, 04:00 am",0
"Aug 21, 05:00 am",0
"Aug 21, 06:00 am",0.310643
"Aug 21, 07:00 am",0.785364
"Aug 21, 08:00 am",0.91612
"Aug 21, 09:00 am",1.5668
"Aug 21, 10:00 am",4.85113
"Aug 21, 11:00 am",8.1383
"Aug 21, 12:00 pm",10.4128
"Aug 21, 01:00 pm",12.1195
"Aug 21, 02:00 pm",13.1845
"Aug 21, 03:00 pm",11.8069
"Aug 21, 04:00 pm",8.8595
"Aug 21, 05:00 pm",1.27486
"Aug 21, 06:00 pm",0.318109
"Aug 21, 07:00 pm",0
"Aug 21, 08:00 pm",0
"Aug 21, 09:00 pm",0
"Aug 21, 10:00 pm",0
"Aug 21, 11:00 pm",0
"Aug 22, 12:00 am",0
"Aug 22, 01:00 am",0
"Aug 22, 02:00 am",0
"Aug 22, 03:00 am",0
"Aug 22, 04:00 am",0
"Aug 22, 05:00 am",0
"Aug 22, 06:00 am",0.331682
"Aug 22, 07:00 am",1.07971
"Aug 22, 08:00 am",0.907775
"Aug 22, 09:00 am",2.17385
"Aug 22, 10:00 am",5.41189
"Aug 22, 11:00 am",3.33055
"Aug 22, 12:00 pm",6.77995
"Aug 22, 01:00 pm",4.66325
"Aug 22, 02:00 pm",5.03203
"Aug 22, 03:00 pm",13.7759
"Aug 22, 04:00 pm",12.5507
"Aug 22, 05:00 pm",9.68006
"Aug 22, 06:00 pm",1.91604
"Aug 22, 07:00 pm",0
"Aug 22, 08:00 pm",0
"Aug 22, 09:00 pm",0
"Aug 22, 10:00 pm",0
"Aug 22, 11:00 pm",0
"Aug 23, 12:00 am",0
"Aug 23, 01:00 am",0
"Aug 23, 02:00 am",0
"Aug 23, 03:00 am",0
"Aug 23, 04:00 am",0
"Aug 23, 05:00 am",0
"Aug 23, 06:00 am",0.279454
"Aug 23, 07:00 am",0.72165
"Aug 23, 08:00 am",0.828456
"Aug 23, 09:00 am",1.4368
"Aug 23, 10:00 am",4.89022
"Aug 23, 11:00 am",8.16301
"Aug 23, 12:00 pm",10.473
"Aug 23, 01:00 pm",12.1094
"Aug 23, 02:00 pm",12.8277
"Aug 23, 03:00 pm",12.7376
"Aug 23, 04:00 pm",9.88578
"Aug 23, 05:00 pm",7.86902
"Aug 23, 06:00 pm",3.45138
"Aug 23, 07:00 pm",0
"Aug 23, 08:00 pm",0
"Aug 23, 09:00 pm",0
"Aug 23, 10:00 pm",0
"Aug 23, 11:00 pm",0
"Aug 24, 12:00 am",0
"Aug 24, 01:00 am",0
"Aug 24, 02:00 am",0
"Aug 24, 03:00 am",0
"Aug 24, 04:00 am",0
"Aug 24, 05:00 am",0
"Aug 24, 06:00 am",-0
"Aug 24, 07:00 am",1.2023
"Aug 24, 08:00 am",0.640204
"Aug 24, 09:00 am",1.9366
"Aug 24, 10:00 am",5.04573
"Aug 24, 11:00 am",7.3918
"Aug 24, 12:00 pm",9.51327
"Aug 24, 01:00 pm",10.77
"Aug 24, 02:00 pm",11.5124
"Aug 24, 03:00 pm",12.9609
"Aug 24, 04:00 pm",12.0011
"Aug 24, 05:00 pm",9.14222
"Aug 24, 06:00 pm",3.37877
"Aug 24, 07:00 pm",0
"Aug 24, 08:00 pm",0
"Aug 24, 09:00 pm",0
"Aug 24, 10:00 pm",0
"Aug 24, 11:00 pm",0
"Aug 25, 12:00 am",0
"Aug 25, 01:00 am",0
"Aug 25, 02:00 am",0
"Aug 25, 03:00 am",0
"Aug 25, 04:00 am",0
"Aug 25, 05:00 am",0
"Aug 25, 06:00 am",-0
"Aug 25, 07:00 am",0.529924
"Aug 25, 08:00 am",2.17944
"Aug 25, 09:00 am",3.01591
"Aug 25, 10:00 am",4.60504
"Aug 25, 11:00 am",5.91656
"Aug 25, 12:00 pm",10.3692
"Aug 25, 01:00 pm",12.0833
"Aug 25, 02:00 pm",13.0924
"Aug 25, 03:00 pm",13.2866
"Aug 25, 04:00 pm",12.1459
"Aug 25, 05:00 pm",1.5808
"Aug 25, 06:00 pm",3.27859
"Aug 25, 07:00 pm",0
"Aug 25, 08:00 pm",0
"Aug 25, 09:00 pm",0
"Aug 25, 10:00 pm",0
"Aug 25, 11:00 pm",0
"Aug 26, 12:00 am",0
"Aug 26, 01:00 am",0
"Aug 26, 02:00 am",0
"Aug 26, 03:00 am",0
"Aug 26, 04:00 am",0
"Aug 26, 05:00 am",0
"Aug 26, 06:00 am",0.298973
"Aug 26, 07:00 am",0.817201
"Aug 26, 08:00 am",0.941514
"Aug 26, 09:00 am",1.53207
"Aug 26, 10:00 am",4.83983
"Aug 26, 11:00 am",8.06467
"Aug 26, 12:00 pm",10.3725
"Aug 26, 01:00 pm",12.095
"Aug 26, 02:00 pm",13.0154
"Aug 26, 03:00 pm",12.9444
"Aug 26, 04:00 pm",11.8415
"Aug 26, 05:00 pm",8.92453
"Aug 26, 06:00 pm",3.03865
"Aug 26, 07:00 pm",0
"Aug 26, 08:00 pm",0
"Aug 26, 09:00 pm",0
"Aug 26, 10:00 pm",0
"Aug 26, 11:00 pm",0
"Aug 27, 12:00 am",0
"Aug 27, 01:00 am",0
"Aug 27, 02:00 am",0
"Aug 27, 03:00 am",0
"Aug 27, 04:00 am",0
"Aug 27, 05:00 am",0
"Aug 27, 06:00 am",0.258713
"Aug 27, 07:00 am",0.652988
"Aug 27, 08:00 am",0.859793
"Aug 27, 09:00 am",1.48305
"Aug 27, 10:00 am",4.99614
"Aug 27, 11:00 am",8.44986
"Aug 27, 12:00 pm",10.75
"Aug 27, 01:00 pm",12.3987
"Aug 27, 02:00 pm",13.3891
"Aug 27, 03:00 pm",13.5378
"Aug 27, 04:00 pm",12.6761
"Aug 27, 05:00 pm",10.066
"Aug 27, 06:00 pm",4.22792
"Aug 27, 07:00 pm",0
"Aug 27, 08:00 pm",0
"Aug 27, 09:00 pm",0
"Aug 27, 10:00 pm",0
"Aug 27, 11:00 pm",0
"Aug 28, 12:00 am",0
"Aug 28, 01:00 am",0
"Aug 28, 02:00 am",0
"Aug 28, 03:00 am",0
"Aug 28, 04:00 am",0
"Aug 28, 05:00 am",0
"Aug 28, 06:00 am",0.251506
"Aug 28, 07:00 am",0.641513
"Aug 28, 08:00 am",0.81583
"Aug 28, 09:00 am",1.41881
"Aug 28, 10:00 am",4.88061
"Aug 28, 11:00 am",8.21621
"Aug 28, 12:00 pm",10.4552
"Aug 28, 01:00 pm",11.9959
"Aug 28, 02:00 pm",12.9056
"Aug 28, 03:00 pm",13.0391
"Aug 28, 04:00 pm",12.3386
"Aug 28, 05:00 pm",9.90522
"Aug 28, 06:00 pm",4.01966
"Aug 28, 07:00 pm",0
"Aug 28, 08:00 pm",0
"Aug 28, 09:00 pm",0
"Aug 28, 10:00 pm",0
"Aug 28, 11:00 pm",0
"Aug 29, 12:00 am",0
"Aug 29, 01:00 am",0
"Aug 29, 02:00 am",0
"Aug 29, 03:00 am",0
"Aug 29, 04:00 am",0
"Aug 29, 05:00 am",0
"Aug 29, 06:00 am",0.255228
"Aug 29, 07:00 am",0.736371
"Aug 29, 08:00 am",0.887731
"Aug 29, 09:00 am",1.43066
"Aug 29, 10:00 am",4.96036
"Aug 29, 11:00 am",8.50056
"Aug 29, 12:00 pm",11.0732
"Aug 29, 01:00 pm",12.9813
"Aug 29, 02:00 pm",13.8693
"Aug 29, 03:00 pm",14.026
"Aug 29, 04:00 pm",12.762
"Aug 29, 05:00 pm",9.87019
"Aug 29, 06:00 pm",3.38753
"Aug 29, 07:00 pm",0
"Aug 29, 08:00 pm",0
"Aug 29, 09:00 pm",0
"Aug 29, 10:00 pm",0
"Aug 29, 11:00 pm",0
"Aug 30, 12:00 am",0
"Aug 30, 01:00 am",0
"Aug 30, 02:00 am",0
"Aug 30, 03:00 am",0
"Aug 30, 04:00 am",0
"Aug 30, 05:00 am",0
"Aug 30, 06:00 am",0.242508
"Aug 30, 07:00 am",0.839085
"Aug 30, 08:00 am",1.00424
"Aug 30, 09:00 am",1.53284
"Aug 30, 10:00 am",4.81216
"Aug 30, 11:00 am",8.2652
"Aug 30, 12:00 pm",10.7314
"Aug 30, 01:00 pm",12.4882
"Aug 30, 02:00 pm",13.5386
"Aug 30, 03:00 pm",13.4029
"Aug 30, 04:00 pm",6.34194
"Aug 30, 05:00 pm",0.713172
"Aug 30, 06:00 pm",1.23415
"Aug 30, 07:00 pm",0
"Aug 30, 08:00 pm",0
"Aug 30, 09:00 pm",0
"Aug 30, 10:00 pm",0
"Aug 30, 11:00 pm",0
"Aug 31, 12:00 am",0
"Aug 31, 01:00 am",0
"Aug 31, 02:00 am",0
"Aug 31, 03:00 am",0
"Aug 31, 04:00 am",0
"Aug 31, 05:00 am",0
"Aug 31, 06:00 am",0.238622
"Aug 31, 07:00 am",0.852201
"Aug 31, 08:00 am",1.03329
"Aug 31, 09:00 am",1.42961
"Aug 31, 10:00 am",4.729
"Aug 31, 11:00 am",8.03456
"Aug 31, 12:00 pm",10.3314
"Aug 31, 01:00 pm",11.9073
"Aug 31, 02:00 pm",12.7544
"Aug 31, 03:00 pm",12.6611
"Aug 31, 04:00 pm",4.52214
"Aug 31, 05:00 pm",9.36875
"Aug 31, 06:00 pm",2.78603
"Aug 31, 07:00 pm",0
"Aug 31, 08:00 pm",0
"Aug 31, 09:00 pm",0
"Aug 31, 10:00 pm",0
"Aug 31, 11:00 pm",0
"Sep 1, 12:00 am",0
"Sep 1, 01:00 am",0
"Sep 1, 02:00 am",0
"Sep 1, 03:00 am",0
"Sep 1, 04:00 am",0
"Sep 1, 05:00 am",0
"Sep 1, 06:00 am",0.22087
"Sep 1, 07:00 am",0.748713
"Sep 1, 08:00 am",0.995764
"Sep 1, 09:00 am",3.10496
"Sep 1, 10:00 am",5.11395
"Sep 1, 11:00 am",7.1771
"Sep 1, 12:00 pm",10.1837
"Sep 1, 01:00 pm",11.572
"Sep 1, 02:00 pm",12.1696
"Sep 1, 03:00 pm",13.3116
"Sep 1, 04:00 pm",11.8741
"Sep 1, 05:00 pm",8.82441
"Sep 1, 06:00 pm",1.59706
"Sep 1, 07:00 pm",0
"Sep 1, 08:00 pm",0
"Sep 1, 09:00 pm",0
"Sep 1, 10:00 pm",0
"Sep 1, 11:00 pm",0
"Sep 2, 12:00 am",0
"Sep 2, 01:00 am",0
"Sep 2, 02:00 am",0
"Sep 2, 03:00 am",0
"Sep 2, 04:00 am",0
"Sep 2, 05:00 am",0
"Sep 2, 06:00 am",0.199807
"Sep 2, 07:00 am",0.926932
"Sep 2, 08:00 am",1.93084
"Sep 2, 09:00 am",1.39065
"Sep 2, 10:00 am",4.63069
"Sep 2, 11:00 am",7.6989
"Sep 2, 12:00 pm",9.17121
"Sep 2, 01:00 pm",12.2081
"Sep 2, 02:00 pm",13.0939
"Sep 2, 03:00 pm",13.1822
"Sep 2, 04:00 pm",11.969
"Sep 2, 05:00 pm",9.1076
"Sep 2, 06:00 pm",2.21232
"Sep 2, 07:00 pm",0
"Sep 2, 08:00 pm",0
"Sep 2, 09:00 pm",0
"Sep 2, 10:00 pm",0
"Sep 2, 11:00 pm",0
"Sep 3, 12:00 am",0
"Sep 3, 01:00 am",0
"Sep 3, 02:00 am",0
"Sep 3, 03:00 am",0
"Sep 3, 04:00 am",0
"Sep 3, 05:00 am",0
"Sep 3, 06:00 am",0.17938
"Sep 3, 07:00 am",0.578848
"Sep 3, 08:00 am",0.766805
"Sep 3, 09:00 am",1.29462
"Sep 3, 10:00 am",4.6515
"Sep 3, 11:00 am",7.89915
"Sep 3, 12:00 pm",10.1716
"Sep 3, 01:00 pm",11.9539
"Sep 3, 02:00 pm",12.9766
"Sep 3, 03:00 pm",13.2143
"Sep 3, 04:00 pm",12.0769
"Sep 3, 05:00 pm",9.22255
"Sep 3, 06:00 pm",2.0389
"Sep 3, 07:00 pm",0
"Sep 3, 08:00 pm",0
"Sep 3, 09:00 pm",0
"Sep 3, 10:00 pm",0
"Sep 3, 11:00 pm",0
"Sep 4, 12:00 am",0
"Sep 4, 01:00 am",0
"Sep 4, 02:00 am",0
"Sep 4, 03:00 am",0
"Sep 4, 04:00 am",0
"Sep 4, 05:00 am",0
"Sep 4, 06:00 am",0.192371
"Sep 4, 07:00 am",0.834362
"Sep 4, 08:00 am",0.978291
"Sep 4, 09:00 am",1.44895
"Sep 4, 10:00 am",4.74074
"Sep 4, 11:00 am",8.2513
"Sep 4, 12:00 pm",10.7499
"Sep 4, 01:00 pm",12.4669
"Sep 4, 02:00 pm",13.2375
"Sep 4, 03:00 pm",13.0403
"Sep 4, 04:00 pm",11.4011
"Sep 4, 05:00 pm",7.61863
"Sep 4, 06:00 pm",0.841879
"Sep 4, 07:00 pm",0
"Sep 4, 08:00 pm",0
"Sep 4, 09:00 pm",0
"Sep 4, 10:00 pm",0
"Sep 4, 11:00 pm",0
"Sep 5, 12:00 am",0
"Sep 5, 01:00 am",0
"Sep 5, 02:00 am",0
"Sep 5, 03:00 am",0
"Sep 5, 04:00 am",0
"Sep 5, 05:00 am",0
"Sep 5, 06:00 am",0.0457572
"Sep 5, 07:00 am",0.807917
"Sep 5, 08:00 am",2.23215
"Sep 5, 09:00 am",3.09589
"Sep 5, 10:00 am",4.73873
"Sep 5, 11:00 am",8.29653
"Sep 5, 12:00 pm",10.7877
"Sep 5, 01:00 pm",12.4994
"Sep 5, 02:00 pm",13.4679
"Sep 5, 03:00 pm",13.4733
"Sep 5, 04:00 pm",12.1302
"Sep 5, 05:00 pm",9.07104
"Sep 5, 06:00 pm",1.72649
"Sep 5, 07:00 pm",0
"Sep 5, 08:00 pm",0
"Sep 5, 09:00 pm",0
"Sep 5, 10:00 pm",0
"Sep 5, 11:00 pm",0
"Sep 6, 12:00 am",0
"Sep 6, 01:00 am",0
"Sep 6, 02:00 am",0
"Sep 6, 03:00 am",0
"Sep 6, 04:00 am",0
"Sep 6, 05:00 am",0
"Sep 6, 06:00 am",0.160873
"Sep 6, 07:00 am",0.753225
"Sep 6, 08:00 am",0.822376
"Sep 6, 09:00 am",1.26466
"Sep 6, 10:00 am",4.63763
"Sep 6, 11:00 am",8.00558
"Sep 6, 12:00 pm",10.411
"Sep 6, 01:00 pm",10.8979
"Sep 6, 02:00 pm",11.4074
"Sep 6, 03:00 pm",7.61279
"Sep 6, 04:00 pm",0.671697
"Sep 6, 05:00 pm",4.4874
"Sep 6, 06:00 pm",0.171584
"Sep 6, 07:00 pm",0
"Sep 6, 08:00 pm",0
"Sep 6, 09:00 pm",0
"Sep 6, 10:00 pm",0
"Sep 6, 11:00 pm",0
"Sep 7, 12:00 am",0
"Sep 7, 01:00 am",0
"Sep 7, 02:00 am",0
"Sep 7, 03:00 am",0
"Sep 7, 04:00 am",0
"Sep 7, 05:00 am",0
"Sep 7, 06:00 am",0.156873
"Sep 7, 07:00 am",1.04573
"Sep 7, 08:00 am",2.20979
"Sep 7, 09:00 am",1.91767
"Sep 7, 10:00 am",4.58078
"Sep 7, 11:00 am",7.953
"Sep 7, 12:00 pm",10.3501
"Sep 7, 01:00 pm",12.0136
"Sep 7, 02:00 pm",13.08
"Sep 7, 03:00 pm",13.0432
"Sep 7, 04:00 pm",11.7398
"Sep 7, 05:00 pm",8.59069
"Sep 7, 06:00 pm",1.12268
"Sep 7, 07:00 pm",0
"Sep 7, 08:00 pm",0
"Sep 7, 09:00 pm",0
"Sep 7, 10:00 pm",0
"Sep 7, 11:00 pm",0
"Sep 8, 12:00 am",0
"Sep 8, 01:00 am",0
"Sep 8, 02:00 am",0
"Sep 8, 03:00 am",0
"Sep 8, 04:00 am",0
"Sep 8, 05:00 am",0
"Sep 8, 06:00 am",0.11963
"Sep 8, 07:00 am",0.627239
"Sep 8, 08:00 am",0.816097
"Sep 8, 09:00 am",1.27456
"Sep 8, 10:00 am",4.63252
"Sep 8, 11:00 am",8.21249
"Sep 8, 12:00 pm",10.793
"Sep 8, 01:00 pm",12.5847
"Sep 8, 02:00 pm",13.4123
"Sep 8, 03:00 pm",13.4038
"Sep 8, 04:00 pm",10.0683
"Sep 8, 05:00 pm",4.49894
"Sep 8, 06:00 pm",0.0087013
"Sep 8, 07:00 pm",0
"Sep 8, 08:00 pm",0
"Sep 8, 09:00 pm",0
"Sep 8, 10:00 pm",0
"Sep 8, 11:00 pm",0
"Sep 9, 12:00 am",0
"Sep 9, 01:00 am",0
"Sep 9, 02:00 am",0
"Sep 9, 03:00 am",0
"Sep 9, 04:00 am",0
"Sep 9, 05:00 am",0
"Sep 9, 06:00 am",0.119035
"Sep 9, 07:00 am",0.855527
"Sep 9, 08:00 am",1.63272
"Sep 9, 09:00 am",3.17054
"Sep 9, 10:00 am",4.63106
"Sep 9, 11:00 am",7.41928
"Sep 9, 12:00 pm",7.58244
"Sep 9, 01:00 pm",10.572
"Sep 9, 02:00 pm",7.88948
"Sep 9, 03:00 pm",12.6562
"Sep 9, 04:00 pm",10.9062
"Sep 9, 05:00 pm",6.9888
"Sep 9, 06:00 pm",0.0281216
"Sep 9, 07:00 pm",0
"Sep 9, 08:00 pm",0
"Sep 9, 09:00 pm",0
"Sep 9, 10:00 pm",0
"Sep 9, 11:00 pm",0
"Sep 10, 12:00 am",0
"Sep 10, 01:00 am",0
"Sep 10, 02:00 am",0
"Sep 10, 03:00 am",0
"Sep 10, 04:00 am",0
"Sep 10, 05:00 am",0
"Sep 10, 06:00 am",0.118364
"Sep 10, 07:00 am",0.974333
"Sep 10, 08:00 am",2.14023
"Sep 10, 09:00 am",3.10051
"Sep 10, 10:00 am",4.62506
"Sep 10, 11:00 am",8.07231
"Sep 10, 12:00 pm",10.413
"Sep 10, 01:00 pm",11.9048
"Sep 10, 02:00 pm",12.6224
"Sep 10, 03:00 pm",12.4341
"Sep 10, 04:00 pm",11.1188
"Sep 10, 05:00 pm",8.68749
"Sep 10, 06:00 pm",0.830218
"Sep 10, 07:00 pm",0
"Sep 10, 08:00 pm",0
"Sep 10, 09:00 pm",0
"Sep 10, 10:00 pm",0
"Sep 10, 11:00 pm",0
"Sep 11, 12:00 am",0
"Sep 11, 01:00 am",0
"Sep 11, 02:00 am",0
"Sep 11, 03:00 am",0
"Sep 11, 04:00 am",0
"Sep 11, 05:00 am",0
"Sep 11, 06:00 am",0.0909754
"Sep 11, 07:00 am",0.654833
"Sep 11, 08:00 am",0.751367
"Sep 11, 09:00 am",1.20017
"Sep 11, 10:00 am",4.68024
"Sep 11, 11:00 am",8.30229
"Sep 11, 12:00 pm",10.7785
"Sep 11, 01:00 pm",12.4501
"Sep 11, 02:00 pm",13.2756
"Sep 11, 03:00 pm",13.2973
"Sep 11, 04:00 pm",11.9807
"Sep 11, 05:00 pm",8.96668
"Sep 11, 06:00 pm",0.904804
"Sep 11, 07:00 pm",0
"Sep 11, 08:00 pm",0
"Sep 11, 09:00 pm",0
"Sep 11, 10:00 pm",0
"Sep 11, 11:00 pm",0
"Sep 12, 12:00 am",0
"Sep 12, 01:00 am",0
"Sep 12, 02:00 am",0
"Sep 12, 03:00 am",0
"Sep 12, 04:00 am",0
"Sep 12, 05:00 am",0
"Sep 12, 06:00 am",0.0891417
"Sep 12, 07:00 am",0.536094
"Sep 12, 08:00 am",0.766589
"Sep 12, 09:00 am",1.09409
"Sep 12, 10:00 am",4.65697
"Sep 12, 11:00 am",8.36997
"Sep 12, 12:00 pm",10.8819
"Sep 12, 01:00 pm",12.5611
"Sep 12, 02:00 pm",13.406
"Sep 12, 03:00 pm",13.2985
"Sep 12, 04:00 pm",12.0375
"Sep 12, 05:00 pm",8.78048
"Sep 12, 06:00 pm",-0
"Sep 12, 07:00 pm",0
"Sep 12, 08:00 pm",0
"Sep 12, 09:00 pm",0
"Sep 12, 10:00 pm",0
"Sep 12, 11:00 pm",0
"Sep 13, 12:00 am",0
"Sep 13, 01:00 am",0
"Sep 13, 02:00 am",0
"Sep 13, 03:00 am",0
"Sep 13, 04:00 am",0
"Sep 13, 05:00 am",0
"Sep 13, 06:00 am",0.0815571
"Sep 13, 07:00 am",0.568217
"Sep 13, 08:00 am",0.791976
"Sep 13, 09:00 am",1.22178
"Sep 13, 10:00 am",4.65471
"Sep 13, 11:00 am",8.10818
"Sep 13, 12:00 pm",10.2869
"Sep 13, 01:00 pm",11.9216
"Sep 13, 02:00 pm",12.909
"Sep 13, 03:00 pm",13.1316
"Sep 13, 04:00 pm",11.7999
"Sep 13, 05:00 pm",8.9743
"Sep 13, 06:00 pm",-0
"Sep 13, 07:00 pm",0
"Sep 13, 08:00 pm",0
"Sep 13, 09:00 pm",0
"Sep 13, 10:00 pm",0
"Sep 13, 11:00 pm",0
"Sep 14, 12:00 am",0
"Sep 14, 01:00 am",0
"Sep 14, 02:00 am",0
"Sep 14, 03:00 am",0
"Sep 14, 04:00 am",0
"Sep 14, 05:00 am",0
"Sep 14, 06:00 am",0.0737176
"Sep 14, 07:00 am",0.712347
"Sep 14, 08:00 am",0.779451
"Sep 14, 09:00 am",1.18601
"Sep 14, 10:00 am",4.54707
"Sep 14, 11:00 am",8.0841
"Sep 14, 12:00 pm",10.6948
"Sep 14, 01:00 pm",12.467
"Sep 14, 02:00 pm",13.4302
"Sep 14, 03:00 pm",13.4101
"Sep 14, 04:00 pm",12.1487
"Sep 14, 05:00 pm",8.78286
"Sep 14, 06:00 pm",-0
"Sep 14, 07:00 pm",0
"Sep 14, 08:00 pm",0
"Sep 14, 09:00 pm",0
"Sep 14, 10:00 pm",0
"Sep 14, 11:00 pm",0
"Sep 15, 12:00 am",0
"Sep 15, 01:00 am",0
"Sep 15, 02:00 am",0
"Sep 15, 03:00 am",0
"Sep 15, 04:00 am",0
"Sep 15, 05:00 am",0
"Sep 15, 06:00 am",0.062648
"Sep 15, 07:00 am",0.577047
"Sep 15, 08:00 am",0.785284
"Sep 15, 09:00 am",1.19587
"Sep 15, 10:00 am",4.58311
"Sep 15, 11:00 am",8.24878
"Sep 15, 12:00 pm",10.9024
"Sep 15, 01:00 pm",12.6881
"Sep 15, 02:00 pm",13.6456
"Sep 15, 03:00 pm",13.5953
"Sep 15, 04:00 pm",12.0062
"Sep 15, 05:00 pm",8.34062
"Sep 15, 06:00 pm",-0
"Sep 15, 07:00 pm",0
"Sep 15, 08:00 pm",0
"Sep 15, 09:00 pm",0
"Sep 15, 10:00 pm",0
"Sep 15, 11:00 pm",0
"Sep 16, 12:00 am",0
"Sep 16, 01:00 am",0
"Sep 16, 02:00 am",0
"Sep 16, 03:00 am",0
"Sep 16, 04:00 am",0
"Sep 16, 05:00 am",0
"Sep 16, 06:00 am",0.0636418
"Sep 16, 07:00 am",0.633563
"Sep 16, 08:00 am",0.860638
"Sep 16, 09:00 am",1.09553
"Sep 16, 10:00 am",4.49687
"Sep 16, 11:00 am",7.88689
"Sep 16, 12:00 pm",10.3422
"Sep 16, 01:00 pm",11.9725
"Sep 16, 02:00 pm",12.8336
"Sep 16, 03:00 pm",12.8055
"Sep 16, 04:00 pm",11.6645
"Sep 16, 05:00 pm",8.41865
"Sep 16, 06:00 pm",-0
"Sep 16, 07:00 pm",0
"Sep 16, 08:00 pm",0
"Sep 16, 09:00 pm",0
"Sep 16, 10:00 pm",0
"Sep 16, 11:00 pm",0
"Sep 17, 12:00 am",0
"Sep 17, 01:00 am",0
"Sep 17, 02:00 am",0
"Sep 17, 03:00 am",0
"Sep 17, 04:00 am",0
"Sep 17, 05:00 am",0
"Sep 17, 06:00 am",0.0635509
"Sep 17, 07:00 am",0.591736
"Sep 17, 08:00 am",0.747256
"Sep 17, 09:00 am",1.12956
"Sep 17, 10:00 am",4.56654
"Sep 17, 11:00 am",8.23739
"Sep 17, 12:00 pm",10.7724
"Sep 17, 01:00 pm",12.5183
"Sep 17, 02:00 pm",13.4483
"Sep 17, 03:00 pm",13.3968
"Sep 17, 04:00 pm",11.9759
"Sep 17, 05:00 pm",8.49531
"Sep 17, 06:00 pm",-0
"Sep 17, 07:00 pm",0
"Sep 17, 08:00 pm",0
"Sep 17, 09:00 pm",0
"Sep 17, 10:00 pm",0
"Sep 17, 11:00 pm",0
"Sep 18, 12:00 am",0
"Sep 18, 01:00 am",0
"Sep 18, 02:00 am",0
"Sep 18, 03:00 am",0
"Sep 18, 04:00 am",0
"Sep 18, 05:00 am",0
"Sep 18, 06:00 am",0.0675456
"Sep 18, 07:00 am",0.597601
"Sep 18, 08:00 am",0.777818
"Sep 18, 09:00 am",1.14765
"Sep 18, 10:00 am",4.55332
"Sep 18, 11:00 am",8.03215
"Sep 18, 12:00 pm",10.5076
"Sep 18, 01:00 pm",12.1431
"Sep 18, 02:00 pm",12.755
"Sep 18, 03:00 pm",12.416
"Sep 18, 04:00 pm",11.1401
"Sep 18, 05:00 pm",8.03925
"Sep 18, 06:00 pm",-0
"Sep 18, 07:00 pm",0
"Sep 18, 08:00 pm",0
"Sep 18, 09:00 pm",0
"Sep 18, 10:00 pm",0
"Sep 18, 11:00 pm",0
"Sep 19, 12:00 am",0
"Sep 19, 01:00 am",0
"Sep 19, 02:00 am",0
"Sep 19, 03:00 am",0
"Sep 19, 04:00 am",0
"Sep 19, 05:00 am",0
"Sep 19, 06:00 am",0.0565312
"Sep 19, 07:00 am",0.56537
"Sep 19, 08:00 am",0.787791
"Sep 19, 09:00 am",1.15869
"Sep 19, 10:00 am",4.48948
"Sep 19, 11:00 am",7.97113
"Sep 19, 12:00 pm",10.3165
"Sep 19, 01:00 pm",11.6486
"Sep 19, 02:00 pm",12.2536
"Sep 19, 03:00 pm",12.3565
"Sep 19, 04:00 pm",11.178
"Sep 19, 05:00 pm",8.11932
"Sep 19, 06:00 pm",0
"Sep 19, 07:00 pm",0
"Sep 19, 08:00 pm",0
"Sep 19, 09:00 pm",0
"Sep 19, 10:00 pm",0
"Sep 19, 11:00 pm",0
"Sep 20, 12:00 am",0
"Sep 20, 01:00 am",0
"Sep 20, 02:00 am",0
"Sep 20, 03:00 am",0
"Sep 20, 04:00 am",0
"Sep 20, 05:00 am",0
"Sep 20, 06:00 am",0.0472764
"Sep 20, 07:00 am",0.585862
"Sep 20, 08:00 am",0.737191
"Sep 20, 09:00 am",1.08463
"Sep 20, 10:00 am",4.4353
"Sep 20, 11:00 am",7.98116
"Sep 20, 12:00 pm",10.4861
"Sep 20, 01:00 pm",11.9958
"Sep 20, 02:00 pm",12.7255
"Sep 20, 03:00 pm",12.5984
"Sep 20, 04:00 pm",11.1837
"Sep 20, 05:00 pm",8.13114
"Sep 20, 06:00 pm",0
"Sep 20, 07:00 pm",0
"Sep 20, 08:00 pm",0
"Sep 20, 09:00 pm",0
"Sep 20, 10:00 pm",0
"Sep 20, 11:00 pm",0
"Sep 21, 12:00 am",0
"Sep 21, 01:00 am",0
"Sep 21, 02:00 am",0
"Sep 21, 03:00 am",0
"Sep 21, 04:00 am",0
"Sep 21, 05:00 am",0
"Sep 21, 06:00 am",0.0398763
"Sep 21, 07:00 am",0.580728
"Sep 21, 08:00 am",0.714992
"Sep 21, 09:00 am",1.05299
"Sep 21, 10:00 am",4.41458
"Sep 21, 11:00 am",7.90636
"Sep 21, 12:00 pm",10.2004
"Sep 21, 01:00 pm",11.7012
"Sep 21, 02:00 pm",12.5751
"Sep 21, 03:00 pm",12.5178
"Sep 21, 04:00 pm",11.223
"Sep 21, 05:00 pm",7.82702
"Sep 21, 06:00 pm",0
"Sep 21, 07:00 pm",0
"Sep 21, 08:00 pm",0
"Sep 21, 09:00 pm",0
"Sep 21, 10:00 pm",0
"Sep 21, 11:00 pm",0
"Sep 22, 12:00 am",0
"Sep 22, 01:00 am",0
"Sep 22, 02:00 am",0
"Sep 22, 03:00 am",0
"Sep 22, 04:00 am",0
"Sep 22, 05:00 am",0
"Sep 22, 06:00 am",0.0495348
"Sep 22, 07:00 am",0.551787
"Sep 22, 08:00 am",0.77519
"Sep 22, 09:00 am",1.10942
"Sep 22, 10:00 am",4.37066
"Sep 22, 11:00 am",7.87211
"Sep 22, 12:00 pm",10.363
"Sep 22, 01:00 pm",8.0068
"Sep 22, 02:00 pm",10.5563
"Sep 22, 03:00 pm",8.62667
"Sep 22, 04:00 pm",4.49043
"Sep 22, 05:00 pm",0.753178
"Sep 22, 06:00 pm",0
"Sep 22, 07:00 pm",0
"Sep 22, 08:00 pm",0
"Sep 22, 09:00 pm",0
"Sep 22, 10:00 pm",0
"Sep 22, 11:00 pm",0
"Sep 23, 12:00 am",0
"Sep 23, 01:00 am",0
"Sep 23, 02:00 am",0
"Sep 23, 03:00 am",0
"Sep 23, 04:00 am",0
"Sep 23, 05:00 am",0
"Sep 23, 06:00 am",-0
"Sep 23, 07:00 am",0.797906
"Sep 23, 08:00 am",1.9528
"Sep 23, 09:00 am",2.81615
"Sep 23, 10:00 am",4.76898
"Sep 23, 11:00 am",5.90895
"Sep 23, 12:00 pm",7.65657
"Sep 23, 01:00 pm",6.75664
"Sep 23, 02:00 pm",9.07673
"Sep 23, 03:00 pm",3.97234
"Sep 23, 04:00 pm",2.64908
"Sep 23, 05:00 pm",0.118054
"Sep 23, 06:00 pm",0
"Sep 23, 07:00 pm",0
"Sep 23, 08:00 pm",0
"Sep 23, 09:00 pm",0
"Sep 23, 10:00 pm",0
"Sep 23, 11:00 pm",0
"Sep 24, 12:00 am",0
"Sep 24, 01:00 am",0
"Sep 24, 02:00 am",0
"Sep 24, 03:00 am",0
"Sep 24, 04:00 am",0
"Sep 24, 05:00 am",0
"Sep 24, 06:00 am",-0
"Sep 24, 07:00 am",1.02598
"Sep 24, 08:00 am",2.00365
"Sep 24, 09:00 am",1.75436
"Sep 24, 10:00 am",2.66461
"Sep 24, 11:00 am",3.46175
"Sep 24, 12:00 pm",3.60966
"Sep 24, 01:00 pm",2.12456
"Sep 24, 02:00 pm",0.901945
"Sep 24, 03:00 pm",0.963001
"Sep 24, 04:00 pm",1.98845
"Sep 24, 05:00 pm",-0
"Sep 24, 06:00 pm",0
"Sep 24, 07:00 pm",0
"Sep 24, 08:00 pm",0
"Sep 24, 09:00 pm",0
"Sep 24, 10:00 pm",0
"Sep 24, 11:00 pm",0
"Sep 25, 12:00 am",0
"Sep 25, 01:00 am",0
"Sep 25, 02:00 am",0
"Sep 25, 03:00 am",0
"Sep 25, 04:00 am",0
"Sep 25, 05:00 am",0
"Sep 25, 06:00 am",-0
"Sep 25, 07:00 am",0.665386
"Sep 25, 08:00 am",1.97117
"Sep 25, 09:00 am",1.91286
"Sep 25, 10:00 am",4.60429
"Sep 25, 11:00 am",6.71239
"Sep 25, 12:00 pm",10.1321
"Sep 25, 01:00 pm",11.619
"Sep 25, 02:00 pm",12.2576
"Sep 25, 03:00 pm",11.9859
"Sep 25, 04:00 pm",5.70383
"Sep 25, 05:00 pm",6.77332
"Sep 25, 06:00 pm",0
"Sep 25, 07:00 pm",0
"Sep 25, 08:00 pm",0
"Sep 25, 09:00 pm",0
"Sep 25, 10:00 pm",0
"Sep 25, 11:00 pm",0
"Sep 26, 12:00 am",0
"Sep 26, 01:00 am",0
"Sep 26, 02:00 am",0
"Sep 26, 03:00 am",0
"Sep 26, 04:00 am",0
"Sep 26, 05:00 am",0
"Sep 26, 06:00 am",0.0132235
"Sep 26, 07:00 am",0.545674
"Sep 26, 08:00 am",0.766391
"Sep 26, 09:00 am",1.05648
"Sep 26, 10:00 am",4.2982
"Sep 26, 11:00 am",7.8895
"Sep 26, 12:00 pm",10.2893
"Sep 26, 01:00 pm",11.7267
"Sep 26, 02:00 pm",12.2912
"Sep 26, 03:00 pm",12.0305
"Sep 26, 04:00 pm",10.5503
"Sep 26, 05:00 pm",6.90702
"Sep 26, 06:00 pm",0
"Sep 26, 07:00 pm",0
"Sep 26, 08:00 pm",0
"Sep 26, 09:00 pm",0
"Sep 26, 10:00 pm",0
"Sep 26, 11:00 pm",0
"Sep 27, 12:00 am",0
"Sep 27, 01:00 am",0
"Sep 27, 02:00 am",0
"Sep 27, 03:00 am",0
"Sep 27, 04:00 am",0
"Sep 27, 05:00 am",0
"Sep 27, 06:00 am",0.00407603
"Sep 27, 07:00 am",0.559618
"Sep 27, 08:00 am",0.781039
"Sep 27, 09:00 am",1.08012
"Sep 27, 10:00 am",4.33117
"Sep 27, 11:00 am",8.00775
"Sep 27, 12:00 pm",10.5764
"Sep 27, 01:00 pm",12.2291
"Sep 27, 02:00 pm",12.9745
"Sep 27, 03:00 pm",12.7442
"Sep 27, 04:00 pm",10.9489
"Sep 27, 05:00 pm",6.76882
"Sep 27, 06:00 pm",0
"Sep 27, 07:00 pm",0
"Sep 27, 08:00 pm",0
"Sep 27, 09:00 pm",0
"Sep 27, 10:00 pm",0
"Sep 27, 11:00 pm",0
"Sep 28, 12:00 am",0
"Sep 28, 01:00 am",0
"Sep 28, 02:00 am",0
"Sep 28, 03:00 am",0
"Sep 28, 04:00 am",0
"Sep 28, 05:00 am",0
"Sep 28, 06:00 am",-0
"Sep 28, 07:00 am",0.604074
"Sep 28, 08:00 am",0.762644
"Sep 28, 09:00 am",1.04575
"Sep 28, 10:00 am",4.22733
"Sep 28, 11:00 am",7.81977
"Sep 28, 12:00 pm",10.3214
"Sep 28, 01:00 pm",11.9567
"Sep 28, 02:00 pm",12.6853
"Sep 28, 03:00 pm",12.5137
"Sep 28, 04:00 pm",10.7622
"Sep 28, 05:00 pm",6.72057
"Sep 28, 06:00 pm",0
"Sep 28, 07:00 pm",0
"Sep 28, 08:00 pm",0
"Sep 28, 09:00 pm",0
"Sep 28, 10:00 pm",0
"Sep 28, 11:00 pm",0
"Sep 29, 12:00 am",0
"Sep 29, 01:00 am",0
"Sep 29, 02:00 am",0
"Sep 29, 03:00 am",0
"Sep 29, 04:00 am",0
"Sep 29, 05:00 am",0
"Sep 29, 06:00 am",-0
"Sep 29, 07:00 am",0.53099
"Sep 29, 08:00 am",0.736816
"Sep 29, 09:00 am",1.00881
"Sep 29, 10:00 am",4.15377
"Sep 29, 11:00 am",7.69837
"Sep 29, 12:00 pm",10.2504
"Sep 29, 01:00 pm",11.9748
"Sep 29, 02:00 pm",12.7046
"Sep 29, 03:00 pm",12.4824
"Sep 29, 04:00 pm",10.6835
"Sep 29, 05:00 pm",6.50458
"Sep 29, 06:00 pm",0
"Sep 29, 07:00 pm",0
"Sep 29, 08:00 pm",0
"Sep 29, 09:00 pm",0
"Sep 29, 10:00 pm",0
"Sep 29, 11:00 pm",0
"Sep 30, 12:00 am",0
"Sep 30, 01:00 am",0
"Sep 30, 02:00 am",0
"Sep 30, 03:00 am",0
"Sep 30, 04:00 am",0
"Sep 30, 05:00 am",0
"Sep 30, 06:00 am",-0
"Sep 30, 07:00 am",0.58864
"Sep 30, 08:00 am",0.766409
"Sep 30, 09:00 am",0.882593
"Sep 30, 10:00 am",4.12349
"Sep 30, 11:00 am",7.65891
"Sep 30, 12:00 pm",10.1999
"Sep 30, 01:00 pm",11.8798
"Sep 30, 02:00 pm",12.6434
"Sep 30, 03:00 pm",12.4908
"Sep 30, 04:00 pm",10.6508
"Sep 30, 05:00 pm",5.58147
"Sep 30, 06:00 pm",0
"Sep 30, 07:00 pm",0
"Sep 30, 08:00 pm",0
"Sep 30, 09:00 pm",0
"Sep 30, 10:00 pm",0
"Sep 30, 11:00 pm",0
"Oct 1, 12:00 am",0
"Oct 1, 01:00 am",0
"Oct 1, 02:00 am",0
"Oct 1, 03:00 am",0
"Oct 1, 04:00 am",0
"Oct 1, 05:00 am",0
"Oct 1, 06:00 am",-0
"Oct 1, 07:00 am",0.679609
"Oct 1, 08:00 am",0.908455
"Oct 1, 09:00 am",2.02603
"Oct 1, 10:00 am",4.33531
"Oct 1, 11:00 am",7.51472
"Oct 1, 12:00 pm",10.0124
"Oct 1, 01:00 pm",11.638
"Oct 1, 02:00 pm",12.3931
"Oct 1, 03:00 pm",12.0477
"Oct 1, 04:00 pm",10.2875
"Oct 1, 05:00 pm",5.707
"Oct 1, 06:00 pm",0
"Oct 1, 07:00 pm",0
"Oct 1, 08:00 pm",0
"Oct 1, 09:00 pm",0
"Oct 1, 10:00 pm",0
"Oct 1, 11:00 pm",0
"Oct 2, 12:00 am",0
"Oct 2, 01:00 am",0
"Oct 2, 02:00 am",0
"Oct 2, 03:00 am",0
"Oct 2, 04:00 am",0
"Oct 2, 05:00 am",0
"Oct 2, 06:00 am",-0
"Oct 2, 07:00 am",0.875096
"Oct 2, 08:00 am",1.83312
"Oct 2, 09:00 am",2.22648
"Oct 2, 10:00 am",0.687286
"Oct 2, 11:00 am",6.99763
"Oct 2, 12:00 pm",8.23746
"Oct 2, 01:00 pm",4.0318
"Oct 2, 02:00 pm",0.264468
"Oct 2, 03:00 pm",0.294686
"Oct 2, 04:00 pm",8.49984
"Oct 2, 05:00 pm",3.27643
"Oct 2, 06:00 pm",0
"Oct 2, 07:00 pm",0
"Oct 2, 08:00 pm",0
"Oct 2, 09:00 pm",0
"Oct 2, 10:00 pm",0
"Oct 2, 11:00 pm",0
"Oct 3, 12:00 am",0
"Oct 3, 01:00 am",0
"Oct 3, 02:00 am",0
"Oct 3, 03:00 am",0
"Oct 3, 04:00 am",0
"Oct 3, 05:00 am",0
"Oct 3, 06:00 am",-0
"Oct 3, 07:00 am",0.59894
"Oct 3, 08:00 am",0.89259
"Oct 3, 09:00 am",0.979288
"Oct 3, 10:00 am",4.37127
"Oct 3, 11:00 am",8.25532
"Oct 3, 12:00 pm",11.0299
"Oct 3, 01:00 pm",12.8612
"Oct 3, 02:00 pm",13.7674
"Oct 3, 03:00 pm",13.4011
"Oct 3, 04:00 pm",11.4858
"Oct 3, 05:00 pm",6.47269
"Oct 3, 06:00 pm",0
"Oct 3, 07:00 pm",0
"Oct 3, 08:00 pm",0
"Oct 3, 09:00 pm",0
"Oct 3, 10:00 pm",0
"Oct 3, 11:00 pm",0
"Oct 4, 12:00 am",0
"Oct 4, 01:00 am",0
"Oct 4, 02:00 am",0
"Oct 4, 03:00 am",0
"Oct 4, 04:00 am",0
"Oct 4, 05:00 am",0
"Oct 4, 06:00 am",-0
"Oct 4, 07:00 am",0.541948
"Oct 4, 08:00 am",0.715778
"Oct 4, 09:00 am",0.960631
"Oct 4, 10:00 am",4.24255
"Oct 4, 11:00 am",8.06557
"Oct 4, 12:00 pm",10.6123
"Oct 4, 01:00 pm",12.1572
"Oct 4, 02:00 pm",12.725
"Oct 4, 03:00 pm",12.3736
"Oct 4, 04:00 pm",10.4872
"Oct 4, 05:00 pm",5.35139
"Oct 4, 06:00 pm",0
"Oct 4, 07:00 pm",0
"Oct 4, 08:00 pm",0
"Oct 4, 09:00 pm",0
"Oct 4, 10:00 pm",0
"Oct 4, 11:00 pm",0
"Oct 5, 12:00 am",0
"Oct 5, 01:00 am",0
"Oct 5, 02:00 am",0
"Oct 5, 03:00 am",0
"Oct 5, 04:00 am",0
"Oct 5, 05:00 am",0
"Oct 5, 06:00 am",-0
"Oct 5, 07:00 am",0.677815
"Oct 5, 08:00 am",0.912193
"Oct 5, 09:00 am",1.11622
"Oct 5, 10:00 am",4.19116
"Oct 5, 11:00 am",7.85077
"Oct 5, 12:00 pm",10.3803
"Oct 5, 01:00 pm",11.9093
"Oct 5, 02:00 pm",12.6815
"Oct 5, 03:00 pm",12.327
"Oct 5, 04:00 pm",7.33656
"Oct 5, 05:00 pm",3.41838
"Oct 5, 06:00 pm",0
"Oct 5, 07:00 pm",0
"Oct 5, 08:00 pm",0
"Oct 5, 09:00 pm",0
"Oct 5, 10:00 pm",0
"Oct 5, 11:00 pm",0
"Oct 6, 12:00 am",0
"Oct 6, 01:00 am",0
"Oct 6, 02:00 am",0
"Oct 6, 03:00 am",0
"Oct 6, 04:00 am",0
"Oct 6, 05:00 am",0
"Oct 6, 06:00 am",-0
"Oct 6, 07:00 am",0.610227
"Oct 6, 08:00 am",0.747525
"Oct 6, 09:00 am",1.80153
"Oct 6, 10:00 am",4.1406
"Oct 6, 11:00 am",7.82621
"Oct 6, 12:00 pm",10.3534
"Oct 6, 01:00 pm",11.9746
"Oct 6, 02:00 pm",12.7233
"Oct 6, 03:00 pm",12.5087
"Oct 6, 04:00 pm",10.5378
"Oct 6, 05:00 pm",5.5446
"Oct 6, 06:00 pm",0
"Oct 6, 07:00 pm",0
"Oct 6, 08:00 pm",0
"Oct 6, 09:00 pm",0
"Oct 6, 10:00 pm",0
"Oct 6, 11:00 pm",0
"Oct 7, 12:00 am",0
"Oct 7, 01:00 am",0
"Oct 7, 02:00 am",0
"Oct 7, 03:00 am",0
"Oct 7, 04:00 am",0
"Oct 7, 05:00 am",0
"Oct 7, 06:00 am",-0
"Oct 7, 07:00 am",0.539492
"Oct 7, 08:00 am",0.733526
"Oct 7, 09:00 am",0.951674
"Oct 7, 10:00 am",4.06026
"Oct 7, 11:00 am",7.77037
"Oct 7, 12:00 pm",10.2865
"Oct 7, 01:00 pm",11.7643
"Oct 7, 02:00 pm",12.246
"Oct 7, 03:00 pm",11.8361
"Oct 7, 04:00 pm",9.85709
"Oct 7, 05:00 pm",4.84912
"Oct 7, 06:00 pm",0
"Oct 7, 07:00 pm",0
"Oct 7, 08:00 pm",0
"Oct 7, 09:00 pm",0
"Oct 7, 10:00 pm",0
"Oct 7, 11:00 pm",0
"Oct 8, 12:00 am",0
"Oct 8, 01:00 am",0
"Oct 8, 02:00 am",0
"Oct 8, 03:00 am",0
"Oct 8, 04:00 am",0
"Oct 8, 05:00 am",0
"Oct 8, 06:00 am",-0
"Oct 8, 07:00 am",0.848137
"Oct 8, 08:00 am",1.44118
"Oct 8, 09:00 am",1.47786
"Oct 8, 10:00 am",4.21597
"Oct 8, 11:00 am",7.29093
"Oct 8, 12:00 pm",9.45761
"Oct 8, 01:00 pm",10.834
"Oct 8, 02:00 pm",11.5504
"Oct 8, 03:00 pm",11.2117
"Oct 8, 04:00 pm",9.32386
"Oct 8, 05:00 pm",4.0193
"Oct 8, 06:00 pm",0
"Oct 8, 07:00 pm",0
"Oct 8, 08:00 pm",0
"Oct 8, 09:00 pm",0
"Oct 8, 10:00 pm",0
"Oct 8, 11:00 pm",0
"Oct 9, 12:00 am",0
"Oct 9, 01:00 am",0
"Oct 9, 02:00 am",0
"Oct 9, 03:00 am",0
"Oct 9, 04:00 am",0
"Oct 9, 05:00 am",0
"Oct 9, 06:00 am",-0
"Oct 9, 07:00 am",0.586461
"Oct 9, 08:00 am",0.815799
"Oct 9, 09:00 am",0.988394
"Oct 9, 10:00 am",3.8196
"Oct 9, 11:00 am",7.38232
"Oct 9, 12:00 pm",9.92184
"Oct 9, 01:00 pm",11.5148
"Oct 9, 02:00 pm",12.3309
"Oct 9, 03:00 pm",11.7736
"Oct 9, 04:00 pm",9.65497
"Oct 9, 05:00 pm",4.34109
"Oct 9, 06:00 pm",0
"Oct 9, 07:00 pm",0
"Oct 9, 08:00 pm",0
"Oct 9, 09:00 pm",0
"Oct 9, 10:00 pm",0
"Oct 9, 11:00 pm",0
"Oct 10, 12:00 am",0
"Oct 10, 01:00 am",0
"Oct 10, 02:00 am",0
"Oct 10, 03:00 am",0
"Oct 10, 04:00 am",0
"Oct 10, 05:00 am",0
"Oct 10, 06:00 am",-0
"Oct 10, 07:00 am",0.589897
"Oct 10, 08:00 am",0.845274
"Oct 10, 09:00 am",1.00296
"Oct 10, 10:00 am",3.84372
"Oct 10, 11:00 am",7.51343
"Oct 10, 12:00 pm",10.1102
"Oct 10, 01:00 pm",11.7735
"Oct 10, 02:00 pm",12.5045
"Oct 10, 03:00 pm",12.0008
"Oct 10, 04:00 pm",9.89242
"Oct 10, 05:00 pm",4.23756
"Oct 10, 06:00 pm",0
"Oct 10, 07:00 pm",0
"Oct 10, 08:00 pm",0
"Oct 10, 09:00 pm",0
"Oct 10, 10:00 pm",0
"Oct 10, 11:00 pm",0
"Oct 11, 12:00 am",0
"Oct 11, 01:00 am",0
"Oct 11, 02:00 am",0
"Oct 11, 03:00 am",0
"Oct 11, 04:00 am",0
"Oct 11, 05:00 am",0
"Oct 11, 06:00 am",-0
"Oct 11, 07:00 am",0.475808
"Oct 11, 08:00 am",0.675132
"Oct 11, 09:00 am",0.870636
"Oct 11, 10:00 am",3.81039
"Oct 11, 11:00 am",7.44905
"Oct 11, 12:00 pm",9.93723
"Oct 11, 01:00 pm",11.431
"Oct 11, 02:00 pm",11.9955
"Oct 11, 03:00 pm",11.5639
"Oct 11, 04:00 pm",9.38092
"Oct 11, 05:00 pm",3.65736
"Oct 11, 06:00 pm",0
"Oct 11, 07:00 pm",0
"Oct 11, 08:00 pm",0
"Oct 11, 09:00 pm",0
"Oct 11, 10:00 pm",0
"Oct 11, 11:00 pm",0
"Oct 12, 12:00 am",0
"Oct 12, 01:00 am",0
"Oct 12, 02:00 am",0
"Oct 12, 03:00 am",0
"Oct 12, 04:00 am",0
"Oct 12, 05:00 am",0
"Oct 12, 06:00 am",0
"Oct 12, 07:00 am",0.572346
"Oct 12, 08:00 am",0.824329
"Oct 12, 09:00 am",0.859422
"Oct 12, 10:00 am",4.16204
"Oct 12, 11:00 am",7.40845
"Oct 12, 12:00 pm",6.00693
"Oct 12, 01:00 pm",8.38325
"Oct 12, 02:00 pm",12.2876
"Oct 12, 03:00 pm",11.8023
"Oct 12, 04:00 pm",9.97238
"Oct 12, 05:00 pm",4.42875
"Oct 12, 06:00 pm",0
"Oct 12, 07:00 pm",0
"Oct 12, 08:00 pm",0
"Oct 12, 09:00 pm",0
"Oct 12, 10:00 pm",0
"Oct 12, 11:00 pm",0
"Oct 13, 12:00 am",0
"Oct 13, 01:00 am",0
"Oct 13, 02:00 am",0
"Oct 13, 03:00 am",0
"Oct 13, 04:00 am",0
"Oct 13, 05:00 am",0
"Oct 13, 06:00 am",0
"Oct 13, 07:00 am",0.473523
"Oct 13, 08:00 am",0.761975
"Oct 13, 09:00 am",0.815481
"Oct 13, 10:00 am",3.83967
"Oct 13, 11:00 am",7.42462
"Oct 13, 12:00 pm",9.87963
"Oct 13, 01:00 pm",11.4055
"Oct 13, 02:00 pm",12.0555
"Oct 13, 03:00 pm",11.7305
"Oct 13, 04:00 pm",9.74186
"Oct 13, 05:00 pm",3.91548
"Oct 13, 06:00 pm",0
"Oct 13, 07:00 pm",0
"Oct 13, 08:00 pm",0
"Oct 13, 09:00 pm",0
"Oct 13, 10:00 pm",0
"Oct 13, 11:00 pm",0
"Oct 14, 12:00 am",0
"Oct 14, 01:00 am",0
"Oct 14, 02:00 am",0
"Oct 14, 03:00 am",0
"Oct 14, 04:00 am",0
"Oct 14, 05:00 am",0
"Oct 14, 06:00 am",0
"Oct 14, 07:00 am",0.457821
"Oct 14, 08:00 am",0.733234
"Oct 14, 09:00 am",0.919299
"Oct 14, 10:00 am",3.74866
"Oct 14, 11:00 am",7.33162
"Oct 14, 12:00 pm",9.79687
"Oct 14, 01:00 pm",11.3195
"Oct 14, 02:00 pm",12.0008
"Oct 14, 03:00 pm",11.712
"Oct 14, 04:00 pm",9.65111
"Oct 14, 05:00 pm",3.48923
"Oct 14, 06:00 pm",0
"Oct 14, 07:00 pm",0
"Oct 14, 08:00 pm",0
"Oct 14, 09:00 pm",0
"Oct 14, 10:00 pm",0
"Oct 14, 11:00 pm",0
"Oct 15, 12:00 am",0
"Oct 15, 01:00 am",0
"Oct 15, 02:00 am",0
"Oct 15, 03:00 am",0
"Oct 15, 04:00 am",0
"Oct 15, 05:00 am",0
"Oct 15, 06:00 am",0
"Oct 15, 07:00 am",0.455153
"Oct 15, 08:00 am",0.666533
"Oct 15, 09:00 am",0.855619
"Oct 15, 10:00 am",3.68906
"Oct 15, 11:00 am",7.2515
"Oct 15, 12:00 pm",9.87548
"Oct 15, 01:00 pm",11.4478
"Oct 15, 02:00 pm",12.0449
"Oct 15, 03:00 pm",11.6803
"Oct 15, 04:00 pm",9.57604
"Oct 15, 05:00 pm",2.82674
"Oct 15, 06:00 pm",0
"Oct 15, 07:00 pm",0
"Oct 15, 08:00 pm",0
"Oct 15, 09:00 pm",0
"Oct 15, 10:00 pm",0
"Oct 15, 11:00 pm",0
"Oct 16, 12:00 am",0
"Oct 16, 01:00 am",0
"Oct 16, 02:00 am",0
"Oct 16, 03:00 am",0
"Oct 16, 04:00 am",0
"Oct 16, 05:00 am",0
"Oct 16, 06:00 am",0
"Oct 16, 07:00 am",0.445992
"Oct 16, 08:00 am",0.735285
"Oct 16, 09:00 am",0.804335
"Oct 16, 10:00 am",3.70149
"Oct 16, 11:00 am",6.64593
"Oct 16, 12:00 pm",9.70459
"Oct 16, 01:00 pm",8.99703
"Oct 16, 02:00 pm",9.57251
"Oct 16, 03:00 pm",11.3474
"Oct 16, 04:00 pm",6.07857
"Oct 16, 05:00 pm",1.37916
"Oct 16, 06:00 pm",0
"Oct 16, 07:00 pm",0
"Oct 16, 08:00 pm",0
"Oct 16, 09:00 pm",0
"Oct 16, 10:00 pm",0
"Oct 16, 11:00 pm",0
"Oct 17, 12:00 am",0
"Oct 17, 01:00 am",0
"Oct 17, 02:00 am",0
"Oct 17, 03:00 am",0
"Oct 17, 04:00 am",0
"Oct 17, 05:00 am",0
"Oct 17, 06:00 am",0
"Oct 17, 07:00 am",0.44638
"Oct 17, 08:00 am",0.740716
"Oct 17, 09:00 am",0.799983
"Oct 17, 10:00 am",3.69342
"Oct 17, 11:00 am",7.43954
"Oct 17, 12:00 pm",10.1121
"Oct 17, 01:00 pm",11.6864
"Oct 17, 02:00 pm",12.4669
"Oct 17, 03:00 pm",11.9864
"Oct 17, 04:00 pm",9.55711
"Oct 17, 05:00 pm",2.52933
"Oct 17, 06:00 pm",0
"Oct 17, 07:00 pm",0
"Oct 17, 08:00 pm",0
"Oct 17, 09:00 pm",0
"Oct 17, 10:00 pm",0
"Oct 17, 11:00 pm",0
"Oct 18, 12:00 am",0
"Oct 18, 01:00 am",0
"Oct 18, 02:00 am",0
"Oct 18, 03:00 am",0
"Oct 18, 04:00 am",0
"Oct 18, 05:00 am",0
"Oct 18, 06:00 am",0
"Oct 18, 07:00 am",0.420849
"Oct 18, 08:00 am",0.703442
"Oct 18, 09:00 am",0.75708
"Oct 18, 10:00 am",3.54991
"Oct 18, 11:00 am",7.14231
"Oct 18, 12:00 pm",9.70221
"Oct 18, 01:00 pm",11.2124
"Oct 18, 02:00 pm",11.9282
"Oct 18, 03:00 pm",11.3233
"Oct 18, 04:00 pm",8.91198
"Oct 18, 05:00 pm",1.87189
"Oct 18, 06:00 pm",0
"Oct 18, 07:00 pm",0
"Oct 18, 08:00 pm",0
"Oct 18, 09:00 pm",0
"Oct 18, 10:00 pm",0
"Oct 18, 11:00 pm",0
"Oct 19, 12:00 am",0
"Oct 19, 01:00 am",0
"Oct 19, 02:00 am",0
"Oct 19, 03:00 am",0
"Oct 19, 04:00 am",0
"Oct 19, 05:00 am",0
"Oct 19, 06:00 am",0
"Oct 19, 07:00 am",0.505394
"Oct 19, 08:00 am",0.739463
"Oct 19, 09:00 am",0.879576
"Oct 19, 10:00 am",3.63889
"Oct 19, 11:00 am",7.34761
"Oct 19, 12:00 pm",10.063
"Oct 19, 01:00 pm",11.6944
"Oct 19, 02:00 pm",12.4745
"Oct 19, 03:00 pm",12.003
"Oct 19, 04:00 pm",9.60963
"Oct 19, 05:00 pm",2.46467
"Oct 19, 06:00 pm",0
"Oct 19, 07:00 pm",0
"Oct 19, 08:00 pm",0
"Oct 19, 09:00 pm",0
"Oct 19, 10:00 pm",0
"Oct 19, 11:00 pm",0
"Oct 20, 12:00 am",0
"Oct 20, 01:00 am",0
"Oct 20, 02:00 am",0
"Oct 20, 03:00 am",0
"Oct 20, 04:00 am",0
"Oct 20, 05:00 am",0
"Oct 20, 06:00 am",0
"Oct 20, 07:00 am",0.420445
"Oct 20, 08:00 am",0.638869
"Oct 20, 09:00 am",0.831747
"Oct 20, 10:00 am",3.52966
"Oct 20, 11:00 am",7.31016
"Oct 20, 12:00 pm",9.98145
"Oct 20, 01:00 pm",11.537
"Oct 20, 02:00 pm",12.1452
"Oct 20, 03:00 pm",11.4108
"Oct 20, 04:00 pm",9.00708
"Oct 20, 05:00 pm",1.93649
"Oct 20, 06:00 pm",0
"Oct 20, 07:00 pm",0
"Oct 20, 08:00 pm",0
"Oct 20, 09:00 pm",0
"Oct 20, 10:00 pm",0
"Oct 20, 11:00 pm",0
"Oct 21, 12:00 am",0
"Oct 21, 01:00 am",0
"Oct 21, 02:00 am",0
"Oct 21, 03:00 am",0
"Oct 21, 04:00 am",0
"Oct 21, 05:00 am",0
"Oct 21, 06:00 am",0
"Oct 21, 07:00 am",0.469941
"Oct 21, 08:00 am",0.7415
"Oct 21, 09:00 am",0.903273
"Oct 21, 10:00 am",3.3851
"Oct 21, 11:00 am",6.91302
"Oct 21, 12:00 pm",9.33598
"Oct 21, 01:00 pm",10.6578
"Oct 21, 02:00 pm",11.2151
"Oct 21, 03:00 pm",10.7951
"Oct 21, 04:00 pm",8.66371
"Oct 21, 05:00 pm",1.98184
"Oct 21, 06:00 pm",0
"Oct 21, 07:00 pm",0
"Oct 21, 08:00 pm",0
"Oct 21, 09:00 pm",0
"Oct 21, 10:00 pm",0
"Oct 21, 11:00 pm",0
"Oct 22, 12:00 am",0
"Oct 22, 01:00 am",0
"Oct 22, 02:00 am",0
"Oct 22, 03:00 am",0
"Oct 22, 04:00 am",0
"Oct 22, 05:00 am",0
"Oct 22, 06:00 am",0
"Oct 22, 07:00 am",0.469583
"Oct 22, 08:00 am",0.736963
"Oct 22, 09:00 am",0.910387
"Oct 22, 10:00 am",3.31846
"Oct 22, 11:00 am",6.713
"Oct 22, 12:00 pm",9.11459
"Oct 22, 01:00 pm",10.5895
"Oct 22, 02:00 pm",11.1574
"Oct 22, 03:00 pm",10.5584
"Oct 22, 04:00 pm",7.9266
"Oct 22, 05:00 pm",1.09327
"Oct 22, 06:00 pm",0
"Oct 22, 07:00 pm",0
"Oct 22, 08:00 pm",0
"Oct 22, 09:00 pm",0
"Oct 22, 10:00 pm",0
"Oct 22, 11:00 pm",0
"Oct 23, 12:00 am",0
"Oct 23, 01:00 am",0
"Oct 23, 02:00 am",0
"Oct 23, 03:00 am",0
"Oct 23, 04:00 am",0
"Oct 23, 05:00 am",0
"Oct 23, 06:00 am",0
"Oct 23, 07:00 am",0.47365
"Oct 23, 08:00 am",0.72433
"Oct 23, 09:00 am",1.11149
"Oct 23, 10:00 am",3.47482
"Oct 23, 11:00 am",6.14828
"Oct 23, 12:00 pm",9.21937
"Oct 23, 01:00 pm",10.7452
"Oct 23, 02:00 pm",11.4414
"Oct 23, 03:00 pm",10.906
"Oct 23, 04:00 pm",8.42946
"Oct 23, 05:00 pm",1.05946
"Oct 23, 06:00 pm",0
"Oct 23, 07:00 pm",0
"Oct 23, 08:00 pm",0
"Oct 23, 09:00 pm",0
"Oct 23, 10:00 pm",0
"Oct 23, 11:00 pm",0
"Oct 24, 12:00 am",0
"Oct 24, 01:00 am",0
"Oct 24, 02:00 am",0
"Oct 24, 03:00 am",0
"Oct 24, 04:00 am",0
"Oct 24, 05:00 am",0
"Oct 24, 06:00 am",0
"Oct 24, 07:00 am",0.5945
"Oct 24, 08:00 am",1.1279
"Oct 24, 09:00 am",1.93564
"Oct 24, 10:00 am",3.64835
"Oct 24, 11:00 am",5.31059
"Oct 24, 12:00 pm",7.33944
"Oct 24, 01:00 pm",6.50667
"Oct 24, 02:00 pm",5.65296
"Oct 24, 03:00 pm",1.70204
"Oct 24, 04:00 pm",0.734047
"Oct 24, 05:00 pm",-0
"Oct 24, 06:00 pm",0
"Oct 24, 07:00 pm",0
"Oct 24, 08:00 pm",0
"Oct 24, 09:00 pm",0
"Oct 24, 10:00 pm",0
"Oct 24, 11:00 pm",0
"Oct 25, 12:00 am",0
"Oct 25, 01:00 am",0
"Oct 25, 02:00 am",0
"Oct 25, 03:00 am",0
"Oct 25, 04:00 am",0
"Oct 25, 05:00 am",0
"Oct 25, 06:00 am",0
"Oct 25, 07:00 am",0.4886
"Oct 25, 08:00 am",0.786287
"Oct 25, 09:00 am",0.951464
"Oct 25, 10:00 am",3.23767
"Oct 25, 11:00 am",6.71543
"Oct 25, 12:00 pm",9.19297
"Oct 25, 01:00 pm",10.6647
"Oct 25, 02:00 pm",11.2092
"Oct 25, 03:00 pm",10.5479
"Oct 25, 04:00 pm",8.08932
"Oct 25, 05:00 pm",0.87602
"Oct 25, 06:00 pm",0
"Oct 25, 07:00 pm",0
"Oct 25, 08:00 pm",0
"Oct 25, 09:00 pm",0
"Oct 25, 10:00 pm",0
"Oct 25, 11:00 pm",0
"Oct 26, 12:00 am",0
"Oct 26, 01:00 am",0
"Oct 26, 02:00 am",0
"Oct 26, 03:00 am",0
"Oct 26, 04:00 am",0
"Oct 26, 05:00 am",0
"Oct 26, 06:00 am",0
"Oct 26, 07:00 am",0.39732
"Oct 26, 08:00 am",0.707742
"Oct 26, 09:00 am",0.773167
"Oct 26, 10:00 am",3.16025
"Oct 26, 11:00 am",6.63662
"Oct 26, 12:00 pm",9.16697
"Oct 26, 01:00 pm",10.6524
"Oct 26, 02:00 pm",11.2407
"Oct 26, 03:00 pm",10.7294
"Oct 26, 04:00 pm",8.3241
"Oct 26, 05:00 pm",1.08426
"Oct 26, 06:00 pm",0
"Oct 26, 07:00 pm",0
"Oct 26, 08:00 pm",0
"Oct 26, 09:00 pm",0
"Oct 26, 10:00 pm",0
"Oct 26, 11:00 pm",0
"Oct 27, 12:00 am",0
"Oct 27, 01:00 am",0
"Oct 27, 02:00 am",0
"Oct 27, 03:00 am",0
"Oct 27, 04:00 am",0
"Oct 27, 05:00 am",0
"Oct 27, 06:00 am",0
"Oct 27, 07:00 am",0.52129
"Oct 27, 08:00 am",1.35275
"Oct 27, 09:00 am",1.05684
"Oct 27, 10:00 am",3.32968
"Oct 27, 11:00 am",5.79145
"Oct 27, 12:00 pm",7.00767
"Oct 27, 01:00 pm",7.90511
"Oct 27, 02:00 pm",8.48304
"Oct 27, 03:00 pm",7.92703
"Oct 27, 04:00 pm",5.58793
"Oct 27, 05:00 pm",-0
"Oct 27, 06:00 pm",0
"Oct 27, 07:00 pm",0
"Oct 27, 08:00 pm",0
"Oct 27, 09:00 pm",0
"Oct 27, 10:00 pm",0
"Oct 27, 11:00 pm",0
"Oct 28, 12:00 am",0
"Oct 28, 01:00 am",0
"Oct 28, 02:00 am",0
"Oct 28, 03:00 am",0
"Oct 28, 04:00 am",0
"Oct 28, 05:00 am",0
"Oct 28, 06:00 am",0
"Oct 28, 07:00 am",0.551863
"Oct 28, 08:00 am",1.46106
"Oct 28, 09:00 am",1.95246
"Oct 28, 10:00 am",2.84973
"Oct 28, 11:00 am",5.75537
"Oct 28, 12:00 pm",7.95066
"Oct 28, 01:00 pm",10.3813
"Oct 28, 02:00 pm",10.9762
"Oct 28, 03:00 pm",5.99366
"Oct 28, 04:00 pm",4.07158
"Oct 28, 05:00 pm",-0
"Oct 28, 06:00 pm",0
"Oct 28, 07:00 pm",0
"Oct 28, 08:00 pm",0
"Oct 28, 09:00 pm",0
"Oct 28, 10:00 pm",0
"Oct 28, 11:00 pm",0
"Oct 29, 12:00 am",0
"Oct 29, 01:00 am",0
"Oct 29, 02:00 am",0
"Oct 29, 03:00 am",0
"Oct 29, 04:00 am",0
"Oct 29, 05:00 am",0
"Oct 29, 06:00 am",0
"Oct 29, 07:00 am",0.336075
"Oct 29, 08:00 am",0.627502
"Oct 29, 09:00 am",0.718625
"Oct 29, 10:00 am",3.01742
"Oct 29, 11:00 am",6.46128
"Oct 29, 12:00 pm",8.95446
"Oct 29, 01:00 pm",10.412
"Oct 29, 02:00 pm",11.0485
"Oct 29, 03:00 pm",10.429
"Oct 29, 04:00 pm",7.90383
"Oct 29, 05:00 pm",-0
"Oct 29, 06:00 pm",0
"Oct 29, 07:00 pm",0
"Oct 29, 08:00 pm",0
"Oct 29, 09:00 pm",0
"Oct 29, 10:00 pm",0
"Oct 29, 11:00 pm",0
"Oct 30, 12:00 am",0
"Oct 30, 01:00 am",0
"Oct 30, 02:00 am",0
"Oct 30, 03:00 am",0
"Oct 30, 04:00 am",0
"Oct 30, 05:00 am",0
"Oct 30, 06:00 am",0
"Oct 30, 07:00 am",0.372868
"Oct 30, 08:00 am",1.13576
"Oct 30, 09:00 am",1.07254
"Oct 30, 10:00 am",3.23813
"Oct 30, 11:00 am",6.43879
"Oct 30, 12:00 pm",7.84586
"Oct 30, 01:00 pm",7.92231
"Oct 30, 02:00 pm",10.9798
"Oct 30, 03:00 pm",8.60074
"Oct 30, 04:00 pm",5.88418
"Oct 30, 05:00 pm",-0
"Oct 30, 06:00 pm",0
"Oct 30, 07:00 pm",0
"Oct 30, 08:00 pm",0
"Oct 30, 09:00 pm",0
"Oct 30, 10:00 pm",0
"Oct 30, 11:00 pm",0
"Oct 31, 12:00 am",0
"Oct 31, 01:00 am",0
"Oct 31, 02:00 am",0
"Oct 31, 03:00 am",0
"Oct 31, 04:00 am",0
"Oct 31, 05:00 am",0
"Oct 31, 06:00 am",0
"Oct 31, 07:00 am",0.362247
"Oct 31, 08:00 am",0.802413
"Oct 31, 09:00 am",0.943127
"Oct 31, 10:00 am",3.29057
"Oct 31, 11:00 am",5.90789
"Oct 31, 12:00 pm",6.72415
"Oct 31, 01:00 pm",8.32609
"Oct 31, 02:00 pm",11.4035
"Oct 31, 03:00 pm",6.04215
"Oct 31, 04:00 pm",3.78998
"Oct 31, 05:00 pm",-0
"Oct 31, 06:00 pm",0
"Oct 31, 07:00 pm",0
"Oct 31, 08:00 pm",0
"Oct 31, 09:00 pm",0
"Oct 31, 10:00 pm",0
"Oct 31, 11:00 pm",0
"Nov 1, 12:00 am",0
"Nov 1, 01:00 am",0
"Nov 1, 02:00 am",0
"Nov 1, 03:00 am",0
"Nov 1, 04:00 am",0
"Nov 1, 05:00 am",0
"Nov 1, 06:00 am",0
"Nov 1, 07:00 am",0.362591
"Nov 1, 08:00 am",0.68014
"Nov 1, 09:00 am",0.758386
"Nov 1, 10:00 am",3.09007
"Nov 1, 11:00 am",6.77352
"Nov 1, 12:00 pm",9.46837
"Nov 1, 01:00 pm",10.8873
"Nov 1, 02:00 pm",11.3168
"Nov 1, 03:00 pm",7.50708
"Nov 1, 04:00 pm",5.26108
"Nov 1, 05:00 pm",-0
"Nov 1, 06:00 pm",0
"Nov 1, 07:00 pm",0
"Nov 1, 08:00 pm",0
"Nov 1, 09:00 pm",0
"Nov 1, 10:00 pm",0
"Nov 1, 11:00 pm",0
"Nov 2, 12:00 am",0
"Nov 2, 01:00 am",0
"Nov 2, 02:00 am",0
"Nov 2, 03:00 am",0
"Nov 2, 04:00 am",0
"Nov 2, 05:00 am",0
"Nov 2, 06:00 am",0
"Nov 2, 07:00 am",0.4668
"Nov 2, 08:00 am",0.710952
"Nov 2, 09:00 am",0.9055
"Nov 2, 10:00 am",3.46763
"Nov 2, 11:00 am",6.85695
"Nov 2, 12:00 pm",8.06959
"Nov 2, 01:00 pm",9.33983
"Nov 2, 02:00 pm",9.23822
"Nov 2, 03:00 pm",8.33203
"Nov 2, 04:00 pm",5.41322
"Nov 2, 05:00 pm",-0
"Nov 2, 06:00 pm",0
"Nov 2, 07:00 pm",0
"Nov 2, 08:00 pm",0
"Nov 2, 09:00 pm",0
"Nov 2, 10:00 pm",0
"Nov 2, 11:00 pm",0
"Nov 3, 12:00 am",0
"Nov 3, 01:00 am",0
"Nov 3, 02:00 am",0
"Nov 3, 03:00 am",0
"Nov 3, 04:00 am",0
"Nov 3, 05:00 am",0
"Nov 3, 06:00 am",0
"Nov 3, 07:00 am",-0
"Nov 3, 08:00 am",0.979527
"Nov 3, 09:00 am",1.72214
"Nov 3, 10:00 am",2.38319
"Nov 3, 11:00 am",3.04723
"Nov 3, 12:00 pm",4.81063
"Nov 3, 01:00 pm",7.04991
"Nov 3, 02:00 pm",3.46496
"Nov 3, 03:00 pm",10.1121
"Nov 3, 04:00 pm",7.1379
"Nov 3, 05:00 pm",-0
"Nov 3, 06:00 pm",0
"Nov 3, 07:00 pm",0
"Nov 3, 08:00 pm",0
"Nov 3, 09:00 pm",0
"Nov 3, 10:00 pm",0
"Nov 3, 11:00 pm",0
"Nov 4, 12:00 am",0
"Nov 4, 01:00 am",0
"Nov 4, 02:00 am",0
"Nov 4, 03:00 am",0
"Nov 4, 04:00 am",0
"Nov 4, 05:00 am",0
"Nov 4, 06:00 am",0
"Nov 4, 07:00 am",0.365527
"Nov 4, 08:00 am",0.679664
"Nov 4, 09:00 am",0.865233
"Nov 4, 10:00 am",2.92446
"Nov 4, 11:00 am",6.6787
"Nov 4, 12:00 pm",9.50824
"Nov 4, 01:00 pm",11.1408
"Nov 4, 02:00 pm",11.8088
"Nov 4, 03:00 pm",11.017
"Nov 4, 04:00 pm",8.0733
"Nov 4, 05:00 pm",-0
"Nov 4, 06:00 pm",0
"Nov 4, 07:00 pm",0
"Nov 4, 08:00 pm",0
"Nov 4, 09:00 pm",0
"Nov 4, 10:00 pm",0
"Nov 4, 11:00 pm",0
"Nov 5, 12:00 am",0
"Nov 5, 01:00 am",0
"Nov 5, 02:00 am",0
"Nov 5, 03:00 am",0
"Nov 5, 04:00 am",0
"Nov 5, 05:00 am",0
"Nov 5, 06:00 am",0
"Nov 5, 07:00 am",0.312644
"Nov 5, 08:00 am",0.65563
"Nov 5, 09:00 am",0.746288
"Nov 5, 10:00 am",2.91772
"Nov 5, 11:00 am",6.64826
"Nov 5, 12:00 pm",9.36703
"Nov 5, 01:00 pm",10.8202
"Nov 5, 02:00 pm",11.2436
"Nov 5, 03:00 pm",10.6462
"Nov 5, 04:00 pm",8.10817
"Nov 5, 05:00 pm",-0
"Nov 5, 06:00 pm",0
"Nov 5, 07:00 pm",0
"Nov 5, 08:00 pm",0
"Nov 5, 09:00 pm",0
"Nov 5, 10:00 pm",0
"Nov 5, 11:00 pm",0
"Nov 6, 12:00 am",0
"Nov 6, 01:00 am",0
"Nov 6, 02:00 am",0
"Nov 6, 03:00 am",0
"Nov 6, 04:00 am",0
"Nov 6, 05:00 am",0
"Nov 6, 06:00 am",0
"Nov 6, 07:00 am",0.321509
"Nov 6, 08:00 am",0.544336
"Nov 6, 09:00 am",1.3219
"Nov 6, 10:00 am",3.04893
"Nov 6, 11:00 am",5.70555
"Nov 6, 12:00 pm",8.2786
"Nov 6, 01:00 pm",9.45563
"Nov 6, 02:00 pm",11.529
"Nov 6, 03:00 pm",5.43393
"Nov 6, 04:00 pm",0.520991
"Nov 6, 05:00 pm",-0
"Nov 6, 06:00 pm",0
"Nov 6, 07:00 pm",0
"Nov 6, 08:00 pm",0
"Nov 6, 09:00 pm",0
"Nov 6, 10:00 pm",0
"Nov 6, 11:00 pm",0
"Nov 7, 12:00 am",0
"Nov 7, 01:00 am",0
"Nov 7, 02:00 am",0
"Nov 7, 03:00 am",0
"Nov 7, 04:00 am",0
"Nov 7, 05:00 am",0
"Nov 7, 06:00 am",0
"Nov 7, 07:00 am",0.307411
"Nov 7, 08:00 am",0.672907
"Nov 7, 09:00 am",1.61563
"Nov 7, 10:00 am",2.95135
"Nov 7, 11:00 am",6.488
"Nov 7, 12:00 pm",8.37096
"Nov 7, 01:00 pm",9.13736
"Nov 7, 02:00 pm",9.22251
"Nov 7, 03:00 pm",10.1887
"Nov 7, 04:00 pm",3.32022
"Nov 7, 05:00 pm",-0
"Nov 7, 06:00 pm",0
"Nov 7, 07:00 pm",0
"Nov 7, 08:00 pm",0
"Nov 7, 09:00 pm",0
"Nov 7, 10:00 pm",0
"Nov 7, 11:00 pm",0
"Nov 8, 12:00 am",0
"Nov 8, 01:00 am",0
"Nov 8, 02:00 am",0
"Nov 8, 03:00 am",0
"Nov 8, 04:00 am",0
"Nov 8, 05:00 am",0
"Nov 8, 06:00 am",0
"Nov 8, 07:00 am",0.365248
"Nov 8, 08:00 am",0.653906
"Nov 8, 09:00 am",1.57045
"Nov 8, 10:00 am",2.67687
"Nov 8, 11:00 am",5.88708
"Nov 8, 12:00 pm",8.93347
"Nov 8, 01:00 pm",10.532
"Nov 8, 02:00 pm",9.67606
"Nov 8, 03:00 pm",7.59437
"Nov 8, 04:00 pm",5.49986
"Nov 8, 05:00 pm",0
"Nov 8, 06:00 pm",0
"Nov 8, 07:00 pm",0
"Nov 8, 08:00 pm",0
"Nov 8, 09:00 pm",0
"Nov 8, 10:00 pm",0
"Nov 8, 11:00 pm",0
"Nov 9, 12:00 am",0
"Nov 9, 01:00 am",0
"Nov 9, 02:00 am",0
"Nov 9, 03:00 am",0
"Nov 9, 04:00 am",0
"Nov 9, 05:00 am",0
"Nov 9, 06:00 am",0
"Nov 9, 07:00 am",0.350871
"Nov 9, 08:00 am",0.767053
"Nov 9, 09:00 am",1.03081
"Nov 9, 10:00 am",2.75824
"Nov 9, 11:00 am",5.73463
"Nov 9, 12:00 pm",6.58068
"Nov 9, 01:00 pm",8.6087
"Nov 9, 02:00 pm",7.57221
"Nov 9, 03:00 pm",7.03087
"Nov 9, 04:00 pm",5.16469
"Nov 9, 05:00 pm",0
"Nov 9, 06:00 pm",0
"Nov 9, 07:00 pm",0
"Nov 9, 08:00 pm",0
"Nov 9, 09:00 pm",0
"Nov 9, 10:00 pm",0
"Nov 9, 11:00 pm",0
"Nov 10, 12:00 am",0
"Nov 10, 01:00 am",0
"Nov 10, 02:00 am",0
"Nov 10, 03:00 am",0
"Nov 10, 04:00 am",0
"Nov 10, 05:00 am",0
"Nov 10, 06:00 am",0
"Nov 10, 07:00 am",0.333335
"Nov 10, 08:00 am",1.3087
"Nov 10, 09:00 am",2.05491
"Nov 10, 10:00 am",3.25581
"Nov 10, 11:00 am",3.72296
"Nov 10, 12:00 pm",4.46836
"Nov 10, 01:00 pm",2.61854
"Nov 10, 02:00 pm",3.4425
"Nov 10, 03:00 pm",3.57121
"Nov 10, 04:00 pm",3.28588
"Nov 10, 05:00 pm",0
"Nov 10, 06:00 pm",0
"Nov 10, 07:00 pm",0
"Nov 10, 08:00 pm",0
"Nov 10, 09:00 pm",0
"Nov 10, 10:00 pm",0
"Nov 10, 11:00 pm",0
"Nov 11, 12:00 am",0
"Nov 11, 01:00 am",0
"Nov 11, 02:00 am",0
"Nov 11, 03:00 am",0
"Nov 11, 04:00 am",0
"Nov 11, 05:00 am",0
"Nov 11, 06:00 am",0
"Nov 11, 07:00 am",0.321328
"Nov 11, 08:00 am",0.735524
"Nov 11, 09:00 am",0.943183
"Nov 11, 10:00 am",2.61737
"Nov 11, 11:00 am",6.25446
"Nov 11, 12:00 pm",9.08522
"Nov 11, 01:00 pm",10.7888
"Nov 11, 02:00 pm",11.2809
"Nov 11, 03:00 pm",10.4395
"Nov 11, 04:00 pm",7.14126
"Nov 11, 05:00 pm",0
"Nov 11, 06:00 pm",0
"Nov 11, 07:00 pm",0
"Nov 11, 08:00 pm",0
"Nov 11, 09:00 pm",0
"Nov 11, 10:00 pm",0
"Nov 11, 11:00 pm",0
"Nov 12, 12:00 am",0
"Nov 12, 01:00 am",0
"Nov 12, 02:00 am",0
"Nov 12, 03:00 am",0
"Nov 12, 04:00 am",0
"Nov 12, 05:00 am",0
"Nov 12, 06:00 am",0
"Nov 12, 07:00 am",0.269957
"Nov 12, 08:00 am",0.655704
"Nov 12, 09:00 am",0.862764
"Nov 12, 10:00 am",2.5794
"Nov 12, 11:00 am",6.2363
"Nov 12, 12:00 pm",9.09088
"Nov 12, 01:00 pm",10.6587
"Nov 12, 02:00 pm",11.2616
"Nov 12, 03:00 pm",10.507
"Nov 12, 04:00 pm",7.53429
"Nov 12, 05:00 pm",0
"Nov 12, 06:00 pm",0
"Nov 12, 07:00 pm",0
"Nov 12, 08:00 pm",0
"Nov 12, 09:00 pm",0
"Nov 12, 10:00 pm",0
"Nov 12, 11:00 pm",0
"Nov 13, 12:00 am",0
"Nov 13, 01:00 am",0
"Nov 13, 02:00 am",0
"Nov 13, 03:00 am",0
"Nov 13, 04:00 am",0
"Nov 13, 05:00 am",0
"Nov 13, 06:00 am",0
"Nov 13, 07:00 am",0.247016
"Nov 13, 08:00 am",0.568017
"Nov 13, 09:00 am",0.776741
"Nov 13, 10:00 am",2.47578
"Nov 13, 11:00 am",6.20378
"Nov 13, 12:00 pm",9.13362
"Nov 13, 01:00 pm",10.7713
"Nov 13, 02:00 pm",11.3364
"Nov 13, 03:00 pm",10.6654
"Nov 13, 04:00 pm",7.68392
"Nov 13, 05:00 pm",0
"Nov 13, 06:00 pm",0
"Nov 13, 07:00 pm",0
"Nov 13, 08:00 pm",0
"Nov 13, 09:00 pm",0
"Nov 13, 10:00 pm",0
"Nov 13, 11:00 pm",0
"Nov 14, 12:00 am",0
"Nov 14, 01:00 am",0
"Nov 14, 02:00 am",0
"Nov 14, 03:00 am",0
"Nov 14, 04:00 am",0
"Nov 14, 05:00 am",0
"Nov 14, 06:00 am",0
"Nov 14, 07:00 am",0.224572
"Nov 14, 08:00 am",0.560978
"Nov 14, 09:00 am",0.769389
"Nov 14, 10:00 am",2.39354
"Nov 14, 11:00 am",6.02312
"Nov 14, 12:00 pm",8.93506
"Nov 14, 01:00 pm",10.564
"Nov 14, 02:00 pm",11.0548
"Nov 14, 03:00 pm",10.2905
"Nov 14, 04:00 pm",7.26543
"Nov 14, 05:00 pm",0
"Nov 14, 06:00 pm",0
"Nov 14, 07:00 pm",0
"Nov 14, 08:00 pm",0
"Nov 14, 09:00 pm",0
"Nov 14, 10:00 pm",0
"Nov 14, 11:00 pm",0
"Nov 15, 12:00 am",0
"Nov 15, 01:00 am",0
"Nov 15, 02:00 am",0
"Nov 15, 03:00 am",0
"Nov 15, 04:00 am",0
"Nov 15, 05:00 am",0
"Nov 15, 06:00 am",0
"Nov 15, 07:00 am",0.235459
"Nov 15, 08:00 am",0.579581
"Nov 15, 09:00 am",0.769361
"Nov 15, 10:00 am",2.43924
"Nov 15, 11:00 am",6.35437
"Nov 15, 12:00 pm",9.54153
"Nov 15, 01:00 pm",11.343
"Nov 15, 02:00 pm",12.0412
"Nov 15, 03:00 pm",11.3759
"Nov 15, 04:00 pm",8.21376
"Nov 15, 05:00 pm",0
"Nov 15, 06:00 pm",0
"Nov 15, 07:00 pm",0
"Nov 15, 08:00 pm",0
"Nov 15, 09:00 pm",0
"Nov 15, 10:00 pm",0
"Nov 15, 11:00 pm",0
"Nov 16, 12:00 am",0
"Nov 16, 01:00 am",0
"Nov 16, 02:00 am",0
"Nov 16, 03:00 am",0
"Nov 16, 04:00 am",0
"Nov 16, 05:00 am",0
"Nov 16, 06:00 am",0
"Nov 16, 07:00 am",0.206017
"Nov 16, 08:00 am",0.558768
"Nov 16, 09:00 am",0.76798
"Nov 16, 10:00 am",2.37839
"Nov 16, 11:00 am",6.20025
"Nov 16, 12:00 pm",9.27275
"Nov 16, 01:00 pm",10.9874
"Nov 16, 02:00 pm",11.4614
"Nov 16, 03:00 pm",10.7164
"Nov 16, 04:00 pm",7.58309
"Nov 16, 05:00 pm",0
"Nov 16, 06:00 pm",0
"Nov 16, 07:00 pm",0
"Nov 16, 08:00 pm",0
"Nov 16, 09:00 pm",0
"Nov 16, 10:00 pm",0
"Nov 16, 11:00 pm",0
"Nov 17, 12:00 am",0
"Nov 17, 01:00 am",0
"Nov 17, 02:00 am",0
"Nov 17, 03:00 am",0
"Nov 17, 04:00 am",0
"Nov 17, 05:00 am",0
"Nov 17, 06:00 am",0
"Nov 17, 07:00 am",0.211713
"Nov 17, 08:00 am",0.596386
"Nov 17, 09:00 am",0.712587
"Nov 17, 10:00 am",2.3581
"Nov 17, 11:00 am",6.08686
"Nov 17, 12:00 pm",9.12699
"Nov 17, 01:00 pm",10.8124
"Nov 17, 02:00 pm",11.3388
"Nov 17, 03:00 pm",10.5741
"Nov 17, 04:00 pm",7.44931
"Nov 17, 05:00 pm",0
"Nov 17, 06:00 pm",0
"Nov 17, 07:00 pm",0
"Nov 17, 08:00 pm",0
"Nov 17, 09:00 pm",0
"Nov 17, 10:00 pm",0
"Nov 17, 11:00 pm",0
"Nov 18, 12:00 am",0
"Nov 18, 01:00 am",0
"Nov 18, 02:00 am",0
"Nov 18, 03:00 am",0
"Nov 18, 04:00 am",0
"Nov 18, 05:00 am",0
"Nov 18, 06:00 am",0
"Nov 18, 07:00 am",0.180973
"Nov 18, 08:00 am",0.561699
"Nov 18, 09:00 am",0.780712
"Nov 18, 10:00 am",2.3304
"Nov 18, 11:00 am",6.17274
"Nov 18, 12:00 pm",9.34244
"Nov 18, 01:00 pm",11.1592
"Nov 18, 02:00 pm",11.7404
"Nov 18, 03:00 pm",11.0169
"Nov 18, 04:00 pm",7.82175
"Nov 18, 05:00 pm",0
"Nov 18, 06:00 pm",0
"Nov 18, 07:00 pm",0
"Nov 18, 08:00 pm",0
"Nov 18, 09:00 pm",0
"Nov 18, 10:00 pm",0
"Nov 18, 11:00 pm",0
"Nov 19, 12:00 am",0
"Nov 19, 01:00 am",0
"Nov 19, 02:00 am",0
"Nov 19, 03:00 am",0
"Nov 19, 04:00 am",0
"Nov 19, 05:00 am",0
"Nov 19, 06:00 am",0
"Nov 19, 07:00 am",0.172458
"Nov 19, 08:00 am",0.56576
"Nov 19, 09:00 am",0.772732
"Nov 19, 10:00 am",2.2295
"Nov 19, 11:00 am",5.9271
"Nov 19, 12:00 pm",8.95817
"Nov 19, 01:00 pm",10.6528
"Nov 19, 02:00 pm",11.1136
"Nov 19, 03:00 pm",10.3373
"Nov 19, 04:00 pm",7.28128
"Nov 19, 05:00 pm",0
"Nov 19, 06:00 pm",0
"Nov 19, 07:00 pm",0
"Nov 19, 08:00 pm",0
"Nov 19, 09:00 pm",0
"Nov 19, 10:00 pm",0
"Nov 19, 11:00 pm",0
"Nov 20, 12:00 am",0
"Nov 20, 01:00 am",0
"Nov 20, 02:00 am",0
"Nov 20, 03:00 am",0
"Nov 20, 04:00 am",0
"Nov 20, 05:00 am",0
"Nov 20, 06:00 am",0
"Nov 20, 07:00 am",0.145953
"Nov 20, 08:00 am",0.560833
"Nov 20, 09:00 am",0.780804
"Nov 20, 10:00 am",2.20105
"Nov 20, 11:00 am",5.94726
"Nov 20, 12:00 pm",9.01098
"Nov 20, 01:00 pm",10.7622
"Nov 20, 02:00 pm",11.3447
"Nov 20, 03:00 pm",10.4068
"Nov 20, 04:00 pm",7.20613
"Nov 20, 05:00 pm",0
"Nov 20, 06:00 pm",0
"Nov 20, 07:00 pm",0
"Nov 20, 08:00 pm",0
"Nov 20, 09:00 pm",0
"Nov 20, 10:00 pm",0
"Nov 20, 11:00 pm",0
"Nov 21, 12:00 am",0
"Nov 21, 01:00 am",0
"Nov 21, 02:00 am",0
"Nov 21, 03:00 am",0
"Nov 21, 04:00 am",0
"Nov 21, 05:00 am",0
"Nov 21, 06:00 am",0
"Nov 21, 07:00 am",0.121651
"Nov 21, 08:00 am",0.597863
"Nov 21, 09:00 am",1.38138
"Nov 21, 10:00 am",2.47503
"Nov 21, 11:00 am",5.18077
"Nov 21, 12:00 pm",7.94522
"Nov 21, 01:00 pm",8.30354
"Nov 21, 02:00 pm",11.2174
"Nov 21, 03:00 pm",10.3336
"Nov 21, 04:00 pm",7.15867
"Nov 21, 05:00 pm",0
"Nov 21, 06:00 pm",0
"Nov 21, 07:00 pm",0
"Nov 21, 08:00 pm",0
"Nov 21, 09:00 pm",0
"Nov 21, 10:00 pm",0
"Nov 21, 11:00 pm",0
"Nov 22, 12:00 am",0
"Nov 22, 01:00 am",0
"Nov 22, 02:00 am",0
"Nov 22, 03:00 am",0
"Nov 22, 04:00 am",0
"Nov 22, 05:00 am",0
"Nov 22, 06:00 am",0
"Nov 22, 07:00 am",0.11416
"Nov 22, 08:00 am",0.61531
"Nov 22, 09:00 am",1.42534
"Nov 22, 10:00 am",2.79529
"Nov 22, 11:00 am",5.06151
"Nov 22, 12:00 pm",6.69185
"Nov 22, 01:00 pm",8.12496
"Nov 22, 02:00 pm",9.09604
"Nov 22, 03:00 pm",7.34198
"Nov 22, 04:00 pm",5.38484
"Nov 22, 05:00 pm",0
"Nov 22, 06:00 pm",0
"Nov 22, 07:00 pm",0
"Nov 22, 08:00 pm",0
"Nov 22, 09:00 pm",0
"Nov 22, 10:00 pm",0
"Nov 22, 11:00 pm",0
"Nov 23, 12:00 am",0
"Nov 23, 01:00 am",0
"Nov 23, 02:00 am",0
"Nov 23, 03:00 am",0
"Nov 23, 04:00 am",0
"Nov 23, 05:00 am",0
"Nov 23, 06:00 am",0
"Nov 23, 07:00 am",0.103029
"Nov 23, 08:00 am",1.06823
"Nov 23, 09:00 am",1.86816
"Nov 23, 10:00 am",2.8817
"Nov 23, 11:00 am",2.55422
"Nov 23, 12:00 pm",4.84943
"Nov 23, 01:00 pm",2.39826
"Nov 23, 02:00 pm",7.64515
"Nov 23, 03:00 pm",2.54396
"Nov 23, 04:00 pm",3.01349
"Nov 23, 05:00 pm",0
"Nov 23, 06:00 pm",0
"Nov 23, 07:00 pm",0
"Nov 23, 08:00 pm",0
"Nov 23, 09:00 pm",0
"Nov 23, 10:00 pm",0
"Nov 23, 11:00 pm",0
"Nov 24, 12:00 am",0
"Nov 24, 01:00 am",0
"Nov 24, 02:00 am",0
"Nov 24, 03:00 am",0
"Nov 24, 04:00 am",0
"Nov 24, 05:00 am",0
"Nov 24, 06:00 am",0
"Nov 24, 07:00 am",0.109911
"Nov 24, 08:00 am",0.70318
"Nov 24, 09:00 am",0.854683
"Nov 24, 10:00 am",2.0781
"Nov 24, 11:00 am",5.40885
"Nov 24, 12:00 pm",8.19503
"Nov 24, 01:00 pm",9.75893
"Nov 24, 02:00 pm",10.3926
"Nov 24, 03:00 pm",9.54696
"Nov 24, 04:00 pm",6.48669
"Nov 24, 05:00 pm",0
"Nov 24, 06:00 pm",0
"Nov 24, 07:00 pm",0
"Nov 24, 08:00 pm",0
"Nov 24, 09:00 pm",0
"Nov 24, 10:00 pm",0
"Nov 24, 11:00 pm",0
"Nov 25, 12:00 am",0
"Nov 25, 01:00 am",0
"Nov 25, 02:00 am",0
"Nov 25, 03:00 am",0
"Nov 25, 04:00 am",0
"Nov 25, 05:00 am",0
"Nov 25, 06:00 am",0
"Nov 25, 07:00 am",0.0994768
"Nov 25, 08:00 am",0.561496
"Nov 25, 09:00 am",0.701423
"Nov 25, 10:00 am",1.99073
"Nov 25, 11:00 am",5.5254
"Nov 25, 12:00 pm",8.45316
"Nov 25, 01:00 pm",10.1571
"Nov 25, 02:00 pm",10.7343
"Nov 25, 03:00 pm",9.01287
"Nov 25, 04:00 pm",5.54064
"Nov 25, 05:00 pm",0
"Nov 25, 06:00 pm",0
"Nov 25, 07:00 pm",0
"Nov 25, 08:00 pm",0
"Nov 25, 09:00 pm",0
"Nov 25, 10:00 pm",0
"Nov 25, 11:00 pm",0
"Nov 26, 12:00 am",0
"Nov 26, 01:00 am",0
"Nov 26, 02:00 am",0
"Nov 26, 03:00 am",0
"Nov 26, 04:00 am",0
"Nov 26, 05:00 am",0
"Nov 26, 06:00 am",0
"Nov 26, 07:00 am",-0
"Nov 26, 08:00 am",0.99142
"Nov 26, 09:00 am",1.13221
"Nov 26, 10:00 am",1.99118
"Nov 26, 11:00 am",5.40042
"Nov 26, 12:00 pm",7.22602
"Nov 26, 01:00 pm",10.1568
"Nov 26, 02:00 pm",11.0539
"Nov 26, 03:00 pm",10.0654
"Nov 26, 04:00 pm",6.37643
"Nov 26, 05:00 pm",0
"Nov 26, 06:00 pm",0
"Nov 26, 07:00 pm",0
"Nov 26, 08:00 pm",0
"Nov 26, 09:00 pm",0
"Nov 26, 10:00 pm",0
"Nov 26, 11:00 pm",0
"Nov 27, 12:00 am",0
"Nov 27, 01:00 am",0
"Nov 27, 02:00 am",0
"Nov 27, 03:00 am",0
"Nov 27, 04:00 am",0
"Nov 27, 05:00 am",0
"Nov 27, 06:00 am",0
"Nov 27, 07:00 am",0.100379
"Nov 27, 08:00 am",0.994741
"Nov 27, 09:00 am",1.51814
"Nov 27, 10:00 am",1.97261
"Nov 27, 11:00 am",5.92282
"Nov 27, 12:00 pm",9.25481
"Nov 27, 01:00 pm",11.2238
"Nov 27, 02:00 pm",11.7883
"Nov 27, 03:00 pm",11.0152
"Nov 27, 04:00 pm",7.51979
"Nov 27, 05:00 pm",0
"Nov 27, 06:00 pm",0
"Nov 27, 07:00 pm",0
"Nov 27, 08:00 pm",0
"Nov 27, 09:00 pm",0
"Nov 27, 10:00 pm",0
"Nov 27, 11:00 pm",0
"Nov 28, 12:00 am",0
"Nov 28, 01:00 am",0
"Nov 28, 02:00 am",0
"Nov 28, 03:00 am",0
"Nov 28, 04:00 am",0
"Nov 28, 05:00 am",0
"Nov 28, 06:00 am",0
"Nov 28, 07:00 am",0.0883857
"Nov 28, 08:00 am",0.5125
"Nov 28, 09:00 am",0.738419
"Nov 28, 10:00 am",1.89939
"Nov 28, 11:00 am",5.77072
"Nov 28, 12:00 pm",9.01242
"Nov 28, 01:00 pm",10.9504
"Nov 28, 02:00 pm",11.5466
"Nov 28, 03:00 pm",10.8448
"Nov 28, 04:00 pm",7.43276
"Nov 28, 05:00 pm",0
"Nov 28, 06:00 pm",0
"Nov 28, 07:00 pm",0
"Nov 28, 08:00 pm",0
"Nov 28, 09:00 pm",0
"Nov 28, 10:00 pm",0
"Nov 28, 11:00 pm",0
"Nov 29, 12:00 am",0
"Nov 29, 01:00 am",0
"Nov 29, 02:00 am",0
"Nov 29, 03:00 am",0
"Nov 29, 04:00 am",0
"Nov 29, 05:00 am",0
"Nov 29, 06:00 am",0
"Nov 29, 07:00 am",0.0743451
"Nov 29, 08:00 am",0.543958
"Nov 29, 09:00 am",0.679758
"Nov 29, 10:00 am",1.8374
"Nov 29, 11:00 am",5.47622
"Nov 29, 12:00 pm",8.51876
"Nov 29, 01:00 pm",10.2655
"Nov 29, 02:00 pm",10.8743
"Nov 29, 03:00 pm",10.1198
"Nov 29, 04:00 pm",1.33308
"Nov 29, 05:00 pm",0
"Nov 29, 06:00 pm",0
"Nov 29, 07:00 pm",0
"Nov 29, 08:00 pm",0
"Nov 29, 09:00 pm",0
"Nov 29, 10:00 pm",0
"Nov 29, 11:00 pm",0
"Nov 30, 12:00 am",0
"Nov 30, 01:00 am",0
"Nov 30, 02:00 am",0
"Nov 30, 03:00 am",0
"Nov 30, 04:00 am",0
"Nov 30, 05:00 am",0
"Nov 30, 06:00 am",0
"Nov 30, 07:00 am",0.0623938
"Nov 30, 08:00 am",0.537591
"Nov 30, 09:00 am",0.697528
"Nov 30, 10:00 am",1.8145
"Nov 30, 11:00 am",5.39614
"Nov 30, 12:00 pm",8.47014
"Nov 30, 01:00 pm",10.2983
"Nov 30, 02:00 pm",10.9277
"Nov 30, 03:00 pm",10.2181
"Nov 30, 04:00 pm",6.95655
"Nov 30, 05:00 pm",0
"Nov 30, 06:00 pm",0
"Nov 30, 07:00 pm",0
"Nov 30, 08:00 pm",0
"Nov 30, 09:00 pm",0
"Nov 30, 10:00 pm",0
"Nov 30, 11:00 pm",0
"Dec 1, 12:00 am",0
"Dec 1, 01:00 am",0
"Dec 1, 02:00 am",0
"Dec 1, 03:00 am",0
"Dec 1, 04:00 am",0
"Dec 1, 05:00 am",0
"Dec 1, 06:00 am",0
"Dec 1, 07:00 am",0.0667873
"Dec 1, 08:00 am",0.571579
"Dec 1, 09:00 am",0.806082
"Dec 1, 10:00 am",1.70642
"Dec 1, 11:00 am",5.14553
"Dec 1, 12:00 pm",8.02197
"Dec 1, 01:00 pm",9.69395
"Dec 1, 02:00 pm",10.046
"Dec 1, 03:00 pm",9.07479
"Dec 1, 04:00 pm",5.63938
"Dec 1, 05:00 pm",0
"Dec 1, 06:00 pm",0
"Dec 1, 07:00 pm",0
"Dec 1, 08:00 pm",0
"Dec 1, 09:00 pm",0
"Dec 1, 10:00 pm",0
"Dec 1, 11:00 pm",0
"Dec 2, 12:00 am",0
"Dec 2, 01:00 am",0
"Dec 2, 02:00 am",0
"Dec 2, 03:00 am",0
"Dec 2, 04:00 am",0
"Dec 2, 05:00 am",0
"Dec 2, 06:00 am",0
"Dec 2, 07:00 am",0.0472898
"Dec 2, 08:00 am",0.57238
"Dec 2, 09:00 am",0.806266
"Dec 2, 10:00 am",1.66252
"Dec 2, 11:00 am",4.94071
"Dec 2, 12:00 pm",7.64303
"Dec 2, 01:00 pm",9.18068
"Dec 2, 02:00 pm",10.0974
"Dec 2, 03:00 pm",9.62118
"Dec 2, 04:00 pm",4.50969
"Dec 2, 05:00 pm",0
"Dec 2, 06:00 pm",0
"Dec 2, 07:00 pm",0
"Dec 2, 08:00 pm",0
"Dec 2, 09:00 pm",0
"Dec 2, 10:00 pm",0
"Dec 2, 11:00 pm",0
"Dec 3, 12:00 am",0
"Dec 3, 01:00 am",0
"Dec 3, 02:00 am",0
"Dec 3, 03:00 am",0
"Dec 3, 04:00 am",0
"Dec 3, 05:00 am",0
"Dec 3, 06:00 am",0
"Dec 3, 07:00 am",0.037591
"Dec 3, 08:00 am",0.523112
"Dec 3, 09:00 am",1.25344
"Dec 3, 10:00 am",1.89761
"Dec 3, 11:00 am",4.9043
"Dec 3, 12:00 pm",7.7774
"Dec 3, 01:00 pm",9.45242
"Dec 3, 02:00 pm",9.98792
"Dec 3, 03:00 pm",9.06774
"Dec 3, 04:00 pm",5.73342
"Dec 3, 05:00 pm",0
"Dec 3, 06:00 pm",0
"Dec 3, 07:00 pm",0
"Dec 3, 08:00 pm",0
"Dec 3, 09:00 pm",0
"Dec 3, 10:00 pm",0
"Dec 3, 11:00 pm",0
"Dec 4, 12:00 am",0
"Dec 4, 01:00 am",0
"Dec 4, 02:00 am",0
"Dec 4, 03:00 am",0
"Dec 4, 04:00 am",0
"Dec 4, 05:00 am",0
"Dec 4, 06:00 am",0
"Dec 4, 07:00 am",0.0182889
"Dec 4, 08:00 am",0.870773
"Dec 4, 09:00 am",1.68657
"Dec 4, 10:00 am",1.5609
"Dec 4, 11:00 am",4.80577
"Dec 4, 12:00 pm",7.58511
"Dec 4, 01:00 pm",9.22264
"Dec 4, 02:00 pm",6.04663
"Dec 4, 03:00 pm",9.25713
"Dec 4, 04:00 pm",6.26282
"Dec 4, 05:00 pm",0
"Dec 4, 06:00 pm",0
"Dec 4, 07:00 pm",0
"Dec 4, 08:00 pm",0
"Dec 4, 09:00 pm",0
"Dec 4, 10:00 pm",0
"Dec 4, 11:00 pm",0
"Dec 5, 12:00 am",0
"Dec 5, 01:00 am",0
"Dec 5, 02:00 am",0
"Dec 5, 03:00 am",0
"Dec 5, 04:00 am",0
"Dec 5, 05:00 am",0
"Dec 5, 06:00 am",0
"Dec 5, 07:00 am",-0
"Dec 5, 08:00 am",0.872404
"Dec 5, 09:00 am",0.738301
"Dec 5, 10:00 am",2.3648
"Dec 5, 11:00 am",4.89727
"Dec 5, 12:00 pm",7.80753
"Dec 5, 01:00 pm",9.53228
"Dec 5, 02:00 pm",10.2587
"Dec 5, 03:00 pm",9.42165
"Dec 5, 04:00 pm",6.3174
"Dec 5, 05:00 pm",0
"Dec 5, 06:00 pm",0
"Dec 5, 07:00 pm",0
"Dec 5, 08:00 pm",0
"Dec 5, 09:00 pm",0
"Dec 5, 10:00 pm",0
"Dec 5, 11:00 pm",0
"Dec 6, 12:00 am",0
"Dec 6, 01:00 am",0
"Dec 6, 02:00 am",0
"Dec 6, 03:00 am",0
"Dec 6, 04:00 am",0
"Dec 6, 05:00 am",0
"Dec 6, 06:00 am",0
"Dec 6, 07:00 am",-0
"Dec 6, 08:00 am",0.846753
"Dec 6, 09:00 am",1.5853
"Dec 6, 10:00 am",2.39649
"Dec 6, 11:00 am",4.52423
"Dec 6, 12:00 pm",7.75131
"Dec 6, 01:00 pm",7.65502
"Dec 6, 02:00 pm",5.77735
"Dec 6, 03:00 pm",4.1714
"Dec 6, 04:00 pm",1.27433
"Dec 6, 05:00 pm",0
"Dec 6, 06:00 pm",0
"Dec 6, 07:00 pm",0
"Dec 6, 08:00 pm",0
"Dec 6, 09:00 pm",0
"Dec 6, 10:00 pm",0
"Dec 6, 11:00 pm",0
"Dec 7, 12:00 am",0
"Dec 7, 01:00 am",0
"Dec 7, 02:00 am",0
"Dec 7, 03:00 am",0
"Dec 7, 04:00 am",0
"Dec 7, 05:00 am",0
"Dec 7, 06:00 am",0
"Dec 7, 07:00 am",0.00914057
"Dec 7, 08:00 am",0.514558
"Dec 7, 09:00 am",0.703214
"Dec 7, 10:00 am",1.44298
"Dec 7, 11:00 am",4.8744
"Dec 7, 12:00 pm",7.82789
"Dec 7, 01:00 pm",9.59746
"Dec 7, 02:00 pm",10.2562
"Dec 7, 03:00 pm",9.40197
"Dec 7, 04:00 pm",6.26954
"Dec 7, 05:00 pm",0
"Dec 7, 06:00 pm",0
"Dec 7, 07:00 pm",0
"Dec 7, 08:00 pm",0
"Dec 7, 09:00 pm",0
"Dec 7, 10:00 pm",0
"Dec 7, 11:00 pm",0
"Dec 8, 12:00 am",0
"Dec 8, 01:00 am",0
"Dec 8, 02:00 am",0
"Dec 8, 03:00 am",0
"Dec 8, 04:00 am",0
"Dec 8, 05:00 am",0
"Dec 8, 06:00 am",0
"Dec 8, 07:00 am",0.0100552
"Dec 8, 08:00 am",0.547374
"Dec 8, 09:00 am",0.720942
"Dec 8, 10:00 am",1.44193
"Dec 8, 11:00 am",4.84183
"Dec 8, 12:00 pm",7.79793
"Dec 8, 01:00 pm",9.57924
"Dec 8, 02:00 pm",10.3671
"Dec 8, 03:00 pm",9.67374
"Dec 8, 04:00 pm",6.53879
"Dec 8, 05:00 pm",0
"Dec 8, 06:00 pm",0
"Dec 8, 07:00 pm",0
"Dec 8, 08:00 pm",0
"Dec 8, 09:00 pm",0
"Dec 8, 10:00 pm",0
"Dec 8, 11:00 pm",0
"Dec 9, 12:00 am",0
"Dec 9, 01:00 am",0
"Dec 9, 02:00 am",0
"Dec 9, 03:00 am",0
"Dec 9, 04:00 am",0
"Dec 9, 05:00 am",0
"Dec 9, 06:00 am",0
"Dec 9, 07:00 am",-0
"Dec 9, 08:00 am",0.525812
"Dec 9, 09:00 am",0.779032
"Dec 9, 10:00 am",1.46934
"Dec 9, 11:00 am",4.86946
"Dec 9, 12:00 pm",7.91036
"Dec 9, 01:00 pm",9.84618
"Dec 9, 02:00 pm",10.5549
"Dec 9, 03:00 pm",9.82951
"Dec 9, 04:00 pm",3.99782
"Dec 9, 05:00 pm",0
"Dec 9, 06:00 pm",0
"Dec 9, 07:00 pm",0
"Dec 9, 08:00 pm",0
"Dec 9, 09:00 pm",0
"Dec 9, 10:00 pm",0
"Dec 9, 11:00 pm",0
"Dec 10, 12:00 am",0
"Dec 10, 01:00 am",0
"Dec 10, 02:00 am",0
"Dec 10, 03:00 am",0
"Dec 10, 04:00 am",0
"Dec 10, 05:00 am",0
"Dec 10, 06:00 am",0
"Dec 10, 07:00 am",-0
"Dec 10, 08:00 am",0.43655
"Dec 10, 09:00 am",0.674887
"Dec 10, 10:00 am",1.37968
"Dec 10, 11:00 am",5.04365
"Dec 10, 12:00 pm",8.35695
"Dec 10, 01:00 pm",10.4404
"Dec 10, 02:00 pm",11.072
"Dec 10, 03:00 pm",10.4112
"Dec 10, 04:00 pm",7.12297
"Dec 10, 05:00 pm",0
"Dec 10, 06:00 pm",0
"Dec 10, 07:00 pm",0
"Dec 10, 08:00 pm",0
"Dec 10, 09:00 pm",0
"Dec 10, 10:00 pm",0
"Dec 10, 11:00 pm",0
"Dec 11, 12:00 am",0
"Dec 11, 01:00 am",0
"Dec 11, 02:00 am",0
"Dec 11, 03:00 am",0
"Dec 11, 04:00 am",0
"Dec 11, 05:00 am",0
"Dec 11, 06:00 am",0
"Dec 11, 07:00 am",-0
"Dec 11, 08:00 am",0.479459
"Dec 11, 09:00 am",0.730063
"Dec 11, 10:00 am",1.38587
"Dec 11, 11:00 am",4.87408
"Dec 11, 12:00 pm",7.88499
"Dec 11, 01:00 pm",9.66338
"Dec 11, 02:00 pm",10.4138
"Dec 11, 03:00 pm",9.78729
"Dec 11, 04:00 pm",2.9427
"Dec 11, 05:00 pm",0
"Dec 11, 06:00 pm",0
"Dec 11, 07:00 pm",0
"Dec 11, 08:00 pm",0
"Dec 11, 09:00 pm",0
"Dec 11, 10:00 pm",0
"Dec 11, 11:00 pm",0
"Dec 12, 12:00 am",0
"Dec 12, 01:00 am",0
"Dec 12, 02:00 am",0
"Dec 12, 03:00 am",0
"Dec 12, 04:00 am",0
"Dec 12, 05:00 am",0
"Dec 12, 06:00 am",0
"Dec 12, 07:00 am",-0
"Dec 12, 08:00 am",0.518158
"Dec 12, 09:00 am",0.68573
"Dec 12, 10:00 am",2.32031
"Dec 12, 11:00 am",4.40242
"Dec 12, 12:00 pm",7.94419
"Dec 12, 01:00 pm",9.88272
"Dec 12, 02:00 pm",10.6014
"Dec 12, 03:00 pm",9.78202
"Dec 12, 04:00 pm",6.53127
"Dec 12, 05:00 pm",0
"Dec 12, 06:00 pm",0
"Dec 12, 07:00 pm",0
"Dec 12, 08:00 pm",0
"Dec 12, 09:00 pm",0
"Dec 12, 10:00 pm",0
"Dec 12, 11:00 pm",0
"Dec 13, 12:00 am",0
"Dec 13, 01:00 am",0
"Dec 13, 02:00 am",0
"Dec 13, 03:00 am",0
"Dec 13, 04:00 am",0
"Dec 13, 05:00 am",0
"Dec 13, 06:00 am",0
"Dec 13, 07:00 am",-0
"Dec 13, 08:00 am",0.574581
"Dec 13, 09:00 am",1.63406
"Dec 13, 10:00 am",2.31905
"Dec 13, 11:00 am",4.43629
"Dec 13, 12:00 pm",4.837
"Dec 13, 01:00 pm",4.61864
"Dec 13, 02:00 pm",4.25882
"Dec 13, 03:00 pm",2.33154
"Dec 13, 04:00 pm",0.985311
"Dec 13, 05:00 pm",0
"Dec 13, 06:00 pm",0
"Dec 13, 07:00 pm",0
"Dec 13, 08:00 pm",0
"Dec 13, 09:00 pm",0
"Dec 13, 10:00 pm",0
"Dec 13, 11:00 pm",0
"Dec 14, 12:00 am",0
"Dec 14, 01:00 am",0
"Dec 14, 02:00 am",0
"Dec 14, 03:00 am",0
"Dec 14, 04:00 am",0
"Dec 14, 05:00 am",0
"Dec 14, 06:00 am",0
"Dec 14, 07:00 am",-0
"Dec 14, 08:00 am",0.492954
"Dec 14, 09:00 am",1.5686
"Dec 14, 10:00 am",1.36714
"Dec 14, 11:00 am",4.81178
"Dec 14, 12:00 pm",7.99837
"Dec 14, 01:00 pm",10.0426
"Dec 14, 02:00 pm",0.552234
"Dec 14, 03:00 pm",9.73001
"Dec 14, 04:00 pm",2.77984
"Dec 14, 05:00 pm",0
"Dec 14, 06:00 pm",0
"Dec 14, 07:00 pm",0
"Dec 14, 08:00 pm",0
"Dec 14, 09:00 pm",0
"Dec 14, 10:00 pm",0
"Dec 14, 11:00 pm",0
"Dec 15, 12:00 am",0
"Dec 15, 01:00 am",0
"Dec 15, 02:00 am",0
"Dec 15, 03:00 am",0
"Dec 15, 04:00 am",0
"Dec 15, 05:00 am",0
"Dec 15, 06:00 am",0
"Dec 15, 07:00 am",-0
"Dec 15, 08:00 am",0.689529
"Dec 15, 09:00 am",0.0191709
"Dec 15, 10:00 am",1.0157
"Dec 15, 11:00 am",2.10525
"Dec 15, 12:00 pm",3.33132
"Dec 15, 01:00 pm",2.60874
"Dec 15, 02:00 pm",4.14778
"Dec 15, 03:00 pm",0.251746
"Dec 15, 04:00 pm",-0
"Dec 15, 05:00 pm",0
"Dec 15, 06:00 pm",0
"Dec 15, 07:00 pm",0
"Dec 15, 08:00 pm",0
"Dec 15, 09:00 pm",0
"Dec 15, 10:00 pm",0
"Dec 15, 11:00 pm",0
"Dec 16, 12:00 am",0
"Dec 16, 01:00 am",0
"Dec 16, 02:00 am",0
"Dec 16, 03:00 am",0
"Dec 16, 04:00 am",0
"Dec 16, 05:00 am",0
"Dec 16, 06:00 am",0
"Dec 16, 07:00 am",-0
"Dec 16, 08:00 am",0.509206
"Dec 16, 09:00 am",0.789455
"Dec 16, 10:00 am",1.30426
"Dec 16, 11:00 am",4.62902
"Dec 16, 12:00 pm",7.62551
"Dec 16, 01:00 pm",9.59445
"Dec 16, 02:00 pm",10.3936
"Dec 16, 03:00 pm",9.70859
"Dec 16, 04:00 pm",1.03407
"Dec 16, 05:00 pm",0
"Dec 16, 06:00 pm",0
"Dec 16, 07:00 pm",0
"Dec 16, 08:00 pm",0
"Dec 16, 09:00 pm",0
"Dec 16, 10:00 pm",0
"Dec 16, 11:00 pm",0
"Dec 17, 12:00 am",0
"Dec 17, 01:00 am",0
"Dec 17, 02:00 am",0
"Dec 17, 03:00 am",0
"Dec 17, 04:00 am",0
"Dec 17, 05:00 am",0
"Dec 17, 06:00 am",0
"Dec 17, 07:00 am",-0
"Dec 17, 08:00 am",0.496988
"Dec 17, 09:00 am",0.774777
"Dec 17, 10:00 am",1.27742
"Dec 17, 11:00 am",4.54883
"Dec 17, 12:00 pm",7.58253
"Dec 17, 01:00 pm",9.51511
"Dec 17, 02:00 pm",10.178
"Dec 17, 03:00 pm",9.52307
"Dec 17, 04:00 pm",6.36471
"Dec 17, 05:00 pm",0
"Dec 17, 06:00 pm",0
"Dec 17, 07:00 pm",0
"Dec 17, 08:00 pm",0
"Dec 17, 09:00 pm",0
"Dec 17, 10:00 pm",0
"Dec 17, 11:00 pm",0
"Dec 18, 12:00 am",0
"Dec 18, 01:00 am",0
"Dec 18, 02:00 am",0
"Dec 18, 03:00 am",0
"Dec 18, 04:00 am",0
"Dec 18, 05:00 am",0
"Dec 18, 06:00 am",0
"Dec 18, 07:00 am",-0
"Dec 18, 08:00 am",0.758653
"Dec 18, 09:00 am",0.784721
"Dec 18, 10:00 am",2.30076
"Dec 18, 11:00 am",4.08456
"Dec 18, 12:00 pm",5.91909
"Dec 18, 01:00 pm",3.39435
"Dec 18, 02:00 pm",1.35616
"Dec 18, 03:00 pm",1.25574
"Dec 18, 04:00 pm",0.279518
"Dec 18, 05:00 pm",0
"Dec 18, 06:00 pm",0
"Dec 18, 07:00 pm",0
"Dec 18, 08:00 pm",0
"Dec 18, 09:00 pm",0
"Dec 18, 10:00 pm",0
"Dec 18, 11:00 pm",0
"Dec 19, 12:00 am",0
"Dec 19, 01:00 am",0
"Dec 19, 02:00 am",0
"Dec 19, 03:00 am",0
"Dec 19, 04:00 am",0
"Dec 19, 05:00 am",0
"Dec 19, 06:00 am",0
"Dec 19, 07:00 am",-0
"Dec 19, 08:00 am",0.535484
"Dec 19, 09:00 am",0.80634
"Dec 19, 10:00 am",1.25871
"Dec 19, 11:00 am",4.83093
"Dec 19, 12:00 pm",8.26033
"Dec 19, 01:00 pm",10.5012
"Dec 19, 02:00 pm",11.3494
"Dec 19, 03:00 pm",10.7789
"Dec 19, 04:00 pm",7.63314
"Dec 19, 05:00 pm",0
"Dec 19, 06:00 pm",0
"Dec 19, 07:00 pm",0
"Dec 19, 08:00 pm",0
"Dec 19, 09:00 pm",0
"Dec 19, 10:00 pm",0
"Dec 19, 11:00 pm",0
"Dec 20, 12:00 am",0
"Dec 20, 01:00 am",0
"Dec 20, 02:00 am",0
"Dec 20, 03:00 am",0
"Dec 20, 04:00 am",0
"Dec 20, 05:00 am",0
"Dec 20, 06:00 am",0
"Dec 20, 07:00 am",-0
"Dec 20, 08:00 am",0.479033
"Dec 20, 09:00 am",0.745815
"Dec 20, 10:00 am",1.24052
"Dec 20, 11:00 am",4.78242
"Dec 20, 12:00 pm",8.07967
"Dec 20, 01:00 pm",10.2108
"Dec 20, 02:00 pm",10.9901
"Dec 20, 03:00 pm",6.84967
"Dec 20, 04:00 pm",2.89468
"Dec 20, 05:00 pm",0
"Dec 20, 06:00 pm",0
"Dec 20, 07:00 pm",0
"Dec 20, 08:00 pm",0
"Dec 20, 09:00 pm",0
"Dec 20, 10:00 pm",0
"Dec 20, 11:00 pm",0
"Dec 21, 12:00 am",0
"Dec 21, 01:00 am",0
"Dec 21, 02:00 am",0
"Dec 21, 03:00 am",0
"Dec 21, 04:00 am",0
"Dec 21, 05:00 am",0
"Dec 21, 06:00 am",0
"Dec 21, 07:00 am",-0
"Dec 21, 08:00 am",0.511577
"Dec 21, 09:00 am",0.724333
"Dec 21, 10:00 am",1.25987
"Dec 21, 11:00 am",4.61156
"Dec 21, 12:00 pm",7.82914
"Dec 21, 01:00 pm",9.82939
"Dec 21, 02:00 pm",10.6512
"Dec 21, 03:00 pm",6.0681
"Dec 21, 04:00 pm",1.76269
"Dec 21, 05:00 pm",0
"Dec 21, 06:00 pm",0
"Dec 21, 07:00 pm",0
"Dec 21, 08:00 pm",0
"Dec 21, 09:00 pm",0
"Dec 21, 10:00 pm",0
"Dec 21, 11:00 pm",0
"Dec 22, 12:00 am",0
"Dec 22, 01:00 am",0
"Dec 22, 02:00 am",0
"Dec 22, 03:00 am",0
"Dec 22, 04:00 am",0
"Dec 22, 05:00 am",0
"Dec 22, 06:00 am",0
"Dec 22, 07:00 am",-0
"Dec 22, 08:00 am",0.516367
"Dec 22, 09:00 am",0.803698
"Dec 22, 10:00 am",1.19912
"Dec 22, 11:00 am",4.38617
"Dec 22, 12:00 pm",7.24449
"Dec 22, 01:00 pm",6.38252
"Dec 22, 02:00 pm",7.31085
"Dec 22, 03:00 pm",2.42545
"Dec 22, 04:00 pm",7.08372
"Dec 22, 05:00 pm",0
"Dec 22, 06:00 pm",0
"Dec 22, 07:00 pm",0
"Dec 22, 08:00 pm",0
"Dec 22, 09:00 pm",0
"Dec 22, 10:00 pm",0
"Dec 22, 11:00 pm",0
"Dec 23, 12:00 am",0
"Dec 23, 01:00 am",0
"Dec 23, 02:00 am",0
"Dec 23, 03:00 am",0
"Dec 23, 04:00 am",0
"Dec 23, 05:00 am",0
"Dec 23, 06:00 am",0
"Dec 23, 07:00 am",-0
"Dec 23, 08:00 am",0.551868
"Dec 23, 09:00 am",0.796658
"Dec 23, 10:00 am",1.29829
"Dec 23, 11:00 am",4.45718
"Dec 23, 12:00 pm",7.51923
"Dec 23, 01:00 pm",9.45867
"Dec 23, 02:00 pm",10.3266
"Dec 23, 03:00 pm",4.38912
"Dec 23, 04:00 pm",1.24357
"Dec 23, 05:00 pm",0
"Dec 23, 06:00 pm",0
"Dec 23, 07:00 pm",0
"Dec 23, 08:00 pm",0
"Dec 23, 09:00 pm",0
"Dec 23, 10:00 pm",0
"Dec 23, 11:00 pm",0
"Dec 24, 12:00 am",0
"Dec 24, 01:00 am",0
"Dec 24, 02:00 am",0
"Dec 24, 03:00 am",0
"Dec 24, 04:00 am",0
"Dec 24, 05:00 am",0
"Dec 24, 06:00 am",0
"Dec 24, 07:00 am",-0
"Dec 24, 08:00 am",0.250077
"Dec 24, 09:00 am",0.735735
"Dec 24, 10:00 am",1.10388
"Dec 24, 11:00 am",4.40364
"Dec 24, 12:00 pm",7.58571
"Dec 24, 01:00 pm",9.6933
"Dec 24, 02:00 pm",10.2611
"Dec 24, 03:00 pm",9.39492
"Dec 24, 04:00 pm",5.96668
"Dec 24, 05:00 pm",0
"Dec 24, 06:00 pm",0
"Dec 24, 07:00 pm",0
"Dec 24, 08:00 pm",0
"Dec 24, 09:00 pm",0
"Dec 24, 10:00 pm",0
"Dec 24, 11:00 pm",0
"Dec 25, 12:00 am",0
"Dec 25, 01:00 am",0
"Dec 25, 02:00 am",0
"Dec 25, 03:00 am",0
"Dec 25, 04:00 am",0
"Dec 25, 05:00 am",0
"Dec 25, 06:00 am",0
"Dec 25, 07:00 am",0
"Dec 25, 08:00 am",0.311751
"Dec 25, 09:00 am",1.51562
"Dec 25, 10:00 am",2.11827
"Dec 25, 11:00 am",3.8721
"Dec 25, 12:00 pm",3.83522
"Dec 25, 01:00 pm",7.49803
"Dec 25, 02:00 pm",4.90727
"Dec 25, 03:00 pm",4.56356
"Dec 25, 04:00 pm",2.04716
"Dec 25, 05:00 pm",0
"Dec 25, 06:00 pm",0
"Dec 25, 07:00 pm",0
"Dec 25, 08:00 pm",0
"Dec 25, 09:00 pm",0
"Dec 25, 10:00 pm",0
"Dec 25, 11:00 pm",0
"Dec 26, 12:00 am",0
"Dec 26, 01:00 am",0
"Dec 26, 02:00 am",0
"Dec 26, 03:00 am",0
"Dec 26, 04:00 am",0
"Dec 26, 05:00 am",0
"Dec 26, 06:00 am",0
"Dec 26, 07:00 am",0
"Dec 26, 08:00 am",0.500971
"Dec 26, 09:00 am",1.39968
"Dec 26, 10:00 am",1.90808
"Dec 26, 11:00 am",4.05308
"Dec 26, 12:00 pm",5.83542
"Dec 26, 01:00 pm",7.06003
"Dec 26, 02:00 pm",10.7079
"Dec 26, 03:00 pm",10.0645
"Dec 26, 04:00 pm",7.08532
"Dec 26, 05:00 pm",0
"Dec 26, 06:00 pm",0
"Dec 26, 07:00 pm",0
"Dec 26, 08:00 pm",0
"Dec 26, 09:00 pm",0
"Dec 26, 10:00 pm",0
"Dec 26, 11:00 pm",0
"Dec 27, 12:00 am",0
"Dec 27, 01:00 am",0
"Dec 27, 02:00 am",0
"Dec 27, 03:00 am",0
"Dec 27, 04:00 am",0
"Dec 27, 05:00 am",0
"Dec 27, 06:00 am",0
"Dec 27, 07:00 am",0
"Dec 27, 08:00 am",0.695016
"Dec 27, 09:00 am",1.56421
"Dec 27, 10:00 am",2.32926
"Dec 27, 11:00 am",4.19166
"Dec 27, 12:00 pm",7.64988
"Dec 27, 01:00 pm",6.46332
"Dec 27, 02:00 pm",10.6924
"Dec 27, 03:00 pm",10.1165
"Dec 27, 04:00 pm",7.35813
"Dec 27, 05:00 pm",0
"Dec 27, 06:00 pm",0
"Dec 27, 07:00 pm",0
"Dec 27, 08:00 pm",0
"Dec 27, 09:00 pm",0
"Dec 27, 10:00 pm",0
"Dec 27, 11:00 pm",0
"Dec 28, 12:00 am",0
"Dec 28, 01:00 am",0
"Dec 28, 02:00 am",0
"Dec 28, 03:00 am",0
"Dec 28, 04:00 am",0
"Dec 28, 05:00 am",0
"Dec 28, 06:00 am",0
"Dec 28, 07:00 am",0
"Dec 28, 08:00 am",0.460591
"Dec 28, 09:00 am",0.673425
"Dec 28, 10:00 am",1.1216
"Dec 28, 11:00 am",4.49472
"Dec 28, 12:00 pm",7.78372
"Dec 28, 01:00 pm",9.86782
"Dec 28, 02:00 pm",10.6898
"Dec 28, 03:00 pm",10.1393
"Dec 28, 04:00 pm",7.52724
"Dec 28, 05:00 pm",0
"Dec 28, 06:00 pm",0
"Dec 28, 07:00 pm",0
"Dec 28, 08:00 pm",0
"Dec 28, 09:00 pm",0
"Dec 28, 10:00 pm",0
"Dec 28, 11:00 pm",0
"Dec 29, 12:00 am",0
"Dec 29, 01:00 am",0
"Dec 29, 02:00 am",0
"Dec 29, 03:00 am",0
"Dec 29, 04:00 am",0
"Dec 29, 05:00 am",0
"Dec 29, 06:00 am",0
"Dec 29, 07:00 am",0
"Dec 29, 08:00 am",0.504131
"Dec 29, 09:00 am",0.737188
"Dec 29, 10:00 am",1.05868
"Dec 29, 11:00 am",4.37469
"Dec 29, 12:00 pm",7.54878
"Dec 29, 01:00 pm",6.22642
"Dec 29, 02:00 pm",6.46798
"Dec 29, 03:00 pm",5.58726
"Dec 29, 04:00 pm",3.21375
"Dec 29, 05:00 pm",0
"Dec 29, 06:00 pm",0
"Dec 29, 07:00 pm",0
"Dec 29, 08:00 pm",0
"Dec 29, 09:00 pm",0
"Dec 29, 10:00 pm",0
"Dec 29, 11:00 pm",0
"Dec 30, 12:00 am",0
"Dec 30, 01:00 am",0
"Dec 30, 02:00 am",0
"Dec 30, 03:00 am",0
"Dec 30, 04:00 am",0
"Dec 30, 05:00 am",0
"Dec 30, 06:00 am",0
"Dec 30, 07:00 am",0
"Dec 30, 08:00 am",0.0587856
"Dec 30, 09:00 am",1.40754
"Dec 30, 10:00 am",1.10535
"Dec 30, 11:00 am",2.73636
"Dec 30, 12:00 pm",4.57768
"Dec 30, 01:00 pm",3.13707
"Dec 30, 02:00 pm",3.23736
"Dec 30, 03:00 pm",1.87228
"Dec 30, 04:00 pm",0.178641
"Dec 30, 05:00 pm",-0
"Dec 30, 06:00 pm",0
"Dec 30, 07:00 pm",0
"Dec 30, 08:00 pm",0
"Dec 30, 09:00 pm",0
"Dec 30, 10:00 pm",0
"Dec 30, 11:00 pm",0
"Dec 31, 12:00 am",0
"Dec 31, 01:00 am",0
"Dec 31, 02:00 am",0
"Dec 31, 03:00 am",0
"Dec 31, 04:00 am",0
"Dec 31, 05:00 am",0
"Dec 31, 06:00 am",0
"Dec 31, 07:00 am",0
"Dec 31, 08:00 am",0.579904
"Dec 31, 09:00 am",0.882325
"Dec 31, 10:00 am",1.25365
"Dec 31, 11:00 am",4.44571
"Dec 31, 12:00 pm",7.70273
"Dec 31, 01:00 pm",9.86618
"Dec 31, 02:00 pm",7.17245
"Dec 31, 03:00 pm",10.2065
"Dec 31, 04:00 pm",7.35401
"Dec 31, 05:00 pm",-0
"Dec 31, 06:00 pm",0
"Dec 31, 07:00 pm",0
"Dec 31, 08:00 pm",0
"Dec 31, 09:00 pm",0
"Dec 31, 10:00 pm",0
"Dec 31, 11:00 pm",0
