"Time stamp","System power generated | (kW)"
"Jan 1, 12:00 am",0
"Jan 1, 01:00 am",0
"Jan 1, 02:00 am",0
"Jan 1, 03:00 am",0
"Jan 1, 04:00 am",0
"Jan 1, 05:00 am",0
"Jan 1, 06:00 am",0
"Jan 1, 07:00 am",0
"Jan 1, 08:00 am",6.87204
"Jan 1, 09:00 am",9.73828
"Jan 1, 10:00 am",10.4628
"Jan 1, 11:00 am",9.93974
"Jan 1, 12:00 pm",8.46679
"Jan 1, 01:00 pm",5.86374
"Jan 1, 02:00 pm",2.57062
"Jan 1, 03:00 pm",0.611923
"Jan 1, 04:00 pm",0.444399
"Jan 1, 05:00 pm",-0
"Jan 1, 06:00 pm",0
"Jan 1, 07:00 pm",0
"Jan 1, 08:00 pm",0
"Jan 1, 09:00 pm",0
"Jan 1, 10:00 pm",0
"Jan 1, 11:00 pm",0
"Jan 2, 12:00 am",0
"Jan 2, 01:00 am",0
"Jan 2, 02:00 am",0
"Jan 2, 03:00 am",0
"Jan 2, 04:00 am",0
"Jan 2, 05:00 am",0
"Jan 2, 06:00 am",0
"Jan 2, 07:00 am",0
"Jan 2, 08:00 am",6.59289
"Jan 2, 09:00 am",9.60518
"Jan 2, 10:00 am",10.4577
"Jan 2, 11:00 am",9.97124
"Jan 2, 12:00 pm",8.51888
"Jan 2, 01:00 pm",5.91432
"Jan 2, 02:00 pm",2.57432
"Jan 2, 03:00 pm",0.678618
"Jan 2, 04:00 pm",0.438498
"Jan 2, 05:00 pm",-0
"Jan 2, 06:00 pm",0
"Jan 2, 07:00 pm",0
"Jan 2, 08:00 pm",0
"Jan 2, 09:00 pm",0
"Jan 2, 10:00 pm",0
"Jan 2, 11:00 pm",0
"Jan 3, 12:00 am",0
"Jan 3, 01:00 am",0
"Jan 3, 02:00 am",0
"Jan 3, 03:00 am",0
"Jan 3, 04:00 am",0
"Jan 3, 05:00 am",0
"Jan 3, 06:00 am",0
"Jan 3, 07:00 am",0
"Jan 3, 08:00 am",6.3744
"Jan 3, 09:00 am",9.23474
"Jan 3, 10:00 am",10.0696
"Jan 3, 11:00 am",9.73346
"Jan 3, 12:00 pm",6.86143
"Jan 3, 01:00 pm",1.91108
"Jan 3, 02:00 pm",2.69235
"Jan 3, 03:00 pm",0.585401
"Jan 3, 04:00 pm",0.426651
"Jan 3, 05:00 pm",-0
"Jan 3, 06:00 pm",0
"Jan 3, 07:00 pm",0
"Jan 3, 08:00 pm",0
"Jan 3, 09:00 pm",0
"Jan 3, 10:00 pm",0
"Jan 3, 11:00 pm",0
"Jan 4, 12:00 am",0
"Jan 4, 01:00 am",0
"Jan 4, 02:00 am",0
"Jan 4, 03:00 am",0
"Jan 4, 04:00 am",0
"Jan 4, 05:00 am",0
"Jan 4, 06:00 am",0
"Jan 4, 07:00 am",0
"Jan 4, 08:00 am",6.91565
"Jan 4, 09:00 am",9.75577
"Jan 4, 10:00 am",10.547
"Jan 4, 11:00 am",9.95212
"Jan 4, 12:00 pm",8.52555
"Jan 4, 01:00 pm",5.96868
"Jan 4, 02:00 pm",2.67152
"Jan 4, 03:00 pm",0.603972
"Jan 4, 04:00 pm",0.448122
"Jan 4, 05:00 pm",-0
"Jan 4, 06:00 pm",0
"Jan 4, 07:00 pm",0
"Jan 4, 08:00 pm",0
"Jan 4, 09:00 pm",0
"Jan 4, 10:00 pm",0
"Jan 4, 11:00 pm",0
"Jan 5, 12:00 am",0
"Jan 5, 01:00 am",0
"Jan 5, 02:00 am",0
"Jan 5, 03:00 am",0
"Jan 5, 04:00 am",0
"Jan 5, 05:00 am",0
"Jan 5, 06:00 am",0
"Jan 5, 07:00 am",0
"Jan 5, 08:00 am",6.57264
"Jan 5, 09:00 am",9.57181
"Jan 5, 10:00 am",10.3306
"Jan 5, 11:00 am",9.9485
"Jan 5, 12:00 pm",8.56733
"Jan 5, 01:00 pm",6.03746
"Jan 5, 02:00 pm",2.74072
"Jan 5, 03:00 pm",0.611671
"Jan 5, 04:00 pm",0.454054
"Jan 5, 05:00 pm",-0
"Jan 5, 06:00 pm",0
"Jan 5, 07:00 pm",0
"Jan 5, 08:00 pm",0
"Jan 5, 09:00 pm",0
"Jan 5, 10:00 pm",0
"Jan 5, 11:00 pm",0
"Jan 6, 12:00 am",0
"Jan 6, 01:00 am",0
"Jan 6, 02:00 am",0
"Jan 6, 03:00 am",0
"Jan 6, 04:00 am",0
"Jan 6, 05:00 am",0
"Jan 6, 06:00 am",0
"Jan 6, 07:00 am",0
"Jan 6, 08:00 am",6.32928
"Jan 6, 09:00 am",9.31163
"Jan 6, 10:00 am",10.1884
"Jan 6, 11:00 am",9.7771
"Jan 6, 12:00 pm",8.45216
"Jan 6, 01:00 pm",5.99475
"Jan 6, 02:00 pm",2.71192
"Jan 6, 03:00 pm",0.640759
"Jan 6, 04:00 pm",0.489319
"Jan 6, 05:00 pm",-0
"Jan 6, 06:00 pm",0
"Jan 6, 07:00 pm",0
"Jan 6, 08:00 pm",0
"Jan 6, 09:00 pm",0
"Jan 6, 10:00 pm",0
"Jan 6, 11:00 pm",0
"Jan 7, 12:00 am",0
"Jan 7, 01:00 am",0
"Jan 7, 02:00 am",0
"Jan 7, 03:00 am",0
"Jan 7, 04:00 am",0
"Jan 7, 05:00 am",0
"Jan 7, 06:00 am",0
"Jan 7, 07:00 am",0
"Jan 7, 08:00 am",6.14943
"Jan 7, 09:00 am",9.22291
"Jan 7, 10:00 am",10.2104
"Jan 7, 11:00 am",9.9756
"Jan 7, 12:00 pm",8.59571
"Jan 7, 01:00 pm",6.11496
"Jan 7, 02:00 pm",2.80558
"Jan 7, 03:00 pm",0.735345
"Jan 7, 04:00 pm",0.506638
"Jan 7, 05:00 pm",-0
"Jan 7, 06:00 pm",0
"Jan 7, 07:00 pm",0
"Jan 7, 08:00 pm",0
"Jan 7, 09:00 pm",0
"Jan 7, 10:00 pm",0
"Jan 7, 11:00 pm",0
"Jan 8, 12:00 am",0
"Jan 8, 01:00 am",0
"Jan 8, 02:00 am",0
"Jan 8, 03:00 am",0
"Jan 8, 04:00 am",0
"Jan 8, 05:00 am",0
"Jan 8, 06:00 am",0
"Jan 8, 07:00 am",0
"Jan 8, 08:00 am",5.93937
"Jan 8, 09:00 am",9.43914
"Jan 8, 10:00 am",10.757
"Jan 8, 11:00 am",10.5759
"Jan 8, 12:00 pm",9.17344
"Jan 8, 01:00 pm",6.51064
"Jan 8, 02:00 pm",2.97268
"Jan 8, 03:00 pm",0.73162
"Jan 8, 04:00 pm",0.498987
"Jan 8, 05:00 pm",-0
"Jan 8, 06:00 pm",0
"Jan 8, 07:00 pm",0
"Jan 8, 08:00 pm",0
"Jan 8, 09:00 pm",0
"Jan 8, 10:00 pm",0
"Jan 8, 11:00 pm",0
"Jan 9, 12:00 am",0
"Jan 9, 01:00 am",0
"Jan 9, 02:00 am",0
"Jan 9, 03:00 am",0
"Jan 9, 04:00 am",0
"Jan 9, 05:00 am",0
"Jan 9, 06:00 am",0
"Jan 9, 07:00 am",0
"Jan 9, 08:00 am",1.7797
"Jan 9, 09:00 am",9.47985
"Jan 9, 10:00 am",10.3948
"Jan 9, 11:00 am",10.0524
"Jan 9, 12:00 pm",8.77838
"Jan 9, 01:00 pm",5.13861
"Jan 9, 02:00 pm",2.94471
"Jan 9, 03:00 pm",0.739076
"Jan 9, 04:00 pm",0.576893
"Jan 9, 05:00 pm",-0
"Jan 9, 06:00 pm",0
"Jan 9, 07:00 pm",0
"Jan 9, 08:00 pm",0
"Jan 9, 09:00 pm",0
"Jan 9, 10:00 pm",0
"Jan 9, 11:00 pm",0
"Jan 10, 12:00 am",0
"Jan 10, 01:00 am",0
"Jan 10, 02:00 am",0
"Jan 10, 03:00 am",0
"Jan 10, 04:00 am",0
"Jan 10, 05:00 am",0
"Jan 10, 06:00 am",0
"Jan 10, 07:00 am",0
"Jan 10, 08:00 am",6.46513
"Jan 10, 09:00 am",9.41811
"Jan 10, 10:00 am",10.2525
"Jan 10, 11:00 am",9.79159
"Jan 10, 12:00 pm",8.53681
"Jan 10, 01:00 pm",5.33655
"Jan 10, 02:00 pm",2.9524
"Jan 10, 03:00 pm",1.53175
"Jan 10, 04:00 pm",0.491505
"Jan 10, 05:00 pm",-0
"Jan 10, 06:00 pm",0
"Jan 10, 07:00 pm",0
"Jan 10, 08:00 pm",0
"Jan 10, 09:00 pm",0
"Jan 10, 10:00 pm",0
"Jan 10, 11:00 pm",0
"Jan 11, 12:00 am",0
"Jan 11, 01:00 am",0
"Jan 11, 02:00 am",0
"Jan 11, 03:00 am",0
"Jan 11, 04:00 am",0
"Jan 11, 05:00 am",0
"Jan 11, 06:00 am",0
"Jan 11, 07:00 am",0
"Jan 11, 08:00 am",2.00735
"Jan 11, 09:00 am",6.43115
"Jan 11, 10:00 am",5.19404
"Jan 11, 11:00 am",6.46425
"Jan 11, 12:00 pm",7.29674
"Jan 11, 01:00 pm",5.07174
"Jan 11, 02:00 pm",3.33578
"Jan 11, 03:00 pm",1.14555
"Jan 11, 04:00 pm",0.89585
"Jan 11, 05:00 pm",-0
"Jan 11, 06:00 pm",0
"Jan 11, 07:00 pm",0
"Jan 11, 08:00 pm",0
"Jan 11, 09:00 pm",0
"Jan 11, 10:00 pm",0
"Jan 11, 11:00 pm",0
"Jan 12, 12:00 am",0
"Jan 12, 01:00 am",0
"Jan 12, 02:00 am",0
"Jan 12, 03:00 am",0
"Jan 12, 04:00 am",0
"Jan 12, 05:00 am",0
"Jan 12, 06:00 am",0
"Jan 12, 07:00 am",0
"Jan 12, 08:00 am",-0
"Jan 12, 09:00 am",1.45158
"Jan 12, 10:00 am",6.29557
"Jan 12, 11:00 am",8.00224
"Jan 12, 12:00 pm",3.12432
"Jan 12, 01:00 pm",3.94599
"Jan 12, 02:00 pm",2.82062
"Jan 12, 03:00 pm",1.6576
"Jan 12, 04:00 pm",0.575616
"Jan 12, 05:00 pm",0.00430946
"Jan 12, 06:00 pm",0
"Jan 12, 07:00 pm",0
"Jan 12, 08:00 pm",0
"Jan 12, 09:00 pm",0
"Jan 12, 10:00 pm",0
"Jan 12, 11:00 pm",0
"Jan 13, 12:00 am",0
"Jan 13, 01:00 am",0
"Jan 13, 02:00 am",0
"Jan 13, 03:00 am",0
"Jan 13, 04:00 am",0
"Jan 13, 05:00 am",0
"Jan 13, 06:00 am",0
"Jan 13, 07:00 am",0
"Jan 13, 08:00 am",7.67837
"Jan 13, 09:00 am",10.5116
"Jan 13, 10:00 am",11.2825
"Jan 13, 11:00 am",10.7315
"Jan 13, 12:00 pm",9.32506
"Jan 13, 01:00 pm",6.69563
"Jan 13, 02:00 pm",3.23652
"Jan 13, 03:00 pm",0.622179
"Jan 13, 04:00 pm",0.50023
"Jan 13, 05:00 pm",0.0246554
"Jan 13, 06:00 pm",0
"Jan 13, 07:00 pm",0
"Jan 13, 08:00 pm",0
"Jan 13, 09:00 pm",0
"Jan 13, 10:00 pm",0
"Jan 13, 11:00 pm",0
"Jan 14, 12:00 am",0
"Jan 14, 01:00 am",0
"Jan 14, 02:00 am",0
"Jan 14, 03:00 am",0
"Jan 14, 04:00 am",0
"Jan 14, 05:00 am",0
"Jan 14, 06:00 am",0
"Jan 14, 07:00 am",0
"Jan 14, 08:00 am",1.86154
"Jan 14, 09:00 am",5.01579
"Jan 14, 10:00 am",10.7768
"Jan 14, 11:00 am",7.84936
"Jan 14, 12:00 pm",7.63205
"Jan 14, 01:00 pm",5.97593
"Jan 14, 02:00 pm",3.33613
"Jan 14, 03:00 pm",1.51118
"Jan 14, 04:00 pm",0.258803
"Jan 14, 05:00 pm",-0
"Jan 14, 06:00 pm",0
"Jan 14, 07:00 pm",0
"Jan 14, 08:00 pm",0
"Jan 14, 09:00 pm",0
"Jan 14, 10:00 pm",0
"Jan 14, 11:00 pm",0
"Jan 15, 12:00 am",0
"Jan 15, 01:00 am",0
"Jan 15, 02:00 am",0
"Jan 15, 03:00 am",0
"Jan 15, 04:00 am",0
"Jan 15, 05:00 am",0
"Jan 15, 06:00 am",0
"Jan 15, 07:00 am",0
"Jan 15, 08:00 am",0.00900982
"Jan 15, 09:00 am",1.7026
"Jan 15, 10:00 am",1.32065
"Jan 15, 11:00 am",3.08792
"Jan 15, 12:00 pm",1.02835
"Jan 15, 01:00 pm",3.49264
"Jan 15, 02:00 pm",2.35319
"Jan 15, 03:00 pm",1.68937
"Jan 15, 04:00 pm",0.353689
"Jan 15, 05:00 pm",-0
"Jan 15, 06:00 pm",0
"Jan 15, 07:00 pm",0
"Jan 15, 08:00 pm",0
"Jan 15, 09:00 pm",0
"Jan 15, 10:00 pm",0
"Jan 15, 11:00 pm",0
"Jan 16, 12:00 am",0
"Jan 16, 01:00 am",0
"Jan 16, 02:00 am",0
"Jan 16, 03:00 am",0
"Jan 16, 04:00 am",0
"Jan 16, 05:00 am",0
"Jan 16, 06:00 am",0
"Jan 16, 07:00 am",0
"Jan 16, 08:00 am",0.958442
"Jan 16, 09:00 am",9.25144
"Jan 16, 10:00 am",10.4231
"Jan 16, 11:00 am",7.13603
"Jan 16, 12:00 pm",7.38079
"Jan 16, 01:00 pm",5.49091
"Jan 16, 02:00 pm",3.50113
"Jan 16, 03:00 pm",0.903295
"Jan 16, 04:00 pm",0.704182
"Jan 16, 05:00 pm",0.0547773
"Jan 16, 06:00 pm",0
"Jan 16, 07:00 pm",0
"Jan 16, 08:00 pm",0
"Jan 16, 09:00 pm",0
"Jan 16, 10:00 pm",0
"Jan 16, 11:00 pm",0
"Jan 17, 12:00 am",0
"Jan 17, 01:00 am",0
"Jan 17, 02:00 am",0
"Jan 17, 03:00 am",0
"Jan 17, 04:00 am",0
"Jan 17, 05:00 am",0
"Jan 17, 06:00 am",0
"Jan 17, 07:00 am",0
"Jan 17, 08:00 am",6.55056
"Jan 17, 09:00 am",9.68221
"Jan 17, 10:00 am",10.776
"Jan 17, 11:00 am",10.3623
"Jan 17, 12:00 pm",9.09141
"Jan 17, 01:00 pm",6.64683
"Jan 17, 02:00 pm",3.42648
"Jan 17, 03:00 pm",0.795033
"Jan 17, 04:00 pm",0.61664
"Jan 17, 05:00 pm",0.054126
"Jan 17, 06:00 pm",0
"Jan 17, 07:00 pm",0
"Jan 17, 08:00 pm",0
"Jan 17, 09:00 pm",0
"Jan 17, 10:00 pm",0
"Jan 17, 11:00 pm",0
"Jan 18, 12:00 am",0
"Jan 18, 01:00 am",0
"Jan 18, 02:00 am",0
"Jan 18, 03:00 am",0
"Jan 18, 04:00 am",0
"Jan 18, 05:00 am",0
"Jan 18, 06:00 am",0
"Jan 18, 07:00 am",0
"Jan 18, 08:00 am",6.69086
"Jan 18, 09:00 am",9.73149
"Jan 18, 10:00 am",10.6874
"Jan 18, 11:00 am",10.2165
"Jan 18, 12:00 pm",9.015
"Jan 18, 01:00 pm",6.65016
"Jan 18, 02:00 pm",3.43402
"Jan 18, 03:00 pm",0.820975
"Jan 18, 04:00 pm",0.569682
"Jan 18, 05:00 pm",0.0643771
"Jan 18, 06:00 pm",0
"Jan 18, 07:00 pm",0
"Jan 18, 08:00 pm",0
"Jan 18, 09:00 pm",0
"Jan 18, 10:00 pm",0
"Jan 18, 11:00 pm",0
"Jan 19, 12:00 am",0
"Jan 19, 01:00 am",0
"Jan 19, 02:00 am",0
"Jan 19, 03:00 am",0
"Jan 19, 04:00 am",0
"Jan 19, 05:00 am",0
"Jan 19, 06:00 am",0
"Jan 19, 07:00 am",0
"Jan 19, 08:00 am",6.45983
"Jan 19, 09:00 am",9.65711
"Jan 19, 10:00 am",10.6637
"Jan 19, 11:00 am",10.258
"Jan 19, 12:00 pm",8.9968
"Jan 19, 01:00 pm",6.65616
"Jan 19, 02:00 pm",3.46432
"Jan 19, 03:00 pm",0.783588
"Jan 19, 04:00 pm",0.527641
"Jan 19, 05:00 pm",0.053424
"Jan 19, 06:00 pm",0
"Jan 19, 07:00 pm",0
"Jan 19, 08:00 pm",0
"Jan 19, 09:00 pm",0
"Jan 19, 10:00 pm",0
"Jan 19, 11:00 pm",0
"Jan 20, 12:00 am",0
"Jan 20, 01:00 am",0
"Jan 20, 02:00 am",0
"Jan 20, 03:00 am",0
"Jan 20, 04:00 am",0
"Jan 20, 05:00 am",0
"Jan 20, 06:00 am",0
"Jan 20, 07:00 am",0
"Jan 20, 08:00 am",6.76081
"Jan 20, 09:00 am",9.80686
"Jan 20, 10:00 am",10.73
"Jan 20, 11:00 am",10.2691
"Jan 20, 12:00 pm",9.08192
"Jan 20, 01:00 pm",6.74266
"Jan 20, 02:00 pm",3.47643
"Jan 20, 03:00 pm",0.746732
"Jan 20, 04:00 pm",0.568883
"Jan 20, 05:00 pm",0.0515847
"Jan 20, 06:00 pm",0
"Jan 20, 07:00 pm",0
"Jan 20, 08:00 pm",0
"Jan 20, 09:00 pm",0
"Jan 20, 10:00 pm",0
"Jan 20, 11:00 pm",0
"Jan 21, 12:00 am",0
"Jan 21, 01:00 am",0
"Jan 21, 02:00 am",0
"Jan 21, 03:00 am",0
"Jan 21, 04:00 am",0
"Jan 21, 05:00 am",0
"Jan 21, 06:00 am",0
"Jan 21, 07:00 am",0
"Jan 21, 08:00 am",1.43827
"Jan 21, 09:00 am",3.48526
"Jan 21, 10:00 am",5.60117
"Jan 21, 11:00 am",3.30403
"Jan 21, 12:00 pm",3.24851
"Jan 21, 01:00 pm",2.58701
"Jan 21, 02:00 pm",3.79869
"Jan 21, 03:00 pm",1.00763
"Jan 21, 04:00 pm",0.828236
"Jan 21, 05:00 pm",0.0929546
"Jan 21, 06:00 pm",0
"Jan 21, 07:00 pm",0
"Jan 21, 08:00 pm",0
"Jan 21, 09:00 pm",0
"Jan 21, 10:00 pm",0
"Jan 21, 11:00 pm",0
"Jan 22, 12:00 am",0
"Jan 22, 01:00 am",0
"Jan 22, 02:00 am",0
"Jan 22, 03:00 am",0
"Jan 22, 04:00 am",0
"Jan 22, 05:00 am",0
"Jan 22, 06:00 am",0
"Jan 22, 07:00 am",-0
"Jan 22, 08:00 am",7.19546
"Jan 22, 09:00 am",5.93694
"Jan 22, 10:00 am",7.15416
"Jan 22, 11:00 am",6.42843
"Jan 22, 12:00 pm",7.46581
"Jan 22, 01:00 pm",5.18796
"Jan 22, 02:00 pm",3.59831
"Jan 22, 03:00 pm",1.90674
"Jan 22, 04:00 pm",1.09089
"Jan 22, 05:00 pm",0.0499618
"Jan 22, 06:00 pm",0
"Jan 22, 07:00 pm",0
"Jan 22, 08:00 pm",0
"Jan 22, 09:00 pm",0
"Jan 22, 10:00 pm",0
"Jan 22, 11:00 pm",0
"Jan 23, 12:00 am",0
"Jan 23, 01:00 am",0
"Jan 23, 02:00 am",0
"Jan 23, 03:00 am",0
"Jan 23, 04:00 am",0
"Jan 23, 05:00 am",0
"Jan 23, 06:00 am",0
"Jan 23, 07:00 am",-0
"Jan 23, 08:00 am",2.97258
"Jan 23, 09:00 am",9.92107
"Jan 23, 10:00 am",7.33342
"Jan 23, 11:00 am",5.11497
"Jan 23, 12:00 pm",5.23301
"Jan 23, 01:00 pm",4.86507
"Jan 23, 02:00 pm",3.88875
"Jan 23, 03:00 pm",1.74087
"Jan 23, 04:00 pm",0.965342
"Jan 23, 05:00 pm",0.0518871
"Jan 23, 06:00 pm",0
"Jan 23, 07:00 pm",0
"Jan 23, 08:00 pm",0
"Jan 23, 09:00 pm",0
"Jan 23, 10:00 pm",0
"Jan 23, 11:00 pm",0
"Jan 24, 12:00 am",0
"Jan 24, 01:00 am",0
"Jan 24, 02:00 am",0
"Jan 24, 03:00 am",0
"Jan 24, 04:00 am",0
"Jan 24, 05:00 am",0
"Jan 24, 06:00 am",0
"Jan 24, 07:00 am",-0
"Jan 24, 08:00 am",7.04025
"Jan 24, 09:00 am",10.298
"Jan 24, 10:00 am",11.5257
"Jan 24, 11:00 am",11.2022
"Jan 24, 12:00 pm",9.90912
"Jan 24, 01:00 pm",7.40478
"Jan 24, 02:00 pm",3.87105
"Jan 24, 03:00 pm",0.883718
"Jan 24, 04:00 pm",0.572802
"Jan 24, 05:00 pm",0.100291
"Jan 24, 06:00 pm",0
"Jan 24, 07:00 pm",0
"Jan 24, 08:00 pm",0
"Jan 24, 09:00 pm",0
"Jan 24, 10:00 pm",0
"Jan 24, 11:00 pm",0
"Jan 25, 12:00 am",0
"Jan 25, 01:00 am",0
"Jan 25, 02:00 am",0
"Jan 25, 03:00 am",0
"Jan 25, 04:00 am",0
"Jan 25, 05:00 am",0
"Jan 25, 06:00 am",0
"Jan 25, 07:00 am",-0
"Jan 25, 08:00 am",7.62055
"Jan 25, 09:00 am",10.6804
"Jan 25, 10:00 am",11.7985
"Jan 25, 11:00 am",11.4478
"Jan 25, 12:00 pm",10.0883
"Jan 25, 01:00 pm",7.51324
"Jan 25, 02:00 pm",3.99416
"Jan 25, 03:00 pm",0.828571
"Jan 25, 04:00 pm",0.589616
"Jan 25, 05:00 pm",0.0972856
"Jan 25, 06:00 pm",0
"Jan 25, 07:00 pm",0
"Jan 25, 08:00 pm",0
"Jan 25, 09:00 pm",0
"Jan 25, 10:00 pm",0
"Jan 25, 11:00 pm",0
"Jan 26, 12:00 am",0
"Jan 26, 01:00 am",0
"Jan 26, 02:00 am",0
"Jan 26, 03:00 am",0
"Jan 26, 04:00 am",0
"Jan 26, 05:00 am",0
"Jan 26, 06:00 am",0
"Jan 26, 07:00 am",-0
"Jan 26, 08:00 am",7.25343
"Jan 26, 09:00 am",10.2593
"Jan 26, 10:00 am",11.0947
"Jan 26, 11:00 am",10.6353
"Jan 26, 12:00 pm",9.43293
"Jan 26, 01:00 pm",7.1462
"Jan 26, 02:00 pm",3.83518
"Jan 26, 03:00 pm",0.868683
"Jan 26, 04:00 pm",0.560286
"Jan 26, 05:00 pm",0.105893
"Jan 26, 06:00 pm",0
"Jan 26, 07:00 pm",0
"Jan 26, 08:00 pm",0
"Jan 26, 09:00 pm",0
"Jan 26, 10:00 pm",0
"Jan 26, 11:00 pm",0
"Jan 27, 12:00 am",0
"Jan 27, 01:00 am",0
"Jan 27, 02:00 am",0
"Jan 27, 03:00 am",0
"Jan 27, 04:00 am",0
"Jan 27, 05:00 am",0
"Jan 27, 06:00 am",0
"Jan 27, 07:00 am",-0
"Jan 27, 08:00 am",1.61961
"Jan 27, 09:00 am",6.84839
"Jan 27, 10:00 am",6.21147
"Jan 27, 11:00 am",6.65893
"Jan 27, 12:00 pm",4.94021
"Jan 27, 01:00 pm",5.28692
"Jan 27, 02:00 pm",3.99491
"Jan 27, 03:00 pm",2.11024
"Jan 27, 04:00 pm",1.16472
"Jan 27, 05:00 pm",0.0584907
"Jan 27, 06:00 pm",0
"Jan 27, 07:00 pm",0
"Jan 27, 08:00 pm",0
"Jan 27, 09:00 pm",0
"Jan 27, 10:00 pm",0
"Jan 27, 11:00 pm",0
"Jan 28, 12:00 am",0
"Jan 28, 01:00 am",0
"Jan 28, 02:00 am",0
"Jan 28, 03:00 am",0
"Jan 28, 04:00 am",0
"Jan 28, 05:00 am",0
"Jan 28, 06:00 am",0
"Jan 28, 07:00 am",-0
"Jan 28, 08:00 am",7.67492
"Jan 28, 09:00 am",10.8199
"Jan 28, 10:00 am",11.7916
"Jan 28, 11:00 am",11.4284
"Jan 28, 12:00 pm",10.1164
"Jan 28, 01:00 pm",7.63542
"Jan 28, 02:00 pm",4.11555
"Jan 28, 03:00 pm",0.934611
"Jan 28, 04:00 pm",0.620547
"Jan 28, 05:00 pm",0.139652
"Jan 28, 06:00 pm",0
"Jan 28, 07:00 pm",0
"Jan 28, 08:00 pm",0
"Jan 28, 09:00 pm",0
"Jan 28, 10:00 pm",0
"Jan 28, 11:00 pm",0
"Jan 29, 12:00 am",0
"Jan 29, 01:00 am",0
"Jan 29, 02:00 am",0
"Jan 29, 03:00 am",0
"Jan 29, 04:00 am",0
"Jan 29, 05:00 am",0
"Jan 29, 06:00 am",0
"Jan 29, 07:00 am",-0
"Jan 29, 08:00 am",7.59359
"Jan 29, 09:00 am",10.7341
"Jan 29, 10:00 am",11.6244
"Jan 29, 11:00 am",11.2613
"Jan 29, 12:00 pm",10.0116
"Jan 29, 01:00 pm",7.60804
"Jan 29, 02:00 pm",4.14542
"Jan 29, 03:00 pm",0.985871
"Jan 29, 04:00 pm",0.59825
"Jan 29, 05:00 pm",0.169723
"Jan 29, 06:00 pm",0
"Jan 29, 07:00 pm",0
"Jan 29, 08:00 pm",0
"Jan 29, 09:00 pm",0
"Jan 29, 10:00 pm",0
"Jan 29, 11:00 pm",0
"Jan 30, 12:00 am",0
"Jan 30, 01:00 am",0
"Jan 30, 02:00 am",0
"Jan 30, 03:00 am",0
"Jan 30, 04:00 am",0
"Jan 30, 05:00 am",0
"Jan 30, 06:00 am",0
"Jan 30, 07:00 am",-0
"Jan 30, 08:00 am",7.55383
"Jan 30, 09:00 am",10.4507
"Jan 30, 10:00 am",11.1011
"Jan 30, 11:00 am",10.8723
"Jan 30, 12:00 pm",9.66685
"Jan 30, 01:00 pm",7.38977
"Jan 30, 02:00 pm",4.19363
"Jan 30, 03:00 pm",0.968401
"Jan 30, 04:00 pm",0.601295
"Jan 30, 05:00 pm",0.181193
"Jan 30, 06:00 pm",0
"Jan 30, 07:00 pm",0
"Jan 30, 08:00 pm",0
"Jan 30, 09:00 pm",0
"Jan 30, 10:00 pm",0
"Jan 30, 11:00 pm",0
"Jan 31, 12:00 am",0
"Jan 31, 01:00 am",0
"Jan 31, 02:00 am",0
"Jan 31, 03:00 am",0
"Jan 31, 04:00 am",0
"Jan 31, 05:00 am",0
"Jan 31, 06:00 am",0
"Jan 31, 07:00 am",-0
"Jan 31, 08:00 am",1.02008
"Jan 31, 09:00 am",10.0542
"Jan 31, 10:00 am",4.73702
"Jan 31, 11:00 am",11.0126
"Jan 31, 12:00 pm",9.73861
"Jan 31, 01:00 pm",7.5339
"Jan 31, 02:00 pm",4.19676
"Jan 31, 03:00 pm",1.02398
"Jan 31, 04:00 pm",0.584331
"Jan 31, 05:00 pm",0.264496
"Jan 31, 06:00 pm",0
"Jan 31, 07:00 pm",0
"Jan 31, 08:00 pm",0
"Jan 31, 09:00 pm",0
"Jan 31, 10:00 pm",0
"Jan 31, 11:00 pm",0
"Feb 1, 12:00 am",0
"Feb 1, 01:00 am",0
"Feb 1, 02:00 am",0
"Feb 1, 03:00 am",0
"Feb 1, 04:00 am",0
"Feb 1, 05:00 am",0
"Feb 1, 06:00 am",0
"Feb 1, 07:00 am",-0
"Feb 1, 08:00 am",8.68047
"Feb 1, 09:00 am",11.6008
"Feb 1, 10:00 am",12.6135
"Feb 1, 11:00 am",12.1967
"Feb 1, 12:00 pm",10.7921
"Feb 1, 01:00 pm",8.21339
"Feb 1, 02:00 pm",4.54846
"Feb 1, 03:00 pm",1.07939
"Feb 1, 04:00 pm",0.583137
"Feb 1, 05:00 pm",0.232975
"Feb 1, 06:00 pm",0
"Feb 1, 07:00 pm",0
"Feb 1, 08:00 pm",0
"Feb 1, 09:00 pm",0
"Feb 1, 10:00 pm",0
"Feb 1, 11:00 pm",0
"Feb 2, 12:00 am",0
"Feb 2, 01:00 am",0
"Feb 2, 02:00 am",0
"Feb 2, 03:00 am",0
"Feb 2, 04:00 am",0
"Feb 2, 05:00 am",0
"Feb 2, 06:00 am",0
"Feb 2, 07:00 am",-0
"Feb 2, 08:00 am",8.00193
"Feb 2, 09:00 am",10.9779
"Feb 2, 10:00 am",11.8525
"Feb 2, 11:00 am",11.4214
"Feb 2, 12:00 pm",10.1989
"Feb 2, 01:00 pm",7.9061
"Feb 2, 02:00 pm",4.49499
"Feb 2, 03:00 pm",1.0779
"Feb 2, 04:00 pm",0.658354
"Feb 2, 05:00 pm",0.245363
"Feb 2, 06:00 pm",0
"Feb 2, 07:00 pm",0
"Feb 2, 08:00 pm",0
"Feb 2, 09:00 pm",0
"Feb 2, 10:00 pm",0
"Feb 2, 11:00 pm",0
"Feb 3, 12:00 am",0
"Feb 3, 01:00 am",0
"Feb 3, 02:00 am",0
"Feb 3, 03:00 am",0
"Feb 3, 04:00 am",0
"Feb 3, 05:00 am",0
"Feb 3, 06:00 am",0
"Feb 3, 07:00 am",-0
"Feb 3, 08:00 am",8.00363
"Feb 3, 09:00 am",10.8883
"Feb 3, 10:00 am",11.7552
"Feb 3, 11:00 am",9.22721
"Feb 3, 12:00 pm",10.1804
"Feb 3, 01:00 pm",7.84813
"Feb 3, 02:00 pm",4.44004
"Feb 3, 03:00 pm",1.72635
"Feb 3, 04:00 pm",0.782334
"Feb 3, 05:00 pm",0.216229
"Feb 3, 06:00 pm",0
"Feb 3, 07:00 pm",0
"Feb 3, 08:00 pm",0
"Feb 3, 09:00 pm",0
"Feb 3, 10:00 pm",0
"Feb 3, 11:00 pm",0
"Feb 4, 12:00 am",0
"Feb 4, 01:00 am",0
"Feb 4, 02:00 am",0
"Feb 4, 03:00 am",0
"Feb 4, 04:00 am",0
"Feb 4, 05:00 am",0
"Feb 4, 06:00 am",0
"Feb 4, 07:00 am",-0
"Feb 4, 08:00 am",8.19989
"Feb 4, 09:00 am",10.9078
"Feb 4, 10:00 am",11.7067
"Feb 4, 11:00 am",11.3033
"Feb 4, 12:00 pm",10.0416
"Feb 4, 01:00 pm",7.74337
"Feb 4, 02:00 pm",4.38754
"Feb 4, 03:00 pm",1.05046
"Feb 4, 04:00 pm",0.490692
"Feb 4, 05:00 pm",0.208241
"Feb 4, 06:00 pm",0
"Feb 4, 07:00 pm",0
"Feb 4, 08:00 pm",0
"Feb 4, 09:00 pm",0
"Feb 4, 10:00 pm",0
"Feb 4, 11:00 pm",0
"Feb 5, 12:00 am",0
"Feb 5, 01:00 am",0
"Feb 5, 02:00 am",0
"Feb 5, 03:00 am",0
"Feb 5, 04:00 am",0
"Feb 5, 05:00 am",0
"Feb 5, 06:00 am",0
"Feb 5, 07:00 am",-0
"Feb 5, 08:00 am",8.14427
"Feb 5, 09:00 am",10.6312
"Feb 5, 10:00 am",11.457
"Feb 5, 11:00 am",11.1253
"Feb 5, 12:00 pm",9.97583
"Feb 5, 01:00 pm",7.79434
"Feb 5, 02:00 pm",4.47996
"Feb 5, 03:00 pm",1.11103
"Feb 5, 04:00 pm",0.536407
"Feb 5, 05:00 pm",0.257013
"Feb 5, 06:00 pm",0
"Feb 5, 07:00 pm",0
"Feb 5, 08:00 pm",0
"Feb 5, 09:00 pm",0
"Feb 5, 10:00 pm",0
"Feb 5, 11:00 pm",0
"Feb 6, 12:00 am",0
"Feb 6, 01:00 am",0
"Feb 6, 02:00 am",0
"Feb 6, 03:00 am",0
"Feb 6, 04:00 am",0
"Feb 6, 05:00 am",0
"Feb 6, 06:00 am",0
"Feb 6, 07:00 am",0.0144556
"Feb 6, 08:00 am",7.92374
"Feb 6, 09:00 am",10.7427
"Feb 6, 10:00 am",8.50934
"Feb 6, 11:00 am",11.4201
"Feb 6, 12:00 pm",10.227
"Feb 6, 01:00 pm",7.20723
"Feb 6, 02:00 pm",4.61689
"Feb 6, 03:00 pm",1.52705
"Feb 6, 04:00 pm",0.938163
"Feb 6, 05:00 pm",0.340233
"Feb 6, 06:00 pm",0
"Feb 6, 07:00 pm",0
"Feb 6, 08:00 pm",0
"Feb 6, 09:00 pm",0
"Feb 6, 10:00 pm",0
"Feb 6, 11:00 pm",0
"Feb 7, 12:00 am",0
"Feb 7, 01:00 am",0
"Feb 7, 02:00 am",0
"Feb 7, 03:00 am",0
"Feb 7, 04:00 am",0
"Feb 7, 05:00 am",0
"Feb 7, 06:00 am",0
"Feb 7, 07:00 am",0.288991
"Feb 7, 08:00 am",7.47827
"Feb 7, 09:00 am",10.6828
"Feb 7, 10:00 am",11.8786
"Feb 7, 11:00 am",11.7922
"Feb 7, 12:00 pm",10.5133
"Feb 7, 01:00 pm",8.18692
"Feb 7, 02:00 pm",4.88615
"Feb 7, 03:00 pm",1.49018
"Feb 7, 04:00 pm",0.930514
"Feb 7, 05:00 pm",0.39478
"Feb 7, 06:00 pm",0
"Feb 7, 07:00 pm",0
"Feb 7, 08:00 pm",0
"Feb 7, 09:00 pm",0
"Feb 7, 10:00 pm",0
"Feb 7, 11:00 pm",0
"Feb 8, 12:00 am",0
"Feb 8, 01:00 am",0
"Feb 8, 02:00 am",0
"Feb 8, 03:00 am",0
"Feb 8, 04:00 am",0
"Feb 8, 05:00 am",0
"Feb 8, 06:00 am",0
"Feb 8, 07:00 am",0.00780476
"Feb 8, 08:00 am",5.05231
"Feb 8, 09:00 am",6.71341
"Feb 8, 10:00 am",7.28933
"Feb 8, 11:00 am",12.4635
"Feb 8, 12:00 pm",11.157
"Feb 8, 01:00 pm",7.25416
"Feb 8, 02:00 pm",4.85006
"Feb 8, 03:00 pm",1.54279
"Feb 8, 04:00 pm",0.851421
"Feb 8, 05:00 pm",0.379088
"Feb 8, 06:00 pm",0
"Feb 8, 07:00 pm",0
"Feb 8, 08:00 pm",0
"Feb 8, 09:00 pm",0
"Feb 8, 10:00 pm",0
"Feb 8, 11:00 pm",0
"Feb 9, 12:00 am",0
"Feb 9, 01:00 am",0
"Feb 9, 02:00 am",0
"Feb 9, 03:00 am",0
"Feb 9, 04:00 am",0
"Feb 9, 05:00 am",0
"Feb 9, 06:00 am",0
"Feb 9, 07:00 am",0.883237
"Feb 9, 08:00 am",8.30115
"Feb 9, 09:00 am",11.4139
"Feb 9, 10:00 am",12.6506
"Feb 9, 11:00 am",12.4443
"Feb 9, 12:00 pm",11.1315
"Feb 9, 01:00 pm",8.72261
"Feb 9, 02:00 pm",5.15627
"Feb 9, 03:00 pm",1.32022
"Feb 9, 04:00 pm",0.655519
"Feb 9, 05:00 pm",0.33593
"Feb 9, 06:00 pm",0
"Feb 9, 07:00 pm",0
"Feb 9, 08:00 pm",0
"Feb 9, 09:00 pm",0
"Feb 9, 10:00 pm",0
"Feb 9, 11:00 pm",0
"Feb 10, 12:00 am",0
"Feb 10, 01:00 am",0
"Feb 10, 02:00 am",0
"Feb 10, 03:00 am",0
"Feb 10, 04:00 am",0
"Feb 10, 05:00 am",0
"Feb 10, 06:00 am",0
"Feb 10, 07:00 am",0.135248
"Feb 10, 08:00 am",8.62146
"Feb 10, 09:00 am",11.3295
"Feb 10, 10:00 am",12.1459
"Feb 10, 11:00 am",10.226
"Feb 10, 12:00 pm",9.64962
"Feb 10, 01:00 pm",8.33653
"Feb 10, 02:00 pm",4.70836
"Feb 10, 03:00 pm",1.53861
"Feb 10, 04:00 pm",0.795602
"Feb 10, 05:00 pm",0.409843
"Feb 10, 06:00 pm",0
"Feb 10, 07:00 pm",0
"Feb 10, 08:00 pm",0
"Feb 10, 09:00 pm",0
"Feb 10, 10:00 pm",0
"Feb 10, 11:00 pm",0
"Feb 11, 12:00 am",0
"Feb 11, 01:00 am",0
"Feb 11, 02:00 am",0
"Feb 11, 03:00 am",0
"Feb 11, 04:00 am",0
"Feb 11, 05:00 am",0
"Feb 11, 06:00 am",0
"Feb 11, 07:00 am",1.20146
"Feb 11, 08:00 am",8.40374
"Feb 11, 09:00 am",11.2874
"Feb 11, 10:00 am",12.099
"Feb 11, 11:00 am",11.7023
"Feb 11, 12:00 pm",10.517
"Feb 11, 01:00 pm",8.40472
"Feb 11, 02:00 pm",5.08902
"Feb 11, 03:00 pm",1.37467
"Feb 11, 04:00 pm",0.654532
"Feb 11, 05:00 pm",0.320086
"Feb 11, 06:00 pm",0
"Feb 11, 07:00 pm",0
"Feb 11, 08:00 pm",0
"Feb 11, 09:00 pm",0
"Feb 11, 10:00 pm",0
"Feb 11, 11:00 pm",0
"Feb 12, 12:00 am",0
"Feb 12, 01:00 am",0
"Feb 12, 02:00 am",0
"Feb 12, 03:00 am",0
"Feb 12, 04:00 am",0
"Feb 12, 05:00 am",0
"Feb 12, 06:00 am",0
"Feb 12, 07:00 am",1.5489
"Feb 12, 08:00 am",8.64498
"Feb 12, 09:00 am",11.3138
"Feb 12, 10:00 am",12.3748
"Feb 12, 11:00 am",12.3063
"Feb 12, 12:00 pm",11.0687
"Feb 12, 01:00 pm",8.74024
"Feb 12, 02:00 pm",5.21061
"Feb 12, 03:00 pm",1.48056
"Feb 12, 04:00 pm",0.619266
"Feb 12, 05:00 pm",0.355122
"Feb 12, 06:00 pm",0
"Feb 12, 07:00 pm",0
"Feb 12, 08:00 pm",0
"Feb 12, 09:00 pm",0
"Feb 12, 10:00 pm",0
"Feb 12, 11:00 pm",0
"Feb 13, 12:00 am",0
"Feb 13, 01:00 am",0
"Feb 13, 02:00 am",0
"Feb 13, 03:00 am",0
"Feb 13, 04:00 am",0
"Feb 13, 05:00 am",0
"Feb 13, 06:00 am",0
"Feb 13, 07:00 am",1.72653
"Feb 13, 08:00 am",8.8226
"Feb 13, 09:00 am",11.7832
"Feb 13, 10:00 am",12.7168
"Feb 13, 11:00 am",10.1489
"Feb 13, 12:00 pm",7.02509
"Feb 13, 01:00 pm",2.54382
"Feb 13, 02:00 pm",1.0988
"Feb 13, 03:00 pm",2.11854
"Feb 13, 04:00 pm",1.37773
"Feb 13, 05:00 pm",0.541027
"Feb 13, 06:00 pm",0
"Feb 13, 07:00 pm",0
"Feb 13, 08:00 pm",0
"Feb 13, 09:00 pm",0
"Feb 13, 10:00 pm",0
"Feb 13, 11:00 pm",0
"Feb 14, 12:00 am",0
"Feb 14, 01:00 am",0
"Feb 14, 02:00 am",0
"Feb 14, 03:00 am",0
"Feb 14, 04:00 am",0
"Feb 14, 05:00 am",0
"Feb 14, 06:00 am",0
"Feb 14, 07:00 am",0.134316
"Feb 14, 08:00 am",0.455825
"Feb 14, 09:00 am",4.49127
"Feb 14, 10:00 am",6.70611
"Feb 14, 11:00 am",3.89131
"Feb 14, 12:00 pm",7.67842
"Feb 14, 01:00 pm",0.349062
"Feb 14, 02:00 pm",5.05791
"Feb 14, 03:00 pm",1.52469
"Feb 14, 04:00 pm",0.542317
"Feb 14, 05:00 pm",-0
"Feb 14, 06:00 pm",0
"Feb 14, 07:00 pm",0
"Feb 14, 08:00 pm",0
"Feb 14, 09:00 pm",0
"Feb 14, 10:00 pm",0
"Feb 14, 11:00 pm",0
"Feb 15, 12:00 am",0
"Feb 15, 01:00 am",0
"Feb 15, 02:00 am",0
"Feb 15, 03:00 am",0
"Feb 15, 04:00 am",0
"Feb 15, 05:00 am",0
"Feb 15, 06:00 am",0
"Feb 15, 07:00 am",1.9884
"Feb 15, 08:00 am",9.04398
"Feb 15, 09:00 am",11.858
"Feb 15, 10:00 am",12.7421
"Feb 15, 11:00 am",12.3699
"Feb 15, 12:00 pm",11.0566
"Feb 15, 01:00 pm",8.79704
"Feb 15, 02:00 pm",5.39385
"Feb 15, 03:00 pm",1.63501
"Feb 15, 04:00 pm",0.666794
"Feb 15, 05:00 pm",0.394428
"Feb 15, 06:00 pm",0
"Feb 15, 07:00 pm",0
"Feb 15, 08:00 pm",0
"Feb 15, 09:00 pm",0
"Feb 15, 10:00 pm",0
"Feb 15, 11:00 pm",0
"Feb 16, 12:00 am",0
"Feb 16, 01:00 am",0
"Feb 16, 02:00 am",0
"Feb 16, 03:00 am",0
"Feb 16, 04:00 am",0
"Feb 16, 05:00 am",0
"Feb 16, 06:00 am",0
"Feb 16, 07:00 am",0.12365
"Feb 16, 08:00 am",3.40538
"Feb 16, 09:00 am",6.85739
"Feb 16, 10:00 am",8.06674
"Feb 16, 11:00 am",9.01198
"Feb 16, 12:00 pm",8.72401
"Feb 16, 01:00 pm",8.00183
"Feb 16, 02:00 pm",5.55807
"Feb 16, 03:00 pm",1.62617
"Feb 16, 04:00 pm",0.680757
"Feb 16, 05:00 pm",0.371961
"Feb 16, 06:00 pm",0
"Feb 16, 07:00 pm",0
"Feb 16, 08:00 pm",0
"Feb 16, 09:00 pm",0
"Feb 16, 10:00 pm",0
"Feb 16, 11:00 pm",0
"Feb 17, 12:00 am",0
"Feb 17, 01:00 am",0
"Feb 17, 02:00 am",0
"Feb 17, 03:00 am",0
"Feb 17, 04:00 am",0
"Feb 17, 05:00 am",0
"Feb 17, 06:00 am",0
"Feb 17, 07:00 am",2.06966
"Feb 17, 08:00 am",7.07409
"Feb 17, 09:00 am",7.6476
"Feb 17, 10:00 am",9.80385
"Feb 17, 11:00 am",11.1488
"Feb 17, 12:00 pm",7.34957
"Feb 17, 01:00 pm",5.54553
"Feb 17, 02:00 pm",4.27177
"Feb 17, 03:00 pm",2.74072
"Feb 17, 04:00 pm",1.4791
"Feb 17, 05:00 pm",0.577703
"Feb 17, 06:00 pm",0
"Feb 17, 07:00 pm",0
"Feb 17, 08:00 pm",0
"Feb 17, 09:00 pm",0
"Feb 17, 10:00 pm",0
"Feb 17, 11:00 pm",0
"Feb 18, 12:00 am",0
"Feb 18, 01:00 am",0
"Feb 18, 02:00 am",0
"Feb 18, 03:00 am",0
"Feb 18, 04:00 am",0
"Feb 18, 05:00 am",0
"Feb 18, 06:00 am",0
"Feb 18, 07:00 am",0.125044
"Feb 18, 08:00 am",6.14048
"Feb 18, 09:00 am",11.6475
"Feb 18, 10:00 am",12.3026
"Feb 18, 11:00 am",11.7562
"Feb 18, 12:00 pm",10.7123
"Feb 18, 01:00 pm",8.77617
"Feb 18, 02:00 pm",5.50324
"Feb 18, 03:00 pm",1.6873
"Feb 18, 04:00 pm",0.702997
"Feb 18, 05:00 pm",0.386898
"Feb 18, 06:00 pm",0
"Feb 18, 07:00 pm",0
"Feb 18, 08:00 pm",0
"Feb 18, 09:00 pm",0
"Feb 18, 10:00 pm",0
"Feb 18, 11:00 pm",0
"Feb 19, 12:00 am",0
"Feb 19, 01:00 am",0
"Feb 19, 02:00 am",0
"Feb 19, 03:00 am",0
"Feb 19, 04:00 am",0
"Feb 19, 05:00 am",0
"Feb 19, 06:00 am",0
"Feb 19, 07:00 am",2.59441
"Feb 19, 08:00 am",9.29536
"Feb 19, 09:00 am",11.9302
"Feb 19, 10:00 am",12.6414
"Feb 19, 11:00 am",12.2428
"Feb 19, 12:00 pm",10.9075
"Feb 19, 01:00 pm",8.7818
"Feb 19, 02:00 pm",5.51217
"Feb 19, 03:00 pm",1.86971
"Feb 19, 04:00 pm",0.839717
"Feb 19, 05:00 pm",0.532796
"Feb 19, 06:00 pm",0
"Feb 19, 07:00 pm",0
"Feb 19, 08:00 pm",0
"Feb 19, 09:00 pm",0
"Feb 19, 10:00 pm",0
"Feb 19, 11:00 pm",0
"Feb 20, 12:00 am",0
"Feb 20, 01:00 am",0
"Feb 20, 02:00 am",0
"Feb 20, 03:00 am",0
"Feb 20, 04:00 am",0
"Feb 20, 05:00 am",0
"Feb 20, 06:00 am",0
"Feb 20, 07:00 am",1.90599
"Feb 20, 08:00 am",8.61871
"Feb 20, 09:00 am",11.2975
"Feb 20, 10:00 am",12.2757
"Feb 20, 11:00 am",12.0998
"Feb 20, 12:00 pm",10.8184
"Feb 20, 01:00 pm",8.72619
"Feb 20, 02:00 pm",5.52246
"Feb 20, 03:00 pm",1.73719
"Feb 20, 04:00 pm",0.697106
"Feb 20, 05:00 pm",0.397826
"Feb 20, 06:00 pm",0
"Feb 20, 07:00 pm",0
"Feb 20, 08:00 pm",0
"Feb 20, 09:00 pm",0
"Feb 20, 10:00 pm",0
"Feb 20, 11:00 pm",0
"Feb 21, 12:00 am",0
"Feb 21, 01:00 am",0
"Feb 21, 02:00 am",0
"Feb 21, 03:00 am",0
"Feb 21, 04:00 am",0
"Feb 21, 05:00 am",0
"Feb 21, 06:00 am",0
"Feb 21, 07:00 am",2.83642
"Feb 21, 08:00 am",9.25492
"Feb 21, 09:00 am",11.8096
"Feb 21, 10:00 am",12.7144
"Feb 21, 11:00 am",10.5636
"Feb 21, 12:00 pm",11.1316
"Feb 21, 01:00 pm",8.96175
"Feb 21, 02:00 pm",5.64014
"Feb 21, 03:00 pm",1.8069
"Feb 21, 04:00 pm",0.770885
"Feb 21, 05:00 pm",0.466115
"Feb 21, 06:00 pm",0
"Feb 21, 07:00 pm",0
"Feb 21, 08:00 pm",0
"Feb 21, 09:00 pm",0
"Feb 21, 10:00 pm",0
"Feb 21, 11:00 pm",0
"Feb 22, 12:00 am",0
"Feb 22, 01:00 am",0
"Feb 22, 02:00 am",0
"Feb 22, 03:00 am",0
"Feb 22, 04:00 am",0
"Feb 22, 05:00 am",0
"Feb 22, 06:00 am",0
"Feb 22, 07:00 am",1.78065
"Feb 22, 08:00 am",4.4632
"Feb 22, 09:00 am",11.2014
"Feb 22, 10:00 am",10.0722
"Feb 22, 11:00 am",10.0674
"Feb 22, 12:00 pm",9.33364
"Feb 22, 01:00 pm",7.45875
"Feb 22, 02:00 pm",5.24166
"Feb 22, 03:00 pm",2.54391
"Feb 22, 04:00 pm",1.69665
"Feb 22, 05:00 pm",0.626234
"Feb 22, 06:00 pm",0
"Feb 22, 07:00 pm",0
"Feb 22, 08:00 pm",0
"Feb 22, 09:00 pm",0
"Feb 22, 10:00 pm",0
"Feb 22, 11:00 pm",0
"Feb 23, 12:00 am",0
"Feb 23, 01:00 am",0
"Feb 23, 02:00 am",0
"Feb 23, 03:00 am",0
"Feb 23, 04:00 am",0
"Feb 23, 05:00 am",0
"Feb 23, 06:00 am",0
"Feb 23, 07:00 am",-0
"Feb 23, 08:00 am",1.39139
"Feb 23, 09:00 am",1.06002
"Feb 23, 10:00 am",10.1983
"Feb 23, 11:00 am",13.3347
"Feb 23, 12:00 pm",12.006
"Feb 23, 01:00 pm",9.69122
"Feb 23, 02:00 pm",6.08378
"Feb 23, 03:00 pm",2.02235
"Feb 23, 04:00 pm",1.18858
"Feb 23, 05:00 pm",0.552435
"Feb 23, 06:00 pm",0
"Feb 23, 07:00 pm",0
"Feb 23, 08:00 pm",0
"Feb 23, 09:00 pm",0
"Feb 23, 10:00 pm",0
"Feb 23, 11:00 pm",0
"Feb 24, 12:00 am",0
"Feb 24, 01:00 am",0
"Feb 24, 02:00 am",0
"Feb 24, 03:00 am",0
"Feb 24, 04:00 am",0
"Feb 24, 05:00 am",0
"Feb 24, 06:00 am",0
"Feb 24, 07:00 am",3.61874
"Feb 24, 08:00 am",9.52611
"Feb 24, 09:00 am",12.1421
"Feb 24, 10:00 am",13.2629
"Feb 24, 11:00 am",13.1542
"Feb 24, 12:00 pm",11.8646
"Feb 24, 01:00 pm",8.51346
"Feb 24, 02:00 pm",6.04268
"Feb 24, 03:00 pm",2.45172
"Feb 24, 04:00 pm",1.46066
"Feb 24, 05:00 pm",0.652069
"Feb 24, 06:00 pm",0
"Feb 24, 07:00 pm",0
"Feb 24, 08:00 pm",0
"Feb 24, 09:00 pm",0
"Feb 24, 10:00 pm",0
"Feb 24, 11:00 pm",0
"Feb 25, 12:00 am",0
"Feb 25, 01:00 am",0
"Feb 25, 02:00 am",0
"Feb 25, 03:00 am",0
"Feb 25, 04:00 am",0
"Feb 25, 05:00 am",0
"Feb 25, 06:00 am",0
"Feb 25, 07:00 am",0.0798519
"Feb 25, 08:00 am",1.71718
"Feb 25, 09:00 am",7.133
"Feb 25, 10:00 am",7.43372
"Feb 25, 11:00 am",10.3722
"Feb 25, 12:00 pm",8.92222
"Feb 25, 01:00 pm",6.45151
"Feb 25, 02:00 pm",4.95874
"Feb 25, 03:00 pm",3.0133
"Feb 25, 04:00 pm",1.72203
"Feb 25, 05:00 pm",0.413609
"Feb 25, 06:00 pm",0
"Feb 25, 07:00 pm",0
"Feb 25, 08:00 pm",0
"Feb 25, 09:00 pm",0
"Feb 25, 10:00 pm",0
"Feb 25, 11:00 pm",0
"Feb 26, 12:00 am",0
"Feb 26, 01:00 am",0
"Feb 26, 02:00 am",0
"Feb 26, 03:00 am",0
"Feb 26, 04:00 am",0
"Feb 26, 05:00 am",0
"Feb 26, 06:00 am",0
"Feb 26, 07:00 am",0.0693242
"Feb 26, 08:00 am",3.75919
"Feb 26, 09:00 am",12.256
"Feb 26, 10:00 am",9.18834
"Feb 26, 11:00 am",9.54839
"Feb 26, 12:00 pm",9.92053
"Feb 26, 01:00 pm",3.59283
"Feb 26, 02:00 pm",4.83768
"Feb 26, 03:00 pm",2.04273
"Feb 26, 04:00 pm",0.771995
"Feb 26, 05:00 pm",0.453214
"Feb 26, 06:00 pm",0
"Feb 26, 07:00 pm",0
"Feb 26, 08:00 pm",0
"Feb 26, 09:00 pm",0
"Feb 26, 10:00 pm",0
"Feb 26, 11:00 pm",0
"Feb 27, 12:00 am",0
"Feb 27, 01:00 am",0
"Feb 27, 02:00 am",0
"Feb 27, 03:00 am",0
"Feb 27, 04:00 am",0
"Feb 27, 05:00 am",0
"Feb 27, 06:00 am",0
"Feb 27, 07:00 am",4.2061
"Feb 27, 08:00 am",9.53221
"Feb 27, 09:00 am",8.62342
"Feb 27, 10:00 am",10.3906
"Feb 27, 11:00 am",11.3829
"Feb 27, 12:00 pm",7.34988
"Feb 27, 01:00 pm",6.67205
"Feb 27, 02:00 pm",0.535784
"Feb 27, 03:00 pm",2.72141
"Feb 27, 04:00 pm",1.74326
"Feb 27, 05:00 pm",0.49727
"Feb 27, 06:00 pm",0
"Feb 27, 07:00 pm",0
"Feb 27, 08:00 pm",0
"Feb 27, 09:00 pm",0
"Feb 27, 10:00 pm",0
"Feb 27, 11:00 pm",0
"Feb 28, 12:00 am",0
"Feb 28, 01:00 am",0
"Feb 28, 02:00 am",0
"Feb 28, 03:00 am",0
"Feb 28, 04:00 am",0
"Feb 28, 05:00 am",0
"Feb 28, 06:00 am",0
"Feb 28, 07:00 am",1.7742
"Feb 28, 08:00 am",6.7681
"Feb 28, 09:00 am",9.84362
"Feb 28, 10:00 am",3.52957
"Feb 28, 11:00 am",2.1821
"Feb 28, 12:00 pm",7.29635
"Feb 28, 01:00 pm",0.805172
"Feb 28, 02:00 pm",0.73109
"Feb 28, 03:00 pm",3.1443
"Feb 28, 04:00 pm",1.42212
"Feb 28, 05:00 pm",0.419083
"Feb 28, 06:00 pm",0
"Feb 28, 07:00 pm",0
"Feb 28, 08:00 pm",0
"Feb 28, 09:00 pm",0
"Feb 28, 10:00 pm",0
"Feb 28, 11:00 pm",0
"Mar 1, 12:00 am",0
"Mar 1, 01:00 am",0
"Mar 1, 02:00 am",0
"Mar 1, 03:00 am",0
"Mar 1, 04:00 am",0
"Mar 1, 05:00 am",0
"Mar 1, 06:00 am",0
"Mar 1, 07:00 am",0.677958
"Mar 1, 08:00 am",3.73966
"Mar 1, 09:00 am",8.58964
"Mar 1, 10:00 am",10.5819
"Mar 1, 11:00 am",12.324
"Mar 1, 12:00 pm",11.22
"Mar 1, 01:00 pm",8.55318
"Mar 1, 02:00 pm",5.71949
"Mar 1, 03:00 pm",2.19523
"Mar 1, 04:00 pm",0.737228
"Mar 1, 05:00 pm",0.514823
"Mar 1, 06:00 pm",0
"Mar 1, 07:00 pm",0
"Mar 1, 08:00 pm",0
"Mar 1, 09:00 pm",0
"Mar 1, 10:00 pm",0
"Mar 1, 11:00 pm",0
"Mar 2, 12:00 am",0
"Mar 2, 01:00 am",0
"Mar 2, 02:00 am",0
"Mar 2, 03:00 am",0
"Mar 2, 04:00 am",0
"Mar 2, 05:00 am",0
"Mar 2, 06:00 am",0
"Mar 2, 07:00 am",4.89361
"Mar 2, 08:00 am",10.3904
"Mar 2, 09:00 am",12.5298
"Mar 2, 10:00 am",12.9593
"Mar 2, 11:00 am",10.6905
"Mar 2, 12:00 pm",9.54437
"Mar 2, 01:00 pm",9.2129
"Mar 2, 02:00 pm",6.02856
"Mar 2, 03:00 pm",2.12604
"Mar 2, 04:00 pm",0.730014
"Mar 2, 05:00 pm",0.744914
"Mar 2, 06:00 pm",0
"Mar 2, 07:00 pm",0
"Mar 2, 08:00 pm",0
"Mar 2, 09:00 pm",0
"Mar 2, 10:00 pm",0
"Mar 2, 11:00 pm",0
"Mar 3, 12:00 am",0
"Mar 3, 01:00 am",0
"Mar 3, 02:00 am",0
"Mar 3, 03:00 am",0
"Mar 3, 04:00 am",0
"Mar 3, 05:00 am",0
"Mar 3, 06:00 am",0
"Mar 3, 07:00 am",5.29715
"Mar 3, 08:00 am",10.163
"Mar 3, 09:00 am",12.3425
"Mar 3, 10:00 am",13.1182
"Mar 3, 11:00 am",12.9368
"Mar 3, 12:00 pm",11.6942
"Mar 3, 01:00 pm",9.52554
"Mar 3, 02:00 pm",6.21057
"Mar 3, 03:00 pm",2.19303
"Mar 3, 04:00 pm",0.690701
"Mar 3, 05:00 pm",0.499409
"Mar 3, 06:00 pm",0
"Mar 3, 07:00 pm",0
"Mar 3, 08:00 pm",0
"Mar 3, 09:00 pm",0
"Mar 3, 10:00 pm",0
"Mar 3, 11:00 pm",0
"Mar 4, 12:00 am",0
"Mar 4, 01:00 am",0
"Mar 4, 02:00 am",0
"Mar 4, 03:00 am",0
"Mar 4, 04:00 am",0
"Mar 4, 05:00 am",0
"Mar 4, 06:00 am",0
"Mar 4, 07:00 am",0.391928
"Mar 4, 08:00 am",6.24566
"Mar 4, 09:00 am",7.70035
"Mar 4, 10:00 am",9.7845
"Mar 4, 11:00 am",10.5184
"Mar 4, 12:00 pm",10.1289
"Mar 4, 01:00 pm",8.55876
"Mar 4, 02:00 pm",5.78593
"Mar 4, 03:00 pm",2.90694
"Mar 4, 04:00 pm",0.79262
"Mar 4, 05:00 pm",0.532332
"Mar 4, 06:00 pm",0
"Mar 4, 07:00 pm",0
"Mar 4, 08:00 pm",0
"Mar 4, 09:00 pm",0
"Mar 4, 10:00 pm",0
"Mar 4, 11:00 pm",0
"Mar 5, 12:00 am",0
"Mar 5, 01:00 am",0
"Mar 5, 02:00 am",0
"Mar 5, 03:00 am",0
"Mar 5, 04:00 am",0
"Mar 5, 05:00 am",0
"Mar 5, 06:00 am",0
"Mar 5, 07:00 am",4.91471
"Mar 5, 08:00 am",10.4147
"Mar 5, 09:00 am",12.6138
"Mar 5, 10:00 am",13.1295
"Mar 5, 11:00 am",12.6964
"Mar 5, 12:00 pm",11.3623
"Mar 5, 01:00 pm",9.21416
"Mar 5, 02:00 pm",6.1503
"Mar 5, 03:00 pm",2.32163
"Mar 5, 04:00 pm",0.707547
"Mar 5, 05:00 pm",0.456174
"Mar 5, 06:00 pm",0
"Mar 5, 07:00 pm",0
"Mar 5, 08:00 pm",0
"Mar 5, 09:00 pm",0
"Mar 5, 10:00 pm",0
"Mar 5, 11:00 pm",0
"Mar 6, 12:00 am",0
"Mar 6, 01:00 am",0
"Mar 6, 02:00 am",0
"Mar 6, 03:00 am",0
"Mar 6, 04:00 am",0
"Mar 6, 05:00 am",0
"Mar 6, 06:00 am",0
"Mar 6, 07:00 am",5.4811
"Mar 6, 08:00 am",10.5289
"Mar 6, 09:00 am",12.7243
"Mar 6, 10:00 am",13.4733
"Mar 6, 11:00 am",13.2591
"Mar 6, 12:00 pm",12.041
"Mar 6, 01:00 pm",9.81763
"Mar 6, 02:00 pm",6.41047
"Mar 6, 03:00 pm",2.37654
"Mar 6, 04:00 pm",0.700639
"Mar 6, 05:00 pm",0.480359
"Mar 6, 06:00 pm",0
"Mar 6, 07:00 pm",0
"Mar 6, 08:00 pm",0
"Mar 6, 09:00 pm",0
"Mar 6, 10:00 pm",0
"Mar 6, 11:00 pm",0
"Mar 7, 12:00 am",0
"Mar 7, 01:00 am",0
"Mar 7, 02:00 am",0
"Mar 7, 03:00 am",0
"Mar 7, 04:00 am",0
"Mar 7, 05:00 am",0
"Mar 7, 06:00 am",0
"Mar 7, 07:00 am",4.94291
"Mar 7, 08:00 am",10.2016
"Mar 7, 09:00 am",0.670691
"Mar 7, 10:00 am",1.92102
"Mar 7, 11:00 am",0.584567
"Mar 7, 12:00 pm",3.70579
"Mar 7, 01:00 pm",1.9663
"Mar 7, 02:00 pm",2.53499
"Mar 7, 03:00 pm",3.37198
"Mar 7, 04:00 pm",2.03433
"Mar 7, 05:00 pm",-0
"Mar 7, 06:00 pm",0
"Mar 7, 07:00 pm",0
"Mar 7, 08:00 pm",0
"Mar 7, 09:00 pm",0
"Mar 7, 10:00 pm",0
"Mar 7, 11:00 pm",0
"Mar 8, 12:00 am",0
"Mar 8, 01:00 am",0
"Mar 8, 02:00 am",0
"Mar 8, 03:00 am",0
"Mar 8, 04:00 am",0
"Mar 8, 05:00 am",0
"Mar 8, 06:00 am",0
"Mar 8, 07:00 am",4.97333
"Mar 8, 08:00 am",10.4105
"Mar 8, 09:00 am",12.6288
"Mar 8, 10:00 am",13.6231
"Mar 8, 11:00 am",13.5025
"Mar 8, 12:00 pm",12.2497
"Mar 8, 01:00 pm",9.96967
"Mar 8, 02:00 pm",6.56102
"Mar 8, 03:00 pm",2.50543
"Mar 8, 04:00 pm",0.731085
"Mar 8, 05:00 pm",0.792435
"Mar 8, 06:00 pm",-0
"Mar 8, 07:00 pm",0
"Mar 8, 08:00 pm",0
"Mar 8, 09:00 pm",0
"Mar 8, 10:00 pm",0
"Mar 8, 11:00 pm",0
"Mar 9, 12:00 am",0
"Mar 9, 01:00 am",0
"Mar 9, 02:00 am",0
"Mar 9, 03:00 am",0
"Mar 9, 04:00 am",0
"Mar 9, 05:00 am",0
"Mar 9, 06:00 am",0
"Mar 9, 07:00 am",5.88414
"Mar 9, 08:00 am",10.9929
"Mar 9, 09:00 am",13.1645
"Mar 9, 10:00 am",13.886
"Mar 9, 11:00 am",13.4288
"Mar 9, 12:00 pm",12.0518
"Mar 9, 01:00 pm",9.8301
"Mar 9, 02:00 pm",6.50259
"Mar 9, 03:00 pm",2.51581
"Mar 9, 04:00 pm",0.727005
"Mar 9, 05:00 pm",0.522762
"Mar 9, 06:00 pm",-0
"Mar 9, 07:00 pm",0
"Mar 9, 08:00 pm",0
"Mar 9, 09:00 pm",0
"Mar 9, 10:00 pm",0
"Mar 9, 11:00 pm",0
"Mar 10, 12:00 am",0
"Mar 10, 01:00 am",0
"Mar 10, 02:00 am",0
"Mar 10, 03:00 am",0
"Mar 10, 04:00 am",0
"Mar 10, 05:00 am",0
"Mar 10, 06:00 am",0
"Mar 10, 07:00 am",0.856131
"Mar 10, 08:00 am",7.61947
"Mar 10, 09:00 am",13.2957
"Mar 10, 10:00 am",13.7598
"Mar 10, 11:00 am",13.2895
"Mar 10, 12:00 pm",11.8842
"Mar 10, 01:00 pm",9.77838
"Mar 10, 02:00 pm",6.58652
"Mar 10, 03:00 pm",2.57257
"Mar 10, 04:00 pm",0.865214
"Mar 10, 05:00 pm",0.558972
"Mar 10, 06:00 pm",-0
"Mar 10, 07:00 pm",0
"Mar 10, 08:00 pm",0
"Mar 10, 09:00 pm",0
"Mar 10, 10:00 pm",0
"Mar 10, 11:00 pm",0
"Mar 11, 12:00 am",0
"Mar 11, 01:00 am",0
"Mar 11, 02:00 am",0
"Mar 11, 03:00 am",0
"Mar 11, 04:00 am",0
"Mar 11, 05:00 am",0
"Mar 11, 06:00 am",0
"Mar 11, 07:00 am",5.50603
"Mar 11, 08:00 am",10.4613
"Mar 11, 09:00 am",13.0168
"Mar 11, 10:00 am",13.8842
"Mar 11, 11:00 am",13.6243
"Mar 11, 12:00 pm",12.274
"Mar 11, 01:00 pm",10.0927
"Mar 11, 02:00 pm",6.72272
"Mar 11, 03:00 pm",2.72895
"Mar 11, 04:00 pm",1.18199
"Mar 11, 05:00 pm",0.656255
"Mar 11, 06:00 pm",-0
"Mar 11, 07:00 pm",0
"Mar 11, 08:00 pm",0
"Mar 11, 09:00 pm",0
"Mar 11, 10:00 pm",0
"Mar 11, 11:00 pm",0
"Mar 12, 12:00 am",0
"Mar 12, 01:00 am",0
"Mar 12, 02:00 am",0
"Mar 12, 03:00 am",0
"Mar 12, 04:00 am",0
"Mar 12, 05:00 am",0
"Mar 12, 06:00 am",0
"Mar 12, 07:00 am",5.98486
"Mar 12, 08:00 am",11.1142
"Mar 12, 09:00 am",13.6004
"Mar 12, 10:00 am",14.5152
"Mar 12, 11:00 am",14.1161
"Mar 12, 12:00 pm",12.6985
"Mar 12, 01:00 pm",10.3029
"Mar 12, 02:00 pm",6.87004
"Mar 12, 03:00 pm",2.68928
"Mar 12, 04:00 pm",0.808588
"Mar 12, 05:00 pm",0.631386
"Mar 12, 06:00 pm",-0
"Mar 12, 07:00 pm",0
"Mar 12, 08:00 pm",0
"Mar 12, 09:00 pm",0
"Mar 12, 10:00 pm",0
"Mar 12, 11:00 pm",0
"Mar 13, 12:00 am",0
"Mar 13, 01:00 am",0
"Mar 13, 02:00 am",0
"Mar 13, 03:00 am",0
"Mar 13, 04:00 am",0
"Mar 13, 05:00 am",0
"Mar 13, 06:00 am",0
"Mar 13, 07:00 am",6.60537
"Mar 13, 08:00 am",11.1788
"Mar 13, 09:00 am",12.9555
"Mar 13, 10:00 am",13.2566
"Mar 13, 11:00 am",13.2064
"Mar 13, 12:00 pm",12.138
"Mar 13, 01:00 pm",9.99983
"Mar 13, 02:00 pm",6.75693
"Mar 13, 03:00 pm",2.65304
"Mar 13, 04:00 pm",0.840808
"Mar 13, 05:00 pm",0.606738
"Mar 13, 06:00 pm",-0
"Mar 13, 07:00 pm",0
"Mar 13, 08:00 pm",0
"Mar 13, 09:00 pm",0
"Mar 13, 10:00 pm",0
"Mar 13, 11:00 pm",0
"Mar 14, 12:00 am",0
"Mar 14, 01:00 am",0
"Mar 14, 02:00 am",0
"Mar 14, 03:00 am",0
"Mar 14, 04:00 am",0
"Mar 14, 05:00 am",0
"Mar 14, 06:00 am",0
"Mar 14, 07:00 am",6.64991
"Mar 14, 08:00 am",11.082
"Mar 14, 09:00 am",13.0322
"Mar 14, 10:00 am",13.8517
"Mar 14, 11:00 am",12.0488
"Mar 14, 12:00 pm",11.0358
"Mar 14, 01:00 pm",9.09808
"Mar 14, 02:00 pm",5.83254
"Mar 14, 03:00 pm",3.10897
"Mar 14, 04:00 pm",0.498473
"Mar 14, 05:00 pm",0.943251
"Mar 14, 06:00 pm",-0
"Mar 14, 07:00 pm",0
"Mar 14, 08:00 pm",0
"Mar 14, 09:00 pm",0
"Mar 14, 10:00 pm",0
"Mar 14, 11:00 pm",0
"Mar 15, 12:00 am",0
"Mar 15, 01:00 am",0
"Mar 15, 02:00 am",0
"Mar 15, 03:00 am",0
"Mar 15, 04:00 am",0
"Mar 15, 05:00 am",0
"Mar 15, 06:00 am",0
"Mar 15, 07:00 am",2.13575
"Mar 15, 08:00 am",1.88046
"Mar 15, 09:00 am",6.91458
"Mar 15, 10:00 am",13.5641
"Mar 15, 11:00 am",14.0908
"Mar 15, 12:00 pm",12.7321
"Mar 15, 01:00 pm",10.3727
"Mar 15, 02:00 pm",6.88033
"Mar 15, 03:00 pm",2.78367
"Mar 15, 04:00 pm",0.805539
"Mar 15, 05:00 pm",0.666604
"Mar 15, 06:00 pm",-0
"Mar 15, 07:00 pm",0
"Mar 15, 08:00 pm",0
"Mar 15, 09:00 pm",0
"Mar 15, 10:00 pm",0
"Mar 15, 11:00 pm",0
"Mar 16, 12:00 am",0
"Mar 16, 01:00 am",0
"Mar 16, 02:00 am",0
"Mar 16, 03:00 am",0
"Mar 16, 04:00 am",0
"Mar 16, 05:00 am",0
"Mar 16, 06:00 am",0
"Mar 16, 07:00 am",-0
"Mar 16, 08:00 am",5.48943
"Mar 16, 09:00 am",0.250779
"Mar 16, 10:00 am",1.79672
"Mar 16, 11:00 am",3.92218
"Mar 16, 12:00 pm",3.85721
"Mar 16, 01:00 pm",5.25125
"Mar 16, 02:00 pm",5.02265
"Mar 16, 03:00 pm",3.21701
"Mar 16, 04:00 pm",0.163914
"Mar 16, 05:00 pm",0.502515
"Mar 16, 06:00 pm",-0
"Mar 16, 07:00 pm",0
"Mar 16, 08:00 pm",0
"Mar 16, 09:00 pm",0
"Mar 16, 10:00 pm",0
"Mar 16, 11:00 pm",0
"Mar 17, 12:00 am",0
"Mar 17, 01:00 am",0
"Mar 17, 02:00 am",0
"Mar 17, 03:00 am",0
"Mar 17, 04:00 am",0
"Mar 17, 05:00 am",0
"Mar 17, 06:00 am",0
"Mar 17, 07:00 am",2.62136
"Mar 17, 08:00 am",2.39792
"Mar 17, 09:00 am",1.53479
"Mar 17, 10:00 am",4.94405
"Mar 17, 11:00 am",2.69601
"Mar 17, 12:00 pm",4.37477
"Mar 17, 01:00 pm",6.19067
"Mar 17, 02:00 pm",6.26374
"Mar 17, 03:00 pm",3.0751
"Mar 17, 04:00 pm",1.81252
"Mar 17, 05:00 pm",1.06335
"Mar 17, 06:00 pm",-0
"Mar 17, 07:00 pm",0
"Mar 17, 08:00 pm",0
"Mar 17, 09:00 pm",0
"Mar 17, 10:00 pm",0
"Mar 17, 11:00 pm",0
"Mar 18, 12:00 am",0
"Mar 18, 01:00 am",0
"Mar 18, 02:00 am",0
"Mar 18, 03:00 am",0
"Mar 18, 04:00 am",0
"Mar 18, 05:00 am",0
"Mar 18, 06:00 am",0
"Mar 18, 07:00 am",6.67333
"Mar 18, 08:00 am",11.1892
"Mar 18, 09:00 am",13.2787
"Mar 18, 10:00 am",14.1199
"Mar 18, 11:00 am",13.8333
"Mar 18, 12:00 pm",12.4948
"Mar 18, 01:00 pm",10.2241
"Mar 18, 02:00 pm",6.92937
"Mar 18, 03:00 pm",2.90141
"Mar 18, 04:00 pm",0.833722
"Mar 18, 05:00 pm",0.671266
"Mar 18, 06:00 pm",-0
"Mar 18, 07:00 pm",0
"Mar 18, 08:00 pm",0
"Mar 18, 09:00 pm",0
"Mar 18, 10:00 pm",0
"Mar 18, 11:00 pm",0
"Mar 19, 12:00 am",0
"Mar 19, 01:00 am",0
"Mar 19, 02:00 am",0
"Mar 19, 03:00 am",0
"Mar 19, 04:00 am",0
"Mar 19, 05:00 am",0
"Mar 19, 06:00 am",0
"Mar 19, 07:00 am",6.9959
"Mar 19, 08:00 am",11.3625
"Mar 19, 09:00 am",13.4179
"Mar 19, 10:00 am",14.1181
"Mar 19, 11:00 am",13.7676
"Mar 19, 12:00 pm",12.431
"Mar 19, 01:00 pm",10.1712
"Mar 19, 02:00 pm",6.90622
"Mar 19, 03:00 pm",2.83763
"Mar 19, 04:00 pm",0.826755
"Mar 19, 05:00 pm",0.623019
"Mar 19, 06:00 pm",-0
"Mar 19, 07:00 pm",0
"Mar 19, 08:00 pm",0
"Mar 19, 09:00 pm",0
"Mar 19, 10:00 pm",0
"Mar 19, 11:00 pm",0
"Mar 20, 12:00 am",0
"Mar 20, 01:00 am",0
"Mar 20, 02:00 am",0
"Mar 20, 03:00 am",0
"Mar 20, 04:00 am",0
"Mar 20, 05:00 am",0
"Mar 20, 06:00 am",0
"Mar 20, 07:00 am",7.00122
"Mar 20, 08:00 am",8.62025
"Mar 20, 09:00 am",10.5243
"Mar 20, 10:00 am",13.2604
"Mar 20, 11:00 am",13.1335
"Mar 20, 12:00 pm",12.1314
"Mar 20, 01:00 pm",10.0329
"Mar 20, 02:00 pm",6.81435
"Mar 20, 03:00 pm",2.8332
"Mar 20, 04:00 pm",0.65589
"Mar 20, 05:00 pm",0.544009
"Mar 20, 06:00 pm",0.0105926
"Mar 20, 07:00 pm",0
"Mar 20, 08:00 pm",0
"Mar 20, 09:00 pm",0
"Mar 20, 10:00 pm",0
"Mar 20, 11:00 pm",0
"Mar 21, 12:00 am",0
"Mar 21, 01:00 am",0
"Mar 21, 02:00 am",0
"Mar 21, 03:00 am",0
"Mar 21, 04:00 am",0
"Mar 21, 05:00 am",0
"Mar 21, 06:00 am",0
"Mar 21, 07:00 am",8.04109
"Mar 21, 08:00 am",12.0865
"Mar 21, 09:00 am",13.9504
"Mar 21, 10:00 am",14.4776
"Mar 21, 11:00 am",13.9698
"Mar 21, 12:00 pm",12.5325
"Mar 21, 01:00 pm",10.2404
"Mar 21, 02:00 pm",6.94554
"Mar 21, 03:00 pm",2.92524
"Mar 21, 04:00 pm",0.695684
"Mar 21, 05:00 pm",0.516532
"Mar 21, 06:00 pm",0.0209017
"Mar 21, 07:00 pm",0
"Mar 21, 08:00 pm",0
"Mar 21, 09:00 pm",0
"Mar 21, 10:00 pm",0
"Mar 21, 11:00 pm",0
"Mar 22, 12:00 am",0
"Mar 22, 01:00 am",0
"Mar 22, 02:00 am",0
"Mar 22, 03:00 am",0
"Mar 22, 04:00 am",0
"Mar 22, 05:00 am",0
"Mar 22, 06:00 am",-0
"Mar 22, 07:00 am",7.97459
"Mar 22, 08:00 am",11.9488
"Mar 22, 09:00 am",13.7042
"Mar 22, 10:00 am",13.9174
"Mar 22, 11:00 am",13.2389
"Mar 22, 12:00 pm",12.0897
"Mar 22, 01:00 pm",10.1178
"Mar 22, 02:00 pm",7.02398
"Mar 22, 03:00 pm",2.94695
"Mar 22, 04:00 pm",0.819768
"Mar 22, 05:00 pm",0.610033
"Mar 22, 06:00 pm",0.0308661
"Mar 22, 07:00 pm",0
"Mar 22, 08:00 pm",0
"Mar 22, 09:00 pm",0
"Mar 22, 10:00 pm",0
"Mar 22, 11:00 pm",0
"Mar 23, 12:00 am",0
"Mar 23, 01:00 am",0
"Mar 23, 02:00 am",0
"Mar 23, 03:00 am",0
"Mar 23, 04:00 am",0
"Mar 23, 05:00 am",0
"Mar 23, 06:00 am",-0
"Mar 23, 07:00 am",6.69635
"Mar 23, 08:00 am",11.2999
"Mar 23, 09:00 am",13.6659
"Mar 23, 10:00 am",14.4926
"Mar 23, 11:00 am",13.9688
"Mar 23, 12:00 pm",12.4975
"Mar 23, 01:00 pm",10.2843
"Mar 23, 02:00 pm",7.05413
"Mar 23, 03:00 pm",3.10307
"Mar 23, 04:00 pm",0.970255
"Mar 23, 05:00 pm",0.748922
"Mar 23, 06:00 pm",0.0320567
"Mar 23, 07:00 pm",0
"Mar 23, 08:00 pm",0
"Mar 23, 09:00 pm",0
"Mar 23, 10:00 pm",0
"Mar 23, 11:00 pm",0
"Mar 24, 12:00 am",0
"Mar 24, 01:00 am",0
"Mar 24, 02:00 am",0
"Mar 24, 03:00 am",0
"Mar 24, 04:00 am",0
"Mar 24, 05:00 am",0
"Mar 24, 06:00 am",-0
"Mar 24, 07:00 am",7.41051
"Mar 24, 08:00 am",11.5007
"Mar 24, 09:00 am",13.2333
"Mar 24, 10:00 am",13.4427
"Mar 24, 11:00 am",12.9428
"Mar 24, 12:00 pm",11.9195
"Mar 24, 01:00 pm",9.92943
"Mar 24, 02:00 pm",6.92392
"Mar 24, 03:00 pm",3.02646
"Mar 24, 04:00 pm",0.786137
"Mar 24, 05:00 pm",0.638343
"Mar 24, 06:00 pm",0.038929
"Mar 24, 07:00 pm",0
"Mar 24, 08:00 pm",0
"Mar 24, 09:00 pm",0
"Mar 24, 10:00 pm",0
"Mar 24, 11:00 pm",0
"Mar 25, 12:00 am",0
"Mar 25, 01:00 am",0
"Mar 25, 02:00 am",0
"Mar 25, 03:00 am",0
"Mar 25, 04:00 am",0
"Mar 25, 05:00 am",0
"Mar 25, 06:00 am",-0
"Mar 25, 07:00 am",6.03162
"Mar 25, 08:00 am",3.84557
"Mar 25, 09:00 am",11.1123
"Mar 25, 10:00 am",13.1721
"Mar 25, 11:00 am",12.1494
"Mar 25, 12:00 pm",12.3869
"Mar 25, 01:00 pm",9.3508
"Mar 25, 02:00 pm",6.05284
"Mar 25, 03:00 pm",2.98712
"Mar 25, 04:00 pm",1.74473
"Mar 25, 05:00 pm",1.08585
"Mar 25, 06:00 pm",-0
"Mar 25, 07:00 pm",0
"Mar 25, 08:00 pm",0
"Mar 25, 09:00 pm",0
"Mar 25, 10:00 pm",0
"Mar 25, 11:00 pm",0
"Mar 26, 12:00 am",0
"Mar 26, 01:00 am",0
"Mar 26, 02:00 am",0
"Mar 26, 03:00 am",0
"Mar 26, 04:00 am",0
"Mar 26, 05:00 am",0
"Mar 26, 06:00 am",-0
"Mar 26, 07:00 am",0.0630945
"Mar 26, 08:00 am",2.7523
"Mar 26, 09:00 am",5.08095
"Mar 26, 10:00 am",9.65631
"Mar 26, 11:00 am",9.58427
"Mar 26, 12:00 pm",7.13156
"Mar 26, 01:00 pm",4.94334
"Mar 26, 02:00 pm",2.83594
"Mar 26, 03:00 pm",3.87926
"Mar 26, 04:00 pm",2.1684
"Mar 26, 05:00 pm",0.82324
"Mar 26, 06:00 pm",0.0834841
"Mar 26, 07:00 pm",0
"Mar 26, 08:00 pm",0
"Mar 26, 09:00 pm",0
"Mar 26, 10:00 pm",0
"Mar 26, 11:00 pm",0
"Mar 27, 12:00 am",0
"Mar 27, 01:00 am",0
"Mar 27, 02:00 am",0
"Mar 27, 03:00 am",0
"Mar 27, 04:00 am",0
"Mar 27, 05:00 am",0
"Mar 27, 06:00 am",-0
"Mar 27, 07:00 am",7.2682
"Mar 27, 08:00 am",11.547
"Mar 27, 09:00 am",13.5514
"Mar 27, 10:00 am",14.3097
"Mar 27, 11:00 am",13.905
"Mar 27, 12:00 pm",12.5456
"Mar 27, 01:00 pm",10.3574
"Mar 27, 02:00 pm",7.16489
"Mar 27, 03:00 pm",3.28965
"Mar 27, 04:00 pm",0.937706
"Mar 27, 05:00 pm",0.755495
"Mar 27, 06:00 pm",0.0724198
"Mar 27, 07:00 pm",0
"Mar 27, 08:00 pm",0
"Mar 27, 09:00 pm",0
"Mar 27, 10:00 pm",0
"Mar 27, 11:00 pm",0
"Mar 28, 12:00 am",0
"Mar 28, 01:00 am",0
"Mar 28, 02:00 am",0
"Mar 28, 03:00 am",0
"Mar 28, 04:00 am",0
"Mar 28, 05:00 am",0
"Mar 28, 06:00 am",-0
"Mar 28, 07:00 am",7.84699
"Mar 28, 08:00 am",11.6911
"Mar 28, 09:00 am",13.3817
"Mar 28, 10:00 am",13.9725
"Mar 28, 11:00 am",13.681
"Mar 28, 12:00 pm",12.3855
"Mar 28, 01:00 pm",10.2136
"Mar 28, 02:00 pm",7.11929
"Mar 28, 03:00 pm",3.27194
"Mar 28, 04:00 pm",0.891446
"Mar 28, 05:00 pm",0.786652
"Mar 28, 06:00 pm",0.054907
"Mar 28, 07:00 pm",0
"Mar 28, 08:00 pm",0
"Mar 28, 09:00 pm",0
"Mar 28, 10:00 pm",0
"Mar 28, 11:00 pm",0
"Mar 29, 12:00 am",0
"Mar 29, 01:00 am",0
"Mar 29, 02:00 am",0
"Mar 29, 03:00 am",0
"Mar 29, 04:00 am",0
"Mar 29, 05:00 am",0
"Mar 29, 06:00 am",0.150411
"Mar 29, 07:00 am",7.52833
"Mar 29, 08:00 am",11.2221
"Mar 29, 09:00 am",13.0946
"Mar 29, 10:00 am",13.8261
"Mar 29, 11:00 am",13.685
"Mar 29, 12:00 pm",12.4908
"Mar 29, 01:00 pm",10.3197
"Mar 29, 02:00 pm",7.25954
"Mar 29, 03:00 pm",3.41376
"Mar 29, 04:00 pm",1.24566
"Mar 29, 05:00 pm",1.02956
"Mar 29, 06:00 pm",0.049005
"Mar 29, 07:00 pm",0
"Mar 29, 08:00 pm",0
"Mar 29, 09:00 pm",0
"Mar 29, 10:00 pm",0
"Mar 29, 11:00 pm",0
"Mar 30, 12:00 am",0
"Mar 30, 01:00 am",0
"Mar 30, 02:00 am",0
"Mar 30, 03:00 am",0
"Mar 30, 04:00 am",0
"Mar 30, 05:00 am",0
"Mar 30, 06:00 am",0.132067
"Mar 30, 07:00 am",7.15177
"Mar 30, 08:00 am",11.2943
"Mar 30, 09:00 am",13.2509
"Mar 30, 10:00 am",13.8145
"Mar 30, 11:00 am",13.287
"Mar 30, 12:00 pm",12.1799
"Mar 30, 01:00 pm",10.1685
"Mar 30, 02:00 pm",7.14035
"Mar 30, 03:00 pm",3.28701
"Mar 30, 04:00 pm",0.892552
"Mar 30, 05:00 pm",0.861207
"Mar 30, 06:00 pm",0.0760677
"Mar 30, 07:00 pm",0
"Mar 30, 08:00 pm",0
"Mar 30, 09:00 pm",0
"Mar 30, 10:00 pm",0
"Mar 30, 11:00 pm",0
"Mar 31, 12:00 am",0
"Mar 31, 01:00 am",0
"Mar 31, 02:00 am",0
"Mar 31, 03:00 am",0
"Mar 31, 04:00 am",0
"Mar 31, 05:00 am",0
"Mar 31, 06:00 am",0.185508
"Mar 31, 07:00 am",7.34954
"Mar 31, 08:00 am",11.7927
"Mar 31, 09:00 am",13.9919
"Mar 31, 10:00 am",14.7397
"Mar 31, 11:00 am",14.2523
"Mar 31, 12:00 pm",12.8966
"Mar 31, 01:00 pm",10.6441
"Mar 31, 02:00 pm",7.46996
"Mar 31, 03:00 pm",3.62422
"Mar 31, 04:00 pm",1.33476
"Mar 31, 05:00 pm",0.521596
"Mar 31, 06:00 pm",0.0617385
"Mar 31, 07:00 pm",0
"Mar 31, 08:00 pm",0
"Mar 31, 09:00 pm",0
"Mar 31, 10:00 pm",0
"Mar 31, 11:00 pm",0
"Apr 1, 12:00 am",0
"Apr 1, 01:00 am",0
"Apr 1, 02:00 am",0
"Apr 1, 03:00 am",0
"Apr 1, 04:00 am",0
"Apr 1, 05:00 am",0
"Apr 1, 06:00 am",0.989217
"Apr 1, 07:00 am",8.7532
"Apr 1, 08:00 am",12.0579
"Apr 1, 09:00 am",13.3583
"Apr 1, 10:00 am",13.4892
"Apr 1, 11:00 am",12.8487
"Apr 1, 12:00 pm",11.9274
"Apr 1, 01:00 pm",10.0232
"Apr 1, 02:00 pm",7.11996
"Apr 1, 03:00 pm",3.23097
"Apr 1, 04:00 pm",0.844173
"Apr 1, 05:00 pm",0.641699
"Apr 1, 06:00 pm",0.0730941
"Apr 1, 07:00 pm",0
"Apr 1, 08:00 pm",0
"Apr 1, 09:00 pm",0
"Apr 1, 10:00 pm",0
"Apr 1, 11:00 pm",0
"Apr 2, 12:00 am",0
"Apr 2, 01:00 am",0
"Apr 2, 02:00 am",0
"Apr 2, 03:00 am",0
"Apr 2, 04:00 am",0
"Apr 2, 05:00 am",0
"Apr 2, 06:00 am",0.587303
"Apr 2, 07:00 am",7.57833
"Apr 2, 08:00 am",11.3473
"Apr 2, 09:00 am",13.0525
"Apr 2, 10:00 am",13.4389
"Apr 2, 11:00 am",12.8315
"Apr 2, 12:00 pm",11.639
"Apr 2, 01:00 pm",8.91972
"Apr 2, 02:00 pm",5.89736
"Apr 2, 03:00 pm",3.88329
"Apr 2, 04:00 pm",1.08276
"Apr 2, 05:00 pm",1.22536
"Apr 2, 06:00 pm",0.0894651
"Apr 2, 07:00 pm",0
"Apr 2, 08:00 pm",0
"Apr 2, 09:00 pm",0
"Apr 2, 10:00 pm",0
"Apr 2, 11:00 pm",0
"Apr 3, 12:00 am",0
"Apr 3, 01:00 am",0
"Apr 3, 02:00 am",0
"Apr 3, 03:00 am",0
"Apr 3, 04:00 am",0
"Apr 3, 05:00 am",0
"Apr 3, 06:00 am",0.164055
"Apr 3, 07:00 am",7.52969
"Apr 3, 08:00 am",11.781
"Apr 3, 09:00 am",13.5929
"Apr 3, 10:00 am",14.0148
"Apr 3, 11:00 am",13.4591
"Apr 3, 12:00 pm",12.1542
"Apr 3, 01:00 pm",10.2185
"Apr 3, 02:00 pm",7.26701
"Apr 3, 03:00 pm",3.45961
"Apr 3, 04:00 pm",1.16324
"Apr 3, 05:00 pm",0.986665
"Apr 3, 06:00 pm",0.116574
"Apr 3, 07:00 pm",0
"Apr 3, 08:00 pm",0
"Apr 3, 09:00 pm",0
"Apr 3, 10:00 pm",0
"Apr 3, 11:00 pm",0
"Apr 4, 12:00 am",0
"Apr 4, 01:00 am",0
"Apr 4, 02:00 am",0
"Apr 4, 03:00 am",0
"Apr 4, 04:00 am",0
"Apr 4, 05:00 am",0
"Apr 4, 06:00 am",1.63978
"Apr 4, 07:00 am",9.97235
"Apr 4, 08:00 am",13.6878
"Apr 4, 09:00 am",15.354
"Apr 4, 10:00 am",15.7233
"Apr 4, 11:00 am",14.8129
"Apr 4, 12:00 pm",13.1778
"Apr 4, 01:00 pm",10.8213
"Apr 4, 02:00 pm",7.57666
"Apr 4, 03:00 pm",3.48118
"Apr 4, 04:00 pm",0.713653
"Apr 4, 05:00 pm",0.607932
"Apr 4, 06:00 pm",0.0928689
"Apr 4, 07:00 pm",0
"Apr 4, 08:00 pm",0
"Apr 4, 09:00 pm",0
"Apr 4, 10:00 pm",0
"Apr 4, 11:00 pm",0
"Apr 5, 12:00 am",0
"Apr 5, 01:00 am",0
"Apr 5, 02:00 am",0
"Apr 5, 03:00 am",0
"Apr 5, 04:00 am",0
"Apr 5, 05:00 am",0
"Apr 5, 06:00 am",2.07807
"Apr 5, 07:00 am",9.44896
"Apr 5, 08:00 am",12.3269
"Apr 5, 09:00 am",13.2988
"Apr 5, 10:00 am",13.7126
"Apr 5, 11:00 am",13.3342
"Apr 5, 12:00 pm",12.1213
"Apr 5, 01:00 pm",9.43853
"Apr 5, 02:00 pm",6.84894
"Apr 5, 03:00 pm",3.46009
"Apr 5, 04:00 pm",1.45546
"Apr 5, 05:00 pm",0.922239
"Apr 5, 06:00 pm",0.114417
"Apr 5, 07:00 pm",0
"Apr 5, 08:00 pm",0
"Apr 5, 09:00 pm",0
"Apr 5, 10:00 pm",0
"Apr 5, 11:00 pm",0
"Apr 6, 12:00 am",0
"Apr 6, 01:00 am",0
"Apr 6, 02:00 am",0
"Apr 6, 03:00 am",0
"Apr 6, 04:00 am",0
"Apr 6, 05:00 am",0
"Apr 6, 06:00 am",0.0761092
"Apr 6, 07:00 am",0.371357
"Apr 6, 08:00 am",4.17019
"Apr 6, 09:00 am",7.27325
"Apr 6, 10:00 am",7.27843
"Apr 6, 11:00 am",2.87394
"Apr 6, 12:00 pm",2.26312
"Apr 6, 01:00 pm",4.40555
"Apr 6, 02:00 pm",0.25922
"Apr 6, 03:00 pm",3.99829
"Apr 6, 04:00 pm",0.433993
"Apr 6, 05:00 pm",1.23262
"Apr 6, 06:00 pm",0.0440811
"Apr 6, 07:00 pm",0
"Apr 6, 08:00 pm",0
"Apr 6, 09:00 pm",0
"Apr 6, 10:00 pm",0
"Apr 6, 11:00 pm",0
"Apr 7, 12:00 am",0
"Apr 7, 01:00 am",0
"Apr 7, 02:00 am",0
"Apr 7, 03:00 am",0
"Apr 7, 04:00 am",0
"Apr 7, 05:00 am",0
"Apr 7, 06:00 am",0.0387953
"Apr 7, 07:00 am",3.14871
"Apr 7, 08:00 am",12.088
"Apr 7, 09:00 am",13.7553
"Apr 7, 10:00 am",14.4833
"Apr 7, 11:00 am",14.1629
"Apr 7, 12:00 pm",9.22497
"Apr 7, 01:00 pm",10.6009
"Apr 7, 02:00 pm",7.54161
"Apr 7, 03:00 pm",3.64496
"Apr 7, 04:00 pm",0.928954
"Apr 7, 05:00 pm",0.801919
"Apr 7, 06:00 pm",0.1424
"Apr 7, 07:00 pm",0
"Apr 7, 08:00 pm",0
"Apr 7, 09:00 pm",0
"Apr 7, 10:00 pm",0
"Apr 7, 11:00 pm",0
"Apr 8, 12:00 am",0
"Apr 8, 01:00 am",0
"Apr 8, 02:00 am",0
"Apr 8, 03:00 am",0
"Apr 8, 04:00 am",0
"Apr 8, 05:00 am",0
"Apr 8, 06:00 am",0.183369
"Apr 8, 07:00 am",2.90975
"Apr 8, 08:00 am",7.59654
"Apr 8, 09:00 am",8.71669
"Apr 8, 10:00 am",14.5205
"Apr 8, 11:00 am",11.4366
"Apr 8, 12:00 pm",11.3012
"Apr 8, 01:00 pm",10.5366
"Apr 8, 02:00 pm",6.96686
"Apr 8, 03:00 pm",4.18214
"Apr 8, 04:00 pm",1.97917
"Apr 8, 05:00 pm",1.2914
"Apr 8, 06:00 pm",0.17754
"Apr 8, 07:00 pm",0
"Apr 8, 08:00 pm",0
"Apr 8, 09:00 pm",0
"Apr 8, 10:00 pm",0
"Apr 8, 11:00 pm",0
"Apr 9, 12:00 am",0
"Apr 9, 01:00 am",0
"Apr 9, 02:00 am",0
"Apr 9, 03:00 am",0
"Apr 9, 04:00 am",0
"Apr 9, 05:00 am",0
"Apr 9, 06:00 am",-0
"Apr 9, 07:00 am",0.871191
"Apr 9, 08:00 am",0.156176
"Apr 9, 09:00 am",1.57512
"Apr 9, 10:00 am",4.47068
"Apr 9, 11:00 am",4.65504
"Apr 9, 12:00 pm",5.86273
"Apr 9, 01:00 pm",5.30545
"Apr 9, 02:00 pm",6.57683
"Apr 9, 03:00 pm",3.97443
"Apr 9, 04:00 pm",1.02691
"Apr 9, 05:00 pm",0.834304
"Apr 9, 06:00 pm",-0
"Apr 9, 07:00 pm",0
"Apr 9, 08:00 pm",0
"Apr 9, 09:00 pm",0
"Apr 9, 10:00 pm",0
"Apr 9, 11:00 pm",0
"Apr 10, 12:00 am",0
"Apr 10, 01:00 am",0
"Apr 10, 02:00 am",0
"Apr 10, 03:00 am",0
"Apr 10, 04:00 am",0
"Apr 10, 05:00 am",0
"Apr 10, 06:00 am",3.13494
"Apr 10, 07:00 am",10.0604
"Apr 10, 08:00 am",13.29
"Apr 10, 09:00 am",14.7829
"Apr 10, 10:00 am",15.0101
"Apr 10, 11:00 am",14.2968
"Apr 10, 12:00 pm",13.1543
"Apr 10, 01:00 pm",11.0115
"Apr 10, 02:00 pm",7.82444
"Apr 10, 03:00 pm",3.87741
"Apr 10, 04:00 pm",1.02899
"Apr 10, 05:00 pm",0.912163
"Apr 10, 06:00 pm",0.212205
"Apr 10, 07:00 pm",0
"Apr 10, 08:00 pm",0
"Apr 10, 09:00 pm",0
"Apr 10, 10:00 pm",0
"Apr 10, 11:00 pm",0
"Apr 11, 12:00 am",0
"Apr 11, 01:00 am",0
"Apr 11, 02:00 am",0
"Apr 11, 03:00 am",0
"Apr 11, 04:00 am",0
"Apr 11, 05:00 am",0
"Apr 11, 06:00 am",3.46113
"Apr 11, 07:00 am",10.1826
"Apr 11, 08:00 am",13.2773
"Apr 11, 09:00 am",14.7653
"Apr 11, 10:00 am",14.9567
"Apr 11, 11:00 am",14.1822
"Apr 11, 12:00 pm",11.826
"Apr 11, 01:00 pm",10.7151
"Apr 11, 02:00 pm",7.78727
"Apr 11, 03:00 pm",3.72673
"Apr 11, 04:00 pm",0.858848
"Apr 11, 05:00 pm",0.6615
"Apr 11, 06:00 pm",0.204914
"Apr 11, 07:00 pm",0
"Apr 11, 08:00 pm",0
"Apr 11, 09:00 pm",0
"Apr 11, 10:00 pm",0
"Apr 11, 11:00 pm",0
"Apr 12, 12:00 am",0
"Apr 12, 01:00 am",0
"Apr 12, 02:00 am",0
"Apr 12, 03:00 am",0
"Apr 12, 04:00 am",0
"Apr 12, 05:00 am",0
"Apr 12, 06:00 am",-0
"Apr 12, 07:00 am",9.44725
"Apr 12, 08:00 am",12.7941
"Apr 12, 09:00 am",14.3327
"Apr 12, 10:00 am",14.4556
"Apr 12, 11:00 am",13.6746
"Apr 12, 12:00 pm",12.221
"Apr 12, 01:00 pm",10.1566
"Apr 12, 02:00 pm",7.40311
"Apr 12, 03:00 pm",3.7287
"Apr 12, 04:00 pm",0.984437
"Apr 12, 05:00 pm",0.87768
"Apr 12, 06:00 pm",0.208338
"Apr 12, 07:00 pm",0
"Apr 12, 08:00 pm",0
"Apr 12, 09:00 pm",0
"Apr 12, 10:00 pm",0
"Apr 12, 11:00 pm",0
"Apr 13, 12:00 am",0
"Apr 13, 01:00 am",0
"Apr 13, 02:00 am",0
"Apr 13, 03:00 am",0
"Apr 13, 04:00 am",0
"Apr 13, 05:00 am",0
"Apr 13, 06:00 am",2.75599
"Apr 13, 07:00 am",8.93401
"Apr 13, 08:00 am",12.3741
"Apr 13, 09:00 am",13.9746
"Apr 13, 10:00 am",14.4196
"Apr 13, 11:00 am",13.8467
"Apr 13, 12:00 pm",12.5303
"Apr 13, 01:00 pm",10.6048
"Apr 13, 02:00 pm",7.76365
"Apr 13, 03:00 pm",3.93177
"Apr 13, 04:00 pm",1.09372
"Apr 13, 05:00 pm",0.970949
"Apr 13, 06:00 pm",0.278105
"Apr 13, 07:00 pm",0
"Apr 13, 08:00 pm",0
"Apr 13, 09:00 pm",0
"Apr 13, 10:00 pm",0
"Apr 13, 11:00 pm",0
"Apr 14, 12:00 am",0
"Apr 14, 01:00 am",0
"Apr 14, 02:00 am",0
"Apr 14, 03:00 am",0
"Apr 14, 04:00 am",0
"Apr 14, 05:00 am",0
"Apr 14, 06:00 am",2.8556
"Apr 14, 07:00 am",9.42729
"Apr 14, 08:00 am",13.2525
"Apr 14, 09:00 am",15.1311
"Apr 14, 10:00 am",15.7534
"Apr 14, 11:00 am",14.9483
"Apr 14, 12:00 pm",13.4376
"Apr 14, 01:00 pm",11.068
"Apr 14, 02:00 pm",7.91722
"Apr 14, 03:00 pm",3.97793
"Apr 14, 04:00 pm",1.03939
"Apr 14, 05:00 pm",0.947452
"Apr 14, 06:00 pm",0.285572
"Apr 14, 07:00 pm",0
"Apr 14, 08:00 pm",0
"Apr 14, 09:00 pm",0
"Apr 14, 10:00 pm",0
"Apr 14, 11:00 pm",0
"Apr 15, 12:00 am",0
"Apr 15, 01:00 am",0
"Apr 15, 02:00 am",0
"Apr 15, 03:00 am",0
"Apr 15, 04:00 am",0
"Apr 15, 05:00 am",0
"Apr 15, 06:00 am",3.34679
"Apr 15, 07:00 am",9.68417
"Apr 15, 08:00 am",13.149
"Apr 15, 09:00 am",14.8625
"Apr 15, 10:00 am",15.167
"Apr 15, 11:00 am",14.5405
"Apr 15, 12:00 pm",12.9971
"Apr 15, 01:00 pm",10.7559
"Apr 15, 02:00 pm",7.7585
"Apr 15, 03:00 pm",3.82408
"Apr 15, 04:00 pm",0.881393
"Apr 15, 05:00 pm",0.765734
"Apr 15, 06:00 pm",0.251597
"Apr 15, 07:00 pm",0
"Apr 15, 08:00 pm",0
"Apr 15, 09:00 pm",0
"Apr 15, 10:00 pm",0
"Apr 15, 11:00 pm",0
"Apr 16, 12:00 am",0
"Apr 16, 01:00 am",0
"Apr 16, 02:00 am",0
"Apr 16, 03:00 am",0
"Apr 16, 04:00 am",0
"Apr 16, 05:00 am",0
"Apr 16, 06:00 am",3.98862
"Apr 16, 07:00 am",9.92186
"Apr 16, 08:00 am",12.9618
"Apr 16, 09:00 am",14.5032
"Apr 16, 10:00 am",14.803
"Apr 16, 11:00 am",14.0776
"Apr 16, 12:00 pm",12.6542
"Apr 16, 01:00 pm",10.5017
"Apr 16, 02:00 pm",7.51983
"Apr 16, 03:00 pm",3.70016
"Apr 16, 04:00 pm",0.912993
"Apr 16, 05:00 pm",0.700519
"Apr 16, 06:00 pm",0.253374
"Apr 16, 07:00 pm",0
"Apr 16, 08:00 pm",0
"Apr 16, 09:00 pm",0
"Apr 16, 10:00 pm",0
"Apr 16, 11:00 pm",0
"Apr 17, 12:00 am",0
"Apr 17, 01:00 am",0
"Apr 17, 02:00 am",0
"Apr 17, 03:00 am",0
"Apr 17, 04:00 am",0
"Apr 17, 05:00 am",0
"Apr 17, 06:00 am",3.63347
"Apr 17, 07:00 am",9.35851
"Apr 17, 08:00 am",12.4022
"Apr 17, 09:00 am",13.7695
"Apr 17, 10:00 am",14.1203
"Apr 17, 11:00 am",13.6342
"Apr 17, 12:00 pm",12.3842
"Apr 17, 01:00 pm",10.3277
"Apr 17, 02:00 pm",7.56372
"Apr 17, 03:00 pm",3.86565
"Apr 17, 04:00 pm",1.12273
"Apr 17, 05:00 pm",1.02512
"Apr 17, 06:00 pm",0.308166
"Apr 17, 07:00 pm",0
"Apr 17, 08:00 pm",0
"Apr 17, 09:00 pm",0
"Apr 17, 10:00 pm",0
"Apr 17, 11:00 pm",0
"Apr 18, 12:00 am",0
"Apr 18, 01:00 am",0
"Apr 18, 02:00 am",0
"Apr 18, 03:00 am",0
"Apr 18, 04:00 am",0
"Apr 18, 05:00 am",0
"Apr 18, 06:00 am",3.0024
"Apr 18, 07:00 am",8.00817
"Apr 18, 08:00 am",12.4034
"Apr 18, 09:00 am",13.8196
"Apr 18, 10:00 am",14.1205
"Apr 18, 11:00 am",13.7719
"Apr 18, 12:00 pm",12.5185
"Apr 18, 01:00 pm",10.4224
"Apr 18, 02:00 pm",7.58666
"Apr 18, 03:00 pm",3.8721
"Apr 18, 04:00 pm",2.17203
"Apr 18, 05:00 pm",1.36122
"Apr 18, 06:00 pm",-0
"Apr 18, 07:00 pm",0
"Apr 18, 08:00 pm",0
"Apr 18, 09:00 pm",0
"Apr 18, 10:00 pm",0
"Apr 18, 11:00 pm",0
"Apr 19, 12:00 am",0
"Apr 19, 01:00 am",0
"Apr 19, 02:00 am",0
"Apr 19, 03:00 am",0
"Apr 19, 04:00 am",0
"Apr 19, 05:00 am",0
"Apr 19, 06:00 am",3.13069
"Apr 19, 07:00 am",8.83002
"Apr 19, 08:00 am",12.2881
"Apr 19, 09:00 am",13.8264
"Apr 19, 10:00 am",14.1391
"Apr 19, 11:00 am",12.4936
"Apr 19, 12:00 pm",12.1669
"Apr 19, 01:00 pm",10.1532
"Apr 19, 02:00 pm",7.25328
"Apr 19, 03:00 pm",3.91697
"Apr 19, 04:00 pm",2.12018
"Apr 19, 05:00 pm",1.06389
"Apr 19, 06:00 pm",0.344599
"Apr 19, 07:00 pm",0
"Apr 19, 08:00 pm",0
"Apr 19, 09:00 pm",0
"Apr 19, 10:00 pm",0
"Apr 19, 11:00 pm",0
"Apr 20, 12:00 am",0
"Apr 20, 01:00 am",0
"Apr 20, 02:00 am",0
"Apr 20, 03:00 am",0
"Apr 20, 04:00 am",0
"Apr 20, 05:00 am",0
"Apr 20, 06:00 am",3.50776
"Apr 20, 07:00 am",9.1283
"Apr 20, 08:00 am",12.2928
"Apr 20, 09:00 am",13.6024
"Apr 20, 10:00 am",11.3472
"Apr 20, 11:00 am",12.8844
"Apr 20, 12:00 pm",11.0589
"Apr 20, 01:00 pm",9.22182
"Apr 20, 02:00 pm",7.48854
"Apr 20, 03:00 pm",3.80855
"Apr 20, 04:00 pm",0.916534
"Apr 20, 05:00 pm",0.688156
"Apr 20, 06:00 pm",0.31455
"Apr 20, 07:00 pm",0
"Apr 20, 08:00 pm",0
"Apr 20, 09:00 pm",0
"Apr 20, 10:00 pm",0
"Apr 20, 11:00 pm",0
"Apr 21, 12:00 am",0
"Apr 21, 01:00 am",0
"Apr 21, 02:00 am",0
"Apr 21, 03:00 am",0
"Apr 21, 04:00 am",0
"Apr 21, 05:00 am",0
"Apr 21, 06:00 am",4.25271
"Apr 21, 07:00 am",9.82373
"Apr 21, 08:00 am",12.9464
"Apr 21, 09:00 am",14.548
"Apr 21, 10:00 am",14.8757
"Apr 21, 11:00 am",14.2596
"Apr 21, 12:00 pm",12.9153
"Apr 21, 01:00 pm",10.715
"Apr 21, 02:00 pm",7.77798
"Apr 21, 03:00 pm",4.05972
"Apr 21, 04:00 pm",1.08437
"Apr 21, 05:00 pm",0.921004
"Apr 21, 06:00 pm",0.341371
"Apr 21, 07:00 pm",0
"Apr 21, 08:00 pm",0
"Apr 21, 09:00 pm",0
"Apr 21, 10:00 pm",0
"Apr 21, 11:00 pm",0
"Apr 22, 12:00 am",0
"Apr 22, 01:00 am",0
"Apr 22, 02:00 am",0
"Apr 22, 03:00 am",0
"Apr 22, 04:00 am",0
"Apr 22, 05:00 am",0
"Apr 22, 06:00 am",4.2387
"Apr 22, 07:00 am",9.86837
"Apr 22, 08:00 am",12.9366
"Apr 22, 09:00 am",14.3865
"Apr 22, 10:00 am",14.5484
"Apr 22, 11:00 am",13.9496
"Apr 22, 12:00 pm",12.6368
"Apr 22, 01:00 pm",10.5628
"Apr 22, 02:00 pm",7.71415
"Apr 22, 03:00 pm",3.94378
"Apr 22, 04:00 pm",0.921445
"Apr 22, 05:00 pm",0.760175
"Apr 22, 06:00 pm",0.314742
"Apr 22, 07:00 pm",0
"Apr 22, 08:00 pm",0
"Apr 22, 09:00 pm",0
"Apr 22, 10:00 pm",0
"Apr 22, 11:00 pm",0
"Apr 23, 12:00 am",0
"Apr 23, 01:00 am",0
"Apr 23, 02:00 am",0
"Apr 23, 03:00 am",0
"Apr 23, 04:00 am",0
"Apr 23, 05:00 am",0
"Apr 23, 06:00 am",0.262795
"Apr 23, 07:00 am",0.917339
"Apr 23, 08:00 am",2.73113
"Apr 23, 09:00 am",14.0157
"Apr 23, 10:00 am",11.9583
"Apr 23, 11:00 am",13.1746
"Apr 23, 12:00 pm",11.695
"Apr 23, 01:00 pm",8.96871
"Apr 23, 02:00 pm",6.92404
"Apr 23, 03:00 pm",4.38372
"Apr 23, 04:00 pm",2.31537
"Apr 23, 05:00 pm",1.09639
"Apr 23, 06:00 pm",0.370395
"Apr 23, 07:00 pm",0
"Apr 23, 08:00 pm",0
"Apr 23, 09:00 pm",0
"Apr 23, 10:00 pm",0
"Apr 23, 11:00 pm",0
"Apr 24, 12:00 am",0
"Apr 24, 01:00 am",0
"Apr 24, 02:00 am",0
"Apr 24, 03:00 am",0
"Apr 24, 04:00 am",0
"Apr 24, 05:00 am",0
"Apr 24, 06:00 am",3.49893
"Apr 24, 07:00 am",8.90204
"Apr 24, 08:00 am",12.4001
"Apr 24, 09:00 am",14.1586
"Apr 24, 10:00 am",14.6859
"Apr 24, 11:00 am",14.0417
"Apr 24, 12:00 pm",12.7802
"Apr 24, 01:00 pm",10.7606
"Apr 24, 02:00 pm",7.96095
"Apr 24, 03:00 pm",4.28555
"Apr 24, 04:00 pm",1.38462
"Apr 24, 05:00 pm",1.42569
"Apr 24, 06:00 pm",0.447003
"Apr 24, 07:00 pm",0
"Apr 24, 08:00 pm",0
"Apr 24, 09:00 pm",0
"Apr 24, 10:00 pm",0
"Apr 24, 11:00 pm",0
"Apr 25, 12:00 am",0
"Apr 25, 01:00 am",0
"Apr 25, 02:00 am",0
"Apr 25, 03:00 am",0
"Apr 25, 04:00 am",0
"Apr 25, 05:00 am",0
"Apr 25, 06:00 am",3.19716
"Apr 25, 07:00 am",9.03018
"Apr 25, 08:00 am",12.6233
"Apr 25, 09:00 am",14.3312
"Apr 25, 10:00 am",14.5758
"Apr 25, 11:00 am",14.0093
"Apr 25, 12:00 pm",12.6176
"Apr 25, 01:00 pm",10.5393
"Apr 25, 02:00 pm",7.79262
"Apr 25, 03:00 pm",4.20378
"Apr 25, 04:00 pm",1.41564
"Apr 25, 05:00 pm",1.14404
"Apr 25, 06:00 pm",0.445538
"Apr 25, 07:00 pm",0
"Apr 25, 08:00 pm",0
"Apr 25, 09:00 pm",0
"Apr 25, 10:00 pm",0
"Apr 25, 11:00 pm",0
"Apr 26, 12:00 am",0
"Apr 26, 01:00 am",0
"Apr 26, 02:00 am",0
"Apr 26, 03:00 am",0
"Apr 26, 04:00 am",0
"Apr 26, 05:00 am",0
"Apr 26, 06:00 am",4.50162
"Apr 26, 07:00 am",10.2861
"Apr 26, 08:00 am",13.598
"Apr 26, 09:00 am",15.3496
"Apr 26, 10:00 am",15.6823
"Apr 26, 11:00 am",14.8033
"Apr 26, 12:00 pm",13.3536
"Apr 26, 01:00 pm",11.137
"Apr 26, 02:00 pm",8.10853
"Apr 26, 03:00 pm",4.18493
"Apr 26, 04:00 pm",1.00254
"Apr 26, 05:00 pm",0.808206
"Apr 26, 06:00 pm",0.360753
"Apr 26, 07:00 pm",0
"Apr 26, 08:00 pm",0
"Apr 26, 09:00 pm",0
"Apr 26, 10:00 pm",0
"Apr 26, 11:00 pm",0
"Apr 27, 12:00 am",0
"Apr 27, 01:00 am",0
"Apr 27, 02:00 am",0
"Apr 27, 03:00 am",0
"Apr 27, 04:00 am",0
"Apr 27, 05:00 am",0
"Apr 27, 06:00 am",6.29449
"Apr 27, 07:00 am",11.2842
"Apr 27, 08:00 am",13.9778
"Apr 27, 09:00 am",15.3274
"Apr 27, 10:00 am",15.5126
"Apr 27, 11:00 am",14.7236
"Apr 27, 12:00 pm",13.1102
"Apr 27, 01:00 pm",10.8657
"Apr 27, 02:00 pm",7.95356
"Apr 27, 03:00 pm",4.1406
"Apr 27, 04:00 pm",0.831588
"Apr 27, 05:00 pm",0.639979
"Apr 27, 06:00 pm",0.299982
"Apr 27, 07:00 pm",0
"Apr 27, 08:00 pm",0
"Apr 27, 09:00 pm",0
"Apr 27, 10:00 pm",0
"Apr 27, 11:00 pm",0
"Apr 28, 12:00 am",0
"Apr 28, 01:00 am",0
"Apr 28, 02:00 am",0
"Apr 28, 03:00 am",0
"Apr 28, 04:00 am",0
"Apr 28, 05:00 am",0
"Apr 28, 06:00 am",5.76382
"Apr 28, 07:00 am",10.435
"Apr 28, 08:00 am",12.9651
"Apr 28, 09:00 am",14.1401
"Apr 28, 10:00 am",14.7674
"Apr 28, 11:00 am",14.1315
"Apr 28, 12:00 pm",12.7159
"Apr 28, 01:00 pm",10.522
"Apr 28, 02:00 pm",7.69446
"Apr 28, 03:00 pm",4.14155
"Apr 28, 04:00 pm",1.34838
"Apr 28, 05:00 pm",0.982374
"Apr 28, 06:00 pm",0.380735
"Apr 28, 07:00 pm",0
"Apr 28, 08:00 pm",0
"Apr 28, 09:00 pm",0
"Apr 28, 10:00 pm",0
"Apr 28, 11:00 pm",0
"Apr 29, 12:00 am",0
"Apr 29, 01:00 am",0
"Apr 29, 02:00 am",0
"Apr 29, 03:00 am",0
"Apr 29, 04:00 am",0
"Apr 29, 05:00 am",0
"Apr 29, 06:00 am",5.20984
"Apr 29, 07:00 am",10.3788
"Apr 29, 08:00 am",13.3108
"Apr 29, 09:00 am",14.9241
"Apr 29, 10:00 am",15.258
"Apr 29, 11:00 am",14.7743
"Apr 29, 12:00 pm",13.3428
"Apr 29, 01:00 pm",11.0976
"Apr 29, 02:00 pm",8.13351
"Apr 29, 03:00 pm",4.20184
"Apr 29, 04:00 pm",1.06352
"Apr 29, 05:00 pm",0.745536
"Apr 29, 06:00 pm",0.396714
"Apr 29, 07:00 pm",0
"Apr 29, 08:00 pm",0
"Apr 29, 09:00 pm",0
"Apr 29, 10:00 pm",0
"Apr 29, 11:00 pm",0
"Apr 30, 12:00 am",0
"Apr 30, 01:00 am",0
"Apr 30, 02:00 am",0
"Apr 30, 03:00 am",0
"Apr 30, 04:00 am",0
"Apr 30, 05:00 am",0
"Apr 30, 06:00 am",5.46338
"Apr 30, 07:00 am",11.0842
"Apr 30, 08:00 am",14.203
"Apr 30, 09:00 am",15.8382
"Apr 30, 10:00 am",16.2921
"Apr 30, 11:00 am",15.4877
"Apr 30, 12:00 pm",13.8405
"Apr 30, 01:00 pm",11.6741
"Apr 30, 02:00 pm",8.54544
"Apr 30, 03:00 pm",4.55977
"Apr 30, 04:00 pm",1.32457
"Apr 30, 05:00 pm",0.893302
"Apr 30, 06:00 pm",0.425915
"Apr 30, 07:00 pm",0
"Apr 30, 08:00 pm",0
"Apr 30, 09:00 pm",0
"Apr 30, 10:00 pm",0
"Apr 30, 11:00 pm",0
"May 1, 12:00 am",0
"May 1, 01:00 am",0
"May 1, 02:00 am",0
"May 1, 03:00 am",0
"May 1, 04:00 am",0
"May 1, 05:00 am",0
"May 1, 06:00 am",4.52652
"May 1, 07:00 am",9.6637
"May 1, 08:00 am",12.8357
"May 1, 09:00 am",14.3325
"May 1, 10:00 am",14.8633
"May 1, 11:00 am",14.35
"May 1, 12:00 pm",13.0232
"May 1, 01:00 pm",10.9479
"May 1, 02:00 pm",8.06044
"May 1, 03:00 pm",4.32101
"May 1, 04:00 pm",1.13277
"May 1, 05:00 pm",0.878943
"May 1, 06:00 pm",0.449297
"May 1, 07:00 pm",0
"May 1, 08:00 pm",0
"May 1, 09:00 pm",0
"May 1, 10:00 pm",0
"May 1, 11:00 pm",0
"May 2, 12:00 am",0
"May 2, 01:00 am",0
"May 2, 02:00 am",0
"May 2, 03:00 am",0
"May 2, 04:00 am",0
"May 2, 05:00 am",0
"May 2, 06:00 am",5.41216
"May 2, 07:00 am",10.3279
"May 2, 08:00 am",12.9081
"May 2, 09:00 am",14.0569
"May 2, 10:00 am",14.0498
"May 2, 11:00 am",13.5676
"May 2, 12:00 pm",12.2403
"May 2, 01:00 pm",10.2367
"May 2, 02:00 pm",7.76179
"May 2, 03:00 pm",4.2564
"May 2, 04:00 pm",1.2109
"May 2, 05:00 pm",0.901187
"May 2, 06:00 pm",0.465751
"May 2, 07:00 pm",0
"May 2, 08:00 pm",0
"May 2, 09:00 pm",0
"May 2, 10:00 pm",0
"May 2, 11:00 pm",0
"May 3, 12:00 am",0
"May 3, 01:00 am",0
"May 3, 02:00 am",0
"May 3, 03:00 am",0
"May 3, 04:00 am",0
"May 3, 05:00 am",0
"May 3, 06:00 am",3.3372
"May 3, 07:00 am",7.91832
"May 3, 08:00 am",14.1132
"May 3, 09:00 am",15.8797
"May 3, 10:00 am",16.2573
"May 3, 11:00 am",15.6222
"May 3, 12:00 pm",14.0415
"May 3, 01:00 pm",11.703
"May 3, 02:00 pm",8.62178
"May 3, 03:00 pm",4.6504
"May 3, 04:00 pm",1.16181
"May 3, 05:00 pm",0.760466
"May 3, 06:00 pm",0.446322
"May 3, 07:00 pm",0
"May 3, 08:00 pm",0
"May 3, 09:00 pm",0
"May 3, 10:00 pm",0
"May 3, 11:00 pm",0
"May 4, 12:00 am",0
"May 4, 01:00 am",0
"May 4, 02:00 am",0
"May 4, 03:00 am",0
"May 4, 04:00 am",0
"May 4, 05:00 am",0
"May 4, 06:00 am",5.98697
"May 4, 07:00 am",10.9259
"May 4, 08:00 am",13.6644
"May 4, 09:00 am",15.0888
"May 4, 10:00 am",15.4796
"May 4, 11:00 am",14.957
"May 4, 12:00 pm",13.4861
"May 4, 01:00 pm",11.2441
"May 4, 02:00 pm",8.33913
"May 4, 03:00 pm",4.45109
"May 4, 04:00 pm",1.16795
"May 4, 05:00 pm",0.752334
"May 4, 06:00 pm",0.424806
"May 4, 07:00 pm",0
"May 4, 08:00 pm",0
"May 4, 09:00 pm",0
"May 4, 10:00 pm",0
"May 4, 11:00 pm",0
"May 5, 12:00 am",0
"May 5, 01:00 am",0
"May 5, 02:00 am",0
"May 5, 03:00 am",0
"May 5, 04:00 am",0
"May 5, 05:00 am",0
"May 5, 06:00 am",6.00499
"May 5, 07:00 am",10.5031
"May 5, 08:00 am",13.0697
"May 5, 09:00 am",14.5058
"May 5, 10:00 am",15.1373
"May 5, 11:00 am",14.7828
"May 5, 12:00 pm",13.4655
"May 5, 01:00 pm",11.2505
"May 5, 02:00 pm",8.31647
"May 5, 03:00 pm",4.52011
"May 5, 04:00 pm",1.14592
"May 5, 05:00 pm",0.717366
"May 5, 06:00 pm",0.434476
"May 5, 07:00 pm",0
"May 5, 08:00 pm",0
"May 5, 09:00 pm",0
"May 5, 10:00 pm",0
"May 5, 11:00 pm",0
"May 6, 12:00 am",0
"May 6, 01:00 am",0
"May 6, 02:00 am",0
"May 6, 03:00 am",0
"May 6, 04:00 am",0
"May 6, 05:00 am",0
"May 6, 06:00 am",4.78199
"May 6, 07:00 am",9.88994
"May 6, 08:00 am",12.9442
"May 6, 09:00 am",14.1763
"May 6, 10:00 am",14.6998
"May 6, 11:00 am",14.4746
"May 6, 12:00 pm",13.1518
"May 6, 01:00 pm",11.009
"May 6, 02:00 pm",8.17221
"May 6, 03:00 pm",4.43121
"May 6, 04:00 pm",1.13471
"May 6, 05:00 pm",0.734892
"May 6, 06:00 pm",0.450994
"May 6, 07:00 pm",0
"May 6, 08:00 pm",0
"May 6, 09:00 pm",0
"May 6, 10:00 pm",0
"May 6, 11:00 pm",0
"May 7, 12:00 am",0
"May 7, 01:00 am",0
"May 7, 02:00 am",0
"May 7, 03:00 am",0
"May 7, 04:00 am",0
"May 7, 05:00 am",0
"May 7, 06:00 am",5.10419
"May 7, 07:00 am",9.90935
"May 7, 08:00 am",12.844
"May 7, 09:00 am",13.8457
"May 7, 10:00 am",14.009
"May 7, 11:00 am",13.6256
"May 7, 12:00 pm",12.3854
"May 7, 01:00 pm",10.4106
"May 7, 02:00 pm",7.79461
"May 7, 03:00 pm",4.20894
"May 7, 04:00 pm",1.10478
"May 7, 05:00 pm",0.685119
"May 7, 06:00 pm",0.41403
"May 7, 07:00 pm",0
"May 7, 08:00 pm",0
"May 7, 09:00 pm",0
"May 7, 10:00 pm",0
"May 7, 11:00 pm",0
"May 8, 12:00 am",0
"May 8, 01:00 am",0
"May 8, 02:00 am",0
"May 8, 03:00 am",0
"May 8, 04:00 am",0
"May 8, 05:00 am",0
"May 8, 06:00 am",5.89197
"May 8, 07:00 am",10.5024
"May 8, 08:00 am",12.9388
"May 8, 09:00 am",14.086
"May 8, 10:00 am",14.1589
"May 8, 11:00 am",13.232
"May 8, 12:00 pm",11.8181
"May 8, 01:00 pm",10.1907
"May 8, 02:00 pm",7.77602
"May 8, 03:00 pm",4.32157
"May 8, 04:00 pm",1.09756
"May 8, 05:00 pm",0.677788
"May 8, 06:00 pm",0.419755
"May 8, 07:00 pm",0
"May 8, 08:00 pm",0
"May 8, 09:00 pm",0
"May 8, 10:00 pm",0
"May 8, 11:00 pm",0
"May 9, 12:00 am",0
"May 9, 01:00 am",0
"May 9, 02:00 am",0
"May 9, 03:00 am",0
"May 9, 04:00 am",0
"May 9, 05:00 am",0
"May 9, 06:00 am",5.56578
"May 9, 07:00 am",9.89431
"May 9, 08:00 am",12.0273
"May 9, 09:00 am",13.3041
"May 9, 10:00 am",13.8919
"May 9, 11:00 am",13.6574
"May 9, 12:00 pm",12.5484
"May 9, 01:00 pm",10.5958
"May 9, 02:00 pm",7.96042
"May 9, 03:00 pm",4.36665
"May 9, 04:00 pm",1.15899
"May 9, 05:00 pm",0.806943
"May 9, 06:00 pm",0.465574
"May 9, 07:00 pm",0
"May 9, 08:00 pm",0
"May 9, 09:00 pm",0
"May 9, 10:00 pm",0
"May 9, 11:00 pm",0
"May 10, 12:00 am",0
"May 10, 01:00 am",0
"May 10, 02:00 am",0
"May 10, 03:00 am",0
"May 10, 04:00 am",0
"May 10, 05:00 am",0
"May 10, 06:00 am",5.28289
"May 10, 07:00 am",9.94066
"May 10, 08:00 am",12.6313
"May 10, 09:00 am",13.9388
"May 10, 10:00 am",14.3784
"May 10, 11:00 am",14.0434
"May 10, 12:00 pm",12.7842
"May 10, 01:00 pm",10.7277
"May 10, 02:00 pm",8.02313
"May 10, 03:00 pm",4.4098
"May 10, 04:00 pm",1.19712
"May 10, 05:00 pm",0.797501
"May 10, 06:00 pm",0.454396
"May 10, 07:00 pm",0
"May 10, 08:00 pm",0
"May 10, 09:00 pm",0
"May 10, 10:00 pm",0
"May 10, 11:00 pm",0
"May 11, 12:00 am",0
"May 11, 01:00 am",0
"May 11, 02:00 am",0
"May 11, 03:00 am",0
"May 11, 04:00 am",0
"May 11, 05:00 am",0
"May 11, 06:00 am",5.536
"May 11, 07:00 am",10.1754
"May 11, 08:00 am",12.8808
"May 11, 09:00 am",14.2582
"May 11, 10:00 am",14.5208
"May 11, 11:00 am",14.0442
"May 11, 12:00 pm",12.768
"May 11, 01:00 pm",10.7465
"May 11, 02:00 pm",8.06417
"May 11, 03:00 pm",4.43566
"May 11, 04:00 pm",1.19982
"May 11, 05:00 pm",0.815326
"May 11, 06:00 pm",0.474915
"May 11, 07:00 pm",0
"May 11, 08:00 pm",0
"May 11, 09:00 pm",0
"May 11, 10:00 pm",0
"May 11, 11:00 pm",0
"May 12, 12:00 am",0
"May 12, 01:00 am",0
"May 12, 02:00 am",0
"May 12, 03:00 am",0
"May 12, 04:00 am",0
"May 12, 05:00 am",-0
"May 12, 06:00 am",4.60604
"May 12, 07:00 am",9.64405
"May 12, 08:00 am",12.5705
"May 12, 09:00 am",13.9569
"May 12, 10:00 am",14.4297
"May 12, 11:00 am",13.8819
"May 12, 12:00 pm",12.5565
"May 12, 01:00 pm",10.5
"May 12, 02:00 pm",7.86461
"May 12, 03:00 pm",4.47979
"May 12, 04:00 pm",2.46098
"May 12, 05:00 pm",1.57576
"May 12, 06:00 pm",0.247205
"May 12, 07:00 pm",0
"May 12, 08:00 pm",0
"May 12, 09:00 pm",0
"May 12, 10:00 pm",0
"May 12, 11:00 pm",0
"May 13, 12:00 am",0
"May 13, 01:00 am",0
"May 13, 02:00 am",0
"May 13, 03:00 am",0
"May 13, 04:00 am",0
"May 13, 05:00 am",-0
"May 13, 06:00 am",4.11697
"May 13, 07:00 am",9.39378
"May 13, 08:00 am",12.1135
"May 13, 09:00 am",13.345
"May 13, 10:00 am",13.5753
"May 13, 11:00 am",8.97939
"May 13, 12:00 pm",11.8672
"May 13, 01:00 pm",9.86097
"May 13, 02:00 pm",7.54276
"May 13, 03:00 pm",4.57428
"May 13, 04:00 pm",1.28538
"May 13, 05:00 pm",1.43594
"May 13, 06:00 pm",0.569785
"May 13, 07:00 pm",0
"May 13, 08:00 pm",0
"May 13, 09:00 pm",0
"May 13, 10:00 pm",0
"May 13, 11:00 pm",0
"May 14, 12:00 am",0
"May 14, 01:00 am",0
"May 14, 02:00 am",0
"May 14, 03:00 am",0
"May 14, 04:00 am",0
"May 14, 05:00 am",-0
"May 14, 06:00 am",5.33753
"May 14, 07:00 am",9.75707
"May 14, 08:00 am",12.6018
"May 14, 09:00 am",13.9331
"May 14, 10:00 am",14.3597
"May 14, 11:00 am",14.0019
"May 14, 12:00 pm",12.7966
"May 14, 01:00 pm",10.839
"May 14, 02:00 pm",8.13097
"May 14, 03:00 pm",4.49622
"May 14, 04:00 pm",1.26327
"May 14, 05:00 pm",0.599536
"May 14, 06:00 pm",0.598147
"May 14, 07:00 pm",0
"May 14, 08:00 pm",0
"May 14, 09:00 pm",0
"May 14, 10:00 pm",0
"May 14, 11:00 pm",0
"May 15, 12:00 am",0
"May 15, 01:00 am",0
"May 15, 02:00 am",0
"May 15, 03:00 am",0
"May 15, 04:00 am",0
"May 15, 05:00 am",-0
"May 15, 06:00 am",6.19066
"May 15, 07:00 am",10.4776
"May 15, 08:00 am",12.9948
"May 15, 09:00 am",14.3252
"May 15, 10:00 am",14.8338
"May 15, 11:00 am",14.4482
"May 15, 12:00 pm",13.1774
"May 15, 01:00 pm",11.1269
"May 15, 02:00 pm",8.35142
"May 15, 03:00 pm",4.64501
"May 15, 04:00 pm",1.12386
"May 15, 05:00 pm",0.647506
"May 15, 06:00 pm",0.596278
"May 15, 07:00 pm",0
"May 15, 08:00 pm",0
"May 15, 09:00 pm",0
"May 15, 10:00 pm",0
"May 15, 11:00 pm",0
"May 16, 12:00 am",0
"May 16, 01:00 am",0
"May 16, 02:00 am",0
"May 16, 03:00 am",0
"May 16, 04:00 am",0
"May 16, 05:00 am",-0
"May 16, 06:00 am",6.76566
"May 16, 07:00 am",10.9355
"May 16, 08:00 am",13.2528
"May 16, 09:00 am",14.2678
"May 16, 10:00 am",14.5798
"May 16, 11:00 am",14.1416
"May 16, 12:00 pm",12.9684
"May 16, 01:00 pm",11.002
"May 16, 02:00 pm",8.32748
"May 16, 03:00 pm",4.67471
"May 16, 04:00 pm",1.24703
"May 16, 05:00 pm",0.608837
"May 16, 06:00 pm",0.381648
"May 16, 07:00 pm",0
"May 16, 08:00 pm",0
"May 16, 09:00 pm",0
"May 16, 10:00 pm",0
"May 16, 11:00 pm",0
"May 17, 12:00 am",0
"May 17, 01:00 am",0
"May 17, 02:00 am",0
"May 17, 03:00 am",0
"May 17, 04:00 am",0
"May 17, 05:00 am",-0
"May 17, 06:00 am",6.29378
"May 17, 07:00 am",10.4903
"May 17, 08:00 am",12.7472
"May 17, 09:00 am",11.4531
"May 17, 10:00 am",13.525
"May 17, 11:00 am",12.6702
"May 17, 12:00 pm",9.13446
"May 17, 01:00 pm",10.6072
"May 17, 02:00 pm",8.0804
"May 17, 03:00 pm",4.59321
"May 17, 04:00 pm",1.24668
"May 17, 05:00 pm",0.634278
"May 17, 06:00 pm",0.427427
"May 17, 07:00 pm",0
"May 17, 08:00 pm",0
"May 17, 09:00 pm",0
"May 17, 10:00 pm",0
"May 17, 11:00 pm",0
"May 18, 12:00 am",0
"May 18, 01:00 am",0
"May 18, 02:00 am",0
"May 18, 03:00 am",0
"May 18, 04:00 am",0
"May 18, 05:00 am",-0
"May 18, 06:00 am",6.05419
"May 18, 07:00 am",10.1881
"May 18, 08:00 am",12.0172
"May 18, 09:00 am",4.15401
"May 18, 10:00 am",14.145
"May 18, 11:00 am",13.8244
"May 18, 12:00 pm",10.1609
"May 18, 01:00 pm",8.07785
"May 18, 02:00 pm",6.74032
"May 18, 03:00 pm",0.365675
"May 18, 04:00 pm",2.45846
"May 18, 05:00 pm",1.66573
"May 18, 06:00 pm",0.630654
"May 18, 07:00 pm",0
"May 18, 08:00 pm",0
"May 18, 09:00 pm",0
"May 18, 10:00 pm",0
"May 18, 11:00 pm",0
"May 19, 12:00 am",0
"May 19, 01:00 am",0
"May 19, 02:00 am",0
"May 19, 03:00 am",0
"May 19, 04:00 am",0
"May 19, 05:00 am",-0
"May 19, 06:00 am",-0
"May 19, 07:00 am",1.18793
"May 19, 08:00 am",1.69818
"May 19, 09:00 am",8.77547
"May 19, 10:00 am",12.3497
"May 19, 11:00 am",5.32575
"May 19, 12:00 pm",9.10017
"May 19, 01:00 pm",8.5651
"May 19, 02:00 pm",7.45685
"May 19, 03:00 pm",3.83126
"May 19, 04:00 pm",2.09345
"May 19, 05:00 pm",-0
"May 19, 06:00 pm",0.509658
"May 19, 07:00 pm",0
"May 19, 08:00 pm",0
"May 19, 09:00 pm",0
"May 19, 10:00 pm",0
"May 19, 11:00 pm",0
"May 20, 12:00 am",0
"May 20, 01:00 am",0
"May 20, 02:00 am",0
"May 20, 03:00 am",0
"May 20, 04:00 am",0
"May 20, 05:00 am",-0
"May 20, 06:00 am",5.93644
"May 20, 07:00 am",10.0907
"May 20, 08:00 am",12.6517
"May 20, 09:00 am",13.8848
"May 20, 10:00 am",14.1614
"May 20, 11:00 am",13.6103
"May 20, 12:00 pm",12.2233
"May 20, 01:00 pm",10.3145
"May 20, 02:00 pm",7.86928
"May 20, 03:00 pm",4.52368
"May 20, 04:00 pm",1.40247
"May 20, 05:00 pm",0.751146
"May 20, 06:00 pm",0.506584
"May 20, 07:00 pm",0
"May 20, 08:00 pm",0
"May 20, 09:00 pm",0
"May 20, 10:00 pm",0
"May 20, 11:00 pm",0
"May 21, 12:00 am",0
"May 21, 01:00 am",0
"May 21, 02:00 am",0
"May 21, 03:00 am",0
"May 21, 04:00 am",0
"May 21, 05:00 am",-0
"May 21, 06:00 am",6.3674
"May 21, 07:00 am",10.5986
"May 21, 08:00 am",13.1118
"May 21, 09:00 am",14.0068
"May 21, 10:00 am",13.99
"May 21, 11:00 am",13.2938
"May 21, 12:00 pm",11.9019
"May 21, 01:00 pm",10.1333
"May 21, 02:00 pm",7.79196
"May 21, 03:00 pm",4.54185
"May 21, 04:00 pm",1.24617
"May 21, 05:00 pm",0.66418
"May 21, 06:00 pm",0.407531
"May 21, 07:00 pm",0
"May 21, 08:00 pm",0
"May 21, 09:00 pm",0
"May 21, 10:00 pm",0
"May 21, 11:00 pm",0
"May 22, 12:00 am",0
"May 22, 01:00 am",0
"May 22, 02:00 am",0
"May 22, 03:00 am",0
"May 22, 04:00 am",0
"May 22, 05:00 am",-0
"May 22, 06:00 am",6.99279
"May 22, 07:00 am",10.9181
"May 22, 08:00 am",13.0182
"May 22, 09:00 am",13.9519
"May 22, 10:00 am",14.0604
"May 22, 11:00 am",13.4362
"May 22, 12:00 pm",12.1951
"May 22, 01:00 pm",10.4212
"May 22, 02:00 pm",8.02228
"May 22, 03:00 pm",4.65542
"May 22, 04:00 pm",1.23776
"May 22, 05:00 pm",0.637085
"May 22, 06:00 pm",0.389123
"May 22, 07:00 pm",0
"May 22, 08:00 pm",0
"May 22, 09:00 pm",0
"May 22, 10:00 pm",0
"May 22, 11:00 pm",0
"May 23, 12:00 am",0
"May 23, 01:00 am",0
"May 23, 02:00 am",0
"May 23, 03:00 am",0
"May 23, 04:00 am",0
"May 23, 05:00 am",-0
"May 23, 06:00 am",7.19307
"May 23, 07:00 am",11.0844
"May 23, 08:00 am",13.0487
"May 23, 09:00 am",13.9609
"May 23, 10:00 am",13.9488
"May 23, 11:00 am",13.406
"May 23, 12:00 pm",12.3504
"May 23, 01:00 pm",10.5742
"May 23, 02:00 pm",8.08719
"May 23, 03:00 pm",4.66725
"May 23, 04:00 pm",1.33973
"May 23, 05:00 pm",0.617882
"May 23, 06:00 pm",0.389105
"May 23, 07:00 pm",0
"May 23, 08:00 pm",0
"May 23, 09:00 pm",0
"May 23, 10:00 pm",0
"May 23, 11:00 pm",0
"May 24, 12:00 am",0
"May 24, 01:00 am",0
"May 24, 02:00 am",0
"May 24, 03:00 am",0
"May 24, 04:00 am",0
"May 24, 05:00 am",-0
"May 24, 06:00 am",6.94782
"May 24, 07:00 am",10.6793
"May 24, 08:00 am",12.6361
"May 24, 09:00 am",13.2823
"May 24, 10:00 am",13.7104
"May 24, 11:00 am",13.6928
"May 24, 12:00 pm",12.6809
"May 24, 01:00 pm",10.7881
"May 24, 02:00 pm",8.21922
"May 24, 03:00 pm",4.73612
"May 24, 04:00 pm",1.30565
"May 24, 05:00 pm",0.676431
"May 24, 06:00 pm",0.43636
"May 24, 07:00 pm",0
"May 24, 08:00 pm",0
"May 24, 09:00 pm",0
"May 24, 10:00 pm",0
"May 24, 11:00 pm",0
"May 25, 12:00 am",0
"May 25, 01:00 am",0
"May 25, 02:00 am",0
"May 25, 03:00 am",0
"May 25, 04:00 am",0
"May 25, 05:00 am",-0
"May 25, 06:00 am",6.45118
"May 25, 07:00 am",10.3966
"May 25, 08:00 am",12.5535
"May 25, 09:00 am",13.82
"May 25, 10:00 am",14.3591
"May 25, 11:00 am",13.9895
"May 25, 12:00 pm",12.8116
"May 25, 01:00 pm",10.9274
"May 25, 02:00 pm",8.33655
"May 25, 03:00 pm",4.82896
"May 25, 04:00 pm",1.37213
"May 25, 05:00 pm",0.645183
"May 25, 06:00 pm",0.475718
"May 25, 07:00 pm",0
"May 25, 08:00 pm",0
"May 25, 09:00 pm",0
"May 25, 10:00 pm",0
"May 25, 11:00 pm",0
"May 26, 12:00 am",0
"May 26, 01:00 am",0
"May 26, 02:00 am",0
"May 26, 03:00 am",0
"May 26, 04:00 am",0
"May 26, 05:00 am",-0
"May 26, 06:00 am",6.45793
"May 26, 07:00 am",3.68534
"May 26, 08:00 am",12.6186
"May 26, 09:00 am",13.88
"May 26, 10:00 am",14.3364
"May 26, 11:00 am",13.3102
"May 26, 12:00 pm",12.0711
"May 26, 01:00 pm",10.5446
"May 26, 02:00 pm",8.0107
"May 26, 03:00 pm",4.85032
"May 26, 04:00 pm",1.40141
"May 26, 05:00 pm",1.11411
"May 26, 06:00 pm",0.448965
"May 26, 07:00 pm",0
"May 26, 08:00 pm",0
"May 26, 09:00 pm",0
"May 26, 10:00 pm",0
"May 26, 11:00 pm",0
"May 27, 12:00 am",0
"May 27, 01:00 am",0
"May 27, 02:00 am",0
"May 27, 03:00 am",0
"May 27, 04:00 am",0
"May 27, 05:00 am",-0
"May 27, 06:00 am",6.52194
"May 27, 07:00 am",9.70145
"May 27, 08:00 am",8.54184
"May 27, 09:00 am",11.6838
"May 27, 10:00 am",12.2055
"May 27, 11:00 am",12.1856
"May 27, 12:00 pm",11.399
"May 27, 01:00 pm",9.79433
"May 27, 02:00 pm",6.46275
"May 27, 03:00 pm",3.23385
"May 27, 04:00 pm",2.86766
"May 27, 05:00 pm",1.74984
"May 27, 06:00 pm",0.0524617
"May 27, 07:00 pm",0
"May 27, 08:00 pm",0
"May 27, 09:00 pm",0
"May 27, 10:00 pm",0
"May 27, 11:00 pm",0
"May 28, 12:00 am",0
"May 28, 01:00 am",0
"May 28, 02:00 am",0
"May 28, 03:00 am",0
"May 28, 04:00 am",0
"May 28, 05:00 am",-0
"May 28, 06:00 am",6.41331
"May 28, 07:00 am",10.9129
"May 28, 08:00 am",13.4622
"May 28, 09:00 am",14.7528
"May 28, 10:00 am",14.8402
"May 28, 11:00 am",14.2685
"May 28, 12:00 pm",13.0172
"May 28, 01:00 pm",11.0503
"May 28, 02:00 pm",8.46492
"May 28, 03:00 pm",4.95419
"May 28, 04:00 pm",1.47542
"May 28, 05:00 pm",0.660418
"May 28, 06:00 pm",0.471085
"May 28, 07:00 pm",-0
"May 28, 08:00 pm",0
"May 28, 09:00 pm",0
"May 28, 10:00 pm",0
"May 28, 11:00 pm",0
"May 29, 12:00 am",0
"May 29, 01:00 am",0
"May 29, 02:00 am",0
"May 29, 03:00 am",0
"May 29, 04:00 am",0
"May 29, 05:00 am",0.103605
"May 29, 06:00 am",6.53313
"May 29, 07:00 am",10.6147
"May 29, 08:00 am",12.7558
"May 29, 09:00 am",13.5858
"May 29, 10:00 am",13.9726
"May 29, 11:00 am",13.7379
"May 29, 12:00 pm",12.5812
"May 29, 01:00 pm",10.6922
"May 29, 02:00 pm",8.22576
"May 29, 03:00 pm",4.79946
"May 29, 04:00 pm",2.18926
"May 29, 05:00 pm",0.991708
"May 29, 06:00 pm",0.62964
"May 29, 07:00 pm",-0
"May 29, 08:00 pm",0
"May 29, 09:00 pm",0
"May 29, 10:00 pm",0
"May 29, 11:00 pm",0
"May 30, 12:00 am",0
"May 30, 01:00 am",0
"May 30, 02:00 am",0
"May 30, 03:00 am",0
"May 30, 04:00 am",0
"May 30, 05:00 am",0.140806
"May 30, 06:00 am",6.52203
"May 30, 07:00 am",10.5227
"May 30, 08:00 am",12.9324
"May 30, 09:00 am",14.1568
"May 30, 10:00 am",14.3021
"May 30, 11:00 am",13.8447
"May 30, 12:00 pm",12.6342
"May 30, 01:00 pm",10.7073
"May 30, 02:00 pm",8.20252
"May 30, 03:00 pm",4.78589
"May 30, 04:00 pm",1.57908
"May 30, 05:00 pm",0.74501
"May 30, 06:00 pm",0.547908
"May 30, 07:00 pm",-0
"May 30, 08:00 pm",0
"May 30, 09:00 pm",0
"May 30, 10:00 pm",0
"May 30, 11:00 pm",0
"May 31, 12:00 am",0
"May 31, 01:00 am",0
"May 31, 02:00 am",0
"May 31, 03:00 am",0
"May 31, 04:00 am",0
"May 31, 05:00 am",0.166594
"May 31, 06:00 am",6.5496
"May 31, 07:00 am",10.5269
"May 31, 08:00 am",12.7135
"May 31, 09:00 am",13.6627
"May 31, 10:00 am",13.9778
"May 31, 11:00 am",13.6398
"May 31, 12:00 pm",12.5643
"May 31, 01:00 pm",10.7527
"May 31, 02:00 pm",8.30379
"May 31, 03:00 pm",4.89359
"May 31, 04:00 pm",1.47614
"May 31, 05:00 pm",0.685648
"May 31, 06:00 pm",0.512504
"May 31, 07:00 pm",-0
"May 31, 08:00 pm",0
"May 31, 09:00 pm",0
"May 31, 10:00 pm",0
"May 31, 11:00 pm",0
"Jun 1, 12:00 am",0
"Jun 1, 01:00 am",0
"Jun 1, 02:00 am",0
"Jun 1, 03:00 am",0
"Jun 1, 04:00 am",0
"Jun 1, 05:00 am",0.233686
"Jun 1, 06:00 am",6.78174
"Jun 1, 07:00 am",10.4762
"Jun 1, 08:00 am",12.6185
"Jun 1, 09:00 am",13.4243
"Jun 1, 10:00 am",13.5704
"Jun 1, 11:00 am",13.2527
"Jun 1, 12:00 pm",12.2624
"Jun 1, 01:00 pm",9.64129
"Jun 1, 02:00 pm",8.19869
"Jun 1, 03:00 pm",4.90999
"Jun 1, 04:00 pm",1.55458
"Jun 1, 05:00 pm",0.724969
"Jun 1, 06:00 pm",0.519117
"Jun 1, 07:00 pm",-0
"Jun 1, 08:00 pm",0
"Jun 1, 09:00 pm",0
"Jun 1, 10:00 pm",0
"Jun 1, 11:00 pm",0
"Jun 2, 12:00 am",0
"Jun 2, 01:00 am",0
"Jun 2, 02:00 am",0
"Jun 2, 03:00 am",0
"Jun 2, 04:00 am",0
"Jun 2, 05:00 am",0.137948
"Jun 2, 06:00 am",6.21175
"Jun 2, 07:00 am",10.2723
"Jun 2, 08:00 am",12.6646
"Jun 2, 09:00 am",14.0574
"Jun 2, 10:00 am",14.3272
"Jun 2, 11:00 am",13.8868
"Jun 2, 12:00 pm",12.6812
"Jun 2, 01:00 pm",10.8204
"Jun 2, 02:00 pm",8.33154
"Jun 2, 03:00 pm",4.91569
"Jun 2, 04:00 pm",1.66599
"Jun 2, 05:00 pm",0.784366
"Jun 2, 06:00 pm",0.556226
"Jun 2, 07:00 pm",-0
"Jun 2, 08:00 pm",0
"Jun 2, 09:00 pm",0
"Jun 2, 10:00 pm",0
"Jun 2, 11:00 pm",0
"Jun 3, 12:00 am",0
"Jun 3, 01:00 am",0
"Jun 3, 02:00 am",0
"Jun 3, 03:00 am",0
"Jun 3, 04:00 am",0
"Jun 3, 05:00 am",0.39973
"Jun 3, 06:00 am",7.00605
"Jun 3, 07:00 am",10.6713
"Jun 3, 08:00 am",12.9401
"Jun 3, 09:00 am",14.1723
"Jun 3, 10:00 am",14.5541
"Jun 3, 11:00 am",14.0942
"Jun 3, 12:00 pm",12.8683
"Jun 3, 01:00 pm",10.9606
"Jun 3, 02:00 pm",8.44556
"Jun 3, 03:00 pm",5.05805
"Jun 3, 04:00 pm",1.6043
"Jun 3, 05:00 pm",0.724927
"Jun 3, 06:00 pm",0.548125
"Jun 3, 07:00 pm",-0
"Jun 3, 08:00 pm",0
"Jun 3, 09:00 pm",0
"Jun 3, 10:00 pm",0
"Jun 3, 11:00 pm",0
"Jun 4, 12:00 am",0
"Jun 4, 01:00 am",0
"Jun 4, 02:00 am",0
"Jun 4, 03:00 am",0
"Jun 4, 04:00 am",0
"Jun 4, 05:00 am",0.0273194
"Jun 4, 06:00 am",6.7117
"Jun 4, 07:00 am",10.3056
"Jun 4, 08:00 am",12.4534
"Jun 4, 09:00 am",13.4543
"Jun 4, 10:00 am",13.9107
"Jun 4, 11:00 am",13.5675
"Jun 4, 12:00 pm",12.4622
"Jun 4, 01:00 pm",10.6845
"Jun 4, 02:00 pm",8.21093
"Jun 4, 03:00 pm",4.94018
"Jun 4, 04:00 pm",1.6875
"Jun 4, 05:00 pm",0.911593
"Jun 4, 06:00 pm",0.633718
"Jun 4, 07:00 pm",-0
"Jun 4, 08:00 pm",0
"Jun 4, 09:00 pm",0
"Jun 4, 10:00 pm",0
"Jun 4, 11:00 pm",0
"Jun 5, 12:00 am",0
"Jun 5, 01:00 am",0
"Jun 5, 02:00 am",0
"Jun 5, 03:00 am",0
"Jun 5, 04:00 am",0
"Jun 5, 05:00 am",0.0798666
"Jun 5, 06:00 am",5.89184
"Jun 5, 07:00 am",10.0863
"Jun 5, 08:00 am",12.5863
"Jun 5, 09:00 am",13.686
"Jun 5, 10:00 am",13.7701
"Jun 5, 11:00 am",13.0629
"Jun 5, 12:00 pm",12.1258
"Jun 5, 01:00 pm",10.5391
"Jun 5, 02:00 pm",8.23455
"Jun 5, 03:00 pm",5.00254
"Jun 5, 04:00 pm",1.59351
"Jun 5, 05:00 pm",0.675914
"Jun 5, 06:00 pm",0.503967
"Jun 5, 07:00 pm",-0
"Jun 5, 08:00 pm",0
"Jun 5, 09:00 pm",0
"Jun 5, 10:00 pm",0
"Jun 5, 11:00 pm",0
"Jun 6, 12:00 am",0
"Jun 6, 01:00 am",0
"Jun 6, 02:00 am",0
"Jun 6, 03:00 am",0
"Jun 6, 04:00 am",0
"Jun 6, 05:00 am",0.282901
"Jun 6, 06:00 am",6.80811
"Jun 6, 07:00 am",10.635
"Jun 6, 08:00 am",12.8388
"Jun 6, 09:00 am",13.6959
"Jun 6, 10:00 am",13.6566
"Jun 6, 11:00 am",12.9839
"Jun 6, 12:00 pm",12.0555
"Jun 6, 01:00 pm",10.515
"Jun 6, 02:00 pm",8.10363
"Jun 6, 03:00 pm",4.97247
"Jun 6, 04:00 pm",1.77614
"Jun 6, 05:00 pm",1.00454
"Jun 6, 06:00 pm",0.694079
"Jun 6, 07:00 pm",-0
"Jun 6, 08:00 pm",0
"Jun 6, 09:00 pm",0
"Jun 6, 10:00 pm",0
"Jun 6, 11:00 pm",0
"Jun 7, 12:00 am",0
"Jun 7, 01:00 am",0
"Jun 7, 02:00 am",0
"Jun 7, 03:00 am",0
"Jun 7, 04:00 am",0
"Jun 7, 05:00 am",0.0829473
"Jun 7, 06:00 am",5.69611
"Jun 7, 07:00 am",9.71234
"Jun 7, 08:00 am",12.0743
"Jun 7, 09:00 am",12.9708
"Jun 7, 10:00 am",13.2909
"Jun 7, 11:00 am",13.1185
"Jun 7, 12:00 pm",12.2557
"Jun 7, 01:00 pm",10.5729
"Jun 7, 02:00 pm",8.27098
"Jun 7, 03:00 pm",5.00729
"Jun 7, 04:00 pm",1.63136
"Jun 7, 05:00 pm",0.693334
"Jun 7, 06:00 pm",0.531131
"Jun 7, 07:00 pm",-0
"Jun 7, 08:00 pm",0
"Jun 7, 09:00 pm",0
"Jun 7, 10:00 pm",0
"Jun 7, 11:00 pm",0
"Jun 8, 12:00 am",0
"Jun 8, 01:00 am",0
"Jun 8, 02:00 am",0
"Jun 8, 03:00 am",0
"Jun 8, 04:00 am",0
"Jun 8, 05:00 am",0.198609
"Jun 8, 06:00 am",6.58612
"Jun 8, 07:00 am",10.6781
"Jun 8, 08:00 am",13.1227
"Jun 8, 09:00 am",14.4472
"Jun 8, 10:00 am",14.8917
"Jun 8, 11:00 am",14.5238
"Jun 8, 12:00 pm",13.1859
"Jun 8, 01:00 pm",11.1246
"Jun 8, 02:00 pm",8.5164
"Jun 8, 03:00 pm",5.0794
"Jun 8, 04:00 pm",1.79491
"Jun 8, 05:00 pm",0.987383
"Jun 8, 06:00 pm",0.697256
"Jun 8, 07:00 pm",-0
"Jun 8, 08:00 pm",0
"Jun 8, 09:00 pm",0
"Jun 8, 10:00 pm",0
"Jun 8, 11:00 pm",0
"Jun 9, 12:00 am",0
"Jun 9, 01:00 am",0
"Jun 9, 02:00 am",0
"Jun 9, 03:00 am",0
"Jun 9, 04:00 am",0
"Jun 9, 05:00 am",0.168792
"Jun 9, 06:00 am",6.28061
"Jun 9, 07:00 am",10.3321
"Jun 9, 08:00 am",12.7427
"Jun 9, 09:00 am",13.9903
"Jun 9, 10:00 am",14.1568
"Jun 9, 11:00 am",13.7112
"Jun 9, 12:00 pm",12.6785
"Jun 9, 01:00 pm",10.8856
"Jun 9, 02:00 pm",8.50056
"Jun 9, 03:00 pm",5.10017
"Jun 9, 04:00 pm",1.58025
"Jun 9, 05:00 pm",0.681896
"Jun 9, 06:00 pm",0.472224
"Jun 9, 07:00 pm",-0
"Jun 9, 08:00 pm",0
"Jun 9, 09:00 pm",0
"Jun 9, 10:00 pm",0
"Jun 9, 11:00 pm",0
"Jun 10, 12:00 am",0
"Jun 10, 01:00 am",0
"Jun 10, 02:00 am",0
"Jun 10, 03:00 am",0
"Jun 10, 04:00 am",0
"Jun 10, 05:00 am",0.368349
"Jun 10, 06:00 am",6.93801
"Jun 10, 07:00 am",10.6904
"Jun 10, 08:00 am",12.7981
"Jun 10, 09:00 am",13.8216
"Jun 10, 10:00 am",14.3131
"Jun 10, 11:00 am",12.6729
"Jun 10, 12:00 pm",12.9131
"Jun 10, 01:00 pm",11.0355
"Jun 10, 02:00 pm",8.51383
"Jun 10, 03:00 pm",5.0983
"Jun 10, 04:00 pm",1.75694
"Jun 10, 05:00 pm",0.874518
"Jun 10, 06:00 pm",0.615623
"Jun 10, 07:00 pm",-0
"Jun 10, 08:00 pm",0
"Jun 10, 09:00 pm",0
"Jun 10, 10:00 pm",0
"Jun 10, 11:00 pm",0
"Jun 11, 12:00 am",0
"Jun 11, 01:00 am",0
"Jun 11, 02:00 am",0
"Jun 11, 03:00 am",0
"Jun 11, 04:00 am",0
"Jun 11, 05:00 am",0.122983
"Jun 11, 06:00 am",6.27695
"Jun 11, 07:00 am",10.2821
"Jun 11, 08:00 am",12.4229
"Jun 11, 09:00 am",13.079
"Jun 11, 10:00 am",12.9163
"Jun 11, 11:00 am",12.8293
"Jun 11, 12:00 pm",11.8539
"Jun 11, 01:00 pm",10.1978
"Jun 11, 02:00 pm",8.04716
"Jun 11, 03:00 pm",4.9629
"Jun 11, 04:00 pm",1.76327
"Jun 11, 05:00 pm",0.835856
"Jun 11, 06:00 pm",0.596908
"Jun 11, 07:00 pm",-0
"Jun 11, 08:00 pm",0
"Jun 11, 09:00 pm",0
"Jun 11, 10:00 pm",0
"Jun 11, 11:00 pm",0
"Jun 12, 12:00 am",0
"Jun 12, 01:00 am",0
"Jun 12, 02:00 am",0
"Jun 12, 03:00 am",0
"Jun 12, 04:00 am",0
"Jun 12, 05:00 am",0.281387
"Jun 12, 06:00 am",6.22744
"Jun 12, 07:00 am",10.0109
"Jun 12, 08:00 am",12.3456
"Jun 12, 09:00 am",13.6208
"Jun 12, 10:00 am",12.9082
"Jun 12, 11:00 am",11.9714
"Jun 12, 12:00 pm",11.9938
"Jun 12, 01:00 pm",10.4654
"Jun 12, 02:00 pm",8.22373
"Jun 12, 03:00 pm",5.08983
"Jun 12, 04:00 pm",1.90314
"Jun 12, 05:00 pm",0.97493
"Jun 12, 06:00 pm",0.645275
"Jun 12, 07:00 pm",-0
"Jun 12, 08:00 pm",0
"Jun 12, 09:00 pm",0
"Jun 12, 10:00 pm",0
"Jun 12, 11:00 pm",0
"Jun 13, 12:00 am",0
"Jun 13, 01:00 am",0
"Jun 13, 02:00 am",0
"Jun 13, 03:00 am",0
"Jun 13, 04:00 am",0
"Jun 13, 05:00 am",0.0326576
"Jun 13, 06:00 am",5.07608
"Jun 13, 07:00 am",9.227
"Jun 13, 08:00 am",11.9839
"Jun 13, 09:00 am",7.87277
"Jun 13, 10:00 am",10.4409
"Jun 13, 11:00 am",12.6176
"Jun 13, 12:00 pm",11.5932
"Jun 13, 01:00 pm",9.81777
"Jun 13, 02:00 pm",7.76369
"Jun 13, 03:00 pm",4.9437
"Jun 13, 04:00 pm",1.93253
"Jun 13, 05:00 pm",1.02019
"Jun 13, 06:00 pm",0.669667
"Jun 13, 07:00 pm",-0
"Jun 13, 08:00 pm",0
"Jun 13, 09:00 pm",0
"Jun 13, 10:00 pm",0
"Jun 13, 11:00 pm",0
"Jun 14, 12:00 am",0
"Jun 14, 01:00 am",0
"Jun 14, 02:00 am",0
"Jun 14, 03:00 am",0
"Jun 14, 04:00 am",0
"Jun 14, 05:00 am",0.022426
"Jun 14, 06:00 am",4.59586
"Jun 14, 07:00 am",8.77597
"Jun 14, 08:00 am",11.3694
"Jun 14, 09:00 am",12.7242
"Jun 14, 10:00 am",13.404
"Jun 14, 11:00 am",13.4881
"Jun 14, 12:00 pm",12.4828
"Jun 14, 01:00 pm",10.7376
"Jun 14, 02:00 pm",8.3514
"Jun 14, 03:00 pm",5.07292
"Jun 14, 04:00 pm",1.80292
"Jun 14, 05:00 pm",0.730303
"Jun 14, 06:00 pm",0.544322
"Jun 14, 07:00 pm",-0
"Jun 14, 08:00 pm",0
"Jun 14, 09:00 pm",0
"Jun 14, 10:00 pm",0
"Jun 14, 11:00 pm",0
"Jun 15, 12:00 am",0
"Jun 15, 01:00 am",0
"Jun 15, 02:00 am",0
"Jun 15, 03:00 am",0
"Jun 15, 04:00 am",0
"Jun 15, 05:00 am",0.145478
"Jun 15, 06:00 am",5.74432
"Jun 15, 07:00 am",9.64985
"Jun 15, 08:00 am",11.9378
"Jun 15, 09:00 am",13.1028
"Jun 15, 10:00 am",13.4261
"Jun 15, 11:00 am",13.0543
"Jun 15, 12:00 pm",12.0431
"Jun 15, 01:00 pm",10.342
"Jun 15, 02:00 pm",8.05038
"Jun 15, 03:00 pm",4.99608
"Jun 15, 04:00 pm",2.00188
"Jun 15, 05:00 pm",1.06712
"Jun 15, 06:00 pm",0.714292
"Jun 15, 07:00 pm",-0
"Jun 15, 08:00 pm",0
"Jun 15, 09:00 pm",0
"Jun 15, 10:00 pm",0
"Jun 15, 11:00 pm",0
"Jun 16, 12:00 am",0
"Jun 16, 01:00 am",0
"Jun 16, 02:00 am",0
"Jun 16, 03:00 am",0
"Jun 16, 04:00 am",0
"Jun 16, 05:00 am",0.146518
"Jun 16, 06:00 am",6.02731
"Jun 16, 07:00 am",10.0941
"Jun 16, 08:00 am",12.4518
"Jun 16, 09:00 am",13.6555
"Jun 16, 10:00 am",13.6013
"Jun 16, 11:00 am",12.7383
"Jun 16, 12:00 pm",11.8459
"Jun 16, 01:00 pm",10.3873
"Jun 16, 02:00 pm",8.21829
"Jun 16, 03:00 pm",5.07464
"Jun 16, 04:00 pm",1.84262
"Jun 16, 05:00 pm",0.7702
"Jun 16, 06:00 pm",0.580536
"Jun 16, 07:00 pm",-0
"Jun 16, 08:00 pm",0
"Jun 16, 09:00 pm",0
"Jun 16, 10:00 pm",0
"Jun 16, 11:00 pm",0
"Jun 17, 12:00 am",0
"Jun 17, 01:00 am",0
"Jun 17, 02:00 am",0
"Jun 17, 03:00 am",0
"Jun 17, 04:00 am",0
"Jun 17, 05:00 am",0.441504
"Jun 17, 06:00 am",7.12821
"Jun 17, 07:00 am",10.944
"Jun 17, 08:00 am",13.1086
"Jun 17, 09:00 am",13.9478
"Jun 17, 10:00 am",13.6826
"Jun 17, 11:00 am",13.2887
"Jun 17, 12:00 pm",12.5677
"Jun 17, 01:00 pm",10.9047
"Jun 17, 02:00 pm",8.53614
"Jun 17, 03:00 pm",5.27478
"Jun 17, 04:00 pm",1.75671
"Jun 17, 05:00 pm",0.724699
"Jun 17, 06:00 pm",0.506646
"Jun 17, 07:00 pm",-0
"Jun 17, 08:00 pm",0
"Jun 17, 09:00 pm",0
"Jun 17, 10:00 pm",0
"Jun 17, 11:00 pm",0
"Jun 18, 12:00 am",0
"Jun 18, 01:00 am",0
"Jun 18, 02:00 am",0
"Jun 18, 03:00 am",0
"Jun 18, 04:00 am",0
"Jun 18, 05:00 am",0.2832
"Jun 18, 06:00 am",6.72963
"Jun 18, 07:00 am",10.5264
"Jun 18, 08:00 am",12.7235
"Jun 18, 09:00 am",13.4805
"Jun 18, 10:00 am",13.8913
"Jun 18, 11:00 am",13.7912
"Jun 18, 12:00 pm",12.7617
"Jun 18, 01:00 pm",10.9802
"Jun 18, 02:00 pm",8.6471
"Jun 18, 03:00 pm",5.31674
"Jun 18, 04:00 pm",1.85342
"Jun 18, 05:00 pm",0.678679
"Jun 18, 06:00 pm",0.481216
"Jun 18, 07:00 pm",0.0051949
"Jun 18, 08:00 pm",0
"Jun 18, 09:00 pm",0
"Jun 18, 10:00 pm",0
"Jun 18, 11:00 pm",0
"Jun 19, 12:00 am",0
"Jun 19, 01:00 am",0
"Jun 19, 02:00 am",0
"Jun 19, 03:00 am",0
"Jun 19, 04:00 am",0
"Jun 19, 05:00 am",0.250394
"Jun 19, 06:00 am",6.70957
"Jun 19, 07:00 am",10.7741
"Jun 19, 08:00 am",13.1674
"Jun 19, 09:00 am",14.2492
"Jun 19, 10:00 am",14.3242
"Jun 19, 11:00 am",13.68
"Jun 19, 12:00 pm",12.3755
"Jun 19, 01:00 pm",10.5316
"Jun 19, 02:00 pm",8.26094
"Jun 19, 03:00 pm",5.12057
"Jun 19, 04:00 pm",1.9498
"Jun 19, 05:00 pm",0.852661
"Jun 19, 06:00 pm",0.646509
"Jun 19, 07:00 pm",-0
"Jun 19, 08:00 pm",0
"Jun 19, 09:00 pm",0
"Jun 19, 10:00 pm",0
"Jun 19, 11:00 pm",0
"Jun 20, 12:00 am",0
"Jun 20, 01:00 am",0
"Jun 20, 02:00 am",0
"Jun 20, 03:00 am",0
"Jun 20, 04:00 am",0
"Jun 20, 05:00 am",0.230933
"Jun 20, 06:00 am",6.71484
"Jun 20, 07:00 am",10.5877
"Jun 20, 08:00 am",12.8384
"Jun 20, 09:00 am",13.5796
"Jun 20, 10:00 am",13.5668
"Jun 20, 11:00 am",13.3229
"Jun 20, 12:00 pm",12.4919
"Jun 20, 01:00 pm",10.9092
"Jun 20, 02:00 pm",8.53757
"Jun 20, 03:00 pm",5.32803
"Jun 20, 04:00 pm",1.9276
"Jun 20, 05:00 pm",0.806722
"Jun 20, 06:00 pm",0.612388
"Jun 20, 07:00 pm",-0
"Jun 20, 08:00 pm",0
"Jun 20, 09:00 pm",0
"Jun 20, 10:00 pm",0
"Jun 20, 11:00 pm",0
"Jun 21, 12:00 am",0
"Jun 21, 01:00 am",0
"Jun 21, 02:00 am",0
"Jun 21, 03:00 am",0
"Jun 21, 04:00 am",0
"Jun 21, 05:00 am",0.199811
"Jun 21, 06:00 am",6.4774
"Jun 21, 07:00 am",10.4105
"Jun 21, 08:00 am",12.6532
"Jun 21, 09:00 am",12.1742
"Jun 21, 10:00 am",12.6678
"Jun 21, 11:00 am",13.0056
"Jun 21, 12:00 pm",11.5147
"Jun 21, 01:00 pm",7.74032
"Jun 21, 02:00 pm",8.58449
"Jun 21, 03:00 pm",5.29375
"Jun 21, 04:00 pm",1.94014
"Jun 21, 05:00 pm",0.940954
"Jun 21, 06:00 pm",0.68505
"Jun 21, 07:00 pm",-0
"Jun 21, 08:00 pm",0
"Jun 21, 09:00 pm",0
"Jun 21, 10:00 pm",0
"Jun 21, 11:00 pm",0
"Jun 22, 12:00 am",0
"Jun 22, 01:00 am",0
"Jun 22, 02:00 am",0
"Jun 22, 03:00 am",0
"Jun 22, 04:00 am",0
"Jun 22, 05:00 am",0.171371
"Jun 22, 06:00 am",6.42791
"Jun 22, 07:00 am",10.1054
"Jun 22, 08:00 am",10.4855
"Jun 22, 09:00 am",13.7053
"Jun 22, 10:00 am",11.0524
"Jun 22, 11:00 am",10.5445
"Jun 22, 12:00 pm",9.55286
"Jun 22, 01:00 pm",9.73287
"Jun 22, 02:00 pm",8.46964
"Jun 22, 03:00 pm",5.31124
"Jun 22, 04:00 pm",1.92397
"Jun 22, 05:00 pm",0.78213
"Jun 22, 06:00 pm",0.620879
"Jun 22, 07:00 pm",-0
"Jun 22, 08:00 pm",0
"Jun 22, 09:00 pm",0
"Jun 22, 10:00 pm",0
"Jun 22, 11:00 pm",0
"Jun 23, 12:00 am",0
"Jun 23, 01:00 am",0
"Jun 23, 02:00 am",0
"Jun 23, 03:00 am",0
"Jun 23, 04:00 am",0
"Jun 23, 05:00 am",0.128223
"Jun 23, 06:00 am",6.12835
"Jun 23, 07:00 am",10.0967
"Jun 23, 08:00 am",12.2383
"Jun 23, 09:00 am",13.3321
"Jun 23, 10:00 am",13.9108
"Jun 23, 11:00 am",13.8698
"Jun 23, 12:00 pm",12.8871
"Jun 23, 01:00 pm",11.0906
"Jun 23, 02:00 pm",8.6935
"Jun 23, 03:00 pm",5.38509
"Jun 23, 04:00 pm",1.92193
"Jun 23, 05:00 pm",0.782766
"Jun 23, 06:00 pm",0.606842
"Jun 23, 07:00 pm",0.00520532
"Jun 23, 08:00 pm",0
"Jun 23, 09:00 pm",0
"Jun 23, 10:00 pm",0
"Jun 23, 11:00 pm",0
"Jun 24, 12:00 am",0
"Jun 24, 01:00 am",0
"Jun 24, 02:00 am",0
"Jun 24, 03:00 am",0
"Jun 24, 04:00 am",0
"Jun 24, 05:00 am",0.167066
"Jun 24, 06:00 am",6.53642
"Jun 24, 07:00 am",10.3882
"Jun 24, 08:00 am",12.4206
"Jun 24, 09:00 am",13.1501
"Jun 24, 10:00 am",13.3145
"Jun 24, 11:00 am",12.1797
"Jun 24, 12:00 pm",12.3112
"Jun 24, 01:00 pm",9.79735
"Jun 24, 02:00 pm",7.37072
"Jun 24, 03:00 pm",5.20003
"Jun 24, 04:00 pm",1.96101
"Jun 24, 05:00 pm",0.903218
"Jun 24, 06:00 pm",0.650534
"Jun 24, 07:00 pm",0.0051949
"Jun 24, 08:00 pm",0
"Jun 24, 09:00 pm",0
"Jun 24, 10:00 pm",0
"Jun 24, 11:00 pm",0
"Jun 25, 12:00 am",0
"Jun 25, 01:00 am",0
"Jun 25, 02:00 am",0
"Jun 25, 03:00 am",0
"Jun 25, 04:00 am",0
"Jun 25, 05:00 am",0.00911912
"Jun 25, 06:00 am",6.73064
"Jun 25, 07:00 am",10.6495
"Jun 25, 08:00 am",12.955
"Jun 25, 09:00 am",13.8542
"Jun 25, 10:00 am",13.814
"Jun 25, 11:00 am",12.9073
"Jun 25, 12:00 pm",11.7631
"Jun 25, 01:00 pm",10.2456
"Jun 25, 02:00 pm",8.20155
"Jun 25, 03:00 pm",5.1538
"Jun 25, 04:00 pm",1.96482
"Jun 25, 05:00 pm",0.824209
"Jun 25, 06:00 pm",0.632924
"Jun 25, 07:00 pm",-0
"Jun 25, 08:00 pm",0
"Jun 25, 09:00 pm",0
"Jun 25, 10:00 pm",0
"Jun 25, 11:00 pm",0
"Jun 26, 12:00 am",0
"Jun 26, 01:00 am",0
"Jun 26, 02:00 am",0
"Jun 26, 03:00 am",0
"Jun 26, 04:00 am",0
"Jun 26, 05:00 am",0.252405
"Jun 26, 06:00 am",6.81275
"Jun 26, 07:00 am",10.6815
"Jun 26, 08:00 am",13.0384
"Jun 26, 09:00 am",14.3706
"Jun 26, 10:00 am",14.9356
"Jun 26, 11:00 am",14.5672
"Jun 26, 12:00 pm",13.3671
"Jun 26, 01:00 pm",11.4026
"Jun 26, 02:00 pm",8.82097
"Jun 26, 03:00 pm",5.4442
"Jun 26, 04:00 pm",1.89377
"Jun 26, 05:00 pm",0.683833
"Jun 26, 06:00 pm",0.527046
"Jun 26, 07:00 pm",0.00427049
"Jun 26, 08:00 pm",0
"Jun 26, 09:00 pm",0
"Jun 26, 10:00 pm",0
"Jun 26, 11:00 pm",0
"Jun 27, 12:00 am",0
"Jun 27, 01:00 am",0
"Jun 27, 02:00 am",0
"Jun 27, 03:00 am",0
"Jun 27, 04:00 am",0
"Jun 27, 05:00 am",-0
"Jun 27, 06:00 am",6.40755
"Jun 27, 07:00 am",10.2851
"Jun 27, 08:00 am",12.3187
"Jun 27, 09:00 am",13.2821
"Jun 27, 10:00 am",13.6378
"Jun 27, 11:00 am",13.3882
"Jun 27, 12:00 pm",12.388
"Jun 27, 01:00 pm",10.6321
"Jun 27, 02:00 pm",8.37252
"Jun 27, 03:00 pm",5.22429
"Jun 27, 04:00 pm",2.10257
"Jun 27, 05:00 pm",0.989218
"Jun 27, 06:00 pm",0.642488
"Jun 27, 07:00 pm",-0
"Jun 27, 08:00 pm",0
"Jun 27, 09:00 pm",0
"Jun 27, 10:00 pm",0
"Jun 27, 11:00 pm",0
"Jun 28, 12:00 am",0
"Jun 28, 01:00 am",0
"Jun 28, 02:00 am",0
"Jun 28, 03:00 am",0
"Jun 28, 04:00 am",0
"Jun 28, 05:00 am",-0
"Jun 28, 06:00 am",5.4993
"Jun 28, 07:00 am",9.69578
"Jun 28, 08:00 am",12.318
"Jun 28, 09:00 am",13.5712
"Jun 28, 10:00 am",13.7152
"Jun 28, 11:00 am",13.0822
"Jun 28, 12:00 pm",11.8959
"Jun 28, 01:00 pm",10.191
"Jun 28, 02:00 pm",7.93115
"Jun 28, 03:00 pm",5.08395
"Jun 28, 04:00 pm",2.16846
"Jun 28, 05:00 pm",1.06502
"Jun 28, 06:00 pm",0.571948
"Jun 28, 07:00 pm",-0
"Jun 28, 08:00 pm",0
"Jun 28, 09:00 pm",0
"Jun 28, 10:00 pm",0
"Jun 28, 11:00 pm",0
"Jun 29, 12:00 am",0
"Jun 29, 01:00 am",0
"Jun 29, 02:00 am",0
"Jun 29, 03:00 am",0
"Jun 29, 04:00 am",0
"Jun 29, 05:00 am",-0
"Jun 29, 06:00 am",0.167832
"Jun 29, 07:00 am",5.8172
"Jun 29, 08:00 am",10.7993
"Jun 29, 09:00 am",7.38828
"Jun 29, 10:00 am",13.1005
"Jun 29, 11:00 am",12.6272
"Jun 29, 12:00 pm",11.7464
"Jun 29, 01:00 pm",10.125
"Jun 29, 02:00 pm",7.98161
"Jun 29, 03:00 pm",5.21513
"Jun 29, 04:00 pm",2.46636
"Jun 29, 05:00 pm",1.36906
"Jun 29, 06:00 pm",0.692191
"Jun 29, 07:00 pm",-0
"Jun 29, 08:00 pm",0
"Jun 29, 09:00 pm",0
"Jun 29, 10:00 pm",0
"Jun 29, 11:00 pm",0
"Jun 30, 12:00 am",0
"Jun 30, 01:00 am",0
"Jun 30, 02:00 am",0
"Jun 30, 03:00 am",0
"Jun 30, 04:00 am",0
"Jun 30, 05:00 am",-0
"Jun 30, 06:00 am",4.14595
"Jun 30, 07:00 am",7.49956
"Jun 30, 08:00 am",10.4894
"Jun 30, 09:00 am",12.18
"Jun 30, 10:00 am",13.0213
"Jun 30, 11:00 am",13.1508
"Jun 30, 12:00 pm",12.0889
"Jun 30, 01:00 pm",10.3468
"Jun 30, 02:00 pm",8.01521
"Jun 30, 03:00 pm",5.24936
"Jun 30, 04:00 pm",3.07956
"Jun 30, 05:00 pm",0.686387
"Jun 30, 06:00 pm",0.533832
"Jun 30, 07:00 pm",-0
"Jun 30, 08:00 pm",0
"Jun 30, 09:00 pm",0
"Jun 30, 10:00 pm",0
"Jun 30, 11:00 pm",0
"Jul 1, 12:00 am",0
"Jul 1, 01:00 am",0
"Jul 1, 02:00 am",0
"Jul 1, 03:00 am",0
"Jul 1, 04:00 am",0
"Jul 1, 05:00 am",-0
"Jul 1, 06:00 am",6.14487
"Jul 1, 07:00 am",10.3164
"Jul 1, 08:00 am",12.7663
"Jul 1, 09:00 am",13.9965
"Jul 1, 10:00 am",14.4688
"Jul 1, 11:00 am",14.1598
"Jul 1, 12:00 pm",13.0022
"Jul 1, 01:00 pm",11.1627
"Jul 1, 02:00 pm",8.61861
"Jul 1, 03:00 pm",5.35546
"Jul 1, 04:00 pm",1.87858
"Jul 1, 05:00 pm",0.693876
"Jul 1, 06:00 pm",0.534285
"Jul 1, 07:00 pm",0.00375506
"Jul 1, 08:00 pm",0
"Jul 1, 09:00 pm",0
"Jul 1, 10:00 pm",0
"Jul 1, 11:00 pm",0
"Jul 2, 12:00 am",0
"Jul 2, 01:00 am",0
"Jul 2, 02:00 am",0
"Jul 2, 03:00 am",0
"Jul 2, 04:00 am",0
"Jul 2, 05:00 am",-0
"Jul 2, 06:00 am",6.3369
"Jul 2, 07:00 am",10.2964
"Jul 2, 08:00 am",12.6015
"Jul 2, 09:00 am",13.7456
"Jul 2, 10:00 am",14.0793
"Jul 2, 11:00 am",13.4987
"Jul 2, 12:00 pm",12.3069
"Jul 2, 01:00 pm",10.5173
"Jul 2, 02:00 pm",8.26973
"Jul 2, 03:00 pm",5.15044
"Jul 2, 04:00 pm",1.8333
"Jul 2, 05:00 pm",0.691358
"Jul 2, 06:00 pm",0.530395
"Jul 2, 07:00 pm",-0
"Jul 2, 08:00 pm",0
"Jul 2, 09:00 pm",0
"Jul 2, 10:00 pm",0
"Jul 2, 11:00 pm",0
"Jul 3, 12:00 am",0
"Jul 3, 01:00 am",0
"Jul 3, 02:00 am",0
"Jul 3, 03:00 am",0
"Jul 3, 04:00 am",0
"Jul 3, 05:00 am",-0
"Jul 3, 06:00 am",5.35359
"Jul 3, 07:00 am",9.38667
"Jul 3, 08:00 am",11.9317
"Jul 3, 09:00 am",13.3768
"Jul 3, 10:00 am",13.7688
"Jul 3, 11:00 am",13.6156
"Jul 3, 12:00 pm",12.5426
"Jul 3, 01:00 pm",10.7452
"Jul 3, 02:00 pm",8.38236
"Jul 3, 03:00 pm",5.1434
"Jul 3, 04:00 pm",1.91629
"Jul 3, 05:00 pm",0.749911
"Jul 3, 06:00 pm",0.57291
"Jul 3, 07:00 pm",-0
"Jul 3, 08:00 pm",0
"Jul 3, 09:00 pm",0
"Jul 3, 10:00 pm",0
"Jul 3, 11:00 pm",0
"Jul 4, 12:00 am",0
"Jul 4, 01:00 am",0
"Jul 4, 02:00 am",0
"Jul 4, 03:00 am",0
"Jul 4, 04:00 am",0
"Jul 4, 05:00 am",-0
"Jul 4, 06:00 am",5.79196
"Jul 4, 07:00 am",9.78576
"Jul 4, 08:00 am",12.2091
"Jul 4, 09:00 am",13.601
"Jul 4, 10:00 am",13.9617
"Jul 4, 11:00 am",13.67
"Jul 4, 12:00 pm",12.6217
"Jul 4, 01:00 pm",10.85
"Jul 4, 02:00 pm",8.49992
"Jul 4, 03:00 pm",5.28292
"Jul 4, 04:00 pm",1.84446
"Jul 4, 05:00 pm",0.659751
"Jul 4, 06:00 pm",0.506797
"Jul 4, 07:00 pm",-0
"Jul 4, 08:00 pm",0
"Jul 4, 09:00 pm",0
"Jul 4, 10:00 pm",0
"Jul 4, 11:00 pm",0
"Jul 5, 12:00 am",0
"Jul 5, 01:00 am",0
"Jul 5, 02:00 am",0
"Jul 5, 03:00 am",0
"Jul 5, 04:00 am",0
"Jul 5, 05:00 am",-0
"Jul 5, 06:00 am",4.95171
"Jul 5, 07:00 am",9.21174
"Jul 5, 08:00 am",11.944
"Jul 5, 09:00 am",13.4044
"Jul 5, 10:00 am",13.9518
"Jul 5, 11:00 am",13.6851
"Jul 5, 12:00 pm",12.628
"Jul 5, 01:00 pm",10.8388
"Jul 5, 02:00 pm",8.42921
"Jul 5, 03:00 pm",5.29012
"Jul 5, 04:00 pm",1.88341
"Jul 5, 05:00 pm",0.697607
"Jul 5, 06:00 pm",0.554688
"Jul 5, 07:00 pm",-0
"Jul 5, 08:00 pm",0
"Jul 5, 09:00 pm",0
"Jul 5, 10:00 pm",0
"Jul 5, 11:00 pm",0
"Jul 6, 12:00 am",0
"Jul 6, 01:00 am",0
"Jul 6, 02:00 am",0
"Jul 6, 03:00 am",0
"Jul 6, 04:00 am",0
"Jul 6, 05:00 am",-0
"Jul 6, 06:00 am",5.18274
"Jul 6, 07:00 am",9.16886
"Jul 6, 08:00 am",11.5511
"Jul 6, 09:00 am",12.8672
"Jul 6, 10:00 am",13.3012
"Jul 6, 11:00 am",12.9806
"Jul 6, 12:00 pm",11.9356
"Jul 6, 01:00 pm",10.3651
"Jul 6, 02:00 pm",8.21485
"Jul 6, 03:00 pm",5.17356
"Jul 6, 04:00 pm",1.85202
"Jul 6, 05:00 pm",0.757999
"Jul 6, 06:00 pm",0.642097
"Jul 6, 07:00 pm",-0
"Jul 6, 08:00 pm",0
"Jul 6, 09:00 pm",0
"Jul 6, 10:00 pm",0
"Jul 6, 11:00 pm",0
"Jul 7, 12:00 am",0
"Jul 7, 01:00 am",0
"Jul 7, 02:00 am",0
"Jul 7, 03:00 am",0
"Jul 7, 04:00 am",0
"Jul 7, 05:00 am",-0
"Jul 7, 06:00 am",4.53522
"Jul 7, 07:00 am",8.78384
"Jul 7, 08:00 am",11.6707
"Jul 7, 09:00 am",13.1577
"Jul 7, 10:00 am",13.5256
"Jul 7, 11:00 am",13.0674
"Jul 7, 12:00 pm",11.734
"Jul 7, 01:00 pm",10.1211
"Jul 7, 02:00 pm",7.92377
"Jul 7, 03:00 pm",5.00043
"Jul 7, 04:00 pm",2.20789
"Jul 7, 05:00 pm",1.12281
"Jul 7, 06:00 pm",0.825412
"Jul 7, 07:00 pm",-0
"Jul 7, 08:00 pm",0
"Jul 7, 09:00 pm",0
"Jul 7, 10:00 pm",0
"Jul 7, 11:00 pm",0
"Jul 8, 12:00 am",0
"Jul 8, 01:00 am",0
"Jul 8, 02:00 am",0
"Jul 8, 03:00 am",0
"Jul 8, 04:00 am",0
"Jul 8, 05:00 am",-0
"Jul 8, 06:00 am",4.85075
"Jul 8, 07:00 am",9.03287
"Jul 8, 08:00 am",11.7741
"Jul 8, 09:00 am",8.17396
"Jul 8, 10:00 am",13.6192
"Jul 8, 11:00 am",13.1164
"Jul 8, 12:00 pm",12.0092
"Jul 8, 01:00 pm",10.3107
"Jul 8, 02:00 pm",8.03471
"Jul 8, 03:00 pm",5.22107
"Jul 8, 04:00 pm",2.89537
"Jul 8, 05:00 pm",1.78772
"Jul 8, 06:00 pm",0.873605
"Jul 8, 07:00 pm",-0
"Jul 8, 08:00 pm",0
"Jul 8, 09:00 pm",0
"Jul 8, 10:00 pm",0
"Jul 8, 11:00 pm",0
"Jul 9, 12:00 am",0
"Jul 9, 01:00 am",0
"Jul 9, 02:00 am",0
"Jul 9, 03:00 am",0
"Jul 9, 04:00 am",0
"Jul 9, 05:00 am",-0
"Jul 9, 06:00 am",4.24601
"Jul 9, 07:00 am",8.36209
"Jul 9, 08:00 am",11.2048
"Jul 9, 09:00 am",12.7163
"Jul 9, 10:00 am",13.4113
"Jul 9, 11:00 am",13.375
"Jul 9, 12:00 pm",12.2154
"Jul 9, 01:00 pm",10.528
"Jul 9, 02:00 pm",8.15335
"Jul 9, 03:00 pm",5.08183
"Jul 9, 04:00 pm",1.87835
"Jul 9, 05:00 pm",0.84798
"Jul 9, 06:00 pm",0.595225
"Jul 9, 07:00 pm",-0
"Jul 9, 08:00 pm",0
"Jul 9, 09:00 pm",0
"Jul 9, 10:00 pm",0
"Jul 9, 11:00 pm",0
"Jul 10, 12:00 am",0
"Jul 10, 01:00 am",0
"Jul 10, 02:00 am",0
"Jul 10, 03:00 am",0
"Jul 10, 04:00 am",0
"Jul 10, 05:00 am",-0
"Jul 10, 06:00 am",5.14205
"Jul 10, 07:00 am",9.5794
"Jul 10, 08:00 am",12.3661
"Jul 10, 09:00 am",13.6794
"Jul 10, 10:00 am",13.7337
"Jul 10, 11:00 am",13.379
"Jul 10, 12:00 pm",12.4712
"Jul 10, 01:00 pm",10.7724
"Jul 10, 02:00 pm",8.36503
"Jul 10, 03:00 pm",5.18638
"Jul 10, 04:00 pm",1.82699
"Jul 10, 05:00 pm",0.70129
"Jul 10, 06:00 pm",0.548638
"Jul 10, 07:00 pm",-0
"Jul 10, 08:00 pm",0
"Jul 10, 09:00 pm",0
"Jul 10, 10:00 pm",0
"Jul 10, 11:00 pm",0
"Jul 11, 12:00 am",0
"Jul 11, 01:00 am",0
"Jul 11, 02:00 am",0
"Jul 11, 03:00 am",0
"Jul 11, 04:00 am",0
"Jul 11, 05:00 am",-0
"Jul 11, 06:00 am",3.66412
"Jul 11, 07:00 am",7.32255
"Jul 11, 08:00 am",5.9254
"Jul 11, 09:00 am",9.39749
"Jul 11, 10:00 am",12.3326
"Jul 11, 11:00 am",10.1171
"Jul 11, 12:00 pm",8.0536
"Jul 11, 01:00 pm",10.4696
"Jul 11, 02:00 pm",8.21325
"Jul 11, 03:00 pm",5.03444
"Jul 11, 04:00 pm",2.54453
"Jul 11, 05:00 pm",1.30105
"Jul 11, 06:00 pm",0.550795
"Jul 11, 07:00 pm",-0
"Jul 11, 08:00 pm",0
"Jul 11, 09:00 pm",0
"Jul 11, 10:00 pm",0
"Jul 11, 11:00 pm",0
"Jul 12, 12:00 am",0
"Jul 12, 01:00 am",0
"Jul 12, 02:00 am",0
"Jul 12, 03:00 am",0
"Jul 12, 04:00 am",0
"Jul 12, 05:00 am",-0
"Jul 12, 06:00 am",4.62579
"Jul 12, 07:00 am",8.67844
"Jul 12, 08:00 am",11.2471
"Jul 12, 09:00 am",12.6616
"Jul 12, 10:00 am",13.2798
"Jul 12, 11:00 am",13.133
"Jul 12, 12:00 pm",12.1865
"Jul 12, 01:00 pm",10.4635
"Jul 12, 02:00 pm",8.17044
"Jul 12, 03:00 pm",5.02177
"Jul 12, 04:00 pm",1.88586
"Jul 12, 05:00 pm",0.814692
"Jul 12, 06:00 pm",0.608659
"Jul 12, 07:00 pm",-0
"Jul 12, 08:00 pm",0
"Jul 12, 09:00 pm",0
"Jul 12, 10:00 pm",0
"Jul 12, 11:00 pm",0
"Jul 13, 12:00 am",0
"Jul 13, 01:00 am",0
"Jul 13, 02:00 am",0
"Jul 13, 03:00 am",0
"Jul 13, 04:00 am",0
"Jul 13, 05:00 am",-0
"Jul 13, 06:00 am",4.75461
"Jul 13, 07:00 am",8.95053
"Jul 13, 08:00 am",11.392
"Jul 13, 09:00 am",12.7236
"Jul 13, 10:00 am",13.4832
"Jul 13, 11:00 am",13.339
"Jul 13, 12:00 pm",12.3259
"Jul 13, 01:00 pm",10.5721
"Jul 13, 02:00 pm",8.21964
"Jul 13, 03:00 pm",5.01612
"Jul 13, 04:00 pm",1.82836
"Jul 13, 05:00 pm",0.772017
"Jul 13, 06:00 pm",0.601616
"Jul 13, 07:00 pm",-0
"Jul 13, 08:00 pm",0
"Jul 13, 09:00 pm",0
"Jul 13, 10:00 pm",0
"Jul 13, 11:00 pm",0
"Jul 14, 12:00 am",0
"Jul 14, 01:00 am",0
"Jul 14, 02:00 am",0
"Jul 14, 03:00 am",0
"Jul 14, 04:00 am",0
"Jul 14, 05:00 am",-0
"Jul 14, 06:00 am",4.58694
"Jul 14, 07:00 am",8.90733
"Jul 14, 08:00 am",11.62
"Jul 14, 09:00 am",12.9953
"Jul 14, 10:00 am",13.3904
"Jul 14, 11:00 am",13.0962
"Jul 14, 12:00 pm",12.1053
"Jul 14, 01:00 pm",10.4137
"Jul 14, 02:00 pm",8.06786
"Jul 14, 03:00 pm",4.94619
"Jul 14, 04:00 pm",1.7727
"Jul 14, 05:00 pm",1.3407
"Jul 14, 06:00 pm",0.754119
"Jul 14, 07:00 pm",-0
"Jul 14, 08:00 pm",0
"Jul 14, 09:00 pm",0
"Jul 14, 10:00 pm",0
"Jul 14, 11:00 pm",0
"Jul 15, 12:00 am",0
"Jul 15, 01:00 am",0
"Jul 15, 02:00 am",0
"Jul 15, 03:00 am",0
"Jul 15, 04:00 am",0
"Jul 15, 05:00 am",-0
"Jul 15, 06:00 am",3.48824
"Jul 15, 07:00 am",7.30799
"Jul 15, 08:00 am",11.2515
"Jul 15, 09:00 am",12.7062
"Jul 15, 10:00 am",13.0736
"Jul 15, 11:00 am",12.7295
"Jul 15, 12:00 pm",11.7606
"Jul 15, 01:00 pm",10.1457
"Jul 15, 02:00 pm",7.95122
"Jul 15, 03:00 pm",4.89932
"Jul 15, 04:00 pm",1.95159
"Jul 15, 05:00 pm",1.73718
"Jul 15, 06:00 pm",0.835787
"Jul 15, 07:00 pm",-0
"Jul 15, 08:00 pm",0
"Jul 15, 09:00 pm",0
"Jul 15, 10:00 pm",0
"Jul 15, 11:00 pm",0
"Jul 16, 12:00 am",0
"Jul 16, 01:00 am",0
"Jul 16, 02:00 am",0
"Jul 16, 03:00 am",0
"Jul 16, 04:00 am",0
"Jul 16, 05:00 am",-0
"Jul 16, 06:00 am",0.405132
"Jul 16, 07:00 am",1.32477
"Jul 16, 08:00 am",6.85024
"Jul 16, 09:00 am",12.2925
"Jul 16, 10:00 am",12.8123
"Jul 16, 11:00 am",12.7216
"Jul 16, 12:00 pm",11.8664
"Jul 16, 01:00 pm",10.3147
"Jul 16, 02:00 pm",8.04024
"Jul 16, 03:00 pm",5.06371
"Jul 16, 04:00 pm",1.88628
"Jul 16, 05:00 pm",0.900858
"Jul 16, 06:00 pm",0.603568
"Jul 16, 07:00 pm",-0
"Jul 16, 08:00 pm",0
"Jul 16, 09:00 pm",0
"Jul 16, 10:00 pm",0
"Jul 16, 11:00 pm",0
"Jul 17, 12:00 am",0
"Jul 17, 01:00 am",0
"Jul 17, 02:00 am",0
"Jul 17, 03:00 am",0
"Jul 17, 04:00 am",0
"Jul 17, 05:00 am",0
"Jul 17, 06:00 am",0.59007
"Jul 17, 07:00 am",2.07195
"Jul 17, 08:00 am",0.867362
"Jul 17, 09:00 am",6.66792
"Jul 17, 10:00 am",10.5598
"Jul 17, 11:00 am",11.0983
"Jul 17, 12:00 pm",11.4459
"Jul 17, 01:00 pm",10.7244
"Jul 17, 02:00 pm",8.28351
"Jul 17, 03:00 pm",5.06366
"Jul 17, 04:00 pm",1.84735
"Jul 17, 05:00 pm",1.60211
"Jul 17, 06:00 pm",0.790144
"Jul 17, 07:00 pm",-0
"Jul 17, 08:00 pm",0
"Jul 17, 09:00 pm",0
"Jul 17, 10:00 pm",0
"Jul 17, 11:00 pm",0
"Jul 18, 12:00 am",0
"Jul 18, 01:00 am",0
"Jul 18, 02:00 am",0
"Jul 18, 03:00 am",0
"Jul 18, 04:00 am",0
"Jul 18, 05:00 am",0
"Jul 18, 06:00 am",4.26647
"Jul 18, 07:00 am",8.4248
"Jul 18, 08:00 am",11.2977
"Jul 18, 09:00 am",12.8924
"Jul 18, 10:00 am",13.5136
"Jul 18, 11:00 am",13.3677
"Jul 18, 12:00 pm",12.2805
"Jul 18, 01:00 pm",10.4241
"Jul 18, 02:00 pm",7.96461
"Jul 18, 03:00 pm",5.0247
"Jul 18, 04:00 pm",0.150979
"Jul 18, 05:00 pm",0.115599
"Jul 18, 06:00 pm",-0
"Jul 18, 07:00 pm",-0
"Jul 18, 08:00 pm",0
"Jul 18, 09:00 pm",0
"Jul 18, 10:00 pm",0
"Jul 18, 11:00 pm",0
"Jul 19, 12:00 am",0
"Jul 19, 01:00 am",0
"Jul 19, 02:00 am",0
"Jul 19, 03:00 am",0
"Jul 19, 04:00 am",0
"Jul 19, 05:00 am",0
"Jul 19, 06:00 am",3.7617
"Jul 19, 07:00 am",8.27141
"Jul 19, 08:00 am",11.3499
"Jul 19, 09:00 am",13.0204
"Jul 19, 10:00 am",13.4209
"Jul 19, 11:00 am",13.1841
"Jul 19, 12:00 pm",12.0002
"Jul 19, 01:00 pm",9.04518
"Jul 19, 02:00 pm",7.51501
"Jul 19, 03:00 pm",5.15211
"Jul 19, 04:00 pm",2.90674
"Jul 19, 05:00 pm",1.87233
"Jul 19, 06:00 pm",0.838709
"Jul 19, 07:00 pm",-0
"Jul 19, 08:00 pm",0
"Jul 19, 09:00 pm",0
"Jul 19, 10:00 pm",0
"Jul 19, 11:00 pm",0
"Jul 20, 12:00 am",0
"Jul 20, 01:00 am",0
"Jul 20, 02:00 am",0
"Jul 20, 03:00 am",0
"Jul 20, 04:00 am",0
"Jul 20, 05:00 am",0
"Jul 20, 06:00 am",1.44516
"Jul 20, 07:00 am",4.16534
"Jul 20, 08:00 am",7.17189
"Jul 20, 09:00 am",6.06313
"Jul 20, 10:00 am",3.74935
"Jul 20, 11:00 am",12.2865
"Jul 20, 12:00 pm",11.2719
"Jul 20, 01:00 pm",9.82578
"Jul 20, 02:00 pm",7.81884
"Jul 20, 03:00 pm",4.89445
"Jul 20, 04:00 pm",1.79372
"Jul 20, 05:00 pm",0.916234
"Jul 20, 06:00 pm",0.615401
"Jul 20, 07:00 pm",-0
"Jul 20, 08:00 pm",0
"Jul 20, 09:00 pm",0
"Jul 20, 10:00 pm",0
"Jul 20, 11:00 pm",0
"Jul 21, 12:00 am",0
"Jul 21, 01:00 am",0
"Jul 21, 02:00 am",0
"Jul 21, 03:00 am",0
"Jul 21, 04:00 am",0
"Jul 21, 05:00 am",0
"Jul 21, 06:00 am",3.96048
"Jul 21, 07:00 am",8.41032
"Jul 21, 08:00 am",8.86531
"Jul 21, 09:00 am",13.0407
"Jul 21, 10:00 am",13.726
"Jul 21, 11:00 am",13.5075
"Jul 21, 12:00 pm",12.4198
"Jul 21, 01:00 pm",10.5925
"Jul 21, 02:00 pm",8.11663
"Jul 21, 03:00 pm",4.94317
"Jul 21, 04:00 pm",1.68117
"Jul 21, 05:00 pm",0.80109
"Jul 21, 06:00 pm",0.563479
"Jul 21, 07:00 pm",-0
"Jul 21, 08:00 pm",0
"Jul 21, 09:00 pm",0
"Jul 21, 10:00 pm",0
"Jul 21, 11:00 pm",0
"Jul 22, 12:00 am",0
"Jul 22, 01:00 am",0
"Jul 22, 02:00 am",0
"Jul 22, 03:00 am",0
"Jul 22, 04:00 am",0
"Jul 22, 05:00 am",0
"Jul 22, 06:00 am",4.29754
"Jul 22, 07:00 am",3.36908
"Jul 22, 08:00 am",8.12641
"Jul 22, 09:00 am",7.59959
"Jul 22, 10:00 am",13.6282
"Jul 22, 11:00 am",13.2849
"Jul 22, 12:00 pm",12.2221
"Jul 22, 01:00 pm",10.4371
"Jul 22, 02:00 pm",8.04541
"Jul 22, 03:00 pm",4.91866
"Jul 22, 04:00 pm",2.20561
"Jul 22, 05:00 pm",1.82712
"Jul 22, 06:00 pm",0.805295
"Jul 22, 07:00 pm",-0
"Jul 22, 08:00 pm",0
"Jul 22, 09:00 pm",0
"Jul 22, 10:00 pm",0
"Jul 22, 11:00 pm",0
"Jul 23, 12:00 am",0
"Jul 23, 01:00 am",0
"Jul 23, 02:00 am",0
"Jul 23, 03:00 am",0
"Jul 23, 04:00 am",0
"Jul 23, 05:00 am",0
"Jul 23, 06:00 am",3.23845
"Jul 23, 07:00 am",7.10679
"Jul 23, 08:00 am",4.78247
"Jul 23, 09:00 am",12.767
"Jul 23, 10:00 am",13.2582
"Jul 23, 11:00 am",13.0168
"Jul 23, 12:00 pm",11.9167
"Jul 23, 01:00 pm",10.3007
"Jul 23, 02:00 pm",8.01339
"Jul 23, 03:00 pm",4.85535
"Jul 23, 04:00 pm",1.64424
"Jul 23, 05:00 pm",0.797518
"Jul 23, 06:00 pm",0.565263
"Jul 23, 07:00 pm",-0
"Jul 23, 08:00 pm",0
"Jul 23, 09:00 pm",0
"Jul 23, 10:00 pm",0
"Jul 23, 11:00 pm",0
"Jul 24, 12:00 am",0
"Jul 24, 01:00 am",0
"Jul 24, 02:00 am",0
"Jul 24, 03:00 am",0
"Jul 24, 04:00 am",0
"Jul 24, 05:00 am",0
"Jul 24, 06:00 am",2.7369
"Jul 24, 07:00 am",6.63732
"Jul 24, 08:00 am",2.9048
"Jul 24, 09:00 am",0.266836
"Jul 24, 10:00 am",0.483232
"Jul 24, 11:00 am",7.11306
"Jul 24, 12:00 pm",9.0711
"Jul 24, 01:00 pm",10.3637
"Jul 24, 02:00 pm",6.62425
"Jul 24, 03:00 pm",5.08205
"Jul 24, 04:00 pm",2.56693
"Jul 24, 05:00 pm",1.00196
"Jul 24, 06:00 pm",0.605134
"Jul 24, 07:00 pm",-0
"Jul 24, 08:00 pm",0
"Jul 24, 09:00 pm",0
"Jul 24, 10:00 pm",0
"Jul 24, 11:00 pm",0
"Jul 25, 12:00 am",0
"Jul 25, 01:00 am",0
"Jul 25, 02:00 am",0
"Jul 25, 03:00 am",0
"Jul 25, 04:00 am",0
"Jul 25, 05:00 am",0
"Jul 25, 06:00 am",4.3284
"Jul 25, 07:00 am",8.86703
"Jul 25, 08:00 am",11.5595
"Jul 25, 09:00 am",13.0339
"Jul 25, 10:00 am",8.66631
"Jul 25, 11:00 am",12.5532
"Jul 25, 12:00 pm",12.0096
"Jul 25, 01:00 pm",10.2874
"Jul 25, 02:00 pm",7.92867
"Jul 25, 03:00 pm",3.51369
"Jul 25, 04:00 pm",1.6718
"Jul 25, 05:00 pm",0.754142
"Jul 25, 06:00 pm",0.542761
"Jul 25, 07:00 pm",-0
"Jul 25, 08:00 pm",0
"Jul 25, 09:00 pm",0
"Jul 25, 10:00 pm",0
"Jul 25, 11:00 pm",0
"Jul 26, 12:00 am",0
"Jul 26, 01:00 am",0
"Jul 26, 02:00 am",0
"Jul 26, 03:00 am",0
"Jul 26, 04:00 am",0
"Jul 26, 05:00 am",0
"Jul 26, 06:00 am",4.83621
"Jul 26, 07:00 am",7.27184
"Jul 26, 08:00 am",11.2439
"Jul 26, 09:00 am",12.616
"Jul 26, 10:00 am",13.2648
"Jul 26, 11:00 am",13.2249
"Jul 26, 12:00 pm",12.2836
"Jul 26, 01:00 pm",10.5598
"Jul 26, 02:00 pm",8.17497
"Jul 26, 03:00 pm",4.92865
"Jul 26, 04:00 pm",1.55177
"Jul 26, 05:00 pm",0.939484
"Jul 26, 06:00 pm",0.533783
"Jul 26, 07:00 pm",-0
"Jul 26, 08:00 pm",0
"Jul 26, 09:00 pm",0
"Jul 26, 10:00 pm",0
"Jul 26, 11:00 pm",0
"Jul 27, 12:00 am",0
"Jul 27, 01:00 am",0
"Jul 27, 02:00 am",0
"Jul 27, 03:00 am",0
"Jul 27, 04:00 am",0
"Jul 27, 05:00 am",0
"Jul 27, 06:00 am",4.70479
"Jul 27, 07:00 am",9.05167
"Jul 27, 08:00 am",11.5278
"Jul 27, 09:00 am",12.891
"Jul 27, 10:00 am",13.3239
"Jul 27, 11:00 am",13.0521
"Jul 27, 12:00 pm",12.0298
"Jul 27, 01:00 pm",10.307
"Jul 27, 02:00 pm",7.95314
"Jul 27, 03:00 pm",4.741
"Jul 27, 04:00 pm",2.41877
"Jul 27, 05:00 pm",0.928689
"Jul 27, 06:00 pm",0.295685
"Jul 27, 07:00 pm",-0
"Jul 27, 08:00 pm",0
"Jul 27, 09:00 pm",0
"Jul 27, 10:00 pm",0
"Jul 27, 11:00 pm",0
"Jul 28, 12:00 am",0
"Jul 28, 01:00 am",0
"Jul 28, 02:00 am",0
"Jul 28, 03:00 am",0
"Jul 28, 04:00 am",0
"Jul 28, 05:00 am",0
"Jul 28, 06:00 am",1.2724
"Jul 28, 07:00 am",3.88336
"Jul 28, 08:00 am",0.348846
"Jul 28, 09:00 am",8.62101
"Jul 28, 10:00 am",4.39626
"Jul 28, 11:00 am",12.9477
"Jul 28, 12:00 pm",12.4142
"Jul 28, 01:00 pm",10.8208
"Jul 28, 02:00 pm",8.36403
"Jul 28, 03:00 pm",4.95841
"Jul 28, 04:00 pm",1.66589
"Jul 28, 05:00 pm",0.784837
"Jul 28, 06:00 pm",0.5491
"Jul 28, 07:00 pm",-0
"Jul 28, 08:00 pm",0
"Jul 28, 09:00 pm",0
"Jul 28, 10:00 pm",0
"Jul 28, 11:00 pm",0
"Jul 29, 12:00 am",0
"Jul 29, 01:00 am",0
"Jul 29, 02:00 am",0
"Jul 29, 03:00 am",0
"Jul 29, 04:00 am",0
"Jul 29, 05:00 am",0
"Jul 29, 06:00 am",2.5551
"Jul 29, 07:00 am",5.60314
"Jul 29, 08:00 am",7.95929
"Jul 29, 09:00 am",9.51427
"Jul 29, 10:00 am",11.5992
"Jul 29, 11:00 am",12.9915
"Jul 29, 12:00 pm",11.9552
"Jul 29, 01:00 pm",4.00233
"Jul 29, 02:00 pm",5.4204
"Jul 29, 03:00 pm",5.08976
"Jul 29, 04:00 pm",2.96064
"Jul 29, 05:00 pm",1.81477
"Jul 29, 06:00 pm",0.752057
"Jul 29, 07:00 pm",0
"Jul 29, 08:00 pm",0
"Jul 29, 09:00 pm",0
"Jul 29, 10:00 pm",0
"Jul 29, 11:00 pm",0
"Jul 30, 12:00 am",0
"Jul 30, 01:00 am",0
"Jul 30, 02:00 am",0
"Jul 30, 03:00 am",0
"Jul 30, 04:00 am",0
"Jul 30, 05:00 am",0
"Jul 30, 06:00 am",0.665586
"Jul 30, 07:00 am",2.74094
"Jul 30, 08:00 am",5.03296
"Jul 30, 09:00 am",10.2895
"Jul 30, 10:00 am",11.6693
"Jul 30, 11:00 am",12.0082
"Jul 30, 12:00 pm",9.40468
"Jul 30, 01:00 pm",10.0282
"Jul 30, 02:00 pm",7.75273
"Jul 30, 03:00 pm",4.67324
"Jul 30, 04:00 pm",1.70897
"Jul 30, 05:00 pm",1.65619
"Jul 30, 06:00 pm",0.631909
"Jul 30, 07:00 pm",0
"Jul 30, 08:00 pm",0
"Jul 30, 09:00 pm",0
"Jul 30, 10:00 pm",0
"Jul 30, 11:00 pm",0
"Jul 31, 12:00 am",0
"Jul 31, 01:00 am",0
"Jul 31, 02:00 am",0
"Jul 31, 03:00 am",0
"Jul 31, 04:00 am",0
"Jul 31, 05:00 am",0
"Jul 31, 06:00 am",2.86744
"Jul 31, 07:00 am",5.9586
"Jul 31, 08:00 am",11.18
"Jul 31, 09:00 am",9.96375
"Jul 31, 10:00 am",10.268
"Jul 31, 11:00 am",12.8665
"Jul 31, 12:00 pm",11.8569
"Jul 31, 01:00 pm",10.0976
"Jul 31, 02:00 pm",7.7097
"Jul 31, 03:00 pm",4.51257
"Jul 31, 04:00 pm",1.44494
"Jul 31, 05:00 pm",0.973105
"Jul 31, 06:00 pm",0.715583
"Jul 31, 07:00 pm",0
"Jul 31, 08:00 pm",0
"Jul 31, 09:00 pm",0
"Jul 31, 10:00 pm",0
"Jul 31, 11:00 pm",0
"Aug 1, 12:00 am",0
"Aug 1, 01:00 am",0
"Aug 1, 02:00 am",0
"Aug 1, 03:00 am",0
"Aug 1, 04:00 am",0
"Aug 1, 05:00 am",0
"Aug 1, 06:00 am",4.02247
"Aug 1, 07:00 am",8.64751
"Aug 1, 08:00 am",11.2792
"Aug 1, 09:00 am",12.8098
"Aug 1, 10:00 am",13.4146
"Aug 1, 11:00 am",13.1588
"Aug 1, 12:00 pm",12.1031
"Aug 1, 01:00 pm",10.319
"Aug 1, 02:00 pm",7.99058
"Aug 1, 03:00 pm",4.76407
"Aug 1, 04:00 pm",1.46
"Aug 1, 05:00 pm",1.47699
"Aug 1, 06:00 pm",0.512588
"Aug 1, 07:00 pm",0
"Aug 1, 08:00 pm",0
"Aug 1, 09:00 pm",0
"Aug 1, 10:00 pm",0
"Aug 1, 11:00 pm",0
"Aug 2, 12:00 am",0
"Aug 2, 01:00 am",0
"Aug 2, 02:00 am",0
"Aug 2, 03:00 am",0
"Aug 2, 04:00 am",0
"Aug 2, 05:00 am",0
"Aug 2, 06:00 am",3.4462
"Aug 2, 07:00 am",0.890736
"Aug 2, 08:00 am",12.0246
"Aug 2, 09:00 am",13.2938
"Aug 2, 10:00 am",13.3619
"Aug 2, 11:00 am",12.742
"Aug 2, 12:00 pm",11.8356
"Aug 2, 01:00 pm",10.3497
"Aug 2, 02:00 pm",8.04354
"Aug 2, 03:00 pm",4.73595
"Aug 2, 04:00 pm",1.32289
"Aug 2, 05:00 pm",0.633841
"Aug 2, 06:00 pm",0.386477
"Aug 2, 07:00 pm",0
"Aug 2, 08:00 pm",0
"Aug 2, 09:00 pm",0
"Aug 2, 10:00 pm",0
"Aug 2, 11:00 pm",0
"Aug 3, 12:00 am",0
"Aug 3, 01:00 am",0
"Aug 3, 02:00 am",0
"Aug 3, 03:00 am",0
"Aug 3, 04:00 am",0
"Aug 3, 05:00 am",0
"Aug 3, 06:00 am",4.56774
"Aug 3, 07:00 am",9.03655
"Aug 3, 08:00 am",11.4039
"Aug 3, 09:00 am",12.8382
"Aug 3, 10:00 am",13.4862
"Aug 3, 11:00 am",13.2242
"Aug 3, 12:00 pm",11.5238
"Aug 3, 01:00 pm",9.30036
"Aug 3, 02:00 pm",7.38714
"Aug 3, 03:00 pm",4.91747
"Aug 3, 04:00 pm",2.68792
"Aug 3, 05:00 pm",1.5514
"Aug 3, 06:00 pm",0.395773
"Aug 3, 07:00 pm",0
"Aug 3, 08:00 pm",0
"Aug 3, 09:00 pm",0
"Aug 3, 10:00 pm",0
"Aug 3, 11:00 pm",0
"Aug 4, 12:00 am",0
"Aug 4, 01:00 am",0
"Aug 4, 02:00 am",0
"Aug 4, 03:00 am",0
"Aug 4, 04:00 am",0
"Aug 4, 05:00 am",0
"Aug 4, 06:00 am",0.237455
"Aug 4, 07:00 am",1.51257
"Aug 4, 08:00 am",5.64782
"Aug 4, 09:00 am",1.88786
"Aug 4, 10:00 am",1.2446
"Aug 4, 11:00 am",2.15873
"Aug 4, 12:00 pm",7.39619
"Aug 4, 01:00 pm",8.48199
"Aug 4, 02:00 pm",8.20534
"Aug 4, 03:00 pm",4.74895
"Aug 4, 04:00 pm",1.35682
"Aug 4, 05:00 pm",0.627979
"Aug 4, 06:00 pm",0.416983
"Aug 4, 07:00 pm",0
"Aug 4, 08:00 pm",0
"Aug 4, 09:00 pm",0
"Aug 4, 10:00 pm",0
"Aug 4, 11:00 pm",0
"Aug 5, 12:00 am",0
"Aug 5, 01:00 am",0
"Aug 5, 02:00 am",0
"Aug 5, 03:00 am",0
"Aug 5, 04:00 am",0
"Aug 5, 05:00 am",0
"Aug 5, 06:00 am",4.43058
"Aug 5, 07:00 am",9.10194
"Aug 5, 08:00 am",11.6612
"Aug 5, 09:00 am",13.0524
"Aug 5, 10:00 am",13.7646
"Aug 5, 11:00 am",13.5814
"Aug 5, 12:00 pm",12.5338
"Aug 5, 01:00 pm",10.7391
"Aug 5, 02:00 pm",8.19819
"Aug 5, 03:00 pm",4.74367
"Aug 5, 04:00 pm",1.24195
"Aug 5, 05:00 pm",0.640436
"Aug 5, 06:00 pm",0.380351
"Aug 5, 07:00 pm",0
"Aug 5, 08:00 pm",0
"Aug 5, 09:00 pm",0
"Aug 5, 10:00 pm",0
"Aug 5, 11:00 pm",0
"Aug 6, 12:00 am",0
"Aug 6, 01:00 am",0
"Aug 6, 02:00 am",0
"Aug 6, 03:00 am",0
"Aug 6, 04:00 am",0
"Aug 6, 05:00 am",0
"Aug 6, 06:00 am",4.73815
"Aug 6, 07:00 am",9.39831
"Aug 6, 08:00 am",12.0114
"Aug 6, 09:00 am",13.1806
"Aug 6, 10:00 am",13.0045
"Aug 6, 11:00 am",12.5599
"Aug 6, 12:00 pm",11.7975
"Aug 6, 01:00 pm",10.1848
"Aug 6, 02:00 pm",7.7789
"Aug 6, 03:00 pm",4.54907
"Aug 6, 04:00 pm",1.25127
"Aug 6, 05:00 pm",0.626975
"Aug 6, 06:00 pm",0.413895
"Aug 6, 07:00 pm",0
"Aug 6, 08:00 pm",0
"Aug 6, 09:00 pm",0
"Aug 6, 10:00 pm",0
"Aug 6, 11:00 pm",0
"Aug 7, 12:00 am",0
"Aug 7, 01:00 am",0
"Aug 7, 02:00 am",0
"Aug 7, 03:00 am",0
"Aug 7, 04:00 am",0
"Aug 7, 05:00 am",0
"Aug 7, 06:00 am",3.53476
"Aug 7, 07:00 am",9.03816
"Aug 7, 08:00 am",11.7723
"Aug 7, 09:00 am",13.1735
"Aug 7, 10:00 am",13.126
"Aug 7, 11:00 am",12.486
"Aug 7, 12:00 pm",11.7822
"Aug 7, 01:00 pm",10.1458
"Aug 7, 02:00 pm",7.73673
"Aug 7, 03:00 pm",4.48938
"Aug 7, 04:00 pm",2.38533
"Aug 7, 05:00 pm",1.47194
"Aug 7, 06:00 pm",0.627206
"Aug 7, 07:00 pm",0
"Aug 7, 08:00 pm",0
"Aug 7, 09:00 pm",0
"Aug 7, 10:00 pm",0
"Aug 7, 11:00 pm",0
"Aug 8, 12:00 am",0
"Aug 8, 01:00 am",0
"Aug 8, 02:00 am",0
"Aug 8, 03:00 am",0
"Aug 8, 04:00 am",0
"Aug 8, 05:00 am",0
"Aug 8, 06:00 am",3.29054
"Aug 8, 07:00 am",6.89309
"Aug 8, 08:00 am",8.71891
"Aug 8, 09:00 am",12.3762
"Aug 8, 10:00 am",12.6563
"Aug 8, 11:00 am",12.3743
"Aug 8, 12:00 pm",11.6368
"Aug 8, 01:00 pm",10.0736
"Aug 8, 02:00 pm",7.68436
"Aug 8, 03:00 pm",4.40361
"Aug 8, 04:00 pm",1.25047
"Aug 8, 05:00 pm",1.05816
"Aug 8, 06:00 pm",0.46193
"Aug 8, 07:00 pm",0
"Aug 8, 08:00 pm",0
"Aug 8, 09:00 pm",0
"Aug 8, 10:00 pm",0
"Aug 8, 11:00 pm",0
"Aug 9, 12:00 am",0
"Aug 9, 01:00 am",0
"Aug 9, 02:00 am",0
"Aug 9, 03:00 am",0
"Aug 9, 04:00 am",0
"Aug 9, 05:00 am",0
"Aug 9, 06:00 am",0.288288
"Aug 9, 07:00 am",1.89565
"Aug 9, 08:00 am",7.77989
"Aug 9, 09:00 am",9.945
"Aug 9, 10:00 am",10.6673
"Aug 9, 11:00 am",10.5215
"Aug 9, 12:00 pm",11.2033
"Aug 9, 01:00 pm",8.7289
"Aug 9, 02:00 pm",7.51974
"Aug 9, 03:00 pm",4.53682
"Aug 9, 04:00 pm",1.93521
"Aug 9, 05:00 pm",1.00421
"Aug 9, 06:00 pm",0.576069
"Aug 9, 07:00 pm",0
"Aug 9, 08:00 pm",0
"Aug 9, 09:00 pm",0
"Aug 9, 10:00 pm",0
"Aug 9, 11:00 pm",0
"Aug 10, 12:00 am",0
"Aug 10, 01:00 am",0
"Aug 10, 02:00 am",0
"Aug 10, 03:00 am",0
"Aug 10, 04:00 am",0
"Aug 10, 05:00 am",0
"Aug 10, 06:00 am",0.873457
"Aug 10, 07:00 am",1.52846
"Aug 10, 08:00 am",3.22205
"Aug 10, 09:00 am",5.28252
"Aug 10, 10:00 am",11.0568
"Aug 10, 11:00 am",12.9811
"Aug 10, 12:00 pm",11.8488
"Aug 10, 01:00 pm",10.0198
"Aug 10, 02:00 pm",7.55433
"Aug 10, 03:00 pm",4.32904
"Aug 10, 04:00 pm",1.3869
"Aug 10, 05:00 pm",0.902925
"Aug 10, 06:00 pm",0.450629
"Aug 10, 07:00 pm",0
"Aug 10, 08:00 pm",0
"Aug 10, 09:00 pm",0
"Aug 10, 10:00 pm",0
"Aug 10, 11:00 pm",0
"Aug 11, 12:00 am",0
"Aug 11, 01:00 am",0
"Aug 11, 02:00 am",0
"Aug 11, 03:00 am",0
"Aug 11, 04:00 am",0
"Aug 11, 05:00 am",0
"Aug 11, 06:00 am",3.71273
"Aug 11, 07:00 am",8.50206
"Aug 11, 08:00 am",11.2317
"Aug 11, 09:00 am",12.3558
"Aug 11, 10:00 am",11.8299
"Aug 11, 11:00 am",12.8657
"Aug 11, 12:00 pm",11.9891
"Aug 11, 01:00 pm",6.40518
"Aug 11, 02:00 pm",7.80742
"Aug 11, 03:00 pm",4.38368
"Aug 11, 04:00 pm",1.77062
"Aug 11, 05:00 pm",0.84266
"Aug 11, 06:00 pm",0.484941
"Aug 11, 07:00 pm",0
"Aug 11, 08:00 pm",0
"Aug 11, 09:00 pm",0
"Aug 11, 10:00 pm",0
"Aug 11, 11:00 pm",0
"Aug 12, 12:00 am",0
"Aug 12, 01:00 am",0
"Aug 12, 02:00 am",0
"Aug 12, 03:00 am",0
"Aug 12, 04:00 am",0
"Aug 12, 05:00 am",0
"Aug 12, 06:00 am",2.57227
"Aug 12, 07:00 am",6.73738
"Aug 12, 08:00 am",9.28224
"Aug 12, 09:00 am",10.3602
"Aug 12, 10:00 am",11.7555
"Aug 12, 11:00 am",12.8378
"Aug 12, 12:00 pm",11.2858
"Aug 12, 01:00 pm",10.2122
"Aug 12, 02:00 pm",7.728
"Aug 12, 03:00 pm",4.27015
"Aug 12, 04:00 pm",1.16382
"Aug 12, 05:00 pm",1.01351
"Aug 12, 06:00 pm",0.531076
"Aug 12, 07:00 pm",0
"Aug 12, 08:00 pm",0
"Aug 12, 09:00 pm",0
"Aug 12, 10:00 pm",0
"Aug 12, 11:00 pm",0
"Aug 13, 12:00 am",0
"Aug 13, 01:00 am",0
"Aug 13, 02:00 am",0
"Aug 13, 03:00 am",0
"Aug 13, 04:00 am",0
"Aug 13, 05:00 am",0
"Aug 13, 06:00 am",2.90727
"Aug 13, 07:00 am",7.00318
"Aug 13, 08:00 am",9.8446
"Aug 13, 09:00 am",9.40915
"Aug 13, 10:00 am",11.8104
"Aug 13, 11:00 am",12.9453
"Aug 13, 12:00 pm",12.0052
"Aug 13, 01:00 pm",10.2644
"Aug 13, 02:00 pm",7.56497
"Aug 13, 03:00 pm",4.32939
"Aug 13, 04:00 pm",1.70855
"Aug 13, 05:00 pm",0.829165
"Aug 13, 06:00 pm",0.539097
"Aug 13, 07:00 pm",0
"Aug 13, 08:00 pm",0
"Aug 13, 09:00 pm",0
"Aug 13, 10:00 pm",0
"Aug 13, 11:00 pm",0
"Aug 14, 12:00 am",0
"Aug 14, 01:00 am",0
"Aug 14, 02:00 am",0
"Aug 14, 03:00 am",0
"Aug 14, 04:00 am",0
"Aug 14, 05:00 am",0
"Aug 14, 06:00 am",3.0053
"Aug 14, 07:00 am",7.92083
"Aug 14, 08:00 am",11.0495
"Aug 14, 09:00 am",12.5024
"Aug 14, 10:00 am",12.6939
"Aug 14, 11:00 am",12.3388
"Aug 14, 12:00 pm",11.5304
"Aug 14, 01:00 pm",9.932
"Aug 14, 02:00 pm",7.50666
"Aug 14, 03:00 pm",4.20842
"Aug 14, 04:00 pm",1.82283
"Aug 14, 05:00 pm",1.0654
"Aug 14, 06:00 pm",0.124988
"Aug 14, 07:00 pm",0
"Aug 14, 08:00 pm",0
"Aug 14, 09:00 pm",0
"Aug 14, 10:00 pm",0
"Aug 14, 11:00 pm",0
"Aug 15, 12:00 am",0
"Aug 15, 01:00 am",0
"Aug 15, 02:00 am",0
"Aug 15, 03:00 am",0
"Aug 15, 04:00 am",0
"Aug 15, 05:00 am",0
"Aug 15, 06:00 am",0.301759
"Aug 15, 07:00 am",2.27154
"Aug 15, 08:00 am",9.61284
"Aug 15, 09:00 am",10.0312
"Aug 15, 10:00 am",5.0936
"Aug 15, 11:00 am",7.50369
"Aug 15, 12:00 pm",8.04986
"Aug 15, 01:00 pm",8.10444
"Aug 15, 02:00 pm",6.57671
"Aug 15, 03:00 pm",4.1795
"Aug 15, 04:00 pm",1.09964
"Aug 15, 05:00 pm",1.10174
"Aug 15, 06:00 pm",0.429894
"Aug 15, 07:00 pm",0
"Aug 15, 08:00 pm",0
"Aug 15, 09:00 pm",0
"Aug 15, 10:00 pm",0
"Aug 15, 11:00 pm",0
"Aug 16, 12:00 am",0
"Aug 16, 01:00 am",0
"Aug 16, 02:00 am",0
"Aug 16, 03:00 am",0
"Aug 16, 04:00 am",0
"Aug 16, 05:00 am",0
"Aug 16, 06:00 am",0.557608
"Aug 16, 07:00 am",4.13401
"Aug 16, 08:00 am",6.76128
"Aug 16, 09:00 am",9.65032
"Aug 16, 10:00 am",13.0779
"Aug 16, 11:00 am",12.9386
"Aug 16, 12:00 pm",11.008
"Aug 16, 01:00 pm",10.1739
"Aug 16, 02:00 pm",7.60399
"Aug 16, 03:00 pm",4.29381
"Aug 16, 04:00 pm",1.47985
"Aug 16, 05:00 pm",0.706131
"Aug 16, 06:00 pm",0.357608
"Aug 16, 07:00 pm",0
"Aug 16, 08:00 pm",0
"Aug 16, 09:00 pm",0
"Aug 16, 10:00 pm",0
"Aug 16, 11:00 pm",0
"Aug 17, 12:00 am",0
"Aug 17, 01:00 am",0
"Aug 17, 02:00 am",0
"Aug 17, 03:00 am",0
"Aug 17, 04:00 am",0
"Aug 17, 05:00 am",0
"Aug 17, 06:00 am",3.90844
"Aug 17, 07:00 am",8.86106
"Aug 17, 08:00 am",11.5321
"Aug 17, 09:00 am",12.5406
"Aug 17, 10:00 am",12.8168
"Aug 17, 11:00 am",12.6572
"Aug 17, 12:00 pm",11.7228
"Aug 17, 01:00 pm",9.9547
"Aug 17, 02:00 pm",7.49267
"Aug 17, 03:00 pm",4.08884
"Aug 17, 04:00 pm",0.933346
"Aug 17, 05:00 pm",0.583286
"Aug 17, 06:00 pm",0.330989
"Aug 17, 07:00 pm",0
"Aug 17, 08:00 pm",0
"Aug 17, 09:00 pm",0
"Aug 17, 10:00 pm",0
"Aug 17, 11:00 pm",0
"Aug 18, 12:00 am",0
"Aug 18, 01:00 am",0
"Aug 18, 02:00 am",0
"Aug 18, 03:00 am",0
"Aug 18, 04:00 am",0
"Aug 18, 05:00 am",0
"Aug 18, 06:00 am",3.32044
"Aug 18, 07:00 am",7.14372
"Aug 18, 08:00 am",11.9558
"Aug 18, 09:00 am",13.2259
"Aug 18, 10:00 am",13.5606
"Aug 18, 11:00 am",12.9569
"Aug 18, 12:00 pm",11.6514
"Aug 18, 01:00 pm",9.76731
"Aug 18, 02:00 pm",7.30964
"Aug 18, 03:00 pm",3.99907
"Aug 18, 04:00 pm",0.933308
"Aug 18, 05:00 pm",0.636527
"Aug 18, 06:00 pm",0.342299
"Aug 18, 07:00 pm",0
"Aug 18, 08:00 pm",0
"Aug 18, 09:00 pm",0
"Aug 18, 10:00 pm",0
"Aug 18, 11:00 pm",0
"Aug 19, 12:00 am",0
"Aug 19, 01:00 am",0
"Aug 19, 02:00 am",0
"Aug 19, 03:00 am",0
"Aug 19, 04:00 am",0
"Aug 19, 05:00 am",0
"Aug 19, 06:00 am",2.66835
"Aug 19, 07:00 am",6.64316
"Aug 19, 08:00 am",11.8852
"Aug 19, 09:00 am",13.3583
"Aug 19, 10:00 am",13.6842
"Aug 19, 11:00 am",13.0824
"Aug 19, 12:00 pm",11.7288
"Aug 19, 01:00 pm",9.76711
"Aug 19, 02:00 pm",7.238
"Aug 19, 03:00 pm",3.88302
"Aug 19, 04:00 pm",0.973261
"Aug 19, 05:00 pm",0.65967
"Aug 19, 06:00 pm",0.342352
"Aug 19, 07:00 pm",0
"Aug 19, 08:00 pm",0
"Aug 19, 09:00 pm",0
"Aug 19, 10:00 pm",0
"Aug 19, 11:00 pm",0
"Aug 20, 12:00 am",0
"Aug 20, 01:00 am",0
"Aug 20, 02:00 am",0
"Aug 20, 03:00 am",0
"Aug 20, 04:00 am",0
"Aug 20, 05:00 am",0
"Aug 20, 06:00 am",3.44048
"Aug 20, 07:00 am",8.61286
"Aug 20, 08:00 am",11.5248
"Aug 20, 09:00 am",12.9155
"Aug 20, 10:00 am",12.8912
"Aug 20, 11:00 am",11.5623
"Aug 20, 12:00 pm",10.8759
"Aug 20, 01:00 pm",9.25337
"Aug 20, 02:00 pm",6.95793
"Aug 20, 03:00 pm",4.41552
"Aug 20, 04:00 pm",2.20327
"Aug 20, 05:00 pm",0.684777
"Aug 20, 06:00 pm",0.375888
"Aug 20, 07:00 pm",0
"Aug 20, 08:00 pm",0
"Aug 20, 09:00 pm",0
"Aug 20, 10:00 pm",0
"Aug 20, 11:00 pm",0
"Aug 21, 12:00 am",0
"Aug 21, 01:00 am",0
"Aug 21, 02:00 am",0
"Aug 21, 03:00 am",0
"Aug 21, 04:00 am",0
"Aug 21, 05:00 am",0
"Aug 21, 06:00 am",3.27623
"Aug 21, 07:00 am",8.29918
"Aug 21, 08:00 am",10.9503
"Aug 21, 09:00 am",12.1667
"Aug 21, 10:00 am",12.7743
"Aug 21, 11:00 am",12.5173
"Aug 21, 12:00 pm",11.4583
"Aug 21, 01:00 pm",9.74127
"Aug 21, 02:00 pm",7.20726
"Aug 21, 03:00 pm",4.1773
"Aug 21, 04:00 pm",2.06739
"Aug 21, 05:00 pm",1.18624
"Aug 21, 06:00 pm",0.312357
"Aug 21, 07:00 pm",0
"Aug 21, 08:00 pm",0
"Aug 21, 09:00 pm",0
"Aug 21, 10:00 pm",0
"Aug 21, 11:00 pm",0
"Aug 22, 12:00 am",0
"Aug 22, 01:00 am",0
"Aug 22, 02:00 am",0
"Aug 22, 03:00 am",0
"Aug 22, 04:00 am",0
"Aug 22, 05:00 am",0
"Aug 22, 06:00 am",1.03004
"Aug 22, 07:00 am",1.28038
"Aug 22, 08:00 am",0.968461
"Aug 22, 09:00 am",2.57194
"Aug 22, 10:00 am",10.7457
"Aug 22, 11:00 am",3.73431
"Aug 22, 12:00 pm",7.28648
"Aug 22, 01:00 pm",4.66082
"Aug 22, 02:00 pm",4.2887
"Aug 22, 03:00 pm",3.89745
"Aug 22, 04:00 pm",0.944514
"Aug 22, 05:00 pm",0.715203
"Aug 22, 06:00 pm",0.342182
"Aug 22, 07:00 pm",0
"Aug 22, 08:00 pm",0
"Aug 22, 09:00 pm",0
"Aug 22, 10:00 pm",0
"Aug 22, 11:00 pm",0
"Aug 23, 12:00 am",0
"Aug 23, 01:00 am",0
"Aug 23, 02:00 am",0
"Aug 23, 03:00 am",0
"Aug 23, 04:00 am",0
"Aug 23, 05:00 am",0
"Aug 23, 06:00 am",3.29813
"Aug 23, 07:00 am",8.4544
"Aug 23, 08:00 am",11.2866
"Aug 23, 09:00 am",12.7122
"Aug 23, 10:00 am",13.0474
"Aug 23, 11:00 am",12.6717
"Aug 23, 12:00 pm",11.51
"Aug 23, 01:00 pm",9.66037
"Aug 23, 02:00 pm",7.0746
"Aug 23, 03:00 pm",3.62966
"Aug 23, 04:00 pm",1.53013
"Aug 23, 05:00 pm",0.857495
"Aug 23, 06:00 pm",0.290817
"Aug 23, 07:00 pm",0
"Aug 23, 08:00 pm",0
"Aug 23, 09:00 pm",0
"Aug 23, 10:00 pm",0
"Aug 23, 11:00 pm",0
"Aug 24, 12:00 am",0
"Aug 24, 01:00 am",0
"Aug 24, 02:00 am",0
"Aug 24, 03:00 am",0
"Aug 24, 04:00 am",0
"Aug 24, 05:00 am",0
"Aug 24, 06:00 am",-0
"Aug 24, 07:00 am",1.50429
"Aug 24, 08:00 am",0.684784
"Aug 24, 09:00 am",2.218
"Aug 24, 10:00 am",8.58499
"Aug 24, 11:00 am",10.3263
"Aug 24, 12:00 pm",10.2954
"Aug 24, 01:00 pm",8.90363
"Aug 24, 02:00 pm",6.90789
"Aug 24, 03:00 pm",3.72211
"Aug 24, 04:00 pm",0.954755
"Aug 24, 05:00 pm",0.801313
"Aug 24, 06:00 pm",0.295838
"Aug 24, 07:00 pm",0
"Aug 24, 08:00 pm",0
"Aug 24, 09:00 pm",0
"Aug 24, 10:00 pm",0
"Aug 24, 11:00 pm",0
"Aug 25, 12:00 am",0
"Aug 25, 01:00 am",0
"Aug 25, 02:00 am",0
"Aug 25, 03:00 am",0
"Aug 25, 04:00 am",0
"Aug 25, 05:00 am",0
"Aug 25, 06:00 am",-0
"Aug 25, 07:00 am",0.568207
"Aug 25, 08:00 am",3.04182
"Aug 25, 09:00 am",8.52039
"Aug 25, 10:00 am",6.91142
"Aug 25, 11:00 am",7.39718
"Aug 25, 12:00 pm",11.3085
"Aug 25, 01:00 pm",9.58031
"Aug 25, 02:00 pm",7.11455
"Aug 25, 03:00 pm",3.62468
"Aug 25, 04:00 pm",0.863275
"Aug 25, 05:00 pm",1.29345
"Aug 25, 06:00 pm",0.291477
"Aug 25, 07:00 pm",0
"Aug 25, 08:00 pm",0
"Aug 25, 09:00 pm",0
"Aug 25, 10:00 pm",0
"Aug 25, 11:00 pm",0
"Aug 26, 12:00 am",0
"Aug 26, 01:00 am",0
"Aug 26, 02:00 am",0
"Aug 26, 03:00 am",0
"Aug 26, 04:00 am",0
"Aug 26, 05:00 am",0
"Aug 26, 06:00 am",2.83282
"Aug 26, 07:00 am",8.28078
"Aug 26, 08:00 am",11.3144
"Aug 26, 09:00 am",12.6191
"Aug 26, 10:00 am",12.7158
"Aug 26, 11:00 am",12.2022
"Aug 26, 12:00 pm",11.3087
"Aug 26, 01:00 pm",9.62536
"Aug 26, 02:00 pm",7.01837
"Aug 26, 03:00 pm",3.64947
"Aug 26, 04:00 pm",0.964286
"Aug 26, 05:00 pm",0.825781
"Aug 26, 06:00 pm",0.2748
"Aug 26, 07:00 pm",0
"Aug 26, 08:00 pm",0
"Aug 26, 09:00 pm",0
"Aug 26, 10:00 pm",0
"Aug 26, 11:00 pm",0
"Aug 27, 12:00 am",0
"Aug 27, 01:00 am",0
"Aug 27, 02:00 am",0
"Aug 27, 03:00 am",0
"Aug 27, 04:00 am",0
"Aug 27, 05:00 am",0
"Aug 27, 06:00 am",3.54977
"Aug 27, 07:00 am",9.12389
"Aug 27, 08:00 am",12.051
"Aug 27, 09:00 am",13.3555
"Aug 27, 10:00 am",13.629
"Aug 27, 11:00 am",13.051
"Aug 27, 12:00 pm",11.7158
"Aug 27, 01:00 pm",9.8243
"Aug 27, 02:00 pm",7.18402
"Aug 27, 03:00 pm",3.61505
"Aug 27, 04:00 pm",0.729125
"Aug 27, 05:00 pm",0.559766
"Aug 27, 06:00 pm",0.217659
"Aug 27, 07:00 pm",0
"Aug 27, 08:00 pm",0
"Aug 27, 09:00 pm",0
"Aug 27, 10:00 pm",0
"Aug 27, 11:00 pm",0
"Aug 28, 12:00 am",0
"Aug 28, 01:00 am",0
"Aug 28, 02:00 am",0
"Aug 28, 03:00 am",0
"Aug 28, 04:00 am",0
"Aug 28, 05:00 am",0
"Aug 28, 06:00 am",3.72001
"Aug 28, 07:00 am",9.3081
"Aug 28, 08:00 am",12.055
"Aug 28, 09:00 am",13.0401
"Aug 28, 10:00 am",13.1189
"Aug 28, 11:00 am",12.4998
"Aug 28, 12:00 pm",11.3513
"Aug 28, 01:00 pm",9.54168
"Aug 28, 02:00 pm",6.98219
"Aug 28, 03:00 pm",3.50458
"Aug 28, 04:00 pm",0.716431
"Aug 28, 05:00 pm",0.547836
"Aug 28, 06:00 pm",0.200597
"Aug 28, 07:00 pm",0
"Aug 28, 08:00 pm",0
"Aug 28, 09:00 pm",0
"Aug 28, 10:00 pm",0
"Aug 28, 11:00 pm",0
"Aug 29, 12:00 am",0
"Aug 29, 01:00 am",0
"Aug 29, 02:00 am",0
"Aug 29, 03:00 am",0
"Aug 29, 04:00 am",0
"Aug 29, 05:00 am",0
"Aug 29, 06:00 am",3.04853
"Aug 29, 07:00 am",8.60435
"Aug 29, 08:00 am",11.7513
"Aug 29, 09:00 am",13.3793
"Aug 29, 10:00 am",13.7749
"Aug 29, 11:00 am",13.4543
"Aug 29, 12:00 pm",12.1073
"Aug 29, 01:00 pm",10.036
"Aug 29, 02:00 pm",7.1136
"Aug 29, 03:00 pm",3.36741
"Aug 29, 04:00 pm",0.736345
"Aug 29, 05:00 pm",0.574598
"Aug 29, 06:00 pm",0.18048
"Aug 29, 07:00 pm",0
"Aug 29, 08:00 pm",0
"Aug 29, 09:00 pm",0
"Aug 29, 10:00 pm",0
"Aug 29, 11:00 pm",0
"Aug 30, 12:00 am",0
"Aug 30, 01:00 am",0
"Aug 30, 02:00 am",0
"Aug 30, 03:00 am",0
"Aug 30, 04:00 am",0
"Aug 30, 05:00 am",0
"Aug 30, 06:00 am",2.38035
"Aug 30, 07:00 am",7.82924
"Aug 30, 08:00 am",10.9929
"Aug 30, 09:00 am",12.6352
"Aug 30, 10:00 am",13.2684
"Aug 30, 11:00 am",12.8652
"Aug 30, 12:00 pm",11.6918
"Aug 30, 01:00 pm",9.69392
"Aug 30, 02:00 pm",6.86789
"Aug 30, 03:00 pm",3.3288
"Aug 30, 04:00 pm",2.18804
"Aug 30, 05:00 pm",0.750342
"Aug 30, 06:00 pm",0.175275
"Aug 30, 07:00 pm",0
"Aug 30, 08:00 pm",0
"Aug 30, 09:00 pm",0
"Aug 30, 10:00 pm",0
"Aug 30, 11:00 pm",0
"Aug 31, 12:00 am",0
"Aug 31, 01:00 am",0
"Aug 31, 02:00 am",0
"Aug 31, 03:00 am",0
"Aug 31, 04:00 am",0
"Aug 31, 05:00 am",0
"Aug 31, 06:00 am",2.12555
"Aug 31, 07:00 am",7.3732
"Aug 31, 08:00 am",10.61
"Aug 31, 09:00 am",12.2634
"Aug 31, 10:00 am",12.7484
"Aug 31, 11:00 am",12.3721
"Aug 31, 12:00 pm",11.1998
"Aug 31, 01:00 pm",9.30105
"Aug 31, 02:00 pm",6.60304
"Aug 31, 03:00 pm",3.20531
"Aug 31, 04:00 pm",2.25994
"Aug 31, 05:00 pm",0.550856
"Aug 31, 06:00 pm",0.142744
"Aug 31, 07:00 pm",0
"Aug 31, 08:00 pm",0
"Aug 31, 09:00 pm",0
"Aug 31, 10:00 pm",0
"Aug 31, 11:00 pm",0
"Sep 1, 12:00 am",0
"Sep 1, 01:00 am",0
"Sep 1, 02:00 am",0
"Sep 1, 03:00 am",0
"Sep 1, 04:00 am",0
"Sep 1, 05:00 am",0
"Sep 1, 06:00 am",1.99508
"Sep 1, 07:00 am",7.6629
"Sep 1, 08:00 am",10.4215
"Sep 1, 09:00 am",7.58639
"Sep 1, 10:00 am",10.0521
"Sep 1, 11:00 am",9.98399
"Sep 1, 12:00 pm",10.9661
"Sep 1, 01:00 pm",9.22747
"Sep 1, 02:00 pm",6.77363
"Sep 1, 03:00 pm",3.19884
"Sep 1, 04:00 pm",0.765755
"Sep 1, 05:00 pm",0.618547
"Sep 1, 06:00 pm",0.111989
"Sep 1, 07:00 pm",0
"Sep 1, 08:00 pm",0
"Sep 1, 09:00 pm",0
"Sep 1, 10:00 pm",0
"Sep 1, 11:00 pm",0
"Sep 2, 12:00 am",0
"Sep 2, 01:00 am",0
"Sep 2, 02:00 am",0
"Sep 2, 03:00 am",0
"Sep 2, 04:00 am",0
"Sep 2, 05:00 am",0
"Sep 2, 06:00 am",2.06093
"Sep 2, 07:00 am",6.61428
"Sep 2, 08:00 am",7.12287
"Sep 2, 09:00 am",11.9304
"Sep 2, 10:00 am",12.5358
"Sep 2, 11:00 am",11.1447
"Sep 2, 12:00 pm",9.82415
"Sep 2, 01:00 pm",9.42747
"Sep 2, 02:00 pm",6.64384
"Sep 2, 03:00 pm",3.02952
"Sep 2, 04:00 pm",0.724129
"Sep 2, 05:00 pm",0.543814
"Sep 2, 06:00 pm",0.0865785
"Sep 2, 07:00 pm",0
"Sep 2, 08:00 pm",0
"Sep 2, 09:00 pm",0
"Sep 2, 10:00 pm",0
"Sep 2, 11:00 pm",0
"Sep 3, 12:00 am",0
"Sep 3, 01:00 am",0
"Sep 3, 02:00 am",0
"Sep 3, 03:00 am",0
"Sep 3, 04:00 am",0
"Sep 3, 05:00 am",0
"Sep 3, 06:00 am",3.01674
"Sep 3, 07:00 am",8.74113
"Sep 3, 08:00 am",11.5786
"Sep 3, 09:00 am",12.6912
"Sep 3, 10:00 am",12.8348
"Sep 3, 11:00 am",12.0376
"Sep 3, 12:00 pm",10.9547
"Sep 3, 01:00 pm",9.23656
"Sep 3, 02:00 pm",6.57214
"Sep 3, 03:00 pm",2.97083
"Sep 3, 04:00 pm",0.713549
"Sep 3, 05:00 pm",0.544671
"Sep 3, 06:00 pm",0.0781661
"Sep 3, 07:00 pm",0
"Sep 3, 08:00 pm",0
"Sep 3, 09:00 pm",0
"Sep 3, 10:00 pm",0
"Sep 3, 11:00 pm",0
"Sep 4, 12:00 am",0
"Sep 4, 01:00 am",0
"Sep 4, 02:00 am",0
"Sep 4, 03:00 am",0
"Sep 4, 04:00 am",0
"Sep 4, 05:00 am",0
"Sep 4, 06:00 am",1.92965
"Sep 4, 07:00 am",7.69038
"Sep 4, 08:00 am",11.0618
"Sep 4, 09:00 am",12.8297
"Sep 4, 10:00 am",13.4355
"Sep 4, 11:00 am",12.8907
"Sep 4, 12:00 pm",11.5935
"Sep 4, 01:00 pm",9.46942
"Sep 4, 02:00 pm",6.61158
"Sep 4, 03:00 pm",3.09451
"Sep 4, 04:00 pm",0.998413
"Sep 4, 05:00 pm",0.720719
"Sep 4, 06:00 pm",0.0750735
"Sep 4, 07:00 pm",0
"Sep 4, 08:00 pm",0
"Sep 4, 09:00 pm",0
"Sep 4, 10:00 pm",0
"Sep 4, 11:00 pm",0
"Sep 5, 12:00 am",0
"Sep 5, 01:00 am",0
"Sep 5, 02:00 am",0
"Sep 5, 03:00 am",0
"Sep 5, 04:00 am",0
"Sep 5, 05:00 am",0
"Sep 5, 06:00 am",0.054031
"Sep 5, 07:00 am",0.90275
"Sep 5, 08:00 am",4.60479
"Sep 5, 09:00 am",7.35651
"Sep 5, 10:00 am",13.4519
"Sep 5, 11:00 am",13.0159
"Sep 5, 12:00 pm",11.6358
"Sep 5, 01:00 pm",9.48763
"Sep 5, 02:00 pm",6.61074
"Sep 5, 03:00 pm",2.88485
"Sep 5, 04:00 pm",0.735374
"Sep 5, 05:00 pm",0.526258
"Sep 5, 06:00 pm",0.0556451
"Sep 5, 07:00 pm",0
"Sep 5, 08:00 pm",0
"Sep 5, 09:00 pm",0
"Sep 5, 10:00 pm",0
"Sep 5, 11:00 pm",0
"Sep 6, 12:00 am",0
"Sep 6, 01:00 am",0
"Sep 6, 02:00 am",0
"Sep 6, 03:00 am",0
"Sep 6, 04:00 am",0
"Sep 6, 05:00 am",0
"Sep 6, 06:00 am",1.80706
"Sep 6, 07:00 am",7.66826
"Sep 6, 08:00 am",10.7775
"Sep 6, 09:00 am",12.1149
"Sep 6, 10:00 am",12.5249
"Sep 6, 11:00 am",12.2858
"Sep 6, 12:00 pm",11.1711
"Sep 6, 01:00 pm",8.65215
"Sep 6, 02:00 pm",6.30602
"Sep 6, 03:00 pm",3.71674
"Sep 6, 04:00 pm",0.718427
"Sep 6, 05:00 pm",1.02402
"Sep 6, 06:00 pm",0.102601
"Sep 6, 07:00 pm",0
"Sep 6, 08:00 pm",0
"Sep 6, 09:00 pm",0
"Sep 6, 10:00 pm",0
"Sep 6, 11:00 pm",0
"Sep 7, 12:00 am",0
"Sep 7, 01:00 am",0
"Sep 7, 02:00 am",0
"Sep 7, 03:00 am",0
"Sep 7, 04:00 am",0
"Sep 7, 05:00 am",0
"Sep 7, 06:00 am",0.60867
"Sep 7, 07:00 am",5.35586
"Sep 7, 08:00 am",4.57272
"Sep 7, 09:00 am",10.6827
"Sep 7, 10:00 am",12.2849
"Sep 7, 11:00 am",12.1052
"Sep 7, 12:00 pm",11.0789
"Sep 7, 01:00 pm",9.16068
"Sep 7, 02:00 pm",6.32951
"Sep 7, 03:00 pm",2.81844
"Sep 7, 04:00 pm",0.763192
"Sep 7, 05:00 pm",0.568253
"Sep 7, 06:00 pm",0.036584
"Sep 7, 07:00 pm",0
"Sep 7, 08:00 pm",0
"Sep 7, 09:00 pm",0
"Sep 7, 10:00 pm",0
"Sep 7, 11:00 pm",0
"Sep 8, 12:00 am",0
"Sep 8, 01:00 am",0
"Sep 8, 02:00 am",0
"Sep 8, 03:00 am",0
"Sep 8, 04:00 am",0
"Sep 8, 05:00 am",0
"Sep 8, 06:00 am",1.86274
"Sep 8, 07:00 am",8.02746
"Sep 8, 08:00 am",10.7439
"Sep 8, 09:00 am",12.0995
"Sep 8, 10:00 am",13.0269
"Sep 8, 11:00 am",12.8203
"Sep 8, 12:00 pm",11.5641
"Sep 8, 01:00 pm",9.43275
"Sep 8, 02:00 pm",6.44726
"Sep 8, 03:00 pm",2.76831
"Sep 8, 04:00 pm",1.26879
"Sep 8, 05:00 pm",0.971084
"Sep 8, 06:00 pm",0.0140387
"Sep 8, 07:00 pm",0
"Sep 8, 08:00 pm",0
"Sep 8, 09:00 pm",0
"Sep 8, 10:00 pm",0
"Sep 8, 11:00 pm",0
"Sep 9, 12:00 am",0
"Sep 9, 01:00 am",0
"Sep 9, 02:00 am",0
"Sep 9, 03:00 am",0
"Sep 9, 04:00 am",0
"Sep 9, 05:00 am",0
"Sep 9, 06:00 am",1.39686
"Sep 9, 07:00 am",6.64346
"Sep 9, 08:00 am",8.65527
"Sep 9, 09:00 am",6.05625
"Sep 9, 10:00 am",12.9525
"Sep 9, 11:00 am",10.413
"Sep 9, 12:00 pm",8.02184
"Sep 9, 01:00 pm",8.34584
"Sep 9, 02:00 pm",5.35996
"Sep 9, 03:00 pm",2.88829
"Sep 9, 04:00 pm",1.10992
"Sep 9, 05:00 pm",0.81703
"Sep 9, 06:00 pm",0.0345782
"Sep 9, 07:00 pm",0
"Sep 9, 08:00 pm",0
"Sep 9, 09:00 pm",0
"Sep 9, 10:00 pm",0
"Sep 9, 11:00 pm",0
"Sep 10, 12:00 am",0
"Sep 10, 01:00 am",0
"Sep 10, 02:00 am",0
"Sep 10, 03:00 am",0
"Sep 10, 04:00 am",0
"Sep 10, 05:00 am",0
"Sep 10, 06:00 am",1.04801
"Sep 10, 07:00 am",5.64327
"Sep 10, 08:00 am",5.54358
"Sep 10, 09:00 am",5.6894
"Sep 10, 10:00 am",12.9498
"Sep 10, 11:00 am",12.3586
"Sep 10, 12:00 pm",11.0673
"Sep 10, 01:00 pm",9.03606
"Sep 10, 02:00 pm",6.19344
"Sep 10, 03:00 pm",2.57629
"Sep 10, 04:00 pm",0.784528
"Sep 10, 05:00 pm",0.463983
"Sep 10, 06:00 pm",0.0160957
"Sep 10, 07:00 pm",0
"Sep 10, 08:00 pm",0
"Sep 10, 09:00 pm",0
"Sep 10, 10:00 pm",0
"Sep 10, 11:00 pm",0
"Sep 11, 12:00 am",0
"Sep 11, 01:00 am",0
"Sep 11, 02:00 am",0
"Sep 11, 03:00 am",0
"Sep 11, 04:00 am",0
"Sep 11, 05:00 am",0
"Sep 11, 06:00 am",1.63006
"Sep 11, 07:00 am",8.26336
"Sep 11, 08:00 am",11.7067
"Sep 11, 09:00 am",13.0591
"Sep 11, 10:00 am",13.4985
"Sep 11, 11:00 am",12.8865
"Sep 11, 12:00 pm",11.4524
"Sep 11, 01:00 pm",9.30257
"Sep 11, 02:00 pm",6.28737
"Sep 11, 03:00 pm",2.50724
"Sep 11, 04:00 pm",0.684123
"Sep 11, 05:00 pm",0.479763
"Sep 11, 06:00 pm",-0
"Sep 11, 07:00 pm",0
"Sep 11, 08:00 pm",0
"Sep 11, 09:00 pm",0
"Sep 11, 10:00 pm",0
"Sep 11, 11:00 pm",0
"Sep 12, 12:00 am",0
"Sep 12, 01:00 am",0
"Sep 12, 02:00 am",0
"Sep 12, 03:00 am",0
"Sep 12, 04:00 am",0
"Sep 12, 05:00 am",0
"Sep 12, 06:00 am",2.34762
"Sep 12, 07:00 am",9.17749
"Sep 12, 08:00 am",12.0561
"Sep 12, 09:00 am",13.4149
"Sep 12, 10:00 am",13.6371
"Sep 12, 11:00 am",12.9883
"Sep 12, 12:00 pm",11.5371
"Sep 12, 01:00 pm",9.34221
"Sep 12, 02:00 pm",6.25768
"Sep 12, 03:00 pm",2.52289
"Sep 12, 04:00 pm",0.639209
"Sep 12, 05:00 pm",0.452711
"Sep 12, 06:00 pm",-0
"Sep 12, 07:00 pm",0
"Sep 12, 08:00 pm",0
"Sep 12, 09:00 pm",0
"Sep 12, 10:00 pm",0
"Sep 12, 11:00 pm",0
"Sep 13, 12:00 am",0
"Sep 13, 01:00 am",0
"Sep 13, 02:00 am",0
"Sep 13, 03:00 am",0
"Sep 13, 04:00 am",0
"Sep 13, 05:00 am",0
"Sep 13, 06:00 am",1.81505
"Sep 13, 07:00 am",8.50748
"Sep 13, 08:00 am",11.5886
"Sep 13, 09:00 am",13.0725
"Sep 13, 10:00 am",13.2451
"Sep 13, 11:00 am",12.3751
"Sep 13, 12:00 pm",10.8454
"Sep 13, 01:00 pm",8.95413
"Sep 13, 02:00 pm",6.09002
"Sep 13, 03:00 pm",2.38049
"Sep 13, 04:00 pm",0.726753
"Sep 13, 05:00 pm",0.47989
"Sep 13, 06:00 pm",-0
"Sep 13, 07:00 pm",0
"Sep 13, 08:00 pm",0
"Sep 13, 09:00 pm",0
"Sep 13, 10:00 pm",0
"Sep 13, 11:00 pm",0
"Sep 14, 12:00 am",0
"Sep 14, 01:00 am",0
"Sep 14, 02:00 am",0
"Sep 14, 03:00 am",0
"Sep 14, 04:00 am",0
"Sep 14, 05:00 am",0
"Sep 14, 06:00 am",1.2227
"Sep 14, 07:00 am",7.97922
"Sep 14, 08:00 am",11.669
"Sep 14, 09:00 am",12.8969
"Sep 14, 10:00 am",12.8097
"Sep 14, 11:00 am",12.3875
"Sep 14, 12:00 pm",11.2888
"Sep 14, 01:00 pm",9.18453
"Sep 14, 02:00 pm",6.10287
"Sep 14, 03:00 pm",2.39617
"Sep 14, 04:00 pm",0.649684
"Sep 14, 05:00 pm",0.45303
"Sep 14, 06:00 pm",-0
"Sep 14, 07:00 pm",0
"Sep 14, 08:00 pm",0
"Sep 14, 09:00 pm",0
"Sep 14, 10:00 pm",0
"Sep 14, 11:00 pm",0
"Sep 15, 12:00 am",0
"Sep 15, 01:00 am",0
"Sep 15, 02:00 am",0
"Sep 15, 03:00 am",0
"Sep 15, 04:00 am",0
"Sep 15, 05:00 am",0
"Sep 15, 06:00 am",1.62994
"Sep 15, 07:00 am",8.33615
"Sep 15, 08:00 am",11.1505
"Sep 15, 09:00 am",12.6027
"Sep 15, 10:00 am",13.2161
"Sep 15, 11:00 am",12.8414
"Sep 15, 12:00 pm",11.4991
"Sep 15, 01:00 pm",9.2473
"Sep 15, 02:00 pm",6.09749
"Sep 15, 03:00 pm",2.26053
"Sep 15, 04:00 pm",0.722677
"Sep 15, 05:00 pm",0.505507
"Sep 15, 06:00 pm",-0
"Sep 15, 07:00 pm",0
"Sep 15, 08:00 pm",0
"Sep 15, 09:00 pm",0
"Sep 15, 10:00 pm",0
"Sep 15, 11:00 pm",0
"Sep 16, 12:00 am",0
"Sep 16, 01:00 am",0
"Sep 16, 02:00 am",0
"Sep 16, 03:00 am",0
"Sep 16, 04:00 am",0
"Sep 16, 05:00 am",0
"Sep 16, 06:00 am",1.27324
"Sep 16, 07:00 am",7.96596
"Sep 16, 08:00 am",11.0677
"Sep 16, 09:00 am",12.5209
"Sep 16, 10:00 am",12.4021
"Sep 16, 11:00 am",11.9036
"Sep 16, 12:00 pm",10.8466
"Sep 16, 01:00 pm",8.85175
"Sep 16, 02:00 pm",5.86421
"Sep 16, 03:00 pm",2.22711
"Sep 16, 04:00 pm",0.631623
"Sep 16, 05:00 pm",0.43241
"Sep 16, 06:00 pm",-0
"Sep 16, 07:00 pm",0
"Sep 16, 08:00 pm",0
"Sep 16, 09:00 pm",0
"Sep 16, 10:00 pm",0
"Sep 16, 11:00 pm",0
"Sep 17, 12:00 am",0
"Sep 17, 01:00 am",0
"Sep 17, 02:00 am",0
"Sep 17, 03:00 am",0
"Sep 17, 04:00 am",0
"Sep 17, 05:00 am",0
"Sep 17, 06:00 am",1.35145
"Sep 17, 07:00 am",7.95994
"Sep 17, 08:00 am",11.0698
"Sep 17, 09:00 am",12.6968
"Sep 17, 10:00 am",13.2478
"Sep 17, 11:00 am",12.6632
"Sep 17, 12:00 pm",11.2846
"Sep 17, 01:00 pm",9.15827
"Sep 17, 02:00 pm",5.99817
"Sep 17, 03:00 pm",2.22892
"Sep 17, 04:00 pm",0.674798
"Sep 17, 05:00 pm",0.452891
"Sep 17, 06:00 pm",-0
"Sep 17, 07:00 pm",0
"Sep 17, 08:00 pm",0
"Sep 17, 09:00 pm",0
"Sep 17, 10:00 pm",0
"Sep 17, 11:00 pm",0
"Sep 18, 12:00 am",0
"Sep 18, 01:00 am",0
"Sep 18, 02:00 am",0
"Sep 18, 03:00 am",0
"Sep 18, 04:00 am",0
"Sep 18, 05:00 am",0
"Sep 18, 06:00 am",1.46313
"Sep 18, 07:00 am",8.69349
"Sep 18, 08:00 am",11.9842
"Sep 18, 09:00 am",13.0816
"Sep 18, 10:00 am",12.8644
"Sep 18, 11:00 am",12.1477
"Sep 18, 12:00 pm",10.9707
"Sep 18, 01:00 pm",8.91448
"Sep 18, 02:00 pm",5.79107
"Sep 18, 03:00 pm",2.1177
"Sep 18, 04:00 pm",0.651216
"Sep 18, 05:00 pm",0.438912
"Sep 18, 06:00 pm",-0
"Sep 18, 07:00 pm",0
"Sep 18, 08:00 pm",0
"Sep 18, 09:00 pm",0
"Sep 18, 10:00 pm",0
"Sep 18, 11:00 pm",0
"Sep 19, 12:00 am",0
"Sep 19, 01:00 am",0
"Sep 19, 02:00 am",0
"Sep 19, 03:00 am",0
"Sep 19, 04:00 am",0
"Sep 19, 05:00 am",0
"Sep 19, 06:00 am",1.54548
"Sep 19, 07:00 am",8.63282
"Sep 19, 08:00 am",11.5751
"Sep 19, 09:00 am",12.7158
"Sep 19, 10:00 am",12.7703
"Sep 19, 11:00 am",12.0974
"Sep 19, 12:00 pm",10.7445
"Sep 19, 01:00 pm",8.58592
"Sep 19, 02:00 pm",5.59017
"Sep 19, 03:00 pm",1.95193
"Sep 19, 04:00 pm",0.67493
"Sep 19, 05:00 pm",0.404388
"Sep 19, 06:00 pm",0
"Sep 19, 07:00 pm",0
"Sep 19, 08:00 pm",0
"Sep 19, 09:00 pm",0
"Sep 19, 10:00 pm",0
"Sep 19, 11:00 pm",0
"Sep 20, 12:00 am",0
"Sep 20, 01:00 am",0
"Sep 20, 02:00 am",0
"Sep 20, 03:00 am",0
"Sep 20, 04:00 am",0
"Sep 20, 05:00 am",0
"Sep 20, 06:00 am",1.32836
"Sep 20, 07:00 am",8.2754
"Sep 20, 08:00 am",11.4537
"Sep 20, 09:00 am",12.5126
"Sep 20, 10:00 am",12.5591
"Sep 20, 11:00 am",12.0948
"Sep 20, 12:00 pm",10.9
"Sep 20, 01:00 pm",8.7568
"Sep 20, 02:00 pm",5.68485
"Sep 20, 03:00 pm",1.96967
"Sep 20, 04:00 pm",0.754885
"Sep 20, 05:00 pm",0.406961
"Sep 20, 06:00 pm",0
"Sep 20, 07:00 pm",0
"Sep 20, 08:00 pm",0
"Sep 20, 09:00 pm",0
"Sep 20, 10:00 pm",0
"Sep 20, 11:00 pm",0
"Sep 21, 12:00 am",0
"Sep 21, 01:00 am",0
"Sep 21, 02:00 am",0
"Sep 21, 03:00 am",0
"Sep 21, 04:00 am",0
"Sep 21, 05:00 am",0
"Sep 21, 06:00 am",1.47955
"Sep 21, 07:00 am",8.68453
"Sep 21, 08:00 am",11.8171
"Sep 21, 09:00 am",12.8435
"Sep 21, 10:00 am",12.7694
"Sep 21, 11:00 am",11.9366
"Sep 21, 12:00 pm",10.569
"Sep 21, 01:00 pm",8.53634
"Sep 21, 02:00 pm",5.52658
"Sep 21, 03:00 pm",1.91174
"Sep 21, 04:00 pm",0.620479
"Sep 21, 05:00 pm",0.406136
"Sep 21, 06:00 pm",0
"Sep 21, 07:00 pm",0
"Sep 21, 08:00 pm",0
"Sep 21, 09:00 pm",0
"Sep 21, 10:00 pm",0
"Sep 21, 11:00 pm",0
"Sep 22, 12:00 am",0
"Sep 22, 01:00 am",0
"Sep 22, 02:00 am",0
"Sep 22, 03:00 am",0
"Sep 22, 04:00 am",0
"Sep 22, 05:00 am",0
"Sep 22, 06:00 am",1.06969
"Sep 22, 07:00 am",8.39699
"Sep 22, 08:00 am",11.3597
"Sep 22, 09:00 am",12.4502
"Sep 22, 10:00 am",12.654
"Sep 22, 11:00 am",12.0802
"Sep 22, 12:00 pm",10.7384
"Sep 22, 01:00 pm",6.61035
"Sep 22, 02:00 pm",5.21042
"Sep 22, 03:00 pm",2.78617
"Sep 22, 04:00 pm",1.69248
"Sep 22, 05:00 pm",0.653603
"Sep 22, 06:00 pm",0
"Sep 22, 07:00 pm",0
"Sep 22, 08:00 pm",0
"Sep 22, 09:00 pm",0
"Sep 22, 10:00 pm",0
"Sep 22, 11:00 pm",0
"Sep 23, 12:00 am",0
"Sep 23, 01:00 am",0
"Sep 23, 02:00 am",0
"Sep 23, 03:00 am",0
"Sep 23, 04:00 am",0
"Sep 23, 05:00 am",0
"Sep 23, 06:00 am",-0
"Sep 23, 07:00 am",0.944754
"Sep 23, 08:00 am",3.55176
"Sep 23, 09:00 am",7.60381
"Sep 23, 10:00 am",9.55583
"Sep 23, 11:00 am",7.62382
"Sep 23, 12:00 pm",7.95458
"Sep 23, 01:00 pm",5.93055
"Sep 23, 02:00 pm",5.19276
"Sep 23, 03:00 pm",2.70538
"Sep 23, 04:00 pm",1.67185
"Sep 23, 05:00 pm",0.131052
"Sep 23, 06:00 pm",0
"Sep 23, 07:00 pm",0
"Sep 23, 08:00 pm",0
"Sep 23, 09:00 pm",0
"Sep 23, 10:00 pm",0
"Sep 23, 11:00 pm",0
"Sep 24, 12:00 am",0
"Sep 24, 01:00 am",0
"Sep 24, 02:00 am",0
"Sep 24, 03:00 am",0
"Sep 24, 04:00 am",0
"Sep 24, 05:00 am",0
"Sep 24, 06:00 am",-0
"Sep 24, 07:00 am",2.02532
"Sep 24, 08:00 am",6.07784
"Sep 24, 09:00 am",1.9739
"Sep 24, 10:00 am",3.10019
"Sep 24, 11:00 am",3.8775
"Sep 24, 12:00 pm",3.81172
"Sep 24, 01:00 pm",2.19275
"Sep 24, 02:00 pm",0.961939
"Sep 24, 03:00 pm",1.02713
"Sep 24, 04:00 pm",1.64027
"Sep 24, 05:00 pm",-0
"Sep 24, 06:00 pm",0
"Sep 24, 07:00 pm",0
"Sep 24, 08:00 pm",0
"Sep 24, 09:00 pm",0
"Sep 24, 10:00 pm",0
"Sep 24, 11:00 pm",0
"Sep 25, 12:00 am",0
"Sep 25, 01:00 am",0
"Sep 25, 02:00 am",0
"Sep 25, 03:00 am",0
"Sep 25, 04:00 am",0
"Sep 25, 05:00 am",0
"Sep 25, 06:00 am",-0
"Sep 25, 07:00 am",0.737126
"Sep 25, 08:00 am",5.66106
"Sep 25, 09:00 am",10.3456
"Sep 25, 10:00 am",10.9352
"Sep 25, 11:00 am",9.13191
"Sep 25, 12:00 pm",10.4205
"Sep 25, 01:00 pm",8.24156
"Sep 25, 02:00 pm",5.11294
"Sep 25, 03:00 pm",1.58065
"Sep 25, 04:00 pm",1.53722
"Sep 25, 05:00 pm",0.371884
"Sep 25, 06:00 pm",0
"Sep 25, 07:00 pm",0
"Sep 25, 08:00 pm",0
"Sep 25, 09:00 pm",0
"Sep 25, 10:00 pm",0
"Sep 25, 11:00 pm",0
"Sep 26, 12:00 am",0
"Sep 26, 01:00 am",0
"Sep 26, 02:00 am",0
"Sep 26, 03:00 am",0
"Sep 26, 04:00 am",0
"Sep 26, 05:00 am",0
"Sep 26, 06:00 am",0.681134
"Sep 26, 07:00 am",7.78904
"Sep 26, 08:00 am",11.0489
"Sep 26, 09:00 am",12.4023
"Sep 26, 10:00 am",12.639
"Sep 26, 11:00 am",12.0363
"Sep 26, 12:00 pm",10.5507
"Sep 26, 01:00 pm",8.32123
"Sep 26, 02:00 pm",5.12194
"Sep 26, 03:00 pm",1.52914
"Sep 26, 04:00 pm",0.668432
"Sep 26, 05:00 pm",0.370276
"Sep 26, 06:00 pm",0
"Sep 26, 07:00 pm",0
"Sep 26, 08:00 pm",0
"Sep 26, 09:00 pm",0
"Sep 26, 10:00 pm",0
"Sep 26, 11:00 pm",0
"Sep 27, 12:00 am",0
"Sep 27, 01:00 am",0
"Sep 27, 02:00 am",0
"Sep 27, 03:00 am",0
"Sep 27, 04:00 am",0
"Sep 27, 05:00 am",0
"Sep 27, 06:00 am",0.608003
"Sep 27, 07:00 am",7.79467
"Sep 27, 08:00 am",11.2249
"Sep 27, 09:00 am",12.7304
"Sep 27, 10:00 am",13.0572
"Sep 27, 11:00 am",12.3643
"Sep 27, 12:00 pm",10.8323
"Sep 27, 01:00 pm",8.50072
"Sep 27, 02:00 pm",5.14752
"Sep 27, 03:00 pm",1.52908
"Sep 27, 04:00 pm",0.642114
"Sep 27, 05:00 pm",0.373139
"Sep 27, 06:00 pm",0
"Sep 27, 07:00 pm",0
"Sep 27, 08:00 pm",0
"Sep 27, 09:00 pm",0
"Sep 27, 10:00 pm",0
"Sep 27, 11:00 pm",0
"Sep 28, 12:00 am",0
"Sep 28, 01:00 am",0
"Sep 28, 02:00 am",0
"Sep 28, 03:00 am",0
"Sep 28, 04:00 am",0
"Sep 28, 05:00 am",0
"Sep 28, 06:00 am",0.396738
"Sep 28, 07:00 am",7.46478
"Sep 28, 08:00 am",11.0014
"Sep 28, 09:00 am",12.3036
"Sep 28, 10:00 am",12.5801
"Sep 28, 11:00 am",12.0008
"Sep 28, 12:00 pm",10.5405
"Sep 28, 01:00 pm",8.30307
"Sep 28, 02:00 pm",5.01798
"Sep 28, 03:00 pm",1.44156
"Sep 28, 04:00 pm",0.619527
"Sep 28, 05:00 pm",0.347117
"Sep 28, 06:00 pm",0
"Sep 28, 07:00 pm",0
"Sep 28, 08:00 pm",0
"Sep 28, 09:00 pm",0
"Sep 28, 10:00 pm",0
"Sep 28, 11:00 pm",0
"Sep 29, 12:00 am",0
"Sep 29, 01:00 am",0
"Sep 29, 02:00 am",0
"Sep 29, 03:00 am",0
"Sep 29, 04:00 am",0
"Sep 29, 05:00 am",0
"Sep 29, 06:00 am",0.583258
"Sep 29, 07:00 am",7.66446
"Sep 29, 08:00 am",10.8527
"Sep 29, 09:00 am",12.1326
"Sep 29, 10:00 am",12.4356
"Sep 29, 11:00 am",11.8483
"Sep 29, 12:00 pm",10.4438
"Sep 29, 01:00 pm",8.23556
"Sep 29, 02:00 pm",4.91253
"Sep 29, 03:00 pm",1.38396
"Sep 29, 04:00 pm",0.611847
"Sep 29, 05:00 pm",0.33397
"Sep 29, 06:00 pm",0
"Sep 29, 07:00 pm",0
"Sep 29, 08:00 pm",0
"Sep 29, 09:00 pm",0
"Sep 29, 10:00 pm",0
"Sep 29, 11:00 pm",0
"Sep 30, 12:00 am",0
"Sep 30, 01:00 am",0
"Sep 30, 02:00 am",0
"Sep 30, 03:00 am",0
"Sep 30, 04:00 am",0
"Sep 30, 05:00 am",0
"Sep 30, 06:00 am",-0
"Sep 30, 07:00 am",7.1788
"Sep 30, 08:00 am",10.6398
"Sep 30, 09:00 am",12.0824
"Sep 30, 10:00 am",12.346
"Sep 30, 11:00 am",11.7821
"Sep 30, 12:00 pm",10.3683
"Sep 30, 01:00 pm",8.13196
"Sep 30, 02:00 pm",4.81955
"Sep 30, 03:00 pm",1.29801
"Sep 30, 04:00 pm",0.636869
"Sep 30, 05:00 pm",0.371306
"Sep 30, 06:00 pm",0
"Sep 30, 07:00 pm",0
"Sep 30, 08:00 pm",0
"Sep 30, 09:00 pm",0
"Sep 30, 10:00 pm",0
"Sep 30, 11:00 pm",0
"Oct 1, 12:00 am",0
"Oct 1, 01:00 am",0
"Oct 1, 02:00 am",0
"Oct 1, 03:00 am",0
"Oct 1, 04:00 am",0
"Oct 1, 05:00 am",0
"Oct 1, 06:00 am",-0
"Oct 1, 07:00 am",6.65948
"Oct 1, 08:00 am",10.0414
"Oct 1, 09:00 am",9.40969
"Oct 1, 10:00 am",10.4405
"Oct 1, 11:00 am",11.3353
"Oct 1, 12:00 pm",10.1263
"Oct 1, 01:00 pm",7.98637
"Oct 1, 02:00 pm",4.67824
"Oct 1, 03:00 pm",1.31856
"Oct 1, 04:00 pm",0.644924
"Oct 1, 05:00 pm",0.374183
"Oct 1, 06:00 pm",0
"Oct 1, 07:00 pm",0
"Oct 1, 08:00 pm",0
"Oct 1, 09:00 pm",0
"Oct 1, 10:00 pm",0
"Oct 1, 11:00 pm",0
"Oct 2, 12:00 am",0
"Oct 2, 01:00 am",0
"Oct 2, 02:00 am",0
"Oct 2, 03:00 am",0
"Oct 2, 04:00 am",0
"Oct 2, 05:00 am",0
"Oct 2, 06:00 am",-0
"Oct 2, 07:00 am",3.55157
"Oct 2, 08:00 am",5.64807
"Oct 2, 09:00 am",8.75971
"Oct 2, 10:00 am",0.73432
"Oct 2, 11:00 am",9.95485
"Oct 2, 12:00 pm",8.37245
"Oct 2, 01:00 pm",3.92274
"Oct 2, 02:00 pm",0.286172
"Oct 2, 03:00 pm",0.318515
"Oct 2, 04:00 pm",1.09138
"Oct 2, 05:00 pm",0.509931
"Oct 2, 06:00 pm",0
"Oct 2, 07:00 pm",0
"Oct 2, 08:00 pm",0
"Oct 2, 09:00 pm",0
"Oct 2, 10:00 pm",0
"Oct 2, 11:00 pm",0
"Oct 3, 12:00 am",0
"Oct 3, 01:00 am",0
"Oct 3, 02:00 am",0
"Oct 3, 03:00 am",0
"Oct 3, 04:00 am",0
"Oct 3, 05:00 am",0
"Oct 3, 06:00 am",-0
"Oct 3, 07:00 am",7.72389
"Oct 3, 08:00 am",11.4613
"Oct 3, 09:00 am",13.1958
"Oct 3, 10:00 am",13.5058
"Oct 3, 11:00 am",12.7486
"Oct 3, 12:00 pm",11.1079
"Oct 3, 01:00 pm",8.56697
"Oct 3, 02:00 pm",4.9135
"Oct 3, 03:00 pm",1.25153
"Oct 3, 04:00 pm",0.616176
"Oct 3, 05:00 pm",0.313819
"Oct 3, 06:00 pm",0
"Oct 3, 07:00 pm",0
"Oct 3, 08:00 pm",0
"Oct 3, 09:00 pm",0
"Oct 3, 10:00 pm",0
"Oct 3, 11:00 pm",0
"Oct 4, 12:00 am",0
"Oct 4, 01:00 am",0
"Oct 4, 02:00 am",0
"Oct 4, 03:00 am",0
"Oct 4, 04:00 am",0
"Oct 4, 05:00 am",0
"Oct 4, 06:00 am",-0
"Oct 4, 07:00 am",7.98539
"Oct 4, 08:00 am",11.521
"Oct 4, 09:00 am",12.9722
"Oct 4, 10:00 am",13.1676
"Oct 4, 11:00 am",12.3323
"Oct 4, 12:00 pm",10.6586
"Oct 4, 01:00 pm",8.22208
"Oct 4, 02:00 pm",4.73273
"Oct 4, 03:00 pm",1.17373
"Oct 4, 04:00 pm",0.644396
"Oct 4, 05:00 pm",0.337218
"Oct 4, 06:00 pm",0
"Oct 4, 07:00 pm",0
"Oct 4, 08:00 pm",0
"Oct 4, 09:00 pm",0
"Oct 4, 10:00 pm",0
"Oct 4, 11:00 pm",0
"Oct 5, 12:00 am",0
"Oct 5, 01:00 am",0
"Oct 5, 02:00 am",0
"Oct 5, 03:00 am",0
"Oct 5, 04:00 am",0
"Oct 5, 05:00 am",0
"Oct 5, 06:00 am",-0
"Oct 5, 07:00 am",6.82872
"Oct 5, 08:00 am",10.6679
"Oct 5, 09:00 am",12.2915
"Oct 5, 10:00 am",12.5445
"Oct 5, 11:00 am",11.8792
"Oct 5, 12:00 pm",10.4034
"Oct 5, 01:00 pm",8.0231
"Oct 5, 02:00 pm",4.60091
"Oct 5, 03:00 pm",1.12095
"Oct 5, 04:00 pm",1.13604
"Oct 5, 05:00 pm",0.354258
"Oct 5, 06:00 pm",0
"Oct 5, 07:00 pm",0
"Oct 5, 08:00 pm",0
"Oct 5, 09:00 pm",0
"Oct 5, 10:00 pm",0
"Oct 5, 11:00 pm",0
"Oct 6, 12:00 am",0
"Oct 6, 01:00 am",0
"Oct 6, 02:00 am",0
"Oct 6, 03:00 am",0
"Oct 6, 04:00 am",0
"Oct 6, 05:00 am",0
"Oct 6, 06:00 am",-0
"Oct 6, 07:00 am",6.99679
"Oct 6, 08:00 am",10.579
"Oct 6, 09:00 am",10.0051
"Oct 6, 10:00 am",12.8104
"Oct 6, 11:00 am",11.9341
"Oct 6, 12:00 pm",10.3508
"Oct 6, 01:00 pm",7.97241
"Oct 6, 02:00 pm",4.52589
"Oct 6, 03:00 pm",1.02956
"Oct 6, 04:00 pm",0.643125
"Oct 6, 05:00 pm",0.270276
"Oct 6, 06:00 pm",0
"Oct 6, 07:00 pm",0
"Oct 6, 08:00 pm",0
"Oct 6, 09:00 pm",0
"Oct 6, 10:00 pm",0
"Oct 6, 11:00 pm",0
"Oct 7, 12:00 am",0
"Oct 7, 01:00 am",0
"Oct 7, 02:00 am",0
"Oct 7, 03:00 am",0
"Oct 7, 04:00 am",0
"Oct 7, 05:00 am",0
"Oct 7, 06:00 am",-0
"Oct 7, 07:00 am",7.75782
"Oct 7, 08:00 am",11.3155
"Oct 7, 09:00 am",12.6108
"Oct 7, 10:00 am",12.6888
"Oct 7, 11:00 am",11.9004
"Oct 7, 12:00 pm",10.2595
"Oct 7, 01:00 pm",7.78026
"Oct 7, 02:00 pm",4.30964
"Oct 7, 03:00 pm",0.937014
"Oct 7, 04:00 pm",0.617917
"Oct 7, 05:00 pm",0.262929
"Oct 7, 06:00 pm",0
"Oct 7, 07:00 pm",0
"Oct 7, 08:00 pm",0
"Oct 7, 09:00 pm",0
"Oct 7, 10:00 pm",0
"Oct 7, 11:00 pm",0
"Oct 8, 12:00 am",0
"Oct 8, 01:00 am",0
"Oct 8, 02:00 am",0
"Oct 8, 03:00 am",0
"Oct 8, 04:00 am",0
"Oct 8, 05:00 am",0
"Oct 8, 06:00 am",-0
"Oct 8, 07:00 am",3.89324
"Oct 8, 08:00 am",7.57254
"Oct 8, 09:00 am",10.6035
"Oct 8, 10:00 am",10.6749
"Oct 8, 11:00 am",11.0471
"Oct 8, 12:00 pm",9.41917
"Oct 8, 01:00 pm",7.26416
"Oct 8, 02:00 pm",4.08885
"Oct 8, 03:00 pm",1.06067
"Oct 8, 04:00 pm",0.671807
"Oct 8, 05:00 pm",0.288976
"Oct 8, 06:00 pm",0
"Oct 8, 07:00 pm",0
"Oct 8, 08:00 pm",0
"Oct 8, 09:00 pm",0
"Oct 8, 10:00 pm",0
"Oct 8, 11:00 pm",0
"Oct 9, 12:00 am",0
"Oct 9, 01:00 am",0
"Oct 9, 02:00 am",0
"Oct 9, 03:00 am",0
"Oct 9, 04:00 am",0
"Oct 9, 05:00 am",0
"Oct 9, 06:00 am",-0
"Oct 9, 07:00 am",6.20605
"Oct 9, 08:00 am",9.67516
"Oct 9, 09:00 am",11.2521
"Oct 9, 10:00 am",11.8419
"Oct 9, 11:00 am",11.2647
"Oct 9, 12:00 pm",9.85633
"Oct 9, 01:00 pm",7.49537
"Oct 9, 02:00 pm",4.08048
"Oct 9, 03:00 pm",0.960243
"Oct 9, 04:00 pm",0.589518
"Oct 9, 05:00 pm",0.234015
"Oct 9, 06:00 pm",0
"Oct 9, 07:00 pm",0
"Oct 9, 08:00 pm",0
"Oct 9, 09:00 pm",0
"Oct 9, 10:00 pm",0
"Oct 9, 11:00 pm",0
"Oct 10, 12:00 am",0
"Oct 10, 01:00 am",0
"Oct 10, 02:00 am",0
"Oct 10, 03:00 am",0
"Oct 10, 04:00 am",0
"Oct 10, 05:00 am",0
"Oct 10, 06:00 am",-0
"Oct 10, 07:00 am",6.2984
"Oct 10, 08:00 am",10.1137
"Oct 10, 09:00 am",11.7585
"Oct 10, 10:00 am",12.1341
"Oct 10, 11:00 am",11.5717
"Oct 10, 12:00 pm",10.0176
"Oct 10, 01:00 pm",7.58612
"Oct 10, 02:00 pm",4.06395
"Oct 10, 03:00 pm",0.943993
"Oct 10, 04:00 pm",0.600257
"Oct 10, 05:00 pm",0.233963
"Oct 10, 06:00 pm",0
"Oct 10, 07:00 pm",0
"Oct 10, 08:00 pm",0
"Oct 10, 09:00 pm",0
"Oct 10, 10:00 pm",0
"Oct 10, 11:00 pm",0
"Oct 11, 12:00 am",0
"Oct 11, 01:00 am",0
"Oct 11, 02:00 am",0
"Oct 11, 03:00 am",0
"Oct 11, 04:00 am",0
"Oct 11, 05:00 am",0
"Oct 11, 06:00 am",-0
"Oct 11, 07:00 am",7.20777
"Oct 11, 08:00 am",10.6268
"Oct 11, 09:00 am",12.0049
"Oct 11, 10:00 am",12.2369
"Oct 11, 11:00 am",11.4205
"Oct 11, 12:00 pm",9.82575
"Oct 11, 01:00 pm",7.38898
"Oct 11, 02:00 pm",4.00083
"Oct 11, 03:00 pm",0.913494
"Oct 11, 04:00 pm",0.635078
"Oct 11, 05:00 pm",0.22995
"Oct 11, 06:00 pm",0
"Oct 11, 07:00 pm",0
"Oct 11, 08:00 pm",0
"Oct 11, 09:00 pm",0
"Oct 11, 10:00 pm",0
"Oct 11, 11:00 pm",0
"Oct 12, 12:00 am",0
"Oct 12, 01:00 am",0
"Oct 12, 02:00 am",0
"Oct 12, 03:00 am",0
"Oct 12, 04:00 am",0
"Oct 12, 05:00 am",0
"Oct 12, 06:00 am",0
"Oct 12, 07:00 am",6.4805
"Oct 12, 08:00 am",10.1171
"Oct 12, 09:00 am",11.5273
"Oct 12, 10:00 am",9.32952
"Oct 12, 11:00 am",11.177
"Oct 12, 12:00 pm",6.09128
"Oct 12, 01:00 pm",6.21506
"Oct 12, 02:00 pm",3.99641
"Oct 12, 03:00 pm",0.82794
"Oct 12, 04:00 pm",0.509309
"Oct 12, 05:00 pm",0.177069
"Oct 12, 06:00 pm",0
"Oct 12, 07:00 pm",0
"Oct 12, 08:00 pm",0
"Oct 12, 09:00 pm",0
"Oct 12, 10:00 pm",0
"Oct 12, 11:00 pm",0
"Oct 13, 12:00 am",0
"Oct 13, 01:00 am",0
"Oct 13, 02:00 am",0
"Oct 13, 03:00 am",0
"Oct 13, 04:00 am",0
"Oct 13, 05:00 am",0
"Oct 13, 06:00 am",0
"Oct 13, 07:00 am",7.07736
"Oct 13, 08:00 am",10.6693
"Oct 13, 09:00 am",12.1839
"Oct 13, 10:00 am",12.2344
"Oct 13, 11:00 am",11.2989
"Oct 13, 12:00 pm",9.7309
"Oct 13, 01:00 pm",7.33713
"Oct 13, 02:00 pm",3.91751
"Oct 13, 03:00 pm",0.759488
"Oct 13, 04:00 pm",0.577117
"Oct 13, 05:00 pm",0.157944
"Oct 13, 06:00 pm",0
"Oct 13, 07:00 pm",0
"Oct 13, 08:00 pm",0
"Oct 13, 09:00 pm",0
"Oct 13, 10:00 pm",0
"Oct 13, 11:00 pm",0
"Oct 14, 12:00 am",0
"Oct 14, 01:00 am",0
"Oct 14, 02:00 am",0
"Oct 14, 03:00 am",0
"Oct 14, 04:00 am",0
"Oct 14, 05:00 am",0
"Oct 14, 06:00 am",0
"Oct 14, 07:00 am",6.83509
"Oct 14, 08:00 am",10.2819
"Oct 14, 09:00 am",11.7181
"Oct 14, 10:00 am",11.9579
"Oct 14, 11:00 am",11.2006
"Oct 14, 12:00 pm",9.62858
"Oct 14, 01:00 pm",7.2243
"Oct 14, 02:00 pm",3.82416
"Oct 14, 03:00 pm",0.74911
"Oct 14, 04:00 pm",0.577266
"Oct 14, 05:00 pm",0.135635
"Oct 14, 06:00 pm",0
"Oct 14, 07:00 pm",0
"Oct 14, 08:00 pm",0
"Oct 14, 09:00 pm",0
"Oct 14, 10:00 pm",0
"Oct 14, 11:00 pm",0
"Oct 15, 12:00 am",0
"Oct 15, 01:00 am",0
"Oct 15, 02:00 am",0
"Oct 15, 03:00 am",0
"Oct 15, 04:00 am",0
"Oct 15, 05:00 am",0
"Oct 15, 06:00 am",0
"Oct 15, 07:00 am",6.9054
"Oct 15, 08:00 am",10.352
"Oct 15, 09:00 am",11.7625
"Oct 15, 10:00 am",11.8812
"Oct 15, 11:00 am",11.0219
"Oct 15, 12:00 pm",9.68499
"Oct 15, 01:00 pm",7.22804
"Oct 15, 02:00 pm",3.77528
"Oct 15, 03:00 pm",0.74606
"Oct 15, 04:00 pm",0.542675
"Oct 15, 05:00 pm",0.122895
"Oct 15, 06:00 pm",0
"Oct 15, 07:00 pm",0
"Oct 15, 08:00 pm",0
"Oct 15, 09:00 pm",0
"Oct 15, 10:00 pm",0
"Oct 15, 11:00 pm",0
"Oct 16, 12:00 am",0
"Oct 16, 01:00 am",0
"Oct 16, 02:00 am",0
"Oct 16, 03:00 am",0
"Oct 16, 04:00 am",0
"Oct 16, 05:00 am",0
"Oct 16, 06:00 am",0
"Oct 16, 07:00 am",6.75182
"Oct 16, 08:00 am",10.3584
"Oct 16, 09:00 am",11.9709
"Oct 16, 10:00 am",12.1067
"Oct 16, 11:00 am",9.59092
"Oct 16, 12:00 pm",9.50415
"Oct 16, 01:00 pm",6.21448
"Oct 16, 02:00 pm",3.7281
"Oct 16, 03:00 pm",0.78169
"Oct 16, 04:00 pm",0.972598
"Oct 16, 05:00 pm",0.0952156
"Oct 16, 06:00 pm",0
"Oct 16, 07:00 pm",0
"Oct 16, 08:00 pm",0
"Oct 16, 09:00 pm",0
"Oct 16, 10:00 pm",0
"Oct 16, 11:00 pm",0
"Oct 17, 12:00 am",0
"Oct 17, 01:00 am",0
"Oct 17, 02:00 am",0
"Oct 17, 03:00 am",0
"Oct 17, 04:00 am",0
"Oct 17, 05:00 am",0
"Oct 17, 06:00 am",0
"Oct 17, 07:00 am",6.55295
"Oct 17, 08:00 am",10.3945
"Oct 17, 09:00 am",12.1106
"Oct 17, 10:00 am",12.3958
"Oct 17, 11:00 am",11.6034
"Oct 17, 12:00 pm",9.87215
"Oct 17, 01:00 pm",7.19311
"Oct 17, 02:00 pm",3.6315
"Oct 17, 03:00 pm",0.669044
"Oct 17, 04:00 pm",0.551281
"Oct 17, 05:00 pm",0.0860606
"Oct 17, 06:00 pm",0
"Oct 17, 07:00 pm",0
"Oct 17, 08:00 pm",0
"Oct 17, 09:00 pm",0
"Oct 17, 10:00 pm",0
"Oct 17, 11:00 pm",0
"Oct 18, 12:00 am",0
"Oct 18, 01:00 am",0
"Oct 18, 02:00 am",0
"Oct 18, 03:00 am",0
"Oct 18, 04:00 am",0
"Oct 18, 05:00 am",0
"Oct 18, 06:00 am",0
"Oct 18, 07:00 am",6.45513
"Oct 18, 08:00 am",10.1597
"Oct 18, 09:00 am",11.7056
"Oct 18, 10:00 am",11.8012
"Oct 18, 11:00 am",11.0072
"Oct 18, 12:00 pm",9.45976
"Oct 18, 01:00 pm",6.93609
"Oct 18, 02:00 pm",3.45006
"Oct 18, 03:00 pm",0.761075
"Oct 18, 04:00 pm",0.579985
"Oct 18, 05:00 pm",0.0874235
"Oct 18, 06:00 pm",0
"Oct 18, 07:00 pm",0
"Oct 18, 08:00 pm",0
"Oct 18, 09:00 pm",0
"Oct 18, 10:00 pm",0
"Oct 18, 11:00 pm",0
"Oct 19, 12:00 am",0
"Oct 19, 01:00 am",0
"Oct 19, 02:00 am",0
"Oct 19, 03:00 am",0
"Oct 19, 04:00 am",0
"Oct 19, 05:00 am",0
"Oct 19, 06:00 am",0
"Oct 19, 07:00 am",6.08747
"Oct 19, 08:00 am",10.1372
"Oct 19, 09:00 am",11.9052
"Oct 19, 10:00 am",12.201
"Oct 19, 11:00 am",11.4242
"Oct 19, 12:00 pm",9.78893
"Oct 19, 01:00 pm",7.111
"Oct 19, 02:00 pm",3.52438
"Oct 19, 03:00 pm",0.646887
"Oct 19, 04:00 pm",0.524542
"Oct 19, 05:00 pm",0.069033
"Oct 19, 06:00 pm",0
"Oct 19, 07:00 pm",0
"Oct 19, 08:00 pm",0
"Oct 19, 09:00 pm",0
"Oct 19, 10:00 pm",0
"Oct 19, 11:00 pm",0
"Oct 20, 12:00 am",0
"Oct 20, 01:00 am",0
"Oct 20, 02:00 am",0
"Oct 20, 03:00 am",0
"Oct 20, 04:00 am",0
"Oct 20, 05:00 am",0
"Oct 20, 06:00 am",0
"Oct 20, 07:00 am",7.0711
"Oct 20, 08:00 am",10.8011
"Oct 20, 09:00 am",12.1209
"Oct 20, 10:00 am",12.2869
"Oct 20, 11:00 am",11.4225
"Oct 20, 12:00 pm",9.68913
"Oct 20, 01:00 pm",6.96594
"Oct 20, 02:00 pm",3.36169
"Oct 20, 03:00 pm",0.712265
"Oct 20, 04:00 pm",0.527993
"Oct 20, 05:00 pm",0.0597207
"Oct 20, 06:00 pm",0
"Oct 20, 07:00 pm",0
"Oct 20, 08:00 pm",0
"Oct 20, 09:00 pm",0
"Oct 20, 10:00 pm",0
"Oct 20, 11:00 pm",0
"Oct 21, 12:00 am",0
"Oct 21, 01:00 am",0
"Oct 21, 02:00 am",0
"Oct 21, 03:00 am",0
"Oct 21, 04:00 am",0
"Oct 21, 05:00 am",0
"Oct 21, 06:00 am",0
"Oct 21, 07:00 am",5.86877
"Oct 21, 08:00 am",9.60483
"Oct 21, 09:00 am",11.0463
"Oct 21, 10:00 am",11.2498
"Oct 21, 11:00 am",10.5755
"Oct 21, 12:00 pm",9.06377
"Oct 21, 01:00 pm",6.59039
"Oct 21, 02:00 pm",3.23149
"Oct 21, 03:00 pm",0.617565
"Oct 21, 04:00 pm",0.520748
"Oct 21, 05:00 pm",0.0494113
"Oct 21, 06:00 pm",0
"Oct 21, 07:00 pm",0
"Oct 21, 08:00 pm",0
"Oct 21, 09:00 pm",0
"Oct 21, 10:00 pm",0
"Oct 21, 11:00 pm",0
"Oct 22, 12:00 am",0
"Oct 22, 01:00 am",0
"Oct 22, 02:00 am",0
"Oct 22, 03:00 am",0
"Oct 22, 04:00 am",0
"Oct 22, 05:00 am",0
"Oct 22, 06:00 am",0
"Oct 22, 07:00 am",5.53605
"Oct 22, 08:00 am",9.20326
"Oct 22, 09:00 am",10.7714
"Oct 22, 10:00 am",10.9845
"Oct 22, 11:00 am",10.25
"Oct 22, 12:00 pm",8.83617
"Oct 22, 01:00 pm",6.42365
"Oct 22, 02:00 pm",3.17681
"Oct 22, 03:00 pm",0.738387
"Oct 22, 04:00 pm",0.62972
"Oct 22, 05:00 pm",0.0466778
"Oct 22, 06:00 pm",0
"Oct 22, 07:00 pm",0
"Oct 22, 08:00 pm",0
"Oct 22, 09:00 pm",0
"Oct 22, 10:00 pm",0
"Oct 22, 11:00 pm",0
"Oct 23, 12:00 am",0
"Oct 23, 01:00 am",0
"Oct 23, 02:00 am",0
"Oct 23, 03:00 am",0
"Oct 23, 04:00 am",0
"Oct 23, 05:00 am",0
"Oct 23, 06:00 am",0
"Oct 23, 07:00 am",5.53384
"Oct 23, 08:00 am",8.83394
"Oct 23, 09:00 am",9.92828
"Oct 23, 10:00 am",10.0952
"Oct 23, 11:00 am",8.82823
"Oct 23, 12:00 pm",8.91642
"Oct 23, 01:00 pm",6.47041
"Oct 23, 02:00 pm",3.06182
"Oct 23, 03:00 pm",0.688916
"Oct 23, 04:00 pm",0.49725
"Oct 23, 05:00 pm",0.0521827
"Oct 23, 06:00 pm",0
"Oct 23, 07:00 pm",0
"Oct 23, 08:00 pm",0
"Oct 23, 09:00 pm",0
"Oct 23, 10:00 pm",0
"Oct 23, 11:00 pm",0
"Oct 24, 12:00 am",0
"Oct 24, 01:00 am",0
"Oct 24, 02:00 am",0
"Oct 24, 03:00 am",0
"Oct 24, 04:00 am",0
"Oct 24, 05:00 am",0
"Oct 24, 06:00 am",0
"Oct 24, 07:00 am",3.36217
"Oct 24, 08:00 am",7.07586
"Oct 24, 09:00 am",7.67849
"Oct 24, 10:00 am",6.41004
"Oct 24, 11:00 am",6.92132
"Oct 24, 12:00 pm",7.23317
"Oct 24, 01:00 pm",5.03139
"Oct 24, 02:00 pm",3.33184
"Oct 24, 03:00 pm",1.59368
"Oct 24, 04:00 pm",0.727058
"Oct 24, 05:00 pm",-0
"Oct 24, 06:00 pm",0
"Oct 24, 07:00 pm",0
"Oct 24, 08:00 pm",0
"Oct 24, 09:00 pm",0
"Oct 24, 10:00 pm",0
"Oct 24, 11:00 pm",0
"Oct 25, 12:00 am",0
"Oct 25, 01:00 am",0
"Oct 25, 02:00 am",0
"Oct 25, 03:00 am",0
"Oct 25, 04:00 am",0
"Oct 25, 05:00 am",0
"Oct 25, 06:00 am",0
"Oct 25, 07:00 am",4.9535
"Oct 25, 08:00 am",9.10371
"Oct 25, 09:00 am",10.8934
"Oct 25, 10:00 am",11.2611
"Oct 25, 11:00 am",10.4504
"Oct 25, 12:00 pm",8.84705
"Oct 25, 01:00 pm",6.34026
"Oct 25, 02:00 pm",2.99885
"Oct 25, 03:00 pm",0.737251
"Oct 25, 04:00 pm",0.519135
"Oct 25, 05:00 pm",0.0344929
"Oct 25, 06:00 pm",0
"Oct 25, 07:00 pm",0
"Oct 25, 08:00 pm",0
"Oct 25, 09:00 pm",0
"Oct 25, 10:00 pm",0
"Oct 25, 11:00 pm",0
"Oct 26, 12:00 am",0
"Oct 26, 01:00 am",0
"Oct 26, 02:00 am",0
"Oct 26, 03:00 am",0
"Oct 26, 04:00 am",0
"Oct 26, 05:00 am",0
"Oct 26, 06:00 am",0
"Oct 26, 07:00 am",5.58199
"Oct 26, 08:00 am",9.33998
"Oct 26, 09:00 am",10.7621
"Oct 26, 10:00 am",10.784
"Oct 26, 11:00 am",10.3024
"Oct 26, 12:00 pm",8.82584
"Oct 26, 01:00 pm",6.31145
"Oct 26, 02:00 pm",2.94116
"Oct 26, 03:00 pm",0.603788
"Oct 26, 04:00 pm",0.483605
"Oct 26, 05:00 pm",0.0250089
"Oct 26, 06:00 pm",0
"Oct 26, 07:00 pm",0
"Oct 26, 08:00 pm",0
"Oct 26, 09:00 pm",0
"Oct 26, 10:00 pm",0
"Oct 26, 11:00 pm",0
"Oct 27, 12:00 am",0
"Oct 27, 01:00 am",0
"Oct 27, 02:00 am",0
"Oct 27, 03:00 am",0
"Oct 27, 04:00 am",0
"Oct 27, 05:00 am",0
"Oct 27, 06:00 am",0
"Oct 27, 07:00 am",2.73237
"Oct 27, 08:00 am",5.42882
"Oct 27, 09:00 am",9.67398
"Oct 27, 10:00 am",9.44025
"Oct 27, 11:00 am",8.03648
"Oct 27, 12:00 pm",6.89253
"Oct 27, 01:00 pm",5.47086
"Oct 27, 02:00 pm",3.20393
"Oct 27, 03:00 pm",1.27199
"Oct 27, 04:00 pm",0.750684
"Oct 27, 05:00 pm",0.004719
"Oct 27, 06:00 pm",0
"Oct 27, 07:00 pm",0
"Oct 27, 08:00 pm",0
"Oct 27, 09:00 pm",0
"Oct 27, 10:00 pm",0
"Oct 27, 11:00 pm",0
"Oct 28, 12:00 am",0
"Oct 28, 01:00 am",0
"Oct 28, 02:00 am",0
"Oct 28, 03:00 am",0
"Oct 28, 04:00 am",0
"Oct 28, 05:00 am",0
"Oct 28, 06:00 am",0
"Oct 28, 07:00 am",3.68118
"Oct 28, 08:00 am",2.7328
"Oct 28, 09:00 am",7.17569
"Oct 28, 10:00 am",3.89788
"Oct 28, 11:00 am",7.98413
"Oct 28, 12:00 pm",7.69868
"Oct 28, 01:00 pm",6.14054
"Oct 28, 02:00 pm",2.7808
"Oct 28, 03:00 pm",1.65604
"Oct 28, 04:00 pm",0.86739
"Oct 28, 05:00 pm",-0
"Oct 28, 06:00 pm",0
"Oct 28, 07:00 pm",0
"Oct 28, 08:00 pm",0
"Oct 28, 09:00 pm",0
"Oct 28, 10:00 pm",0
"Oct 28, 11:00 pm",0
"Oct 29, 12:00 am",0
"Oct 29, 01:00 am",0
"Oct 29, 02:00 am",0
"Oct 29, 03:00 am",0
"Oct 29, 04:00 am",0
"Oct 29, 05:00 am",0
"Oct 29, 06:00 am",0
"Oct 29, 07:00 am",5.53017
"Oct 29, 08:00 am",9.22969
"Oct 29, 09:00 am",10.7635
"Oct 29, 10:00 am",10.8514
"Oct 29, 11:00 am",10.0968
"Oct 29, 12:00 pm",8.594
"Oct 29, 01:00 pm",6.07702
"Oct 29, 02:00 pm",2.71746
"Oct 29, 03:00 pm",0.670407
"Oct 29, 04:00 pm",0.47524
"Oct 29, 05:00 pm",-0
"Oct 29, 06:00 pm",0
"Oct 29, 07:00 pm",0
"Oct 29, 08:00 pm",0
"Oct 29, 09:00 pm",0
"Oct 29, 10:00 pm",0
"Oct 29, 11:00 pm",0
"Oct 30, 12:00 am",0
"Oct 30, 01:00 am",0
"Oct 30, 02:00 am",0
"Oct 30, 03:00 am",0
"Oct 30, 04:00 am",0
"Oct 30, 05:00 am",0
"Oct 30, 06:00 am",0
"Oct 30, 07:00 am",5.15795
"Oct 30, 08:00 am",6.587
"Oct 30, 09:00 am",9.47221
"Oct 30, 10:00 am",9.65092
"Oct 30, 11:00 am",10.0401
"Oct 30, 12:00 pm",7.59321
"Oct 30, 01:00 pm",5.42805
"Oct 30, 02:00 pm",2.80632
"Oct 30, 03:00 pm",1.12585
"Oct 30, 04:00 pm",0.710954
"Oct 30, 05:00 pm",-0
"Oct 30, 06:00 pm",0
"Oct 30, 07:00 pm",0
"Oct 30, 08:00 pm",0
"Oct 30, 09:00 pm",0
"Oct 30, 10:00 pm",0
"Oct 30, 11:00 pm",0
"Oct 31, 12:00 am",0
"Oct 31, 01:00 am",0
"Oct 31, 02:00 am",0
"Oct 31, 03:00 am",0
"Oct 31, 04:00 am",0
"Oct 31, 05:00 am",0
"Oct 31, 06:00 am",0
"Oct 31, 07:00 am",4.94052
"Oct 31, 08:00 am",8.51052
"Oct 31, 09:00 am",10.1378
"Oct 31, 10:00 am",9.6036
"Oct 31, 11:00 am",8.44655
"Oct 31, 12:00 pm",6.61656
"Oct 31, 01:00 pm",5.58682
"Oct 31, 02:00 pm",2.6988
"Oct 31, 03:00 pm",1.65052
"Oct 31, 04:00 pm",0.847207
"Oct 31, 05:00 pm",-0
"Oct 31, 06:00 pm",0
"Oct 31, 07:00 pm",0
"Oct 31, 08:00 pm",0
"Oct 31, 09:00 pm",0
"Oct 31, 10:00 pm",0
"Oct 31, 11:00 pm",0
"Nov 1, 12:00 am",0
"Nov 1, 01:00 am",0
"Nov 1, 02:00 am",0
"Nov 1, 03:00 am",0
"Nov 1, 04:00 am",0
"Nov 1, 05:00 am",0
"Nov 1, 06:00 am",0
"Nov 1, 07:00 am",5.73584
"Nov 1, 08:00 am",9.87757
"Nov 1, 09:00 am",11.4377
"Nov 1, 10:00 am",11.5353
"Nov 1, 11:00 am",10.7444
"Nov 1, 12:00 pm",9.05951
"Nov 1, 01:00 pm",6.26385
"Nov 1, 02:00 pm",2.71634
"Nov 1, 03:00 pm",1.27043
"Nov 1, 04:00 pm",0.731105
"Nov 1, 05:00 pm",-0
"Nov 1, 06:00 pm",0
"Nov 1, 07:00 pm",0
"Nov 1, 08:00 pm",0
"Nov 1, 09:00 pm",0
"Nov 1, 10:00 pm",0
"Nov 1, 11:00 pm",0
"Nov 2, 12:00 am",0
"Nov 2, 01:00 am",0
"Nov 2, 02:00 am",0
"Nov 2, 03:00 am",0
"Nov 2, 04:00 am",0
"Nov 2, 05:00 am",0
"Nov 2, 06:00 am",0
"Nov 2, 07:00 am",2.43291
"Nov 2, 08:00 am",9.56354
"Nov 2, 09:00 am",11.4156
"Nov 2, 10:00 am",8.85856
"Nov 2, 11:00 am",10.9487
"Nov 2, 12:00 pm",7.78211
"Nov 2, 01:00 pm",5.70801
"Nov 2, 02:00 pm",2.97073
"Nov 2, 03:00 pm",1.14611
"Nov 2, 04:00 pm",0.657475
"Nov 2, 05:00 pm",-0
"Nov 2, 06:00 pm",0
"Nov 2, 07:00 pm",0
"Nov 2, 08:00 pm",0
"Nov 2, 09:00 pm",0
"Nov 2, 10:00 pm",0
"Nov 2, 11:00 pm",0
"Nov 3, 12:00 am",0
"Nov 3, 01:00 am",0
"Nov 3, 02:00 am",0
"Nov 3, 03:00 am",0
"Nov 3, 04:00 am",0
"Nov 3, 05:00 am",0
"Nov 3, 06:00 am",0
"Nov 3, 07:00 am",-0
"Nov 3, 08:00 am",1.11241
"Nov 3, 09:00 am",2.01563
"Nov 3, 10:00 am",2.79843
"Nov 3, 11:00 am",3.41912
"Nov 3, 12:00 pm",4.88292
"Nov 3, 01:00 pm",5.02906
"Nov 3, 02:00 pm",2.63001
"Nov 3, 03:00 pm",0.784705
"Nov 3, 04:00 pm",0.587827
"Nov 3, 05:00 pm",-0
"Nov 3, 06:00 pm",0
"Nov 3, 07:00 pm",0
"Nov 3, 08:00 pm",0
"Nov 3, 09:00 pm",0
"Nov 3, 10:00 pm",0
"Nov 3, 11:00 pm",0
"Nov 4, 12:00 am",0
"Nov 4, 01:00 am",0
"Nov 4, 02:00 am",0
"Nov 4, 03:00 am",0
"Nov 4, 04:00 am",0
"Nov 4, 05:00 am",0
"Nov 4, 06:00 am",0
"Nov 4, 07:00 am",4.93773
"Nov 4, 08:00 am",9.29764
"Nov 4, 09:00 am",11.1774
"Nov 4, 10:00 am",11.5044
"Nov 4, 11:00 am",10.7464
"Nov 4, 12:00 pm",9.07351
"Nov 4, 01:00 pm",6.23351
"Nov 4, 02:00 pm",2.64202
"Nov 4, 03:00 pm",0.718842
"Nov 4, 04:00 pm",0.483147
"Nov 4, 05:00 pm",-0
"Nov 4, 06:00 pm",0
"Nov 4, 07:00 pm",0
"Nov 4, 08:00 pm",0
"Nov 4, 09:00 pm",0
"Nov 4, 10:00 pm",0
"Nov 4, 11:00 pm",0
"Nov 5, 12:00 am",0
"Nov 5, 01:00 am",0
"Nov 5, 02:00 am",0
"Nov 5, 03:00 am",0
"Nov 5, 04:00 am",0
"Nov 5, 05:00 am",0
"Nov 5, 06:00 am",0
"Nov 5, 07:00 am",5.32221
"Nov 5, 08:00 am",9.66812
"Nov 5, 09:00 am",11.4522
"Nov 5, 10:00 am",11.5894
"Nov 5, 11:00 am",10.7382
"Nov 5, 12:00 pm",8.94103
"Nov 5, 01:00 pm",6.09629
"Nov 5, 02:00 pm",2.58678
"Nov 5, 03:00 pm",0.605843
"Nov 5, 04:00 pm",0.453178
"Nov 5, 05:00 pm",-0
"Nov 5, 06:00 pm",0
"Nov 5, 07:00 pm",0
"Nov 5, 08:00 pm",0
"Nov 5, 09:00 pm",0
"Nov 5, 10:00 pm",0
"Nov 5, 11:00 pm",0
"Nov 6, 12:00 am",0
"Nov 6, 01:00 am",0
"Nov 6, 02:00 am",0
"Nov 6, 03:00 am",0
"Nov 6, 04:00 am",0
"Nov 6, 05:00 am",0
"Nov 6, 06:00 am",0
"Nov 6, 07:00 am",5.26852
"Nov 6, 08:00 am",9.03755
"Nov 6, 09:00 am",8.7452
"Nov 6, 10:00 am",9.22222
"Nov 6, 11:00 am",8.40043
"Nov 6, 12:00 pm",7.91981
"Nov 6, 01:00 pm",5.56489
"Nov 6, 02:00 pm",2.5072
"Nov 6, 03:00 pm",1.58531
"Nov 6, 04:00 pm",0.538925
"Nov 6, 05:00 pm",-0
"Nov 6, 06:00 pm",0
"Nov 6, 07:00 pm",0
"Nov 6, 08:00 pm",0
"Nov 6, 09:00 pm",0
"Nov 6, 10:00 pm",0
"Nov 6, 11:00 pm",0
"Nov 7, 12:00 am",0
"Nov 7, 01:00 am",0
"Nov 7, 02:00 am",0
"Nov 7, 03:00 am",0
"Nov 7, 04:00 am",0
"Nov 7, 05:00 am",0
"Nov 7, 06:00 am",0
"Nov 7, 07:00 am",4.7701
"Nov 7, 08:00 am",9.04966
"Nov 7, 09:00 am",7.74573
"Nov 7, 10:00 am",9.57169
"Nov 7, 11:00 am",10.4745
"Nov 7, 12:00 pm",7.99794
"Nov 7, 01:00 pm",5.45903
"Nov 7, 02:00 pm",2.75787
"Nov 7, 03:00 pm",0.567855
"Nov 7, 04:00 pm",0.728594
"Nov 7, 05:00 pm",-0
"Nov 7, 06:00 pm",0
"Nov 7, 07:00 pm",0
"Nov 7, 08:00 pm",0
"Nov 7, 09:00 pm",0
"Nov 7, 10:00 pm",0
"Nov 7, 11:00 pm",0
"Nov 8, 12:00 am",0
"Nov 8, 01:00 am",0
"Nov 8, 02:00 am",0
"Nov 8, 03:00 am",0
"Nov 8, 04:00 am",0
"Nov 8, 05:00 am",0
"Nov 8, 06:00 am",0
"Nov 8, 07:00 am",2.25427
"Nov 8, 08:00 am",8.79481
"Nov 8, 09:00 am",7.74829
"Nov 8, 10:00 am",10.6689
"Nov 8, 11:00 am",9.2606
"Nov 8, 12:00 pm",8.52597
"Nov 8, 01:00 pm",5.78308
"Nov 8, 02:00 pm",2.50361
"Nov 8, 03:00 pm",1.17368
"Nov 8, 04:00 pm",0.54171
"Nov 8, 05:00 pm",0
"Nov 8, 06:00 pm",0
"Nov 8, 07:00 pm",0
"Nov 8, 08:00 pm",0
"Nov 8, 09:00 pm",0
"Nov 8, 10:00 pm",0
"Nov 8, 11:00 pm",0
"Nov 9, 12:00 am",0
"Nov 9, 01:00 am",0
"Nov 9, 02:00 am",0
"Nov 9, 03:00 am",0
"Nov 9, 04:00 am",0
"Nov 9, 05:00 am",0
"Nov 9, 06:00 am",0
"Nov 9, 07:00 am",2.68518
"Nov 9, 08:00 am",7.43093
"Nov 9, 09:00 am",9.09646
"Nov 9, 10:00 am",9.5134
"Nov 9, 11:00 am",8.82322
"Nov 9, 12:00 pm",6.44598
"Nov 9, 01:00 pm",5.23346
"Nov 9, 02:00 pm",2.85768
"Nov 9, 03:00 pm",1.22555
"Nov 9, 04:00 pm",0.638914
"Nov 9, 05:00 pm",0
"Nov 9, 06:00 pm",0
"Nov 9, 07:00 pm",0
"Nov 9, 08:00 pm",0
"Nov 9, 09:00 pm",0
"Nov 9, 10:00 pm",0
"Nov 9, 11:00 pm",0
"Nov 10, 12:00 am",0
"Nov 10, 01:00 am",0
"Nov 10, 02:00 am",0
"Nov 10, 03:00 am",0
"Nov 10, 04:00 am",0
"Nov 10, 05:00 am",0
"Nov 10, 06:00 am",0
"Nov 10, 07:00 am",1.17927
"Nov 10, 08:00 am",3.64625
"Nov 10, 09:00 am",5.49554
"Nov 10, 10:00 am",7.74744
"Nov 10, 11:00 am",4.4893
"Nov 10, 12:00 pm",4.54299
"Nov 10, 01:00 pm",2.60337
"Nov 10, 02:00 pm",2.54936
"Nov 10, 03:00 pm",1.7348
"Nov 10, 04:00 pm",0.693423
"Nov 10, 05:00 pm",0
"Nov 10, 06:00 pm",0
"Nov 10, 07:00 pm",0
"Nov 10, 08:00 pm",0
"Nov 10, 09:00 pm",0
"Nov 10, 10:00 pm",0
"Nov 10, 11:00 pm",0
"Nov 11, 12:00 am",0
"Nov 11, 01:00 am",0
"Nov 11, 02:00 am",0
"Nov 11, 03:00 am",0
"Nov 11, 04:00 am",0
"Nov 11, 05:00 am",0
"Nov 11, 06:00 am",0
"Nov 11, 07:00 am",3.57564
"Nov 11, 08:00 am",8.25765
"Nov 11, 09:00 am",10.397
"Nov 11, 10:00 am",10.9591
"Nov 11, 11:00 am",10.2602
"Nov 11, 12:00 pm",8.6518
"Nov 11, 01:00 pm",5.8254
"Nov 11, 02:00 pm",2.41395
"Nov 11, 03:00 pm",0.705894
"Nov 11, 04:00 pm",0.491139
"Nov 11, 05:00 pm",0
"Nov 11, 06:00 pm",0
"Nov 11, 07:00 pm",0
"Nov 11, 08:00 pm",0
"Nov 11, 09:00 pm",0
"Nov 11, 10:00 pm",0
"Nov 11, 11:00 pm",0
"Nov 12, 12:00 am",0
"Nov 12, 01:00 am",0
"Nov 12, 02:00 am",0
"Nov 12, 03:00 am",0
"Nov 12, 04:00 am",0
"Nov 12, 05:00 am",0
"Nov 12, 06:00 am",0
"Nov 12, 07:00 am",4.04635
"Nov 12, 08:00 am",8.81423
"Nov 12, 09:00 am",10.6892
"Nov 12, 10:00 am",11.0299
"Nov 12, 11:00 am",10.3146
"Nov 12, 12:00 pm",8.65215
"Nov 12, 01:00 pm",5.80142
"Nov 12, 02:00 pm",2.26328
"Nov 12, 03:00 pm",0.627037
"Nov 12, 04:00 pm",0.439238
"Nov 12, 05:00 pm",0
"Nov 12, 06:00 pm",0
"Nov 12, 07:00 pm",0
"Nov 12, 08:00 pm",0
"Nov 12, 09:00 pm",0
"Nov 12, 10:00 pm",0
"Nov 12, 11:00 pm",0
"Nov 13, 12:00 am",0
"Nov 13, 01:00 am",0
"Nov 13, 02:00 am",0
"Nov 13, 03:00 am",0
"Nov 13, 04:00 am",0
"Nov 13, 05:00 am",0
"Nov 13, 06:00 am",0
"Nov 13, 07:00 am",4.56662
"Nov 13, 08:00 am",9.34877
"Nov 13, 09:00 am",11.102
"Nov 13, 10:00 am",11.3412
"Nov 13, 11:00 am",10.451
"Nov 13, 12:00 pm",8.68082
"Nov 13, 01:00 pm",5.75613
"Nov 13, 02:00 pm",2.25744
"Nov 13, 03:00 pm",0.57009
"Nov 13, 04:00 pm",0.409135
"Nov 13, 05:00 pm",0
"Nov 13, 06:00 pm",0
"Nov 13, 07:00 pm",0
"Nov 13, 08:00 pm",0
"Nov 13, 09:00 pm",0
"Nov 13, 10:00 pm",0
"Nov 13, 11:00 pm",0
"Nov 14, 12:00 am",0
"Nov 14, 01:00 am",0
"Nov 14, 02:00 am",0
"Nov 14, 03:00 am",0
"Nov 14, 04:00 am",0
"Nov 14, 05:00 am",0
"Nov 14, 06:00 am",0
"Nov 14, 07:00 am",4.1461
"Nov 14, 08:00 am",8.86641
"Nov 14, 09:00 am",10.5915
"Nov 14, 10:00 am",10.976
"Nov 14, 11:00 am",10.1992
"Nov 14, 12:00 pm",8.49047
"Nov 14, 01:00 pm",5.62592
"Nov 14, 02:00 pm",2.19098
"Nov 14, 03:00 pm",0.572962
"Nov 14, 04:00 pm",0.409304
"Nov 14, 05:00 pm",0
"Nov 14, 06:00 pm",0
"Nov 14, 07:00 pm",0
"Nov 14, 08:00 pm",0
"Nov 14, 09:00 pm",0
"Nov 14, 10:00 pm",0
"Nov 14, 11:00 pm",0
"Nov 15, 12:00 am",0
"Nov 15, 01:00 am",0
"Nov 15, 02:00 am",0
"Nov 15, 03:00 am",0
"Nov 15, 04:00 am",0
"Nov 15, 05:00 am",0
"Nov 15, 06:00 am",0
"Nov 15, 07:00 am",4.0446
"Nov 15, 08:00 am",9.34758
"Nov 15, 09:00 am",11.3808
"Nov 15, 10:00 am",11.7966
"Nov 15, 11:00 am",10.9228
"Nov 15, 12:00 pm",9.05878
"Nov 15, 01:00 pm",5.94218
"Nov 15, 02:00 pm",2.28662
"Nov 15, 03:00 pm",0.585306
"Nov 15, 04:00 pm",0.417863
"Nov 15, 05:00 pm",0
"Nov 15, 06:00 pm",0
"Nov 15, 07:00 pm",0
"Nov 15, 08:00 pm",0
"Nov 15, 09:00 pm",0
"Nov 15, 10:00 pm",0
"Nov 15, 11:00 pm",0
"Nov 16, 12:00 am",0
"Nov 16, 01:00 am",0
"Nov 16, 02:00 am",0
"Nov 16, 03:00 am",0
"Nov 16, 04:00 am",0
"Nov 16, 05:00 am",0
"Nov 16, 06:00 am",0
"Nov 16, 07:00 am",4.14792
"Nov 16, 08:00 am",9.31637
"Nov 16, 09:00 am",11.1489
"Nov 16, 10:00 am",11.4885
"Nov 16, 11:00 am",10.6491
"Nov 16, 12:00 pm",8.81674
"Nov 16, 01:00 pm",5.79257
"Nov 16, 02:00 pm",2.23126
"Nov 16, 03:00 pm",0.604124
"Nov 16, 04:00 pm",0.414981
"Nov 16, 05:00 pm",0
"Nov 16, 06:00 pm",0
"Nov 16, 07:00 pm",0
"Nov 16, 08:00 pm",0
"Nov 16, 09:00 pm",0
"Nov 16, 10:00 pm",0
"Nov 16, 11:00 pm",0
"Nov 17, 12:00 am",0
"Nov 17, 01:00 am",0
"Nov 17, 02:00 am",0
"Nov 17, 03:00 am",0
"Nov 17, 04:00 am",0
"Nov 17, 05:00 am",0
"Nov 17, 06:00 am",0
"Nov 17, 07:00 am",3.65315
"Nov 17, 08:00 am",8.99776
"Nov 17, 09:00 am",10.9586
"Nov 17, 10:00 am",11.2262
"Nov 17, 11:00 am",10.4451
"Nov 17, 12:00 pm",8.6926
"Nov 17, 01:00 pm",5.72114
"Nov 17, 02:00 pm",2.19199
"Nov 17, 03:00 pm",0.604942
"Nov 17, 04:00 pm",0.415656
"Nov 17, 05:00 pm",0
"Nov 17, 06:00 pm",0
"Nov 17, 07:00 pm",0
"Nov 17, 08:00 pm",0
"Nov 17, 09:00 pm",0
"Nov 17, 10:00 pm",0
"Nov 17, 11:00 pm",0
"Nov 18, 12:00 am",0
"Nov 18, 01:00 am",0
"Nov 18, 02:00 am",0
"Nov 18, 03:00 am",0
"Nov 18, 04:00 am",0
"Nov 18, 05:00 am",0
"Nov 18, 06:00 am",0
"Nov 18, 07:00 am",3.90064
"Nov 18, 08:00 am",9.3559
"Nov 18, 09:00 am",11.1941
"Nov 18, 10:00 am",11.554
"Nov 18, 11:00 am",10.7401
"Nov 18, 12:00 pm",8.902
"Nov 18, 01:00 pm",5.8226
"Nov 18, 02:00 pm",2.19385
"Nov 18, 03:00 pm",0.572762
"Nov 18, 04:00 pm",0.385686
"Nov 18, 05:00 pm",0
"Nov 18, 06:00 pm",0
"Nov 18, 07:00 pm",0
"Nov 18, 08:00 pm",0
"Nov 18, 09:00 pm",0
"Nov 18, 10:00 pm",0
"Nov 18, 11:00 pm",0
"Nov 19, 12:00 am",0
"Nov 19, 01:00 am",0
"Nov 19, 02:00 am",0
"Nov 19, 03:00 am",0
"Nov 19, 04:00 am",0
"Nov 19, 05:00 am",0
"Nov 19, 06:00 am",0
"Nov 19, 07:00 am",3.48004
"Nov 19, 08:00 am",9.00052
"Nov 19, 09:00 am",10.8234
"Nov 19, 10:00 am",11.153
"Nov 19, 11:00 am",10.3107
"Nov 19, 12:00 pm",8.55314
"Nov 19, 01:00 pm",5.59424
"Nov 19, 02:00 pm",2.1015
"Nov 19, 03:00 pm",0.568433
"Nov 19, 04:00 pm",0.387217
"Nov 19, 05:00 pm",0
"Nov 19, 06:00 pm",0
"Nov 19, 07:00 pm",0
"Nov 19, 08:00 pm",0
"Nov 19, 09:00 pm",0
"Nov 19, 10:00 pm",0
"Nov 19, 11:00 pm",0
"Nov 20, 12:00 am",0
"Nov 20, 01:00 am",0
"Nov 20, 02:00 am",0
"Nov 20, 03:00 am",0
"Nov 20, 04:00 am",0
"Nov 20, 05:00 am",0
"Nov 20, 06:00 am",0
"Nov 20, 07:00 am",3.04362
"Nov 20, 08:00 am",8.8318
"Nov 20, 09:00 am",10.7515
"Nov 20, 10:00 am",11.1396
"Nov 20, 11:00 am",10.3713
"Nov 20, 12:00 pm",8.61892
"Nov 20, 01:00 pm",5.6595
"Nov 20, 02:00 pm",2.11553
"Nov 20, 03:00 pm",0.654889
"Nov 20, 04:00 pm",0.400405
"Nov 20, 05:00 pm",0
"Nov 20, 06:00 pm",0
"Nov 20, 07:00 pm",0
"Nov 20, 08:00 pm",0
"Nov 20, 09:00 pm",0
"Nov 20, 10:00 pm",0
"Nov 20, 11:00 pm",0
"Nov 21, 12:00 am",0
"Nov 21, 01:00 am",0
"Nov 21, 02:00 am",0
"Nov 21, 03:00 am",0
"Nov 21, 04:00 am",0
"Nov 21, 05:00 am",0
"Nov 21, 06:00 am",0
"Nov 21, 07:00 am",2.12202
"Nov 21, 08:00 am",7.39826
"Nov 21, 09:00 am",7.61864
"Nov 21, 10:00 am",8.81206
"Nov 21, 11:00 am",8.29443
"Nov 21, 12:00 pm",7.61673
"Nov 21, 01:00 pm",4.90675
"Nov 21, 02:00 pm",2.04791
"Nov 21, 03:00 pm",0.623353
"Nov 21, 04:00 pm",0.417005
"Nov 21, 05:00 pm",0
"Nov 21, 06:00 pm",0
"Nov 21, 07:00 pm",0
"Nov 21, 08:00 pm",0
"Nov 21, 09:00 pm",0
"Nov 21, 10:00 pm",0
"Nov 21, 11:00 pm",0
"Nov 22, 12:00 am",0
"Nov 22, 01:00 am",0
"Nov 22, 02:00 am",0
"Nov 22, 03:00 am",0
"Nov 22, 04:00 am",0
"Nov 22, 05:00 am",0
"Nov 22, 06:00 am",0
"Nov 22, 07:00 am",0.853413
"Nov 22, 08:00 am",8.49106
"Nov 22, 09:00 am",7.20869
"Nov 22, 10:00 am",7.26517
"Nov 22, 11:00 am",7.90588
"Nov 22, 12:00 pm",6.53361
"Nov 22, 01:00 pm",4.85376
"Nov 22, 02:00 pm",2.11568
"Nov 22, 03:00 pm",0.968218
"Nov 22, 04:00 pm",0.421273
"Nov 22, 05:00 pm",0
"Nov 22, 06:00 pm",0
"Nov 22, 07:00 pm",0
"Nov 22, 08:00 pm",0
"Nov 22, 09:00 pm",0
"Nov 22, 10:00 pm",0
"Nov 22, 11:00 pm",0
"Nov 23, 12:00 am",0
"Nov 23, 01:00 am",0
"Nov 23, 02:00 am",0
"Nov 23, 03:00 am",0
"Nov 23, 04:00 am",0
"Nov 23, 05:00 am",0
"Nov 23, 06:00 am",0
"Nov 23, 07:00 am",0.137588
"Nov 23, 08:00 am",2.97481
"Nov 23, 09:00 am",4.25939
"Nov 23, 10:00 am",5.62155
"Nov 23, 11:00 am",2.86136
"Nov 23, 12:00 pm",4.87903
"Nov 23, 01:00 pm",2.39655
"Nov 23, 02:00 pm",2.46333
"Nov 23, 03:00 pm",1.50001
"Nov 23, 04:00 pm",0.558208
"Nov 23, 05:00 pm",0
"Nov 23, 06:00 pm",0
"Nov 23, 07:00 pm",0
"Nov 23, 08:00 pm",0
"Nov 23, 09:00 pm",0
"Nov 23, 10:00 pm",0
"Nov 23, 11:00 pm",0
"Nov 24, 12:00 am",0
"Nov 24, 01:00 am",0
"Nov 24, 02:00 am",0
"Nov 24, 03:00 am",0
"Nov 24, 04:00 am",0
"Nov 24, 05:00 am",0
"Nov 24, 06:00 am",0
"Nov 24, 07:00 am",1.53145
"Nov 24, 08:00 am",7.20672
"Nov 24, 09:00 am",9.50516
"Nov 24, 10:00 am",10.0494
"Nov 24, 11:00 am",9.52471
"Nov 24, 12:00 pm",7.90916
"Nov 24, 01:00 pm",5.21387
"Nov 24, 02:00 pm",1.94174
"Nov 24, 03:00 pm",0.640295
"Nov 24, 04:00 pm",0.376502
"Nov 24, 05:00 pm",0
"Nov 24, 06:00 pm",0
"Nov 24, 07:00 pm",0
"Nov 24, 08:00 pm",0
"Nov 24, 09:00 pm",0
"Nov 24, 10:00 pm",0
"Nov 24, 11:00 pm",0
"Nov 25, 12:00 am",0
"Nov 25, 01:00 am",0
"Nov 25, 02:00 am",0
"Nov 25, 03:00 am",0
"Nov 25, 04:00 am",0
"Nov 25, 05:00 am",0
"Nov 25, 06:00 am",0
"Nov 25, 07:00 am",2.16085
"Nov 25, 08:00 am",8.11227
"Nov 25, 09:00 am",10.2102
"Nov 25, 10:00 am",10.5298
"Nov 25, 11:00 am",9.84388
"Nov 25, 12:00 pm",8.17413
"Nov 25, 01:00 pm",5.37942
"Nov 25, 02:00 pm",2.00743
"Nov 25, 03:00 pm",0.629315
"Nov 25, 04:00 pm",0.402947
"Nov 25, 05:00 pm",0
"Nov 25, 06:00 pm",0
"Nov 25, 07:00 pm",0
"Nov 25, 08:00 pm",0
"Nov 25, 09:00 pm",0
"Nov 25, 10:00 pm",0
"Nov 25, 11:00 pm",0
"Nov 26, 12:00 am",0
"Nov 26, 01:00 am",0
"Nov 26, 02:00 am",0
"Nov 26, 03:00 am",0
"Nov 26, 04:00 am",0
"Nov 26, 05:00 am",0
"Nov 26, 06:00 am",0
"Nov 26, 07:00 am",-0
"Nov 26, 08:00 am",3.47019
"Nov 26, 09:00 am",8.37031
"Nov 26, 10:00 am",10.4036
"Nov 26, 11:00 am",9.60721
"Nov 26, 12:00 pm",7.0617
"Nov 26, 01:00 pm",5.40935
"Nov 26, 02:00 pm",2.02679
"Nov 26, 03:00 pm",0.728869
"Nov 26, 04:00 pm",0.456629
"Nov 26, 05:00 pm",0
"Nov 26, 06:00 pm",0
"Nov 26, 07:00 pm",0
"Nov 26, 08:00 pm",0
"Nov 26, 09:00 pm",0
"Nov 26, 10:00 pm",0
"Nov 26, 11:00 pm",0
"Nov 27, 12:00 am",0
"Nov 27, 01:00 am",0
"Nov 27, 02:00 am",0
"Nov 27, 03:00 am",0
"Nov 27, 04:00 am",0
"Nov 27, 05:00 am",0
"Nov 27, 06:00 am",0
"Nov 27, 07:00 am",0.148268
"Nov 27, 08:00 am",3.99667
"Nov 27, 09:00 am",7.09144
"Nov 27, 10:00 am",11.7322
"Nov 27, 11:00 am",10.9292
"Nov 27, 12:00 pm",8.98573
"Nov 27, 01:00 pm",5.83076
"Nov 27, 02:00 pm",2.12526
"Nov 27, 03:00 pm",0.616177
"Nov 27, 04:00 pm",0.400013
"Nov 27, 05:00 pm",0
"Nov 27, 06:00 pm",0
"Nov 27, 07:00 pm",0
"Nov 27, 08:00 pm",0
"Nov 27, 09:00 pm",0
"Nov 27, 10:00 pm",0
"Nov 27, 11:00 pm",0
"Nov 28, 12:00 am",0
"Nov 28, 01:00 am",0
"Nov 28, 02:00 am",0
"Nov 28, 03:00 am",0
"Nov 28, 04:00 am",0
"Nov 28, 05:00 am",0
"Nov 28, 06:00 am",0
"Nov 28, 07:00 am",2.55867
"Nov 28, 08:00 am",9.01243
"Nov 28, 09:00 am",11.0317
"Nov 28, 10:00 am",11.5239
"Nov 28, 11:00 am",10.6924
"Nov 28, 12:00 pm",8.77596
"Nov 28, 01:00 pm",5.67448
"Nov 28, 02:00 pm",2.08564
"Nov 28, 03:00 pm",0.586219
"Nov 28, 04:00 pm",0.384531
"Nov 28, 05:00 pm",0
"Nov 28, 06:00 pm",0
"Nov 28, 07:00 pm",0
"Nov 28, 08:00 pm",0
"Nov 28, 09:00 pm",0
"Nov 28, 10:00 pm",0
"Nov 28, 11:00 pm",0
"Nov 29, 12:00 am",0
"Nov 29, 01:00 am",0
"Nov 29, 02:00 am",0
"Nov 29, 03:00 am",0
"Nov 29, 04:00 am",0
"Nov 29, 05:00 am",0
"Nov 29, 06:00 am",0
"Nov 29, 07:00 am",1.86954
"Nov 29, 08:00 am",8.12658
"Nov 29, 09:00 am",10.3199
"Nov 29, 10:00 am",10.7094
"Nov 29, 11:00 am",10.0797
"Nov 29, 12:00 pm",8.32524
"Nov 29, 01:00 pm",5.42781
"Nov 29, 02:00 pm",2.00978
"Nov 29, 03:00 pm",0.591806
"Nov 29, 04:00 pm",0.599329
"Nov 29, 05:00 pm",0
"Nov 29, 06:00 pm",0
"Nov 29, 07:00 pm",0
"Nov 29, 08:00 pm",0
"Nov 29, 09:00 pm",0
"Nov 29, 10:00 pm",0
"Nov 29, 11:00 pm",0
"Nov 30, 12:00 am",0
"Nov 30, 01:00 am",0
"Nov 30, 02:00 am",0
"Nov 30, 03:00 am",0
"Nov 30, 04:00 am",0
"Nov 30, 05:00 am",0
"Nov 30, 06:00 am",0
"Nov 30, 07:00 am",1.83068
"Nov 30, 08:00 am",8.08051
"Nov 30, 09:00 am",10.3299
"Nov 30, 10:00 am",10.7147
"Nov 30, 11:00 am",10.0724
"Nov 30, 12:00 pm",8.3028
"Nov 30, 01:00 pm",5.41271
"Nov 30, 02:00 pm",1.98622
"Nov 30, 03:00 pm",0.571376
"Nov 30, 04:00 pm",0.37623
"Nov 30, 05:00 pm",0
"Nov 30, 06:00 pm",0
"Nov 30, 07:00 pm",0
"Nov 30, 08:00 pm",0
"Nov 30, 09:00 pm",0
"Nov 30, 10:00 pm",0
"Nov 30, 11:00 pm",0
"Dec 1, 12:00 am",0
"Dec 1, 01:00 am",0
"Dec 1, 02:00 am",0
"Dec 1, 03:00 am",0
"Dec 1, 04:00 am",0
"Dec 1, 05:00 am",0
"Dec 1, 06:00 am",0
"Dec 1, 07:00 am",0.846582
"Dec 1, 08:00 am",7.10174
"Dec 1, 09:00 am",9.5396
"Dec 1, 10:00 am",10.1927
"Dec 1, 11:00 am",9.5722
"Dec 1, 12:00 pm",7.89943
"Dec 1, 01:00 pm",5.1175
"Dec 1, 02:00 pm",1.99767
"Dec 1, 03:00 pm",0.682241
"Dec 1, 04:00 pm",0.43503
"Dec 1, 05:00 pm",0
"Dec 1, 06:00 pm",0
"Dec 1, 07:00 pm",0
"Dec 1, 08:00 pm",0
"Dec 1, 09:00 pm",0
"Dec 1, 10:00 pm",0
"Dec 1, 11:00 pm",0
"Dec 2, 12:00 am",0
"Dec 2, 01:00 am",0
"Dec 2, 02:00 am",0
"Dec 2, 03:00 am",0
"Dec 2, 04:00 am",0
"Dec 2, 05:00 am",0
"Dec 2, 06:00 am",0
"Dec 2, 07:00 am",0.769342
"Dec 2, 08:00 am",6.97291
"Dec 2, 09:00 am",9.30533
"Dec 2, 10:00 am",9.88947
"Dec 2, 11:00 am",9.14722
"Dec 2, 12:00 pm",7.54458
"Dec 2, 01:00 pm",4.98912
"Dec 2, 02:00 pm",1.85359
"Dec 2, 03:00 pm",0.509792
"Dec 2, 04:00 pm",0.440558
"Dec 2, 05:00 pm",0
"Dec 2, 06:00 pm",0
"Dec 2, 07:00 pm",0
"Dec 2, 08:00 pm",0
"Dec 2, 09:00 pm",0
"Dec 2, 10:00 pm",0
"Dec 2, 11:00 pm",0
"Dec 3, 12:00 am",0
"Dec 3, 01:00 am",0
"Dec 3, 02:00 am",0
"Dec 3, 03:00 am",0
"Dec 3, 04:00 am",0
"Dec 3, 05:00 am",0
"Dec 3, 06:00 am",0
"Dec 3, 07:00 am",1.0616
"Dec 3, 08:00 am",7.19337
"Dec 3, 09:00 am",7.10873
"Dec 3, 10:00 am",8.76737
"Dec 3, 11:00 am",9.34384
"Dec 3, 12:00 pm",7.69999
"Dec 3, 01:00 pm",5.03766
"Dec 3, 02:00 pm",1.91232
"Dec 3, 03:00 pm",0.633959
"Dec 3, 04:00 pm",0.39313
"Dec 3, 05:00 pm",0
"Dec 3, 06:00 pm",0
"Dec 3, 07:00 pm",0
"Dec 3, 08:00 pm",0
"Dec 3, 09:00 pm",0
"Dec 3, 10:00 pm",0
"Dec 3, 11:00 pm",0
"Dec 4, 12:00 am",0
"Dec 4, 01:00 am",0
"Dec 4, 02:00 am",0
"Dec 4, 03:00 am",0
"Dec 4, 04:00 am",0
"Dec 4, 05:00 am",0
"Dec 4, 06:00 am",0
"Dec 4, 07:00 am",0.0241341
"Dec 4, 08:00 am",3.12664
"Dec 4, 09:00 am",4.76811
"Dec 4, 10:00 am",9.88631
"Dec 4, 11:00 am",9.11356
"Dec 4, 12:00 pm",7.54943
"Dec 4, 01:00 pm",4.94362
"Dec 4, 02:00 pm",2.4786
"Dec 4, 03:00 pm",0.565947
"Dec 4, 04:00 pm",0.361461
"Dec 4, 05:00 pm",0
"Dec 4, 06:00 pm",0
"Dec 4, 07:00 pm",0
"Dec 4, 08:00 pm",0
"Dec 4, 09:00 pm",0
"Dec 4, 10:00 pm",0
"Dec 4, 11:00 pm",0
"Dec 5, 12:00 am",0
"Dec 5, 01:00 am",0
"Dec 5, 02:00 am",0
"Dec 5, 03:00 am",0
"Dec 5, 04:00 am",0
"Dec 5, 05:00 am",0
"Dec 5, 06:00 am",0
"Dec 5, 07:00 am",-0
"Dec 5, 08:00 am",2.16457
"Dec 5, 09:00 am",9.42202
"Dec 5, 10:00 am",6.80811
"Dec 5, 11:00 am",9.39227
"Dec 5, 12:00 pm",7.79032
"Dec 5, 01:00 pm",5.11483
"Dec 5, 02:00 pm",1.90239
"Dec 5, 03:00 pm",0.647399
"Dec 5, 04:00 pm",0.362614
"Dec 5, 05:00 pm",0
"Dec 5, 06:00 pm",0
"Dec 5, 07:00 pm",0
"Dec 5, 08:00 pm",0
"Dec 5, 09:00 pm",0
"Dec 5, 10:00 pm",0
"Dec 5, 11:00 pm",0
"Dec 6, 12:00 am",0
"Dec 6, 01:00 am",0
"Dec 6, 02:00 am",0
"Dec 6, 03:00 am",0
"Dec 6, 04:00 am",0
"Dec 6, 05:00 am",0
"Dec 6, 06:00 am",0
"Dec 6, 07:00 am",-0
"Dec 6, 08:00 am",3.09211
"Dec 6, 09:00 am",5.05726
"Dec 6, 10:00 am",6.74505
"Dec 6, 11:00 am",7.65018
"Dec 6, 12:00 pm",7.76446
"Dec 6, 01:00 pm",4.68678
"Dec 6, 02:00 pm",2.53571
"Dec 6, 03:00 pm",1.432
"Dec 6, 04:00 pm",0.564871
"Dec 6, 05:00 pm",0
"Dec 6, 06:00 pm",0
"Dec 6, 07:00 pm",0
"Dec 6, 08:00 pm",0
"Dec 6, 09:00 pm",0
"Dec 6, 10:00 pm",0
"Dec 6, 11:00 pm",0
"Dec 7, 12:00 am",0
"Dec 7, 01:00 am",0
"Dec 7, 02:00 am",0
"Dec 7, 03:00 am",0
"Dec 7, 04:00 am",0
"Dec 7, 05:00 am",0
"Dec 7, 06:00 am",0
"Dec 7, 07:00 am",0.817954
"Dec 7, 08:00 am",7.04516
"Dec 7, 09:00 am",9.47154
"Dec 7, 10:00 am",10.089
"Dec 7, 11:00 am",9.50792
"Dec 7, 12:00 pm",7.88307
"Dec 7, 01:00 pm",5.1837
"Dec 7, 02:00 pm",1.91498
"Dec 7, 03:00 pm",0.630039
"Dec 7, 04:00 pm",0.354778
"Dec 7, 05:00 pm",0
"Dec 7, 06:00 pm",0
"Dec 7, 07:00 pm",0
"Dec 7, 08:00 pm",0
"Dec 7, 09:00 pm",0
"Dec 7, 10:00 pm",0
"Dec 7, 11:00 pm",0
"Dec 8, 12:00 am",0
"Dec 8, 01:00 am",0
"Dec 8, 02:00 am",0
"Dec 8, 03:00 am",0
"Dec 8, 04:00 am",0
"Dec 8, 05:00 am",0
"Dec 8, 06:00 am",0
"Dec 8, 07:00 am",0.651514
"Dec 8, 08:00 am",7.00126
"Dec 8, 09:00 am",9.50004
"Dec 8, 10:00 am",10.094
"Dec 8, 11:00 am",9.49848
"Dec 8, 12:00 pm",7.88483
"Dec 8, 01:00 pm",5.21375
"Dec 8, 02:00 pm",1.909
"Dec 8, 03:00 pm",0.596574
"Dec 8, 04:00 pm",0.387659
"Dec 8, 05:00 pm",0
"Dec 8, 06:00 pm",0
"Dec 8, 07:00 pm",0
"Dec 8, 08:00 pm",0
"Dec 8, 09:00 pm",0
"Dec 8, 10:00 pm",0
"Dec 8, 11:00 pm",0
"Dec 9, 12:00 am",0
"Dec 9, 01:00 am",0
"Dec 9, 02:00 am",0
"Dec 9, 03:00 am",0
"Dec 9, 04:00 am",0
"Dec 9, 05:00 am",0
"Dec 9, 06:00 am",0
"Dec 9, 07:00 am",-0
"Dec 9, 08:00 am",6.90068
"Dec 9, 09:00 am",9.27101
"Dec 9, 10:00 am",10.043
"Dec 9, 11:00 am",9.58556
"Dec 9, 12:00 pm",8.03489
"Dec 9, 01:00 pm",5.34071
"Dec 9, 02:00 pm",1.96577
"Dec 9, 03:00 pm",0.641704
"Dec 9, 04:00 pm",0.474694
"Dec 9, 05:00 pm",0
"Dec 9, 06:00 pm",0
"Dec 9, 07:00 pm",0
"Dec 9, 08:00 pm",0
"Dec 9, 09:00 pm",0
"Dec 9, 10:00 pm",0
"Dec 9, 11:00 pm",0
"Dec 10, 12:00 am",0
"Dec 10, 01:00 am",0
"Dec 10, 02:00 am",0
"Dec 10, 03:00 am",0
"Dec 10, 04:00 am",0
"Dec 10, 05:00 am",0
"Dec 10, 06:00 am",0
"Dec 10, 07:00 am",-0
"Dec 10, 08:00 am",7.92399
"Dec 10, 09:00 am",10.266
"Dec 10, 10:00 am",10.9011
"Dec 10, 11:00 am",10.2789
"Dec 10, 12:00 pm",8.53169
"Dec 10, 01:00 pm",5.56564
"Dec 10, 02:00 pm",2.08489
"Dec 10, 03:00 pm",0.608905
"Dec 10, 04:00 pm",0.397195
"Dec 10, 05:00 pm",0
"Dec 10, 06:00 pm",0
"Dec 10, 07:00 pm",0
"Dec 10, 08:00 pm",0
"Dec 10, 09:00 pm",0
"Dec 10, 10:00 pm",0
"Dec 10, 11:00 pm",0
"Dec 11, 12:00 am",0
"Dec 11, 01:00 am",0
"Dec 11, 02:00 am",0
"Dec 11, 03:00 am",0
"Dec 11, 04:00 am",0
"Dec 11, 05:00 am",0
"Dec 11, 06:00 am",0
"Dec 11, 07:00 am",-0
"Dec 11, 08:00 am",7.62738
"Dec 11, 09:00 am",9.94911
"Dec 11, 10:00 am",10.4474
"Dec 11, 11:00 am",9.67905
"Dec 11, 12:00 pm",8.07713
"Dec 11, 01:00 pm",5.35772
"Dec 11, 02:00 pm",1.9704
"Dec 11, 03:00 pm",0.589331
"Dec 11, 04:00 pm",0.537366
"Dec 11, 05:00 pm",0
"Dec 11, 06:00 pm",0
"Dec 11, 07:00 pm",0
"Dec 11, 08:00 pm",0
"Dec 11, 09:00 pm",0
"Dec 11, 10:00 pm",0
"Dec 11, 11:00 pm",0
"Dec 12, 12:00 am",0
"Dec 12, 01:00 am",0
"Dec 12, 02:00 am",0
"Dec 12, 03:00 am",0
"Dec 12, 04:00 am",0
"Dec 12, 05:00 am",0
"Dec 12, 06:00 am",0
"Dec 12, 07:00 am",-0
"Dec 12, 08:00 am",7.25572
"Dec 12, 09:00 am",9.79535
"Dec 12, 10:00 am",6.51792
"Dec 12, 11:00 am",7.75243
"Dec 12, 12:00 pm",8.17923
"Dec 12, 01:00 pm",5.38721
"Dec 12, 02:00 pm",2.08025
"Dec 12, 03:00 pm",0.711359
"Dec 12, 04:00 pm",0.415301
"Dec 12, 05:00 pm",0
"Dec 12, 06:00 pm",0
"Dec 12, 07:00 pm",0
"Dec 12, 08:00 pm",0
"Dec 12, 09:00 pm",0
"Dec 12, 10:00 pm",0
"Dec 12, 11:00 pm",0
"Dec 13, 12:00 am",0
"Dec 13, 01:00 am",0
"Dec 13, 02:00 am",0
"Dec 13, 03:00 am",0
"Dec 13, 04:00 am",0
"Dec 13, 05:00 am",0
"Dec 13, 06:00 am",0
"Dec 13, 07:00 am",-0
"Dec 13, 08:00 am",6.25604
"Dec 13, 09:00 am",2.95652
"Dec 13, 10:00 am",6.54547
"Dec 13, 11:00 am",7.76862
"Dec 13, 12:00 pm",5.0382
"Dec 13, 01:00 pm",3.81056
"Dec 13, 02:00 pm",2.63896
"Dec 13, 03:00 pm",1.46523
"Dec 13, 04:00 pm",0.582729
"Dec 13, 05:00 pm",0
"Dec 13, 06:00 pm",0
"Dec 13, 07:00 pm",0
"Dec 13, 08:00 pm",0
"Dec 13, 09:00 pm",0
"Dec 13, 10:00 pm",0
"Dec 13, 11:00 pm",0
"Dec 14, 12:00 am",0
"Dec 14, 01:00 am",0
"Dec 14, 02:00 am",0
"Dec 14, 03:00 am",0
"Dec 14, 04:00 am",0
"Dec 14, 05:00 am",0
"Dec 14, 06:00 am",0
"Dec 14, 07:00 am",-0
"Dec 14, 08:00 am",6.68119
"Dec 14, 09:00 am",4.92992
"Dec 14, 10:00 am",10.4292
"Dec 14, 11:00 am",9.94153
"Dec 14, 12:00 pm",8.31788
"Dec 14, 01:00 pm",5.52865
"Dec 14, 02:00 pm",0.592044
"Dec 14, 03:00 pm",0.733661
"Dec 14, 04:00 pm",0.575915
"Dec 14, 05:00 pm",0
"Dec 14, 06:00 pm",0
"Dec 14, 07:00 pm",0
"Dec 14, 08:00 pm",0
"Dec 14, 09:00 pm",0
"Dec 14, 10:00 pm",0
"Dec 14, 11:00 pm",0
"Dec 15, 12:00 am",0
"Dec 15, 01:00 am",0
"Dec 15, 02:00 am",0
"Dec 15, 03:00 am",0
"Dec 15, 04:00 am",0
"Dec 15, 05:00 am",0
"Dec 15, 06:00 am",0
"Dec 15, 07:00 am",-0
"Dec 15, 08:00 am",0.842742
"Dec 15, 09:00 am",0.0257572
"Dec 15, 10:00 am",1.08292
"Dec 15, 11:00 am",2.31514
"Dec 15, 12:00 pm",3.50395
"Dec 15, 01:00 pm",2.59038
"Dec 15, 02:00 pm",2.65285
"Dec 15, 03:00 pm",0.273114
"Dec 15, 04:00 pm",-0
"Dec 15, 05:00 pm",0
"Dec 15, 06:00 pm",0
"Dec 15, 07:00 pm",0
"Dec 15, 08:00 pm",0
"Dec 15, 09:00 pm",0
"Dec 15, 10:00 pm",0
"Dec 15, 11:00 pm",0
"Dec 16, 12:00 am",0
"Dec 16, 01:00 am",0
"Dec 16, 02:00 am",0
"Dec 16, 03:00 am",0
"Dec 16, 04:00 am",0
"Dec 16, 05:00 am",0
"Dec 16, 06:00 am",0
"Dec 16, 07:00 am",-0
"Dec 16, 08:00 am",6.47486
"Dec 16, 09:00 am",9.14857
"Dec 16, 10:00 am",10.0422
"Dec 16, 11:00 am",9.47081
"Dec 16, 12:00 pm",7.98443
"Dec 16, 01:00 pm",5.41994
"Dec 16, 02:00 pm",2.17269
"Dec 16, 03:00 pm",0.717708
"Dec 16, 04:00 pm",0.61058
"Dec 16, 05:00 pm",0
"Dec 16, 06:00 pm",0
"Dec 16, 07:00 pm",0
"Dec 16, 08:00 pm",0
"Dec 16, 09:00 pm",0
"Dec 16, 10:00 pm",0
"Dec 16, 11:00 pm",0
"Dec 17, 12:00 am",0
"Dec 17, 01:00 am",0
"Dec 17, 02:00 am",0
"Dec 17, 03:00 am",0
"Dec 17, 04:00 am",0
"Dec 17, 05:00 am",0
"Dec 17, 06:00 am",0
"Dec 17, 07:00 am",-0
"Dec 17, 08:00 am",6.5825
"Dec 17, 09:00 am",9.29183
"Dec 17, 10:00 am",10.0493
"Dec 17, 11:00 am",9.49422
"Dec 17, 12:00 pm",7.98321
"Dec 17, 01:00 pm",5.38575
"Dec 17, 02:00 pm",2.18177
"Dec 17, 03:00 pm",0.673031
"Dec 17, 04:00 pm",0.437674
"Dec 17, 05:00 pm",0
"Dec 17, 06:00 pm",0
"Dec 17, 07:00 pm",0
"Dec 17, 08:00 pm",0
"Dec 17, 09:00 pm",0
"Dec 17, 10:00 pm",0
"Dec 17, 11:00 pm",0
"Dec 18, 12:00 am",0
"Dec 18, 01:00 am",0
"Dec 18, 02:00 am",0
"Dec 18, 03:00 am",0
"Dec 18, 04:00 am",0
"Dec 18, 05:00 am",0
"Dec 18, 06:00 am",0
"Dec 18, 07:00 am",-0
"Dec 18, 08:00 am",2.06482
"Dec 18, 09:00 am",9.15737
"Dec 18, 10:00 am",6.10808
"Dec 18, 11:00 am",6.52094
"Dec 18, 12:00 pm",6.24096
"Dec 18, 01:00 pm",3.07466
"Dec 18, 02:00 pm",1.39655
"Dec 18, 03:00 pm",1.20485
"Dec 18, 04:00 pm",0.302509
"Dec 18, 05:00 pm",0
"Dec 18, 06:00 pm",0
"Dec 18, 07:00 pm",0
"Dec 18, 08:00 pm",0
"Dec 18, 09:00 pm",0
"Dec 18, 10:00 pm",0
"Dec 18, 11:00 pm",0
"Dec 19, 12:00 am",0
"Dec 19, 01:00 am",0
"Dec 19, 02:00 am",0
"Dec 19, 03:00 am",0
"Dec 19, 04:00 am",0
"Dec 19, 05:00 am",0
"Dec 19, 06:00 am",0
"Dec 19, 07:00 am",-0
"Dec 19, 08:00 am",6.8093
"Dec 19, 09:00 am",9.89843
"Dec 19, 10:00 am",10.9444
"Dec 19, 11:00 am",10.504
"Dec 19, 12:00 pm",8.8153
"Dec 19, 01:00 pm",5.88413
"Dec 19, 02:00 pm",2.3233
"Dec 19, 03:00 pm",0.624537
"Dec 19, 04:00 pm",0.418306
"Dec 19, 05:00 pm",0
"Dec 19, 06:00 pm",0
"Dec 19, 07:00 pm",0
"Dec 19, 08:00 pm",0
"Dec 19, 09:00 pm",0
"Dec 19, 10:00 pm",0
"Dec 19, 11:00 pm",0
"Dec 20, 12:00 am",0
"Dec 20, 01:00 am",0
"Dec 20, 02:00 am",0
"Dec 20, 03:00 am",0
"Dec 20, 04:00 am",0
"Dec 20, 05:00 am",0
"Dec 20, 06:00 am",0
"Dec 20, 07:00 am",-0
"Dec 20, 08:00 am",7.64802
"Dec 20, 09:00 am",10.3008
"Dec 20, 10:00 am",11.0297
"Dec 20, 11:00 am",10.3401
"Dec 20, 12:00 pm",8.65067
"Dec 20, 01:00 pm",5.79124
"Dec 20, 02:00 pm",2.323
"Dec 20, 03:00 pm",1.10679
"Dec 20, 04:00 pm",0.634323
"Dec 20, 05:00 pm",0
"Dec 20, 06:00 pm",0
"Dec 20, 07:00 pm",0
"Dec 20, 08:00 pm",0
"Dec 20, 09:00 pm",0
"Dec 20, 10:00 pm",0
"Dec 20, 11:00 pm",0
"Dec 21, 12:00 am",0
"Dec 21, 01:00 am",0
"Dec 21, 02:00 am",0
"Dec 21, 03:00 am",0
"Dec 21, 04:00 am",0
"Dec 21, 05:00 am",0
"Dec 21, 06:00 am",0
"Dec 21, 07:00 am",-0
"Dec 21, 08:00 am",7.16869
"Dec 21, 09:00 am",9.97539
"Dec 21, 10:00 am",10.6215
"Dec 21, 11:00 am",10.0452
"Dec 21, 12:00 pm",8.41996
"Dec 21, 01:00 pm",5.69788
"Dec 21, 02:00 pm",2.27889
"Dec 21, 03:00 pm",1.20491
"Dec 21, 04:00 pm",0.620785
"Dec 21, 05:00 pm",0
"Dec 21, 06:00 pm",0
"Dec 21, 07:00 pm",0
"Dec 21, 08:00 pm",0
"Dec 21, 09:00 pm",0
"Dec 21, 10:00 pm",0
"Dec 21, 11:00 pm",0
"Dec 22, 12:00 am",0
"Dec 22, 01:00 am",0
"Dec 22, 02:00 am",0
"Dec 22, 03:00 am",0
"Dec 22, 04:00 am",0
"Dec 22, 05:00 am",0
"Dec 22, 06:00 am",0
"Dec 22, 07:00 am",-0
"Dec 22, 08:00 am",6.1862
"Dec 22, 09:00 am",8.99235
"Dec 22, 10:00 am",9.8508
"Dec 22, 11:00 am",9.14409
"Dec 22, 12:00 pm",7.79478
"Dec 22, 01:00 pm",4.53717
"Dec 22, 02:00 pm",2.56924
"Dec 22, 03:00 pm",1.50439
"Dec 22, 04:00 pm",0.402327
"Dec 22, 05:00 pm",0
"Dec 22, 06:00 pm",0
"Dec 22, 07:00 pm",0
"Dec 22, 08:00 pm",0
"Dec 22, 09:00 pm",0
"Dec 22, 10:00 pm",0
"Dec 22, 11:00 pm",0
"Dec 23, 12:00 am",0
"Dec 23, 01:00 am",0
"Dec 23, 02:00 am",0
"Dec 23, 03:00 am",0
"Dec 23, 04:00 am",0
"Dec 23, 05:00 am",0
"Dec 23, 06:00 am",0
"Dec 23, 07:00 am",-0
"Dec 23, 08:00 am",5.97304
"Dec 23, 09:00 am",9.08486
"Dec 23, 10:00 am",10.0455
"Dec 23, 11:00 am",9.66445
"Dec 23, 12:00 pm",8.15474
"Dec 23, 01:00 pm",5.58051
"Dec 23, 02:00 pm",2.30359
"Dec 23, 03:00 pm",1.52143
"Dec 23, 04:00 pm",0.655334
"Dec 23, 05:00 pm",0
"Dec 23, 06:00 pm",0
"Dec 23, 07:00 pm",0
"Dec 23, 08:00 pm",0
"Dec 23, 09:00 pm",0
"Dec 23, 10:00 pm",0
"Dec 23, 11:00 pm",0
"Dec 24, 12:00 am",0
"Dec 24, 01:00 am",0
"Dec 24, 02:00 am",0
"Dec 24, 03:00 am",0
"Dec 24, 04:00 am",0
"Dec 24, 05:00 am",0
"Dec 24, 06:00 am",0
"Dec 24, 07:00 am",-0
"Dec 24, 08:00 am",0.271265
"Dec 24, 09:00 am",9.00487
"Dec 24, 10:00 am",10.1243
"Dec 24, 11:00 am",9.82298
"Dec 24, 12:00 pm",8.29774
"Dec 24, 01:00 pm",5.58602
"Dec 24, 02:00 pm",2.34939
"Dec 24, 03:00 pm",0.766803
"Dec 24, 04:00 pm",0.547545
"Dec 24, 05:00 pm",0
"Dec 24, 06:00 pm",0
"Dec 24, 07:00 pm",0
"Dec 24, 08:00 pm",0
"Dec 24, 09:00 pm",0
"Dec 24, 10:00 pm",0
"Dec 24, 11:00 pm",0
"Dec 25, 12:00 am",0
"Dec 25, 01:00 am",0
"Dec 25, 02:00 am",0
"Dec 25, 03:00 am",0
"Dec 25, 04:00 am",0
"Dec 25, 05:00 am",0
"Dec 25, 06:00 am",0
"Dec 25, 07:00 am",0
"Dec 25, 08:00 am",0.336758
"Dec 25, 09:00 am",4.90076
"Dec 25, 10:00 am",7.08243
"Dec 25, 11:00 am",5.89829
"Dec 25, 12:00 pm",4.09604
"Dec 25, 01:00 pm",5.02286
"Dec 25, 02:00 pm",2.777
"Dec 25, 03:00 pm",1.57204
"Dec 25, 04:00 pm",0.682585
"Dec 25, 05:00 pm",0
"Dec 25, 06:00 pm",0
"Dec 25, 07:00 pm",0
"Dec 25, 08:00 pm",0
"Dec 25, 09:00 pm",0
"Dec 25, 10:00 pm",0
"Dec 25, 11:00 pm",0
"Dec 26, 12:00 am",0
"Dec 26, 01:00 am",0
"Dec 26, 02:00 am",0
"Dec 26, 03:00 am",0
"Dec 26, 04:00 am",0
"Dec 26, 05:00 am",0
"Dec 26, 06:00 am",0
"Dec 26, 07:00 am",0
"Dec 26, 08:00 am",0.56068
"Dec 26, 09:00 am",5.58493
"Dec 26, 10:00 am",7.42369
"Dec 26, 11:00 am",6.82327
"Dec 26, 12:00 pm",6.31975
"Dec 26, 01:00 pm",4.93701
"Dec 26, 02:00 pm",2.41959
"Dec 26, 03:00 pm",0.720741
"Dec 26, 04:00 pm",0.450435
"Dec 26, 05:00 pm",0
"Dec 26, 06:00 pm",0
"Dec 26, 07:00 pm",0
"Dec 26, 08:00 pm",0
"Dec 26, 09:00 pm",0
"Dec 26, 10:00 pm",0
"Dec 26, 11:00 pm",0
"Dec 27, 12:00 am",0
"Dec 27, 01:00 am",0
"Dec 27, 02:00 am",0
"Dec 27, 03:00 am",0
"Dec 27, 04:00 am",0
"Dec 27, 05:00 am",0
"Dec 27, 06:00 am",0
"Dec 27, 07:00 am",0
"Dec 27, 08:00 am",0.958538
"Dec 27, 09:00 am",4.38067
"Dec 27, 10:00 am",3.85431
"Dec 27, 11:00 am",7.54873
"Dec 27, 12:00 pm",8.47499
"Dec 27, 01:00 pm",4.74235
"Dec 27, 02:00 pm",2.51627
"Dec 27, 03:00 pm",0.714875
"Dec 27, 04:00 pm",0.42533
"Dec 27, 05:00 pm",0
"Dec 27, 06:00 pm",0
"Dec 27, 07:00 pm",0
"Dec 27, 08:00 pm",0
"Dec 27, 09:00 pm",0
"Dec 27, 10:00 pm",0
"Dec 27, 11:00 pm",0
"Dec 28, 12:00 am",0
"Dec 28, 01:00 am",0
"Dec 28, 02:00 am",0
"Dec 28, 03:00 am",0
"Dec 28, 04:00 am",0
"Dec 28, 05:00 am",0
"Dec 28, 06:00 am",0
"Dec 28, 07:00 am",0
"Dec 28, 08:00 am",6.9518
"Dec 28, 09:00 am",9.90047
"Dec 28, 10:00 am",10.6901
"Dec 28, 11:00 am",10.2173
"Dec 28, 12:00 pm",8.6708
"Dec 28, 01:00 pm",5.96635
"Dec 28, 02:00 pm",2.49341
"Dec 28, 03:00 pm",0.678667
"Dec 28, 04:00 pm",0.472262
"Dec 28, 05:00 pm",0
"Dec 28, 06:00 pm",0
"Dec 28, 07:00 pm",0
"Dec 28, 08:00 pm",0
"Dec 28, 09:00 pm",0
"Dec 28, 10:00 pm",0
"Dec 28, 11:00 pm",0
"Dec 29, 12:00 am",0
"Dec 29, 01:00 am",0
"Dec 29, 02:00 am",0
"Dec 29, 03:00 am",0
"Dec 29, 04:00 am",0
"Dec 29, 05:00 am",0
"Dec 29, 06:00 am",0
"Dec 29, 07:00 am",0
"Dec 29, 08:00 am",6.76386
"Dec 29, 09:00 am",9.72374
"Dec 29, 10:00 am",10.6234
"Dec 29, 11:00 am",9.99818
"Dec 29, 12:00 pm",8.42725
"Dec 29, 01:00 pm",4.63832
"Dec 29, 02:00 pm",2.87526
"Dec 29, 03:00 pm",1.43914
"Dec 29, 04:00 pm",0.685141
"Dec 29, 05:00 pm",0
"Dec 29, 06:00 pm",0
"Dec 29, 07:00 pm",0
"Dec 29, 08:00 pm",0
"Dec 29, 09:00 pm",0
"Dec 29, 10:00 pm",0
"Dec 29, 11:00 pm",0
"Dec 30, 12:00 am",0
"Dec 30, 01:00 am",0
"Dec 30, 02:00 am",0
"Dec 30, 03:00 am",0
"Dec 30, 04:00 am",0
"Dec 30, 05:00 am",0
"Dec 30, 06:00 am",0
"Dec 30, 07:00 am",0
"Dec 30, 08:00 am",0.0679587
"Dec 30, 09:00 am",1.71011
"Dec 30, 10:00 am",1.18568
"Dec 30, 11:00 am",3.21172
"Dec 30, 12:00 pm",4.94953
"Dec 30, 01:00 pm",3.0469
"Dec 30, 02:00 pm",2.48966
"Dec 30, 03:00 pm",1.57845
"Dec 30, 04:00 pm",0.195396
"Dec 30, 05:00 pm",-0
"Dec 30, 06:00 pm",0
"Dec 30, 07:00 pm",0
"Dec 30, 08:00 pm",0
"Dec 30, 09:00 pm",0
"Dec 30, 10:00 pm",0
"Dec 30, 11:00 pm",0
"Dec 31, 12:00 am",0
"Dec 31, 01:00 am",0
"Dec 31, 02:00 am",0
"Dec 31, 03:00 am",0
"Dec 31, 04:00 am",0
"Dec 31, 05:00 am",0
"Dec 31, 06:00 am",0
"Dec 31, 07:00 am",0
"Dec 31, 08:00 am",5.78079
"Dec 31, 09:00 am",9.12848
"Dec 31, 10:00 am",10.4029
"Dec 31, 11:00 am",10.1171
"Dec 31, 12:00 pm",8.68566
"Dec 31, 01:00 pm",6.10354
"Dec 31, 02:00 pm",3.09236
"Dec 31, 03:00 pm",0.73922
"Dec 31, 04:00 pm",0.504792
"Dec 31, 05:00 pm",-0
"Dec 31, 06:00 pm",0
"Dec 31, 07:00 pm",0
"Dec 31, 08:00 pm",0
"Dec 31, 09:00 pm",0
"Dec 31, 10:00 pm",0
"Dec 31, 11:00 pm",0
