"Time stamp","System power generated | (kW)"
"Jan 1, 12:00 am",0
"Jan 1, 01:00 am",0
"Jan 1, 02:00 am",0
"Jan 1, 03:00 am",0
"Jan 1, 04:00 am",0
"Jan 1, 05:00 am",0
"Jan 1, 06:00 am",0
"Jan 1, 07:00 am",0
"Jan 1, 08:00 am",5.45524
"Jan 1, 09:00 am",9.93741
"Jan 1, 10:00 am",12.6041
"Jan 1, 11:00 am",14.0113
"Jan 1, 12:00 pm",14.4808
"Jan 1, 01:00 pm",13.8878
"Jan 1, 02:00 pm",12.303
"Jan 1, 03:00 pm",9.49627
"Jan 1, 04:00 pm",5.28193
"Jan 1, 05:00 pm",-0
"Jan 1, 06:00 pm",0
"Jan 1, 07:00 pm",0
"Jan 1, 08:00 pm",0
"Jan 1, 09:00 pm",0
"Jan 1, 10:00 pm",0
"Jan 1, 11:00 pm",0
"Jan 2, 12:00 am",0
"Jan 2, 01:00 am",0
"Jan 2, 02:00 am",0
"Jan 2, 03:00 am",0
"Jan 2, 04:00 am",0
"Jan 2, 05:00 am",0
"Jan 2, 06:00 am",0
"Jan 2, 07:00 am",0
"Jan 2, 08:00 am",5.21881
"Jan 2, 09:00 am",9.77772
"Jan 2, 10:00 am",12.573
"Jan 2, 11:00 am",14.0085
"Jan 2, 12:00 pm",14.4921
"Jan 2, 01:00 pm",13.8719
"Jan 2, 02:00 pm",12.2187
"Jan 2, 03:00 pm",9.35115
"Jan 2, 04:00 pm",5.2592
"Jan 2, 05:00 pm",-0
"Jan 2, 06:00 pm",0
"Jan 2, 07:00 pm",0
"Jan 2, 08:00 pm",0
"Jan 2, 09:00 pm",0
"Jan 2, 10:00 pm",0
"Jan 2, 11:00 pm",0
"Jan 3, 12:00 am",0
"Jan 3, 01:00 am",0
"Jan 3, 02:00 am",0
"Jan 3, 03:00 am",0
"Jan 3, 04:00 am",0
"Jan 3, 05:00 am",0
"Jan 3, 06:00 am",0
"Jan 3, 07:00 am",0
"Jan 3, 08:00 am",5.02767
"Jan 3, 09:00 am",9.37519
"Jan 3, 10:00 am",12.056
"Jan 3, 11:00 am",13.6018
"Jan 3, 12:00 pm",10.8613
"Jan 3, 01:00 pm",2.0086
"Jan 3, 02:00 pm",4.34001
"Jan 3, 03:00 pm",9.43919
"Jan 3, 04:00 pm",5.33608
"Jan 3, 05:00 pm",-0
"Jan 3, 06:00 pm",0
"Jan 3, 07:00 pm",0
"Jan 3, 08:00 pm",0
"Jan 3, 09:00 pm",0
"Jan 3, 10:00 pm",0
"Jan 3, 11:00 pm",0
"Jan 4, 12:00 am",0
"Jan 4, 01:00 am",0
"Jan 4, 02:00 am",0
"Jan 4, 03:00 am",0
"Jan 4, 04:00 am",0
"Jan 4, 05:00 am",0
"Jan 4, 06:00 am",0
"Jan 4, 07:00 am",0
"Jan 4, 08:00 am",5.41618
"Jan 4, 09:00 am",9.88007
"Jan 4, 10:00 am",12.6249
"Jan 4, 11:00 am",13.8451
"Jan 4, 12:00 pm",14.3099
"Jan 4, 01:00 pm",13.7736
"Jan 4, 02:00 pm",12.1202
"Jan 4, 03:00 pm",9.48147
"Jan 4, 04:00 pm",5.41689
"Jan 4, 05:00 pm",-0
"Jan 4, 06:00 pm",0
"Jan 4, 07:00 pm",0
"Jan 4, 08:00 pm",0
"Jan 4, 09:00 pm",0
"Jan 4, 10:00 pm",0
"Jan 4, 11:00 pm",0
"Jan 5, 12:00 am",0
"Jan 5, 01:00 am",0
"Jan 5, 02:00 am",0
"Jan 5, 03:00 am",0
"Jan 5, 04:00 am",0
"Jan 5, 05:00 am",0
"Jan 5, 06:00 am",0
"Jan 5, 07:00 am",0
"Jan 5, 08:00 am",5.14005
"Jan 5, 09:00 am",9.6677
"Jan 5, 10:00 am",12.2973
"Jan 5, 11:00 am",13.8148
"Jan 5, 12:00 pm",14.3173
"Jan 5, 01:00 pm",13.8226
"Jan 5, 02:00 pm",12.2145
"Jan 5, 03:00 pm",9.60853
"Jan 5, 04:00 pm",5.507
"Jan 5, 05:00 pm",-0
"Jan 5, 06:00 pm",0
"Jan 5, 07:00 pm",0
"Jan 5, 08:00 pm",0
"Jan 5, 09:00 pm",0
"Jan 5, 10:00 pm",0
"Jan 5, 11:00 pm",0
"Jan 6, 12:00 am",0
"Jan 6, 01:00 am",0
"Jan 6, 02:00 am",0
"Jan 6, 03:00 am",0
"Jan 6, 04:00 am",0
"Jan 6, 05:00 am",0
"Jan 6, 06:00 am",0
"Jan 6, 07:00 am",0
"Jan 6, 08:00 am",4.93571
"Jan 6, 09:00 am",9.37936
"Jan 6, 10:00 am",12.098
"Jan 6, 11:00 am",13.4481
"Jan 6, 12:00 pm",13.9154
"Jan 6, 01:00 pm",13.383
"Jan 6, 02:00 pm",12.0182
"Jan 6, 03:00 pm",9.42158
"Jan 6, 04:00 pm",5.43845
"Jan 6, 05:00 pm",-0
"Jan 6, 06:00 pm",0
"Jan 6, 07:00 pm",0
"Jan 6, 08:00 pm",0
"Jan 6, 09:00 pm",0
"Jan 6, 10:00 pm",0
"Jan 6, 11:00 pm",0
"Jan 7, 12:00 am",0
"Jan 7, 01:00 am",0
"Jan 7, 02:00 am",0
"Jan 7, 03:00 am",0
"Jan 7, 04:00 am",0
"Jan 7, 05:00 am",0
"Jan 7, 06:00 am",0
"Jan 7, 07:00 am",0
"Jan 7, 08:00 am",4.77888
"Jan 7, 09:00 am",9.26469
"Jan 7, 10:00 am",12.1067
"Jan 7, 11:00 am",13.7602
"Jan 7, 12:00 pm",14.1763
"Jan 7, 01:00 pm",13.6695
"Jan 7, 02:00 pm",12.1447
"Jan 7, 03:00 pm",9.36962
"Jan 7, 04:00 pm",5.25179
"Jan 7, 05:00 pm",-0
"Jan 7, 06:00 pm",0
"Jan 7, 07:00 pm",0
"Jan 7, 08:00 pm",0
"Jan 7, 09:00 pm",0
"Jan 7, 10:00 pm",0
"Jan 7, 11:00 pm",0
"Jan 8, 12:00 am",0
"Jan 8, 01:00 am",0
"Jan 8, 02:00 am",0
"Jan 8, 03:00 am",0
"Jan 8, 04:00 am",0
"Jan 8, 05:00 am",0
"Jan 8, 06:00 am",0
"Jan 8, 07:00 am",0
"Jan 8, 08:00 am",4.61263
"Jan 8, 09:00 am",9.45595
"Jan 8, 10:00 am",12.8036
"Jan 8, 11:00 am",14.8288
"Jan 8, 12:00 pm",15.4981
"Jan 8, 01:00 pm",15.0318
"Jan 8, 02:00 pm",13.2601
"Jan 8, 03:00 pm",10.2202
"Jan 8, 04:00 pm",5.8399
"Jan 8, 05:00 pm",-0
"Jan 8, 06:00 pm",0
"Jan 8, 07:00 pm",0
"Jan 8, 08:00 pm",0
"Jan 8, 09:00 pm",0
"Jan 8, 10:00 pm",0
"Jan 8, 11:00 pm",0
"Jan 9, 12:00 am",0
"Jan 9, 01:00 am",0
"Jan 9, 02:00 am",0
"Jan 9, 03:00 am",0
"Jan 9, 04:00 am",0
"Jan 9, 05:00 am",0
"Jan 9, 06:00 am",0
"Jan 9, 07:00 am",0
"Jan 9, 08:00 am",1.52196
"Jan 9, 09:00 am",9.46961
"Jan 9, 10:00 am",12.2451
"Jan 9, 11:00 am",13.7868
"Jan 9, 12:00 pm",14.3748
"Jan 9, 01:00 pm",9.27013
"Jan 9, 02:00 pm",12.3599
"Jan 9, 03:00 pm",9.61509
"Jan 9, 04:00 pm",4.5888
"Jan 9, 05:00 pm",-0
"Jan 9, 06:00 pm",0
"Jan 9, 07:00 pm",0
"Jan 9, 08:00 pm",0
"Jan 9, 09:00 pm",0
"Jan 9, 10:00 pm",0
"Jan 9, 11:00 pm",0
"Jan 10, 12:00 am",0
"Jan 10, 01:00 am",0
"Jan 10, 02:00 am",0
"Jan 10, 03:00 am",0
"Jan 10, 04:00 am",0
"Jan 10, 05:00 am",0
"Jan 10, 06:00 am",0
"Jan 10, 07:00 am",0
"Jan 10, 08:00 am",4.96521
"Jan 10, 09:00 am",9.38113
"Jan 10, 10:00 am",12.0072
"Jan 10, 11:00 am",13.2235
"Jan 10, 12:00 pm",13.6314
"Jan 10, 01:00 pm",10.0011
"Jan 10, 02:00 pm",12.2525
"Jan 10, 03:00 pm",5.77488
"Jan 10, 04:00 pm",5.67991
"Jan 10, 05:00 pm",-0
"Jan 10, 06:00 pm",0
"Jan 10, 07:00 pm",0
"Jan 10, 08:00 pm",0
"Jan 10, 09:00 pm",0
"Jan 10, 10:00 pm",0
"Jan 10, 11:00 pm",0
"Jan 11, 12:00 am",0
"Jan 11, 01:00 am",0
"Jan 11, 02:00 am",0
"Jan 11, 03:00 am",0
"Jan 11, 04:00 am",0
"Jan 11, 05:00 am",0
"Jan 11, 06:00 am",0
"Jan 11, 07:00 am",0
"Jan 11, 08:00 am",1.68497
"Jan 11, 09:00 am",6.39167
"Jan 11, 10:00 am",5.7743
"Jan 11, 11:00 am",8.17672
"Jan 11, 12:00 pm",11.2808
"Jan 11, 01:00 pm",8.87869
"Jan 11, 02:00 pm",8.62099
"Jan 11, 03:00 pm",7.44429
"Jan 11, 04:00 pm",2.28121
"Jan 11, 05:00 pm",-0
"Jan 11, 06:00 pm",0
"Jan 11, 07:00 pm",0
"Jan 11, 08:00 pm",0
"Jan 11, 09:00 pm",0
"Jan 11, 10:00 pm",0
"Jan 11, 11:00 pm",0
"Jan 12, 12:00 am",0
"Jan 12, 01:00 am",0
"Jan 12, 02:00 am",0
"Jan 12, 03:00 am",0
"Jan 12, 04:00 am",0
"Jan 12, 05:00 am",0
"Jan 12, 06:00 am",0
"Jan 12, 07:00 am",0
"Jan 12, 08:00 am",-0
"Jan 12, 09:00 am",1.45012
"Jan 12, 10:00 am",7.11304
"Jan 12, 11:00 am",10.5354
"Jan 12, 12:00 pm",3.4363
"Jan 12, 01:00 pm",5.44205
"Jan 12, 02:00 pm",4.1583
"Jan 12, 03:00 pm",5.24069
"Jan 12, 04:00 pm",5.87196
"Jan 12, 05:00 pm",0.221129
"Jan 12, 06:00 pm",0
"Jan 12, 07:00 pm",0
"Jan 12, 08:00 pm",0
"Jan 12, 09:00 pm",0
"Jan 12, 10:00 pm",0
"Jan 12, 11:00 pm",0
"Jan 13, 12:00 am",0
"Jan 13, 01:00 am",0
"Jan 13, 02:00 am",0
"Jan 13, 03:00 am",0
"Jan 13, 04:00 am",0
"Jan 13, 05:00 am",0
"Jan 13, 06:00 am",0
"Jan 13, 07:00 am",0
"Jan 13, 08:00 am",5.79302
"Jan 13, 09:00 am",10.3764
"Jan 13, 10:00 am",13.1694
"Jan 13, 11:00 am",14.5527
"Jan 13, 12:00 pm",15.1109
"Jan 13, 01:00 pm",14.6149
"Jan 13, 02:00 pm",13.065
"Jan 13, 03:00 pm",10.3615
"Jan 13, 04:00 pm",6.32912
"Jan 13, 05:00 pm",0.487498
"Jan 13, 06:00 pm",0
"Jan 13, 07:00 pm",0
"Jan 13, 08:00 pm",0
"Jan 13, 09:00 pm",0
"Jan 13, 10:00 pm",0
"Jan 13, 11:00 pm",0
"Jan 14, 12:00 am",0
"Jan 14, 01:00 am",0
"Jan 14, 02:00 am",0
"Jan 14, 03:00 am",0
"Jan 14, 04:00 am",0
"Jan 14, 05:00 am",0
"Jan 14, 06:00 am",0
"Jan 14, 07:00 am",0
"Jan 14, 08:00 am",1.56582
"Jan 14, 09:00 am",4.95384
"Jan 14, 10:00 am",12.4968
"Jan 14, 11:00 am",10.227
"Jan 14, 12:00 pm",11.8633
"Jan 14, 01:00 pm",12.6585
"Jan 14, 02:00 pm",8.15764
"Jan 14, 03:00 pm",1.68981
"Jan 14, 04:00 pm",0.258803
"Jan 14, 05:00 pm",-0
"Jan 14, 06:00 pm",0
"Jan 14, 07:00 pm",0
"Jan 14, 08:00 pm",0
"Jan 14, 09:00 pm",0
"Jan 14, 10:00 pm",0
"Jan 14, 11:00 pm",0
"Jan 15, 12:00 am",0
"Jan 15, 01:00 am",0
"Jan 15, 02:00 am",0
"Jan 15, 03:00 am",0
"Jan 15, 04:00 am",0
"Jan 15, 05:00 am",0
"Jan 15, 06:00 am",0
"Jan 15, 07:00 am",0
"Jan 15, 08:00 am",0.00900982
"Jan 15, 09:00 am",1.69804
"Jan 15, 10:00 am",1.32605
"Jan 15, 11:00 am",3.2953
"Jan 15, 12:00 pm",1.02835
"Jan 15, 01:00 pm",4.51172
"Jan 15, 02:00 pm",2.70437
"Jan 15, 03:00 pm",1.95039
"Jan 15, 04:00 pm",0.353689
"Jan 15, 05:00 pm",-0
"Jan 15, 06:00 pm",0
"Jan 15, 07:00 pm",0
"Jan 15, 08:00 pm",0
"Jan 15, 09:00 pm",0
"Jan 15, 10:00 pm",0
"Jan 15, 11:00 pm",0
"Jan 16, 12:00 am",0
"Jan 16, 01:00 am",0
"Jan 16, 02:00 am",0
"Jan 16, 03:00 am",0
"Jan 16, 04:00 am",0
"Jan 16, 05:00 am",0
"Jan 16, 06:00 am",0
"Jan 16, 07:00 am",0
"Jan 16, 08:00 am",0.903492
"Jan 16, 09:00 am",9.052
"Jan 16, 10:00 am",12.055
"Jan 16, 11:00 am",9.02709
"Jan 16, 12:00 pm",10.9921
"Jan 16, 01:00 pm",9.62442
"Jan 16, 02:00 pm",7.55378
"Jan 16, 03:00 pm",9.47672
"Jan 16, 04:00 pm",5.43639
"Jan 16, 05:00 pm",0.251552
"Jan 16, 06:00 pm",0
"Jan 16, 07:00 pm",0
"Jan 16, 08:00 pm",0
"Jan 16, 09:00 pm",0
"Jan 16, 10:00 pm",0
"Jan 16, 11:00 pm",0
"Jan 17, 12:00 am",0
"Jan 17, 01:00 am",0
"Jan 17, 02:00 am",0
"Jan 17, 03:00 am",0
"Jan 17, 04:00 am",0
"Jan 17, 05:00 am",0
"Jan 17, 06:00 am",0
"Jan 17, 07:00 am",0
"Jan 17, 08:00 am",4.88302
"Jan 17, 09:00 am",9.43942
"Jan 17, 10:00 am",12.4537
"Jan 17, 11:00 am",13.9128
"Jan 17, 12:00 pm",14.4667
"Jan 17, 01:00 pm",13.9353
"Jan 17, 02:00 pm",12.2398
"Jan 17, 03:00 pm",9.74197
"Jan 17, 04:00 pm",5.77246
"Jan 17, 05:00 pm",0.339026
"Jan 17, 06:00 pm",0
"Jan 17, 07:00 pm",0
"Jan 17, 08:00 pm",0
"Jan 17, 09:00 pm",0
"Jan 17, 10:00 pm",0
"Jan 17, 11:00 pm",0
"Jan 18, 12:00 am",0
"Jan 18, 01:00 am",0
"Jan 18, 02:00 am",0
"Jan 18, 03:00 am",0
"Jan 18, 04:00 am",0
"Jan 18, 05:00 am",0
"Jan 18, 06:00 am",0
"Jan 18, 07:00 am",0
"Jan 18, 08:00 am",4.97677
"Jan 18, 09:00 am",9.46205
"Jan 18, 10:00 am",12.2579
"Jan 18, 11:00 am",13.5446
"Jan 18, 12:00 pm",14.1132
"Jan 18, 01:00 pm",13.676
"Jan 18, 02:00 pm",12.356
"Jan 18, 03:00 pm",9.77571
"Jan 18, 04:00 pm",5.93172
"Jan 18, 05:00 pm",0.435793
"Jan 18, 06:00 pm",0
"Jan 18, 07:00 pm",0
"Jan 18, 08:00 pm",0
"Jan 18, 09:00 pm",0
"Jan 18, 10:00 pm",0
"Jan 18, 11:00 pm",0
"Jan 19, 12:00 am",0
"Jan 19, 01:00 am",0
"Jan 19, 02:00 am",0
"Jan 19, 03:00 am",0
"Jan 19, 04:00 am",0
"Jan 19, 05:00 am",0
"Jan 19, 06:00 am",0
"Jan 19, 07:00 am",0
"Jan 19, 08:00 am",4.79415
"Jan 19, 09:00 am",9.35986
"Jan 19, 10:00 am",12.1988
"Jan 19, 11:00 am",13.5313
"Jan 19, 12:00 pm",13.9074
"Jan 19, 01:00 pm",13.2957
"Jan 19, 02:00 pm",12.1457
"Jan 19, 03:00 pm",9.88915
"Jan 19, 04:00 pm",6.25805
"Jan 19, 05:00 pm",0.717698
"Jan 19, 06:00 pm",0
"Jan 19, 07:00 pm",0
"Jan 19, 08:00 pm",0
"Jan 19, 09:00 pm",0
"Jan 19, 10:00 pm",0
"Jan 19, 11:00 pm",0
"Jan 20, 12:00 am",0
"Jan 20, 01:00 am",0
"Jan 20, 02:00 am",0
"Jan 20, 03:00 am",0
"Jan 20, 04:00 am",0
"Jan 20, 05:00 am",0
"Jan 20, 06:00 am",0
"Jan 20, 07:00 am",0
"Jan 20, 08:00 am",4.99596
"Jan 20, 09:00 am",9.47609
"Jan 20, 10:00 am",12.2369
"Jan 20, 11:00 am",13.5592
"Jan 20, 12:00 pm",14.1927
"Jan 20, 01:00 pm",13.8174
"Jan 20, 02:00 pm",12.605
"Jan 20, 03:00 pm",9.97713
"Jan 20, 04:00 pm",6.15865
"Jan 20, 05:00 pm",0.751199
"Jan 20, 06:00 pm",0
"Jan 20, 07:00 pm",0
"Jan 20, 08:00 pm",0
"Jan 20, 09:00 pm",0
"Jan 20, 10:00 pm",0
"Jan 20, 11:00 pm",0
"Jan 21, 12:00 am",0
"Jan 21, 01:00 am",0
"Jan 21, 02:00 am",0
"Jan 21, 03:00 am",0
"Jan 21, 04:00 am",0
"Jan 21, 05:00 am",0
"Jan 21, 06:00 am",0
"Jan 21, 07:00 am",0
"Jan 21, 08:00 am",1.25383
"Jan 21, 09:00 am",3.41267
"Jan 21, 10:00 am",6.1198
"Jan 21, 11:00 am",3.53046
"Jan 21, 12:00 pm",3.55757
"Jan 21, 01:00 pm",2.81106
"Jan 21, 02:00 pm",9.17811
"Jan 21, 03:00 pm",9.75045
"Jan 21, 04:00 pm",5.44486
"Jan 21, 05:00 pm",0.1088
"Jan 21, 06:00 pm",0
"Jan 21, 07:00 pm",0
"Jan 21, 08:00 pm",0
"Jan 21, 09:00 pm",0
"Jan 21, 10:00 pm",0
"Jan 21, 11:00 pm",0
"Jan 22, 12:00 am",0
"Jan 22, 01:00 am",0
"Jan 22, 02:00 am",0
"Jan 22, 03:00 am",0
"Jan 22, 04:00 am",0
"Jan 22, 05:00 am",0
"Jan 22, 06:00 am",0
"Jan 22, 07:00 am",-0
"Jan 22, 08:00 am",5.2554
"Jan 22, 09:00 am",5.73804
"Jan 22, 10:00 am",7.9357
"Jan 22, 11:00 am",7.78458
"Jan 22, 12:00 pm",10.8671
"Jan 22, 01:00 pm",8.03793
"Jan 22, 02:00 pm",6.61341
"Jan 22, 03:00 pm",2.37122
"Jan 22, 04:00 pm",2.75475
"Jan 22, 05:00 pm",0.0499618
"Jan 22, 06:00 pm",0
"Jan 22, 07:00 pm",0
"Jan 22, 08:00 pm",0
"Jan 22, 09:00 pm",0
"Jan 22, 10:00 pm",0
"Jan 22, 11:00 pm",0
"Jan 23, 12:00 am",0
"Jan 23, 01:00 am",0
"Jan 23, 02:00 am",0
"Jan 23, 03:00 am",0
"Jan 23, 04:00 am",0
"Jan 23, 05:00 am",0
"Jan 23, 06:00 am",0
"Jan 23, 07:00 am",-0
"Jan 23, 08:00 am",2.32582
"Jan 23, 09:00 am",9.49071
"Jan 23, 10:00 am",8.1232
"Jan 23, 11:00 am",5.90437
"Jan 23, 12:00 pm",6.57624
"Jan 23, 01:00 pm",7.18985
"Jan 23, 02:00 pm",8.39703
"Jan 23, 03:00 pm",1.94892
"Jan 23, 04:00 pm",1.06499
"Jan 23, 05:00 pm",0.0518871
"Jan 23, 06:00 pm",0
"Jan 23, 07:00 pm",0
"Jan 23, 08:00 pm",0
"Jan 23, 09:00 pm",0
"Jan 23, 10:00 pm",0
"Jan 23, 11:00 pm",0
"Jan 24, 12:00 am",0
"Jan 24, 01:00 am",0
"Jan 24, 02:00 am",0
"Jan 24, 03:00 am",0
"Jan 24, 04:00 am",0
"Jan 24, 05:00 am",0
"Jan 24, 06:00 am",0
"Jan 24, 07:00 am",-0
"Jan 24, 08:00 am",5.08733
"Jan 24, 09:00 am",9.80836
"Jan 24, 10:00 am",13.0882
"Jan 24, 11:00 am",14.8627
"Jan 24, 12:00 pm",15.6513
"Jan 24, 01:00 pm",15.2472
"Jan 24, 02:00 pm",13.6471
"Jan 24, 03:00 pm",10.8137
"Jan 24, 04:00 pm",6.69351
"Jan 24, 05:00 pm",0.971154
"Jan 24, 06:00 pm",0
"Jan 24, 07:00 pm",0
"Jan 24, 08:00 pm",0
"Jan 24, 09:00 pm",0
"Jan 24, 10:00 pm",0
"Jan 24, 11:00 pm",0
"Jan 25, 12:00 am",0
"Jan 25, 01:00 am",0
"Jan 25, 02:00 am",0
"Jan 25, 03:00 am",0
"Jan 25, 04:00 am",0
"Jan 25, 05:00 am",0
"Jan 25, 06:00 am",0
"Jan 25, 07:00 am",-0
"Jan 25, 08:00 am",5.46927
"Jan 25, 09:00 am",10.1384
"Jan 25, 10:00 am",13.3459
"Jan 25, 11:00 am",15.1596
"Jan 25, 12:00 pm",15.9191
"Jan 25, 01:00 pm",15.4483
"Jan 25, 02:00 pm",13.7823
"Jan 25, 03:00 pm",11.0023
"Jan 25, 04:00 pm",6.90469
"Jan 25, 05:00 pm",1.13006
"Jan 25, 06:00 pm",0
"Jan 25, 07:00 pm",0
"Jan 25, 08:00 pm",0
"Jan 25, 09:00 pm",0
"Jan 25, 10:00 pm",0
"Jan 25, 11:00 pm",0
"Jan 26, 12:00 am",0
"Jan 26, 01:00 am",0
"Jan 26, 02:00 am",0
"Jan 26, 03:00 am",0
"Jan 26, 04:00 am",0
"Jan 26, 05:00 am",0
"Jan 26, 06:00 am",0
"Jan 26, 07:00 am",-0
"Jan 26, 08:00 am",5.22438
"Jan 26, 09:00 am",9.71982
"Jan 26, 10:00 am",12.435
"Jan 26, 11:00 am",13.7753
"Jan 26, 12:00 pm",14.3629
"Jan 26, 01:00 pm",14.0045
"Jan 26, 02:00 pm",12.7541
"Jan 26, 03:00 pm",10.3223
"Jan 26, 04:00 pm",6.62774
"Jan 26, 05:00 pm",1.03408
"Jan 26, 06:00 pm",0
"Jan 26, 07:00 pm",0
"Jan 26, 08:00 pm",0
"Jan 26, 09:00 pm",0
"Jan 26, 10:00 pm",0
"Jan 26, 11:00 pm",0
"Jan 27, 12:00 am",0
"Jan 27, 01:00 am",0
"Jan 27, 02:00 am",0
"Jan 27, 03:00 am",0
"Jan 27, 04:00 am",0
"Jan 27, 05:00 am",0
"Jan 27, 06:00 am",0
"Jan 27, 07:00 am",-0
"Jan 27, 08:00 am",1.38661
"Jan 27, 09:00 am",6.50753
"Jan 27, 10:00 am",6.73272
"Jan 27, 11:00 am",8.0069
"Jan 27, 12:00 pm",6.07052
"Jan 27, 01:00 pm",8.01521
"Jan 27, 02:00 pm",8.62553
"Jan 27, 03:00 pm",5.42816
"Jan 27, 04:00 pm",1.4139
"Jan 27, 05:00 pm",0.0584907
"Jan 27, 06:00 pm",0
"Jan 27, 07:00 pm",0
"Jan 27, 08:00 pm",0
"Jan 27, 09:00 pm",0
"Jan 27, 10:00 pm",0
"Jan 27, 11:00 pm",0
"Jan 28, 12:00 am",0
"Jan 28, 01:00 am",0
"Jan 28, 02:00 am",0
"Jan 28, 03:00 am",0
"Jan 28, 04:00 am",0
"Jan 28, 05:00 am",0
"Jan 28, 06:00 am",0
"Jan 28, 07:00 am",-0
"Jan 28, 08:00 am",5.45536
"Jan 28, 09:00 am",10.1665
"Jan 28, 10:00 am",13.2016
"Jan 28, 11:00 am",14.94
"Jan 28, 12:00 pm",15.7008
"Jan 28, 01:00 pm",15.2881
"Jan 28, 02:00 pm",13.7269
"Jan 28, 03:00 pm",10.9727
"Jan 28, 04:00 pm",7.0494
"Jan 28, 05:00 pm",1.38565
"Jan 28, 06:00 pm",0
"Jan 28, 07:00 pm",0
"Jan 28, 08:00 pm",0
"Jan 28, 09:00 pm",0
"Jan 28, 10:00 pm",0
"Jan 28, 11:00 pm",0
"Jan 29, 12:00 am",0
"Jan 29, 01:00 am",0
"Jan 29, 02:00 am",0
"Jan 29, 03:00 am",0
"Jan 29, 04:00 am",0
"Jan 29, 05:00 am",0
"Jan 29, 06:00 am",0
"Jan 29, 07:00 am",-0
"Jan 29, 08:00 am",5.40237
"Jan 29, 09:00 am",10.0635
"Jan 29, 10:00 am",12.9384
"Jan 29, 11:00 am",14.5594
"Jan 29, 12:00 pm",15.2846
"Jan 29, 01:00 pm",14.863
"Jan 29, 02:00 pm",13.337
"Jan 29, 03:00 pm",10.6708
"Jan 29, 04:00 pm",6.93977
"Jan 29, 05:00 pm",1.40958
"Jan 29, 06:00 pm",0
"Jan 29, 07:00 pm",0
"Jan 29, 08:00 pm",0
"Jan 29, 09:00 pm",0
"Jan 29, 10:00 pm",0
"Jan 29, 11:00 pm",0
"Jan 30, 12:00 am",0
"Jan 30, 01:00 am",0
"Jan 30, 02:00 am",0
"Jan 30, 03:00 am",0
"Jan 30, 04:00 am",0
"Jan 30, 05:00 am",0
"Jan 30, 06:00 am",0
"Jan 30, 07:00 am",-0
"Jan 30, 08:00 am",5.36177
"Jan 30, 09:00 am",9.78248
"Jan 30, 10:00 am",12.2433
"Jan 30, 11:00 am",13.7908
"Jan 30, 12:00 pm",14.2998
"Jan 30, 01:00 pm",13.7678
"Jan 30, 02:00 pm",12.7336
"Jan 30, 03:00 pm",10.6612
"Jan 30, 04:00 pm",6.95027
"Jan 30, 05:00 pm",1.52109
"Jan 30, 06:00 pm",0
"Jan 30, 07:00 pm",0
"Jan 30, 08:00 pm",0
"Jan 30, 09:00 pm",0
"Jan 30, 10:00 pm",0
"Jan 30, 11:00 pm",0
"Jan 31, 12:00 am",0
"Jan 31, 01:00 am",0
"Jan 31, 02:00 am",0
"Jan 31, 03:00 am",0
"Jan 31, 04:00 am",0
"Jan 31, 05:00 am",0
"Jan 31, 06:00 am",0
"Jan 31, 07:00 am",-0
"Jan 31, 08:00 am",0.969925
"Jan 31, 09:00 am",9.38526
"Jan 31, 10:00 am",4.99619
"Jan 31, 11:00 am",14.0872
"Jan 31, 12:00 pm",14.5409
"Jan 31, 01:00 pm",14.2551
"Jan 31, 02:00 pm",13.0227
"Jan 31, 03:00 pm",10.5308
"Jan 31, 04:00 pm",6.81509
"Jan 31, 05:00 pm",0.950689
"Jan 31, 06:00 pm",0
"Jan 31, 07:00 pm",0
"Jan 31, 08:00 pm",0
"Jan 31, 09:00 pm",0
"Jan 31, 10:00 pm",0
"Jan 31, 11:00 pm",0
"Feb 1, 12:00 am",0
"Feb 1, 01:00 am",0
"Feb 1, 02:00 am",0
"Feb 1, 03:00 am",0
"Feb 1, 04:00 am",0
"Feb 1, 05:00 am",0
"Feb 1, 06:00 am",0
"Feb 1, 07:00 am",-0
"Feb 1, 08:00 am",6.04698
"Feb 1, 09:00 am",10.7391
"Feb 1, 10:00 am",13.9152
"Feb 1, 11:00 am",15.6927
"Feb 1, 12:00 pm",16.4338
"Feb 1, 01:00 pm",15.9385
"Feb 1, 02:00 pm",14.3565
"Feb 1, 03:00 pm",11.5351
"Feb 1, 04:00 pm",7.61413
"Feb 1, 05:00 pm",2.04383
"Feb 1, 06:00 pm",0
"Feb 1, 07:00 pm",0
"Feb 1, 08:00 pm",0
"Feb 1, 09:00 pm",0
"Feb 1, 10:00 pm",0
"Feb 1, 11:00 pm",0
"Feb 2, 12:00 am",0
"Feb 2, 01:00 am",0
"Feb 2, 02:00 am",0
"Feb 2, 03:00 am",0
"Feb 2, 04:00 am",0
"Feb 2, 05:00 am",0
"Feb 2, 06:00 am",0
"Feb 2, 07:00 am",-0
"Feb 2, 08:00 am",5.6006
"Feb 2, 09:00 am",10.146
"Feb 2, 10:00 am",12.9844
"Feb 2, 11:00 am",14.4893
"Feb 2, 12:00 pm",15.1331
"Feb 2, 01:00 pm",14.8474
"Feb 2, 02:00 pm",13.5054
"Feb 2, 03:00 pm",10.9425
"Feb 2, 04:00 pm",7.14194
"Feb 2, 05:00 pm",1.9422
"Feb 2, 06:00 pm",0
"Feb 2, 07:00 pm",0
"Feb 2, 08:00 pm",0
"Feb 2, 09:00 pm",0
"Feb 2, 10:00 pm",0
"Feb 2, 11:00 pm",0
"Feb 3, 12:00 am",0
"Feb 3, 01:00 am",0
"Feb 3, 02:00 am",0
"Feb 3, 03:00 am",0
"Feb 3, 04:00 am",0
"Feb 3, 05:00 am",0
"Feb 3, 06:00 am",0
"Feb 3, 07:00 am",-0
"Feb 3, 08:00 am",5.57604
"Feb 3, 09:00 am",10.0257
"Feb 3, 10:00 am",12.8546
"Feb 3, 11:00 am",11.4634
"Feb 3, 12:00 pm",15.2337
"Feb 3, 01:00 pm",14.845
"Feb 3, 02:00 pm",13.3707
"Feb 3, 03:00 pm",8.27349
"Feb 3, 04:00 pm",5.8542
"Feb 3, 05:00 pm",2.06697
"Feb 3, 06:00 pm",0
"Feb 3, 07:00 pm",0
"Feb 3, 08:00 pm",0
"Feb 3, 09:00 pm",0
"Feb 3, 10:00 pm",0
"Feb 3, 11:00 pm",0
"Feb 4, 12:00 am",0
"Feb 4, 01:00 am",0
"Feb 4, 02:00 am",0
"Feb 4, 03:00 am",0
"Feb 4, 04:00 am",0
"Feb 4, 05:00 am",0
"Feb 4, 06:00 am",0
"Feb 4, 07:00 am",-0
"Feb 4, 08:00 am",5.67045
"Feb 4, 09:00 am",10.015
"Feb 4, 10:00 am",12.7624
"Feb 4, 11:00 am",14.283
"Feb 4, 12:00 pm",14.9082
"Feb 4, 01:00 pm",14.4829
"Feb 4, 02:00 pm",13.13
"Feb 4, 03:00 pm",10.641
"Feb 4, 04:00 pm",7.16899
"Feb 4, 05:00 pm",2.24659
"Feb 4, 06:00 pm",0
"Feb 4, 07:00 pm",0
"Feb 4, 08:00 pm",0
"Feb 4, 09:00 pm",0
"Feb 4, 10:00 pm",0
"Feb 4, 11:00 pm",0
"Feb 5, 12:00 am",0
"Feb 5, 01:00 am",0
"Feb 5, 02:00 am",0
"Feb 5, 03:00 am",0
"Feb 5, 04:00 am",0
"Feb 5, 05:00 am",0
"Feb 5, 06:00 am",0
"Feb 5, 07:00 am",-0
"Feb 5, 08:00 am",5.63621
"Feb 5, 09:00 am",9.75257
"Feb 5, 10:00 am",12.4205
"Feb 5, 11:00 am",13.912
"Feb 5, 12:00 pm",14.5999
"Feb 5, 01:00 pm",14.3437
"Feb 5, 02:00 pm",13.0326
"Feb 5, 03:00 pm",10.6192
"Feb 5, 04:00 pm",7.28539
"Feb 5, 05:00 pm",2.27748
"Feb 5, 06:00 pm",0
"Feb 5, 07:00 pm",0
"Feb 5, 08:00 pm",0
"Feb 5, 09:00 pm",0
"Feb 5, 10:00 pm",0
"Feb 5, 11:00 pm",0
"Feb 6, 12:00 am",0
"Feb 6, 01:00 am",0
"Feb 6, 02:00 am",0
"Feb 6, 03:00 am",0
"Feb 6, 04:00 am",0
"Feb 6, 05:00 am",0
"Feb 6, 06:00 am",0
"Feb 6, 07:00 am",0.0144556
"Feb 6, 08:00 am",5.47326
"Feb 6, 09:00 am",9.80754
"Feb 6, 10:00 am",9.12169
"Feb 6, 11:00 am",14.345
"Feb 6, 12:00 pm",15.0965
"Feb 6, 01:00 pm",12.6875
"Feb 6, 02:00 pm",13.36
"Feb 6, 03:00 pm",9.27471
"Feb 6, 04:00 pm",5.48358
"Feb 6, 05:00 pm",1.40684
"Feb 6, 06:00 pm",0
"Feb 6, 07:00 pm",0
"Feb 6, 08:00 pm",0
"Feb 6, 09:00 pm",0
"Feb 6, 10:00 pm",0
"Feb 6, 11:00 pm",0
"Feb 7, 12:00 am",0
"Feb 7, 01:00 am",0
"Feb 7, 02:00 am",0
"Feb 7, 03:00 am",0
"Feb 7, 04:00 am",0
"Feb 7, 05:00 am",0
"Feb 7, 06:00 am",0
"Feb 7, 07:00 am",0.10523
"Feb 7, 08:00 am",5.20533
"Feb 7, 09:00 am",9.7236
"Feb 7, 10:00 am",12.8449
"Feb 7, 11:00 am",14.8591
"Feb 7, 12:00 pm",15.559
"Feb 7, 01:00 pm",15.0394
"Feb 7, 02:00 pm",13.6233
"Feb 7, 03:00 pm",10.9526
"Feb 7, 04:00 pm",6.92238
"Feb 7, 05:00 pm",1.83546
"Feb 7, 06:00 pm",0
"Feb 7, 07:00 pm",0
"Feb 7, 08:00 pm",0
"Feb 7, 09:00 pm",0
"Feb 7, 10:00 pm",0
"Feb 7, 11:00 pm",0
"Feb 8, 12:00 am",0
"Feb 8, 01:00 am",0
"Feb 8, 02:00 am",0
"Feb 8, 03:00 am",0
"Feb 8, 04:00 am",0
"Feb 8, 05:00 am",0
"Feb 8, 06:00 am",0
"Feb 8, 07:00 am",0.00780476
"Feb 8, 08:00 am",3.64623
"Feb 8, 09:00 am",6.20889
"Feb 8, 10:00 am",7.69362
"Feb 8, 11:00 am",15.6427
"Feb 8, 12:00 pm",16.4847
"Feb 8, 01:00 pm",11.9816
"Feb 8, 02:00 pm",11.166
"Feb 8, 03:00 pm",11.5119
"Feb 8, 04:00 pm",7.47176
"Feb 8, 05:00 pm",2.32337
"Feb 8, 06:00 pm",0
"Feb 8, 07:00 pm",0
"Feb 8, 08:00 pm",0
"Feb 8, 09:00 pm",0
"Feb 8, 10:00 pm",0
"Feb 8, 11:00 pm",0
"Feb 9, 12:00 am",0
"Feb 9, 01:00 am",0
"Feb 9, 02:00 am",0
"Feb 9, 03:00 am",0
"Feb 9, 04:00 am",0
"Feb 9, 05:00 am",0
"Feb 9, 06:00 am",0
"Feb 9, 07:00 am",0.2837
"Feb 9, 08:00 am",5.71736
"Feb 9, 09:00 am",10.335
"Feb 9, 10:00 am",13.5958
"Feb 9, 11:00 am",15.5123
"Feb 9, 12:00 pm",16.2845
"Feb 9, 01:00 pm",15.8998
"Feb 9, 02:00 pm",14.484
"Feb 9, 03:00 pm",11.8766
"Feb 9, 04:00 pm",7.9485
"Feb 9, 05:00 pm",2.58923
"Feb 9, 06:00 pm",0
"Feb 9, 07:00 pm",0
"Feb 9, 08:00 pm",0
"Feb 9, 09:00 pm",0
"Feb 9, 10:00 pm",0
"Feb 9, 11:00 pm",0
"Feb 10, 12:00 am",0
"Feb 10, 01:00 am",0
"Feb 10, 02:00 am",0
"Feb 10, 03:00 am",0
"Feb 10, 04:00 am",0
"Feb 10, 05:00 am",0
"Feb 10, 06:00 am",0
"Feb 10, 07:00 am",0.135248
"Feb 10, 08:00 am",5.91686
"Feb 10, 09:00 am",10.2475
"Feb 10, 10:00 am",12.9641
"Feb 10, 11:00 am",12.465
"Feb 10, 12:00 pm",13.6911
"Feb 10, 01:00 pm",14.5935
"Feb 10, 02:00 pm",9.9094
"Feb 10, 03:00 pm",10.9537
"Feb 10, 04:00 pm",7.37469
"Feb 10, 05:00 pm",2.00916
"Feb 10, 06:00 pm",0
"Feb 10, 07:00 pm",0
"Feb 10, 08:00 pm",0
"Feb 10, 09:00 pm",0
"Feb 10, 10:00 pm",0
"Feb 10, 11:00 pm",0
"Feb 11, 12:00 am",0
"Feb 11, 01:00 am",0
"Feb 11, 02:00 am",0
"Feb 11, 03:00 am",0
"Feb 11, 04:00 am",0
"Feb 11, 05:00 am",0
"Feb 11, 06:00 am",0
"Feb 11, 07:00 am",0.373307
"Feb 11, 08:00 am",5.78207
"Feb 11, 09:00 am",10.1767
"Feb 11, 10:00 am",12.8838
"Feb 11, 11:00 am",14.2862
"Feb 11, 12:00 pm",14.8726
"Feb 11, 01:00 pm",14.6938
"Feb 11, 02:00 pm",13.538
"Feb 11, 03:00 pm",11.4063
"Feb 11, 04:00 pm",7.82482
"Feb 11, 05:00 pm",2.65281
"Feb 11, 06:00 pm",0
"Feb 11, 07:00 pm",0
"Feb 11, 08:00 pm",0
"Feb 11, 09:00 pm",0
"Feb 11, 10:00 pm",0
"Feb 11, 11:00 pm",0
"Feb 12, 12:00 am",0
"Feb 12, 01:00 am",0
"Feb 12, 02:00 am",0
"Feb 12, 03:00 am",0
"Feb 12, 04:00 am",0
"Feb 12, 05:00 am",0
"Feb 12, 06:00 am",0
"Feb 12, 07:00 am",0.464063
"Feb 12, 08:00 am",5.92971
"Feb 12, 09:00 am",10.185
"Feb 12, 10:00 am",13.1553
"Feb 12, 11:00 am",15.1566
"Feb 12, 12:00 pm",15.9959
"Feb 12, 01:00 pm",15.6964
"Feb 12, 02:00 pm",14.2515
"Feb 12, 03:00 pm",11.6539
"Feb 12, 04:00 pm",7.92415
"Feb 12, 05:00 pm",2.6938
"Feb 12, 06:00 pm",0
"Feb 12, 07:00 pm",0
"Feb 12, 08:00 pm",0
"Feb 12, 09:00 pm",0
"Feb 12, 10:00 pm",0
"Feb 12, 11:00 pm",0
"Feb 13, 12:00 am",0
"Feb 13, 01:00 am",0
"Feb 13, 02:00 am",0
"Feb 13, 03:00 am",0
"Feb 13, 04:00 am",0
"Feb 13, 05:00 am",0
"Feb 13, 06:00 am",0
"Feb 13, 07:00 am",0.534845
"Feb 13, 08:00 am",5.94798
"Feb 13, 09:00 am",10.5047
"Feb 13, 10:00 am",13.5256
"Feb 13, 11:00 am",12.3024
"Feb 13, 12:00 pm",8.89879
"Feb 13, 01:00 pm",2.67636
"Feb 13, 02:00 pm",1.0988
"Feb 13, 03:00 pm",9.44015
"Feb 13, 04:00 pm",4.93061
"Feb 13, 05:00 pm",1.06054
"Feb 13, 06:00 pm",0
"Feb 13, 07:00 pm",0
"Feb 13, 08:00 pm",0
"Feb 13, 09:00 pm",0
"Feb 13, 10:00 pm",0
"Feb 13, 11:00 pm",0
"Feb 14, 12:00 am",0
"Feb 14, 01:00 am",0
"Feb 14, 02:00 am",0
"Feb 14, 03:00 am",0
"Feb 14, 04:00 am",0
"Feb 14, 05:00 am",0
"Feb 14, 06:00 am",0
"Feb 14, 07:00 am",0.113519
"Feb 14, 08:00 am",0.455825
"Feb 14, 09:00 am",4.21858
"Feb 14, 10:00 am",6.9631
"Feb 14, 11:00 am",4.07732
"Feb 14, 12:00 pm",9.94895
"Feb 14, 01:00 pm",0.349062
"Feb 14, 02:00 pm",11.3617
"Feb 14, 03:00 pm",11.5135
"Feb 14, 04:00 pm",0.542317
"Feb 14, 05:00 pm",-0
"Feb 14, 06:00 pm",0
"Feb 14, 07:00 pm",0
"Feb 14, 08:00 pm",0
"Feb 14, 09:00 pm",0
"Feb 14, 10:00 pm",0
"Feb 14, 11:00 pm",0
"Feb 15, 12:00 am",0
"Feb 15, 01:00 am",0
"Feb 15, 02:00 am",0
"Feb 15, 03:00 am",0
"Feb 15, 04:00 am",0
"Feb 15, 05:00 am",0
"Feb 15, 06:00 am",0
"Feb 15, 07:00 am",0.62581
"Feb 15, 08:00 am",6.11225
"Feb 15, 09:00 am",10.5494
"Feb 15, 10:00 am",13.4372
"Feb 15, 11:00 am",15.0177
"Feb 15, 12:00 pm",15.5517
"Feb 15, 01:00 pm",15.0761
"Feb 15, 02:00 pm",13.7957
"Feb 15, 03:00 pm",11.435
"Feb 15, 04:00 pm",7.93959
"Feb 15, 05:00 pm",2.9017
"Feb 15, 06:00 pm",0
"Feb 15, 07:00 pm",0
"Feb 15, 08:00 pm",0
"Feb 15, 09:00 pm",0
"Feb 15, 10:00 pm",0
"Feb 15, 11:00 pm",0
"Feb 16, 12:00 am",0
"Feb 16, 01:00 am",0
"Feb 16, 02:00 am",0
"Feb 16, 03:00 am",0
"Feb 16, 04:00 am",0
"Feb 16, 05:00 am",0
"Feb 16, 06:00 am",0
"Feb 16, 07:00 am",0.111389
"Feb 16, 08:00 am",2.63199
"Feb 16, 09:00 am",6.24329
"Feb 16, 10:00 am",8.39439
"Feb 16, 11:00 am",10.5621
"Feb 16, 12:00 pm",11.5587
"Feb 16, 01:00 pm",13.3272
"Feb 16, 02:00 pm",14.1039
"Feb 16, 03:00 pm",11.7637
"Feb 16, 04:00 pm",8.08159
"Feb 16, 05:00 pm",3.01458
"Feb 16, 06:00 pm",0
"Feb 16, 07:00 pm",0
"Feb 16, 08:00 pm",0
"Feb 16, 09:00 pm",0
"Feb 16, 10:00 pm",0
"Feb 16, 11:00 pm",0
"Feb 17, 12:00 am",0
"Feb 17, 01:00 am",0
"Feb 17, 02:00 am",0
"Feb 17, 03:00 am",0
"Feb 17, 04:00 am",0
"Feb 17, 05:00 am",0
"Feb 17, 06:00 am",0
"Feb 17, 07:00 am",0.660646
"Feb 17, 08:00 am",4.85823
"Feb 17, 09:00 am",6.90641
"Feb 17, 10:00 am",10.2379
"Feb 17, 11:00 am",13.4435
"Feb 17, 12:00 pm",9.28351
"Feb 17, 01:00 pm",7.50188
"Feb 17, 02:00 pm",6.56828
"Feb 17, 03:00 pm",4.39968
"Feb 17, 04:00 pm",4.31746
"Feb 17, 05:00 pm",0.910436
"Feb 17, 06:00 pm",0
"Feb 17, 07:00 pm",0
"Feb 17, 08:00 pm",0
"Feb 17, 09:00 pm",0
"Feb 17, 10:00 pm",0
"Feb 17, 11:00 pm",0
"Feb 18, 12:00 am",0
"Feb 18, 01:00 am",0
"Feb 18, 02:00 am",0
"Feb 18, 03:00 am",0
"Feb 18, 04:00 am",0
"Feb 18, 05:00 am",0
"Feb 18, 06:00 am",0
"Feb 18, 07:00 am",0.115424
"Feb 18, 08:00 am",4.29041
"Feb 18, 09:00 am",10.3062
"Feb 18, 10:00 am",12.8517
"Feb 18, 11:00 am",14.0042
"Feb 18, 12:00 pm",14.7562
"Feb 18, 01:00 pm",14.7929
"Feb 18, 02:00 pm",13.6815
"Feb 18, 03:00 pm",11.4857
"Feb 18, 04:00 pm",7.91566
"Feb 18, 05:00 pm",2.91566
"Feb 18, 06:00 pm",0
"Feb 18, 07:00 pm",0
"Feb 18, 08:00 pm",0
"Feb 18, 09:00 pm",0
"Feb 18, 10:00 pm",0
"Feb 18, 11:00 pm",0
"Feb 19, 12:00 am",0
"Feb 19, 01:00 am",0
"Feb 19, 02:00 am",0
"Feb 19, 03:00 am",0
"Feb 19, 04:00 am",0
"Feb 19, 05:00 am",0
"Feb 19, 06:00 am",0
"Feb 19, 07:00 am",0.810657
"Feb 19, 08:00 am",6.26016
"Feb 19, 09:00 am",10.5167
"Feb 19, 10:00 am",13.1805
"Feb 19, 11:00 am",14.6493
"Feb 19, 12:00 pm",15.0125
"Feb 19, 01:00 pm",14.5923
"Feb 19, 02:00 pm",13.5795
"Feb 19, 03:00 pm",11.2844
"Feb 19, 04:00 pm",7.71582
"Feb 19, 05:00 pm",2.72425
"Feb 19, 06:00 pm",0
"Feb 19, 07:00 pm",0
"Feb 19, 08:00 pm",0
"Feb 19, 09:00 pm",0
"Feb 19, 10:00 pm",0
"Feb 19, 11:00 pm",0
"Feb 20, 12:00 am",0
"Feb 20, 01:00 am",0
"Feb 20, 02:00 am",0
"Feb 20, 03:00 am",0
"Feb 20, 04:00 am",0
"Feb 20, 05:00 am",0
"Feb 20, 06:00 am",0
"Feb 20, 07:00 am",0.67801
"Feb 20, 08:00 am",5.85485
"Feb 20, 09:00 am",9.98007
"Feb 20, 10:00 am",12.7559
"Feb 20, 11:00 am",14.4273
"Feb 20, 12:00 pm",14.8482
"Feb 20, 01:00 pm",14.4387
"Feb 20, 02:00 pm",13.3693
"Feb 20, 03:00 pm",11.3315
"Feb 20, 04:00 pm",7.89577
"Feb 20, 05:00 pm",2.98845
"Feb 20, 06:00 pm",0
"Feb 20, 07:00 pm",0
"Feb 20, 08:00 pm",0
"Feb 20, 09:00 pm",0
"Feb 20, 10:00 pm",0
"Feb 20, 11:00 pm",0
"Feb 21, 12:00 am",0
"Feb 21, 01:00 am",0
"Feb 21, 02:00 am",0
"Feb 21, 03:00 am",0
"Feb 21, 04:00 am",0
"Feb 21, 05:00 am",0
"Feb 21, 06:00 am",0
"Feb 21, 07:00 am",0.932881
"Feb 21, 08:00 am",6.17152
"Feb 21, 09:00 am",10.3444
"Feb 21, 10:00 am",13.2029
"Feb 21, 11:00 am",12.4942
"Feb 21, 12:00 pm",15.4466
"Feb 21, 01:00 pm",15.0779
"Feb 21, 02:00 pm",13.7798
"Feb 21, 03:00 pm",11.393
"Feb 21, 04:00 pm",7.69212
"Feb 21, 05:00 pm",2.80342
"Feb 21, 06:00 pm",0
"Feb 21, 07:00 pm",0
"Feb 21, 08:00 pm",0
"Feb 21, 09:00 pm",0
"Feb 21, 10:00 pm",0
"Feb 21, 11:00 pm",0
"Feb 22, 12:00 am",0
"Feb 22, 01:00 am",0
"Feb 22, 02:00 am",0
"Feb 22, 03:00 am",0
"Feb 22, 04:00 am",0
"Feb 22, 05:00 am",0
"Feb 22, 06:00 am",0
"Feb 22, 07:00 am",0.705541
"Feb 22, 08:00 am",3.30064
"Feb 22, 09:00 am",9.86151
"Feb 22, 10:00 am",10.3918
"Feb 22, 11:00 am",11.7802
"Feb 22, 12:00 pm",12.4301
"Feb 22, 01:00 pm",11.4021
"Feb 22, 02:00 pm",9.82059
"Feb 22, 03:00 pm",8.53394
"Feb 22, 04:00 pm",3.6999
"Feb 22, 05:00 pm",2.61337
"Feb 22, 06:00 pm",0
"Feb 22, 07:00 pm",0
"Feb 22, 08:00 pm",0
"Feb 22, 09:00 pm",0
"Feb 22, 10:00 pm",0
"Feb 22, 11:00 pm",0
"Feb 23, 12:00 am",0
"Feb 23, 01:00 am",0
"Feb 23, 02:00 am",0
"Feb 23, 03:00 am",0
"Feb 23, 04:00 am",0
"Feb 23, 05:00 am",0
"Feb 23, 06:00 am",0
"Feb 23, 07:00 am",-0
"Feb 23, 08:00 am",1.32727
"Feb 23, 09:00 am",1.06002
"Feb 23, 10:00 am",10.4994
"Feb 23, 11:00 am",15.992
"Feb 23, 12:00 pm",16.8187
"Feb 23, 01:00 pm",16.4895
"Feb 23, 02:00 pm",14.9329
"Feb 23, 03:00 pm",12.2297
"Feb 23, 04:00 pm",6.33211
"Feb 23, 05:00 pm",2.88665
"Feb 23, 06:00 pm",0
"Feb 23, 07:00 pm",0
"Feb 23, 08:00 pm",0
"Feb 23, 09:00 pm",0
"Feb 23, 10:00 pm",0
"Feb 23, 11:00 pm",0
"Feb 24, 12:00 am",0
"Feb 24, 01:00 am",0
"Feb 24, 02:00 am",0
"Feb 24, 03:00 am",0
"Feb 24, 04:00 am",0
"Feb 24, 05:00 am",0
"Feb 24, 06:00 am",0
"Feb 24, 07:00 am",1.23305
"Feb 24, 08:00 am",6.38636
"Feb 24, 09:00 am",10.594
"Feb 24, 10:00 am",13.6601
"Feb 24, 11:00 am",15.6615
"Feb 24, 12:00 pm",16.464
"Feb 24, 01:00 pm",13.6316
"Feb 24, 02:00 pm",14.3998
"Feb 24, 03:00 pm",9.67441
"Feb 24, 04:00 pm",5.92891
"Feb 24, 05:00 pm",1.61809
"Feb 24, 06:00 pm",0
"Feb 24, 07:00 pm",0
"Feb 24, 08:00 pm",0
"Feb 24, 09:00 pm",0
"Feb 24, 10:00 pm",0
"Feb 24, 11:00 pm",0
"Feb 25, 12:00 am",0
"Feb 25, 01:00 am",0
"Feb 25, 02:00 am",0
"Feb 25, 03:00 am",0
"Feb 25, 04:00 am",0
"Feb 25, 05:00 am",0
"Feb 25, 06:00 am",0
"Feb 25, 07:00 am",0.0798519
"Feb 25, 08:00 am",1.59086
"Feb 25, 09:00 am",6.39721
"Feb 25, 10:00 am",7.57289
"Feb 25, 11:00 am",12.0603
"Feb 25, 12:00 pm",11.4696
"Feb 25, 01:00 pm",8.74458
"Feb 25, 02:00 pm",7.75243
"Feb 25, 03:00 pm",4.66746
"Feb 25, 04:00 pm",2.03467
"Feb 25, 05:00 pm",0.413609
"Feb 25, 06:00 pm",0
"Feb 25, 07:00 pm",0
"Feb 25, 08:00 pm",0
"Feb 25, 09:00 pm",0
"Feb 25, 10:00 pm",0
"Feb 25, 11:00 pm",0
"Feb 26, 12:00 am",0
"Feb 26, 01:00 am",0
"Feb 26, 02:00 am",0
"Feb 26, 03:00 am",0
"Feb 26, 04:00 am",0
"Feb 26, 05:00 am",0
"Feb 26, 06:00 am",0
"Feb 26, 07:00 am",0.0693242
"Feb 26, 08:00 am",2.90481
"Feb 26, 09:00 am",10.6064
"Feb 26, 10:00 am",9.37542
"Feb 26, 11:00 am",10.9403
"Feb 26, 12:00 pm",13.1993
"Feb 26, 01:00 pm",3.91806
"Feb 26, 02:00 pm",7.43203
"Feb 26, 03:00 pm",11.6732
"Feb 26, 04:00 pm",8.00348
"Feb 26, 05:00 pm",3.15445
"Feb 26, 06:00 pm",0
"Feb 26, 07:00 pm",0
"Feb 26, 08:00 pm",0
"Feb 26, 09:00 pm",0
"Feb 26, 10:00 pm",0
"Feb 26, 11:00 pm",0
"Feb 27, 12:00 am",0
"Feb 27, 01:00 am",0
"Feb 27, 02:00 am",0
"Feb 27, 03:00 am",0
"Feb 27, 04:00 am",0
"Feb 27, 05:00 am",0
"Feb 27, 06:00 am",0
"Feb 27, 07:00 am",1.42478
"Feb 27, 08:00 am",6.3583
"Feb 27, 09:00 am",7.60739
"Feb 27, 10:00 am",10.5991
"Feb 27, 11:00 am",13.2772
"Feb 27, 12:00 pm",8.98393
"Feb 27, 01:00 pm",9.12382
"Feb 27, 02:00 pm",0.535784
"Feb 27, 03:00 pm",3.74368
"Feb 27, 04:00 pm",2.07595
"Feb 27, 05:00 pm",0.50039
"Feb 27, 06:00 pm",0
"Feb 27, 07:00 pm",0
"Feb 27, 08:00 pm",0
"Feb 27, 09:00 pm",0
"Feb 27, 10:00 pm",0
"Feb 27, 11:00 pm",0
"Feb 28, 12:00 am",0
"Feb 28, 01:00 am",0
"Feb 28, 02:00 am",0
"Feb 28, 03:00 am",0
"Feb 28, 04:00 am",0
"Feb 28, 05:00 am",0
"Feb 28, 06:00 am",0
"Feb 28, 07:00 am",0.79373
"Feb 28, 08:00 am",4.69352
"Feb 28, 09:00 am",8.6017
"Feb 28, 10:00 am",3.54427
"Feb 28, 11:00 am",2.20291
"Feb 28, 12:00 pm",8.83114
"Feb 28, 01:00 pm",0.805172
"Feb 28, 02:00 pm",0.73109
"Feb 28, 03:00 pm",5.64386
"Feb 28, 04:00 pm",1.51739
"Feb 28, 05:00 pm",3.23059
"Feb 28, 06:00 pm",0
"Feb 28, 07:00 pm",0
"Feb 28, 08:00 pm",0
"Feb 28, 09:00 pm",0
"Feb 28, 10:00 pm",0
"Feb 28, 11:00 pm",0
"Mar 1, 12:00 am",0
"Mar 1, 01:00 am",0
"Mar 1, 02:00 am",0
"Mar 1, 03:00 am",0
"Mar 1, 04:00 am",0
"Mar 1, 05:00 am",0
"Mar 1, 06:00 am",0
"Mar 1, 07:00 am",0.473914
"Mar 1, 08:00 am",2.89071
"Mar 1, 09:00 am",7.54626
"Mar 1, 10:00 am",10.7629
"Mar 1, 11:00 am",14.3524
"Mar 1, 12:00 pm",15.0363
"Mar 1, 01:00 pm",13.5332
"Mar 1, 02:00 pm",12.2668
"Mar 1, 03:00 pm",11.2891
"Mar 1, 04:00 pm",7.78538
"Mar 1, 05:00 pm",3.03117
"Mar 1, 06:00 pm",0
"Mar 1, 07:00 pm",0
"Mar 1, 08:00 pm",0
"Mar 1, 09:00 pm",0
"Mar 1, 10:00 pm",0
"Mar 1, 11:00 pm",0
"Mar 2, 12:00 am",0
"Mar 2, 01:00 am",0
"Mar 2, 02:00 am",0
"Mar 2, 03:00 am",0
"Mar 2, 04:00 am",0
"Mar 2, 05:00 am",0
"Mar 2, 06:00 am",0
"Mar 2, 07:00 am",1.65486
"Mar 2, 08:00 am",6.85708
"Mar 2, 09:00 am",10.7777
"Mar 2, 10:00 am",13.1633
"Mar 2, 11:00 am",12.3192
"Mar 2, 12:00 pm",12.4236
"Mar 2, 01:00 pm",14.6515
"Mar 2, 02:00 pm",13.4291
"Mar 2, 03:00 pm",11.2826
"Mar 2, 04:00 pm",7.96384
"Mar 2, 05:00 pm",1.29614
"Mar 2, 06:00 pm",0
"Mar 2, 07:00 pm",0
"Mar 2, 08:00 pm",0
"Mar 2, 09:00 pm",0
"Mar 2, 10:00 pm",0
"Mar 2, 11:00 pm",0
"Mar 3, 12:00 am",0
"Mar 3, 01:00 am",0
"Mar 3, 02:00 am",0
"Mar 3, 03:00 am",0
"Mar 3, 04:00 am",0
"Mar 3, 05:00 am",0
"Mar 3, 06:00 am",0
"Mar 3, 07:00 am",1.75583
"Mar 3, 08:00 am",6.75012
"Mar 3, 09:00 am",10.6274
"Mar 3, 10:00 am",13.2955
"Mar 3, 11:00 am",15.0656
"Mar 3, 12:00 pm",15.7439
"Mar 3, 01:00 pm",15.4338
"Mar 3, 02:00 pm",14.1649
"Mar 3, 03:00 pm",11.8366
"Mar 3, 04:00 pm",7.32064
"Mar 3, 05:00 pm",3.28235
"Mar 3, 06:00 pm",0
"Mar 3, 07:00 pm",0
"Mar 3, 08:00 pm",0
"Mar 3, 09:00 pm",0
"Mar 3, 10:00 pm",0
"Mar 3, 11:00 pm",0
"Mar 4, 12:00 am",0
"Mar 4, 01:00 am",0
"Mar 4, 02:00 am",0
"Mar 4, 03:00 am",0
"Mar 4, 04:00 am",0
"Mar 4, 05:00 am",0
"Mar 4, 06:00 am",0
"Mar 4, 07:00 am",0.371642
"Mar 4, 08:00 am",4.39824
"Mar 4, 09:00 am",6.80526
"Mar 4, 10:00 am",9.87946
"Mar 4, 11:00 am",12.0654
"Mar 4, 12:00 pm",13.2976
"Mar 4, 01:00 pm",13.2144
"Mar 4, 02:00 pm",10.8886
"Mar 4, 03:00 pm",8.98341
"Mar 4, 04:00 pm",8.07974
"Mar 4, 05:00 pm",3.20451
"Mar 4, 06:00 pm",0
"Mar 4, 07:00 pm",0
"Mar 4, 08:00 pm",0
"Mar 4, 09:00 pm",0
"Mar 4, 10:00 pm",0
"Mar 4, 11:00 pm",0
"Mar 5, 12:00 am",0
"Mar 5, 01:00 am",0
"Mar 5, 02:00 am",0
"Mar 5, 03:00 am",0
"Mar 5, 04:00 am",0
"Mar 5, 05:00 am",0
"Mar 5, 06:00 am",0
"Mar 5, 07:00 am",1.71324
"Mar 5, 08:00 am",6.82438
"Mar 5, 09:00 am",10.7768
"Mar 5, 10:00 am",13.2456
"Mar 5, 11:00 am",14.6157
"Mar 5, 12:00 pm",14.9212
"Mar 5, 01:00 pm",14.2586
"Mar 5, 02:00 pm",13.2246
"Mar 5, 03:00 pm",11.2627
"Mar 5, 04:00 pm",8.06041
"Mar 5, 05:00 pm",3.3777
"Mar 5, 06:00 pm",0
"Mar 5, 07:00 pm",0
"Mar 5, 08:00 pm",0
"Mar 5, 09:00 pm",0
"Mar 5, 10:00 pm",0
"Mar 5, 11:00 pm",0
"Mar 6, 12:00 am",0
"Mar 6, 01:00 am",0
"Mar 6, 02:00 am",0
"Mar 6, 03:00 am",0
"Mar 6, 04:00 am",0
"Mar 6, 05:00 am",0
"Mar 6, 06:00 am",0
"Mar 6, 07:00 am",1.85855
"Mar 6, 08:00 am",6.87523
"Mar 6, 09:00 am",10.8592
"Mar 6, 10:00 am",13.564
"Mar 6, 11:00 am",15.3467
"Mar 6, 12:00 pm",16.1616
"Mar 6, 01:00 pm",15.8649
"Mar 6, 02:00 pm",14.4862
"Mar 6, 03:00 pm",11.9721
"Mar 6, 04:00 pm",8.39135
"Mar 6, 05:00 pm",3.39566
"Mar 6, 06:00 pm",0
"Mar 6, 07:00 pm",0
"Mar 6, 08:00 pm",0
"Mar 6, 09:00 pm",0
"Mar 6, 10:00 pm",0
"Mar 6, 11:00 pm",0
"Mar 7, 12:00 am",0
"Mar 7, 01:00 am",0
"Mar 7, 02:00 am",0
"Mar 7, 03:00 am",0
"Mar 7, 04:00 am",0
"Mar 7, 05:00 am",0
"Mar 7, 06:00 am",0
"Mar 7, 07:00 am",1.7782
"Mar 7, 08:00 am",6.70731
"Mar 7, 09:00 am",0.670691
"Mar 7, 10:00 am",1.92146
"Mar 7, 11:00 am",0.584567
"Mar 7, 12:00 pm",3.89986
"Mar 7, 01:00 pm",2.00244
"Mar 7, 02:00 pm",2.69251
"Mar 7, 03:00 pm",6.09991
"Mar 7, 04:00 pm",3.4893
"Mar 7, 05:00 pm",-0
"Mar 7, 06:00 pm",0
"Mar 7, 07:00 pm",0
"Mar 7, 08:00 pm",0
"Mar 7, 09:00 pm",0
"Mar 7, 10:00 pm",0
"Mar 7, 11:00 pm",0
"Mar 8, 12:00 am",0
"Mar 8, 01:00 am",0
"Mar 8, 02:00 am",0
"Mar 8, 03:00 am",0
"Mar 8, 04:00 am",0
"Mar 8, 05:00 am",0
"Mar 8, 06:00 am",0
"Mar 8, 07:00 am",1.83769
"Mar 8, 08:00 am",6.86659
"Mar 8, 09:00 am",10.7616
"Mar 8, 10:00 am",13.6543
"Mar 8, 11:00 am",15.5664
"Mar 8, 12:00 pm",16.3454
"Mar 8, 01:00 pm",15.9408
"Mar 8, 02:00 pm",14.4947
"Mar 8, 03:00 pm",11.9695
"Mar 8, 04:00 pm",8.38805
"Mar 8, 05:00 pm",2.10403
"Mar 8, 06:00 pm",-0
"Mar 8, 07:00 pm",0
"Mar 8, 08:00 pm",0
"Mar 8, 09:00 pm",0
"Mar 8, 10:00 pm",0
"Mar 8, 11:00 pm",0
"Mar 9, 12:00 am",0
"Mar 9, 01:00 am",0
"Mar 9, 02:00 am",0
"Mar 9, 03:00 am",0
"Mar 9, 04:00 am",0
"Mar 9, 05:00 am",0
"Mar 9, 06:00 am",0
"Mar 9, 07:00 am",2.01318
"Mar 9, 08:00 am",7.1509
"Mar 9, 09:00 am",11.131
"Mar 9, 10:00 am",13.8875
"Mar 9, 11:00 am",15.4452
"Mar 9, 12:00 pm",15.9774
"Mar 9, 01:00 pm",15.5267
"Mar 9, 02:00 pm",14.1225
"Mar 9, 03:00 pm",11.7457
"Mar 9, 04:00 pm",8.26399
"Mar 9, 05:00 pm",3.42055
"Mar 9, 06:00 pm",-0
"Mar 9, 07:00 pm",0
"Mar 9, 08:00 pm",0
"Mar 9, 09:00 pm",0
"Mar 9, 10:00 pm",0
"Mar 9, 11:00 pm",0
"Mar 10, 12:00 am",0
"Mar 10, 01:00 am",0
"Mar 10, 02:00 am",0
"Mar 10, 03:00 am",0
"Mar 10, 04:00 am",0
"Mar 10, 05:00 am",0
"Mar 10, 06:00 am",0
"Mar 10, 07:00 am",0.681624
"Mar 10, 08:00 am",5.20594
"Mar 10, 09:00 am",11.2247
"Mar 10, 10:00 am",13.7317
"Mar 10, 11:00 am",15.1584
"Mar 10, 12:00 pm",15.4853
"Mar 10, 01:00 pm",15.133
"Mar 10, 02:00 pm",13.8908
"Mar 10, 03:00 pm",11.622
"Mar 10, 04:00 pm",8.1295
"Mar 10, 05:00 pm",3.38891
"Mar 10, 06:00 pm",-0
"Mar 10, 07:00 pm",0
"Mar 10, 08:00 pm",0
"Mar 10, 09:00 pm",0
"Mar 10, 10:00 pm",0
"Mar 10, 11:00 pm",0
"Mar 11, 12:00 am",0
"Mar 11, 01:00 am",0
"Mar 11, 02:00 am",0
"Mar 11, 03:00 am",0
"Mar 11, 04:00 am",0
"Mar 11, 05:00 am",0
"Mar 11, 06:00 am",0
"Mar 11, 07:00 am",2.01136
"Mar 11, 08:00 am",6.88299
"Mar 11, 09:00 am",10.966
"Mar 11, 10:00 am",13.8246
"Mar 11, 11:00 am",15.6293
"Mar 11, 12:00 pm",16.2436
"Mar 11, 01:00 pm",16.1109
"Mar 11, 02:00 pm",14.5816
"Mar 11, 03:00 pm",11.8262
"Mar 11, 04:00 pm",7.06311
"Mar 11, 05:00 pm",2.72414
"Mar 11, 06:00 pm",-0
"Mar 11, 07:00 pm",0
"Mar 11, 08:00 pm",0
"Mar 11, 09:00 pm",0
"Mar 11, 10:00 pm",0
"Mar 11, 11:00 pm",0
"Mar 12, 12:00 am",0
"Mar 12, 01:00 am",0
"Mar 12, 02:00 am",0
"Mar 12, 03:00 am",0
"Mar 12, 04:00 am",0
"Mar 12, 05:00 am",0
"Mar 12, 06:00 am",0
"Mar 12, 07:00 am",2.12486
"Mar 12, 08:00 am",7.19876
"Mar 12, 09:00 am",11.3918
"Mar 12, 10:00 am",14.418
"Mar 12, 11:00 am",16.1947
"Mar 12, 12:00 pm",16.8695
"Mar 12, 01:00 pm",16.3251
"Mar 12, 02:00 pm",14.7382
"Mar 12, 03:00 pm",12.0819
"Mar 12, 04:00 pm",8.31725
"Mar 12, 05:00 pm",3.38548
"Mar 12, 06:00 pm",-0
"Mar 12, 07:00 pm",0
"Mar 12, 08:00 pm",0
"Mar 12, 09:00 pm",0
"Mar 12, 10:00 pm",0
"Mar 12, 11:00 pm",0
"Mar 13, 12:00 am",0
"Mar 13, 01:00 am",0
"Mar 13, 02:00 am",0
"Mar 13, 03:00 am",0
"Mar 13, 04:00 am",0
"Mar 13, 05:00 am",0
"Mar 13, 06:00 am",0
"Mar 13, 07:00 am",2.32376
"Mar 13, 08:00 am",7.3299
"Mar 13, 09:00 am",10.9631
"Mar 13, 10:00 am",13.1528
"Mar 13, 11:00 am",14.9212
"Mar 13, 12:00 pm",15.7778
"Mar 13, 01:00 pm",15.4821
"Mar 13, 02:00 pm",14.1987
"Mar 13, 03:00 pm",11.8277
"Mar 13, 04:00 pm",8.25667
"Mar 13, 05:00 pm",3.43845
"Mar 13, 06:00 pm",-0
"Mar 13, 07:00 pm",0
"Mar 13, 08:00 pm",0
"Mar 13, 09:00 pm",0
"Mar 13, 10:00 pm",0
"Mar 13, 11:00 pm",0
"Mar 14, 12:00 am",0
"Mar 14, 01:00 am",0
"Mar 14, 02:00 am",0
"Mar 14, 03:00 am",0
"Mar 14, 04:00 am",0
"Mar 14, 05:00 am",0
"Mar 14, 06:00 am",0
"Mar 14, 07:00 am",2.36336
"Mar 14, 08:00 am",7.26841
"Mar 14, 09:00 am",10.9914
"Mar 14, 10:00 am",13.707
"Mar 14, 11:00 am",13.6098
"Mar 14, 12:00 pm",14.2596
"Mar 14, 01:00 pm",13.7844
"Mar 14, 02:00 pm",9.63828
"Mar 14, 03:00 pm",9.23887
"Mar 14, 04:00 pm",0.498473
"Mar 14, 05:00 pm",1.61293
"Mar 14, 06:00 pm",-0
"Mar 14, 07:00 pm",0
"Mar 14, 08:00 pm",0
"Mar 14, 09:00 pm",0
"Mar 14, 10:00 pm",0
"Mar 14, 11:00 pm",0
"Mar 15, 12:00 am",0
"Mar 15, 01:00 am",0
"Mar 15, 02:00 am",0
"Mar 15, 03:00 am",0
"Mar 15, 04:00 am",0
"Mar 15, 05:00 am",0
"Mar 15, 06:00 am",0
"Mar 15, 07:00 am",1.15353
"Mar 15, 08:00 am",1.78304
"Mar 15, 09:00 am",6.13447
"Mar 15, 10:00 am",13.3895
"Mar 15, 11:00 am",16.0006
"Mar 15, 12:00 pm",16.7077
"Mar 15, 01:00 pm",16.2201
"Mar 15, 02:00 pm",14.6882
"Mar 15, 03:00 pm",11.9529
"Mar 15, 04:00 pm",8.18707
"Mar 15, 05:00 pm",3.27674
"Mar 15, 06:00 pm",-0
"Mar 15, 07:00 pm",0
"Mar 15, 08:00 pm",0
"Mar 15, 09:00 pm",0
"Mar 15, 10:00 pm",0
"Mar 15, 11:00 pm",0
"Mar 16, 12:00 am",0
"Mar 16, 01:00 am",0
"Mar 16, 02:00 am",0
"Mar 16, 03:00 am",0
"Mar 16, 04:00 am",0
"Mar 16, 05:00 am",0
"Mar 16, 06:00 am",0
"Mar 16, 07:00 am",-0
"Mar 16, 08:00 am",4.08927
"Mar 16, 09:00 am",0.250779
"Mar 16, 10:00 am",1.79574
"Mar 16, 11:00 am",4.01674
"Mar 16, 12:00 pm",4.04484
"Mar 16, 01:00 pm",6.21754
"Mar 16, 02:00 pm",6.67687
"Mar 16, 03:00 pm",9.7989
"Mar 16, 04:00 pm",0.163914
"Mar 16, 05:00 pm",0.502515
"Mar 16, 06:00 pm",-0
"Mar 16, 07:00 pm",0
"Mar 16, 08:00 pm",0
"Mar 16, 09:00 pm",0
"Mar 16, 10:00 pm",0
"Mar 16, 11:00 pm",0
"Mar 17, 12:00 am",0
"Mar 17, 01:00 am",0
"Mar 17, 02:00 am",0
"Mar 17, 03:00 am",0
"Mar 17, 04:00 am",0
"Mar 17, 05:00 am",0
"Mar 17, 06:00 am",0
"Mar 17, 07:00 am",1.37957
"Mar 17, 08:00 am",2.18973
"Mar 17, 09:00 am",1.52712
"Mar 17, 10:00 am",4.91095
"Mar 17, 11:00 am",2.73405
"Mar 17, 12:00 pm",4.61799
"Mar 17, 01:00 pm",7.54076
"Mar 17, 02:00 pm",10.7981
"Mar 17, 03:00 pm",11.2115
"Mar 17, 04:00 pm",5.62302
"Mar 17, 05:00 pm",1.53724
"Mar 17, 06:00 pm",-0
"Mar 17, 07:00 pm",0
"Mar 17, 08:00 pm",0
"Mar 17, 09:00 pm",0
"Mar 17, 10:00 pm",0
"Mar 17, 11:00 pm",0
"Mar 18, 12:00 am",0
"Mar 18, 01:00 am",0
"Mar 18, 02:00 am",0
"Mar 18, 03:00 am",0
"Mar 18, 04:00 am",0
"Mar 18, 05:00 am",0
"Mar 18, 06:00 am",0
"Mar 18, 07:00 am",2.44854
"Mar 18, 08:00 am",7.29364
"Mar 18, 09:00 am",11.0749
"Mar 18, 10:00 am",13.8538
"Mar 18, 11:00 am",15.5831
"Mar 18, 12:00 pm",16.2113
"Mar 18, 01:00 pm",15.7321
"Mar 18, 02:00 pm",14.1631
"Mar 18, 03:00 pm",11.7196
"Mar 18, 04:00 pm",8.09634
"Mar 18, 05:00 pm",3.3184
"Mar 18, 06:00 pm",-0
"Mar 18, 07:00 pm",0
"Mar 18, 08:00 pm",0
"Mar 18, 09:00 pm",0
"Mar 18, 10:00 pm",0
"Mar 18, 11:00 pm",0
"Mar 19, 12:00 am",0
"Mar 19, 01:00 am",0
"Mar 19, 02:00 am",0
"Mar 19, 03:00 am",0
"Mar 19, 04:00 am",0
"Mar 19, 05:00 am",0
"Mar 19, 06:00 am",0
"Mar 19, 07:00 am",2.52009
"Mar 19, 08:00 am",7.35918
"Mar 19, 09:00 am",11.1484
"Mar 19, 10:00 am",13.824
"Mar 19, 11:00 am",15.4959
"Mar 19, 12:00 pm",16.1305
"Mar 19, 01:00 pm",15.6786
"Mar 19, 02:00 pm",14.2151
"Mar 19, 03:00 pm",10.6918
"Mar 19, 04:00 pm",8.15235
"Mar 19, 05:00 pm",3.36523
"Mar 19, 06:00 pm",-0
"Mar 19, 07:00 pm",0
"Mar 19, 08:00 pm",0
"Mar 19, 09:00 pm",0
"Mar 19, 10:00 pm",0
"Mar 19, 11:00 pm",0
"Mar 20, 12:00 am",0
"Mar 20, 01:00 am",0
"Mar 20, 02:00 am",0
"Mar 20, 03:00 am",0
"Mar 20, 04:00 am",0
"Mar 20, 05:00 am",0
"Mar 20, 06:00 am",0
"Mar 20, 07:00 am",2.57055
"Mar 20, 08:00 am",5.8097
"Mar 20, 09:00 am",8.89258
"Mar 20, 10:00 am",12.9841
"Mar 20, 11:00 am",14.6165
"Mar 20, 12:00 pm",15.5081
"Mar 20, 01:00 pm",15.2297
"Mar 20, 02:00 pm",13.8158
"Mar 20, 03:00 pm",11.4239
"Mar 20, 04:00 pm",8.09121
"Mar 20, 05:00 pm",3.47038
"Mar 20, 06:00 pm",0.0154859
"Mar 20, 07:00 pm",0
"Mar 20, 08:00 pm",0
"Mar 20, 09:00 pm",0
"Mar 20, 10:00 pm",0
"Mar 20, 11:00 pm",0
"Mar 21, 12:00 am",0
"Mar 21, 01:00 am",0
"Mar 21, 02:00 am",0
"Mar 21, 03:00 am",0
"Mar 21, 04:00 am",0
"Mar 21, 05:00 am",0
"Mar 21, 06:00 am",0
"Mar 21, 07:00 am",2.7721
"Mar 21, 08:00 am",7.75238
"Mar 21, 09:00 am",11.5265
"Mar 21, 10:00 am",14.1175
"Mar 21, 11:00 am",15.6271
"Mar 21, 12:00 pm",16.0939
"Mar 21, 01:00 pm",15.5605
"Mar 21, 02:00 pm",14.0236
"Mar 21, 03:00 pm",11.547
"Mar 21, 04:00 pm",8.11423
"Mar 21, 05:00 pm",3.47865
"Mar 21, 06:00 pm",0.0265878
"Mar 21, 07:00 pm",0
"Mar 21, 08:00 pm",0
"Mar 21, 09:00 pm",0
"Mar 21, 10:00 pm",0
"Mar 21, 11:00 pm",0
"Mar 22, 12:00 am",0
"Mar 22, 01:00 am",0
"Mar 22, 02:00 am",0
"Mar 22, 03:00 am",0
"Mar 22, 04:00 am",0
"Mar 22, 05:00 am",0
"Mar 22, 06:00 am",-0
"Mar 22, 07:00 am",2.80227
"Mar 22, 08:00 am",7.70914
"Mar 22, 09:00 am",11.3576
"Mar 22, 10:00 am",13.5634
"Mar 22, 11:00 am",14.6473
"Mar 22, 12:00 pm",15.2552
"Mar 22, 01:00 pm",15.1268
"Mar 22, 02:00 pm",13.9283
"Mar 22, 03:00 pm",11.6675
"Mar 22, 04:00 pm",8.17193
"Mar 22, 05:00 pm",3.47617
"Mar 22, 06:00 pm",0.034811
"Mar 22, 07:00 pm",0
"Mar 22, 08:00 pm",0
"Mar 22, 09:00 pm",0
"Mar 22, 10:00 pm",0
"Mar 22, 11:00 pm",0
"Mar 23, 12:00 am",0
"Mar 23, 01:00 am",0
"Mar 23, 02:00 am",0
"Mar 23, 03:00 am",0
"Mar 23, 04:00 am",0
"Mar 23, 05:00 am",0
"Mar 23, 06:00 am",-0
"Mar 23, 07:00 am",2.60801
"Mar 23, 08:00 am",7.37759
"Mar 23, 09:00 am",11.2756
"Mar 23, 10:00 am",14.0715
"Mar 23, 11:00 am",15.5893
"Mar 23, 12:00 pm",15.9989
"Mar 23, 01:00 pm",15.6675
"Mar 23, 02:00 pm",14.0019
"Mar 23, 03:00 pm",11.4719
"Mar 23, 04:00 pm",7.90451
"Mar 23, 05:00 pm",3.30238
"Mar 23, 06:00 pm",0.0344855
"Mar 23, 07:00 pm",0
"Mar 23, 08:00 pm",0
"Mar 23, 09:00 pm",0
"Mar 23, 10:00 pm",0
"Mar 23, 11:00 pm",0
"Mar 24, 12:00 am",0
"Mar 24, 01:00 am",0
"Mar 24, 02:00 am",0
"Mar 24, 03:00 am",0
"Mar 24, 04:00 am",0
"Mar 24, 05:00 am",0
"Mar 24, 06:00 am",-0
"Mar 24, 07:00 am",2.71629
"Mar 24, 08:00 am",7.42771
"Mar 24, 09:00 am",10.9462
"Mar 24, 10:00 am",13.0591
"Mar 24, 11:00 am",14.2632
"Mar 24, 12:00 pm",14.9959
"Mar 24, 01:00 pm",14.715
"Mar 24, 02:00 pm",13.4263
"Mar 24, 03:00 pm",11.178
"Mar 24, 04:00 pm",7.81337
"Mar 24, 05:00 pm",3.29115
"Mar 24, 06:00 pm",0.0423909
"Mar 24, 07:00 pm",0
"Mar 24, 08:00 pm",0
"Mar 24, 09:00 pm",0
"Mar 24, 10:00 pm",0
"Mar 24, 11:00 pm",0
"Mar 25, 12:00 am",0
"Mar 25, 01:00 am",0
"Mar 25, 02:00 am",0
"Mar 25, 03:00 am",0
"Mar 25, 04:00 am",0
"Mar 25, 05:00 am",0
"Mar 25, 06:00 am",-0
"Mar 25, 07:00 am",2.35306
"Mar 25, 08:00 am",3.14551
"Mar 25, 09:00 am",9.28473
"Mar 25, 10:00 am",12.7602
"Mar 25, 11:00 am",13.3542
"Mar 25, 12:00 pm",15.7238
"Mar 25, 01:00 pm",13.4784
"Mar 25, 02:00 pm",9.52169
"Mar 25, 03:00 pm",3.84728
"Mar 25, 04:00 pm",1.88248
"Mar 25, 05:00 pm",1.76229
"Mar 25, 06:00 pm",-0
"Mar 25, 07:00 pm",0
"Mar 25, 08:00 pm",0
"Mar 25, 09:00 pm",0
"Mar 25, 10:00 pm",0
"Mar 25, 11:00 pm",0
"Mar 26, 12:00 am",0
"Mar 26, 01:00 am",0
"Mar 26, 02:00 am",0
"Mar 26, 03:00 am",0
"Mar 26, 04:00 am",0
"Mar 26, 05:00 am",0
"Mar 26, 06:00 am",-0
"Mar 26, 07:00 am",0.0630945
"Mar 26, 08:00 am",2.47937
"Mar 26, 09:00 am",4.6509
"Mar 26, 10:00 am",9.40322
"Mar 26, 11:00 am",10.3409
"Mar 26, 12:00 pm",8.0439
"Mar 26, 01:00 pm",5.71331
"Mar 26, 02:00 pm",3.03185
"Mar 26, 03:00 pm",6.7341
"Mar 26, 04:00 pm",4.94586
"Mar 26, 05:00 pm",3.24491
"Mar 26, 06:00 pm",0.0834841
"Mar 26, 07:00 pm",0
"Mar 26, 08:00 pm",0
"Mar 26, 09:00 pm",0
"Mar 26, 10:00 pm",0
"Mar 26, 11:00 pm",0
"Mar 27, 12:00 am",0
"Mar 27, 01:00 am",0
"Mar 27, 02:00 am",0
"Mar 27, 03:00 am",0
"Mar 27, 04:00 am",0
"Mar 27, 05:00 am",0
"Mar 27, 06:00 am",-0
"Mar 27, 07:00 am",2.82505
"Mar 27, 08:00 am",7.50328
"Mar 27, 09:00 am",11.159
"Mar 27, 10:00 am",13.8031
"Mar 27, 11:00 am",15.3386
"Mar 27, 12:00 pm",15.8002
"Mar 27, 01:00 pm",15.3131
"Mar 27, 02:00 pm",13.8896
"Mar 27, 03:00 pm",11.4025
"Mar 27, 04:00 pm",7.92848
"Mar 27, 05:00 pm",3.35901
"Mar 27, 06:00 pm",0.0747015
"Mar 27, 07:00 pm",0
"Mar 27, 08:00 pm",0
"Mar 27, 09:00 pm",0
"Mar 27, 10:00 pm",0
"Mar 27, 11:00 pm",0
"Mar 28, 12:00 am",0
"Mar 28, 01:00 am",0
"Mar 28, 02:00 am",0
"Mar 28, 03:00 am",0
"Mar 28, 04:00 am",0
"Mar 28, 05:00 am",0
"Mar 28, 06:00 am",-0
"Mar 28, 07:00 am",2.94515
"Mar 28, 08:00 am",7.60311
"Mar 28, 09:00 am",11.044
"Mar 28, 10:00 am",13.4724
"Mar 28, 11:00 am",15.005
"Mar 28, 12:00 pm",15.4645
"Mar 28, 01:00 pm",14.8857
"Mar 28, 02:00 pm",13.5376
"Mar 28, 03:00 pm",11.2304
"Mar 28, 04:00 pm",7.91171
"Mar 28, 05:00 pm",3.35637
"Mar 28, 06:00 pm",0.0670959
"Mar 28, 07:00 pm",0
"Mar 28, 08:00 pm",0
"Mar 28, 09:00 pm",0
"Mar 28, 10:00 pm",0
"Mar 28, 11:00 pm",0
"Mar 29, 12:00 am",0
"Mar 29, 01:00 am",0
"Mar 29, 02:00 am",0
"Mar 29, 03:00 am",0
"Mar 29, 04:00 am",0
"Mar 29, 05:00 am",0
"Mar 29, 06:00 am",0.0139796
"Mar 29, 07:00 am",2.94436
"Mar 29, 08:00 am",7.39718
"Mar 29, 09:00 am",10.8217
"Mar 29, 10:00 am",13.3077
"Mar 29, 11:00 am",15.0008
"Mar 29, 12:00 pm",15.669
"Mar 29, 01:00 pm",15.1928
"Mar 29, 02:00 pm",13.6809
"Mar 29, 03:00 pm",11.2004
"Mar 29, 04:00 pm",7.6307
"Mar 29, 05:00 pm",3.13485
"Mar 29, 06:00 pm",0.0522381
"Mar 29, 07:00 pm",0
"Mar 29, 08:00 pm",0
"Mar 29, 09:00 pm",0
"Mar 29, 10:00 pm",0
"Mar 29, 11:00 pm",0
"Mar 30, 12:00 am",0
"Mar 30, 01:00 am",0
"Mar 30, 02:00 am",0
"Mar 30, 03:00 am",0
"Mar 30, 04:00 am",0
"Mar 30, 05:00 am",0
"Mar 30, 06:00 am",0.0134692
"Mar 30, 07:00 am",2.88204
"Mar 30, 08:00 am",7.43258
"Mar 30, 09:00 am",10.9283
"Mar 30, 10:00 am",13.2778
"Mar 30, 11:00 am",14.4739
"Mar 30, 12:00 pm",15.0866
"Mar 30, 01:00 pm",14.7144
"Mar 30, 02:00 pm",13.2227
"Mar 30, 03:00 pm",11.0273
"Mar 30, 04:00 pm",7.73976
"Mar 30, 05:00 pm",3.19709
"Mar 30, 06:00 pm",0.0840135
"Mar 30, 07:00 pm",0
"Mar 30, 08:00 pm",0
"Mar 30, 09:00 pm",0
"Mar 30, 10:00 pm",0
"Mar 30, 11:00 pm",0
"Mar 31, 12:00 am",0
"Mar 31, 01:00 am",0
"Mar 31, 02:00 am",0
"Mar 31, 03:00 am",0
"Mar 31, 04:00 am",0
"Mar 31, 05:00 am",0
"Mar 31, 06:00 am",0.0343001
"Mar 31, 07:00 am",2.96811
"Mar 31, 08:00 am",7.6806
"Mar 31, 09:00 am",11.4039
"Mar 31, 10:00 am",14.1055
"Mar 31, 11:00 am",15.605
"Mar 31, 12:00 pm",16.1755
"Mar 31, 01:00 pm",15.678
"Mar 31, 02:00 pm",14.1353
"Mar 31, 03:00 pm",11.4872
"Mar 31, 04:00 pm",7.7572
"Mar 31, 05:00 pm",3.30684
"Mar 31, 06:00 pm",0.0750946
"Mar 31, 07:00 pm",0
"Mar 31, 08:00 pm",0
"Mar 31, 09:00 pm",0
"Mar 31, 10:00 pm",0
"Mar 31, 11:00 pm",0
"Apr 1, 12:00 am",0
"Apr 1, 01:00 am",0
"Apr 1, 02:00 am",0
"Apr 1, 03:00 am",0
"Apr 1, 04:00 am",0
"Apr 1, 05:00 am",0
"Apr 1, 06:00 am",0.0623423
"Apr 1, 07:00 am",3.16532
"Apr 1, 08:00 am",7.74205
"Apr 1, 09:00 am",10.934
"Apr 1, 10:00 am",12.921
"Apr 1, 11:00 am",13.9278
"Apr 1, 12:00 pm",14.7339
"Apr 1, 01:00 pm",14.5731
"Apr 1, 02:00 pm",13.3733
"Apr 1, 03:00 pm",11.133
"Apr 1, 04:00 pm",7.72445
"Apr 1, 05:00 pm",3.3044
"Apr 1, 06:00 pm",0.08511
"Apr 1, 07:00 pm",0
"Apr 1, 08:00 pm",0
"Apr 1, 09:00 pm",0
"Apr 1, 10:00 pm",0
"Apr 1, 11:00 pm",0
"Apr 2, 12:00 am",0
"Apr 2, 01:00 am",0
"Apr 2, 02:00 am",0
"Apr 2, 03:00 am",0
"Apr 2, 04:00 am",0
"Apr 2, 05:00 am",0
"Apr 2, 06:00 am",0.0543656
"Apr 2, 07:00 am",2.97894
"Apr 2, 08:00 am",7.34845
"Apr 2, 09:00 am",10.6656
"Apr 2, 10:00 am",12.8393
"Apr 2, 11:00 am",13.8954
"Apr 2, 12:00 pm",14.2823
"Apr 2, 01:00 pm",12.29
"Apr 2, 02:00 pm",8.83824
"Apr 2, 03:00 pm",6.84176
"Apr 2, 04:00 pm",6.71345
"Apr 2, 05:00 pm",1.61892
"Apr 2, 06:00 pm",0.0963985
"Apr 2, 07:00 pm",0
"Apr 2, 08:00 pm",0
"Apr 2, 09:00 pm",0
"Apr 2, 10:00 pm",0
"Apr 2, 11:00 pm",0
"Apr 3, 12:00 am",0
"Apr 3, 01:00 am",0
"Apr 3, 02:00 am",0
"Apr 3, 03:00 am",0
"Apr 3, 04:00 am",0
"Apr 3, 05:00 am",0
"Apr 3, 06:00 am",0.108893
"Apr 3, 07:00 am",2.88949
"Apr 3, 08:00 am",7.61606
"Apr 3, 09:00 am",11.0523
"Apr 3, 10:00 am",13.3574
"Apr 3, 11:00 am",14.5877
"Apr 3, 12:00 pm",14.9609
"Apr 3, 01:00 pm",14.7063
"Apr 3, 02:00 pm",13.5377
"Apr 3, 03:00 pm",11.1196
"Apr 3, 04:00 pm",7.59918
"Apr 3, 05:00 pm",3.13526
"Apr 3, 06:00 pm",0.121617
"Apr 3, 07:00 pm",0
"Apr 3, 08:00 pm",0
"Apr 3, 09:00 pm",0
"Apr 3, 10:00 pm",0
"Apr 3, 11:00 pm",0
"Apr 4, 12:00 am",0
"Apr 4, 01:00 am",0
"Apr 4, 02:00 am",0
"Apr 4, 03:00 am",0
"Apr 4, 04:00 am",0
"Apr 4, 05:00 am",0
"Apr 4, 06:00 am",0.107885
"Apr 4, 07:00 am",3.58791
"Apr 4, 08:00 am",8.6373
"Apr 4, 09:00 am",12.3506
"Apr 4, 10:00 am",14.9133
"Apr 4, 11:00 am",16.0933
"Apr 4, 12:00 pm",16.3418
"Apr 4, 01:00 pm",15.7247
"Apr 4, 02:00 pm",14.16
"Apr 4, 03:00 pm",11.655
"Apr 4, 04:00 pm",8.21754
"Apr 4, 05:00 pm",3.55331
"Apr 4, 06:00 pm",0.105803
"Apr 4, 07:00 pm",0
"Apr 4, 08:00 pm",0
"Apr 4, 09:00 pm",0
"Apr 4, 10:00 pm",0
"Apr 4, 11:00 pm",0
"Apr 5, 12:00 am",0
"Apr 5, 01:00 am",0
"Apr 5, 02:00 am",0
"Apr 5, 03:00 am",0
"Apr 5, 04:00 am",0
"Apr 5, 05:00 am",0
"Apr 5, 06:00 am",0.105897
"Apr 5, 07:00 am",3.47898
"Apr 5, 08:00 am",7.99237
"Apr 5, 09:00 am",10.9348
"Apr 5, 10:00 am",13.0635
"Apr 5, 11:00 am",14.3513
"Apr 5, 12:00 pm",14.7763
"Apr 5, 01:00 pm",13.2193
"Apr 5, 02:00 pm",11.7491
"Apr 5, 03:00 pm",10.5743
"Apr 5, 04:00 pm",6.20482
"Apr 5, 05:00 pm",2.63467
"Apr 5, 06:00 pm",0.11618
"Apr 5, 07:00 pm",0
"Apr 5, 08:00 pm",0
"Apr 5, 09:00 pm",0
"Apr 5, 10:00 pm",0
"Apr 5, 11:00 pm",0
"Apr 6, 12:00 am",0
"Apr 6, 01:00 am",0
"Apr 6, 02:00 am",0
"Apr 6, 03:00 am",0
"Apr 6, 04:00 am",0
"Apr 6, 05:00 am",0
"Apr 6, 06:00 am",0.0761092
"Apr 6, 07:00 am",0.371357
"Apr 6, 08:00 am",3.4195
"Apr 6, 09:00 am",6.34674
"Apr 6, 10:00 am",7.06611
"Apr 6, 11:00 am",2.90559
"Apr 6, 12:00 pm",2.31221
"Apr 6, 01:00 pm",4.74171
"Apr 6, 02:00 pm",0.25922
"Apr 6, 03:00 pm",6.65962
"Apr 6, 04:00 pm",0.433993
"Apr 6, 05:00 pm",1.89966
"Apr 6, 06:00 pm",0.0440811
"Apr 6, 07:00 pm",0
"Apr 6, 08:00 pm",0
"Apr 6, 09:00 pm",0
"Apr 6, 10:00 pm",0
"Apr 6, 11:00 pm",0
"Apr 7, 12:00 am",0
"Apr 7, 01:00 am",0
"Apr 7, 02:00 am",0
"Apr 7, 03:00 am",0
"Apr 7, 04:00 am",0
"Apr 7, 05:00 am",0
"Apr 7, 06:00 am",0.0387953
"Apr 7, 07:00 am",1.90443
"Apr 7, 08:00 am",7.76176
"Apr 7, 09:00 am",11.1227
"Apr 7, 10:00 am",13.6919
"Apr 7, 11:00 am",15.2839
"Apr 7, 12:00 pm",10.6717
"Apr 7, 01:00 pm",15.286
"Apr 7, 02:00 pm",13.9423
"Apr 7, 03:00 pm",11.4031
"Apr 7, 04:00 pm",7.88537
"Apr 7, 05:00 pm",3.35708
"Apr 7, 06:00 pm",0.152502
"Apr 7, 07:00 pm",0
"Apr 7, 08:00 pm",0
"Apr 7, 09:00 pm",0
"Apr 7, 10:00 pm",0
"Apr 7, 11:00 pm",0
"Apr 8, 12:00 am",0
"Apr 8, 01:00 am",0
"Apr 8, 02:00 am",0
"Apr 8, 03:00 am",0
"Apr 8, 04:00 am",0
"Apr 8, 05:00 am",0
"Apr 8, 06:00 am",0.153804
"Apr 8, 07:00 am",1.87989
"Apr 8, 08:00 am",5.42587
"Apr 8, 09:00 am",7.49292
"Apr 8, 10:00 am",13.7187
"Apr 8, 11:00 am",12.1888
"Apr 8, 12:00 pm",13.5074
"Apr 8, 01:00 pm",14.8996
"Apr 8, 02:00 pm",11.4029
"Apr 8, 03:00 pm",8.55687
"Apr 8, 04:00 pm",5.83433
"Apr 8, 05:00 pm",1.59354
"Apr 8, 06:00 pm",0.184682
"Apr 8, 07:00 pm",0
"Apr 8, 08:00 pm",0
"Apr 8, 09:00 pm",0
"Apr 8, 10:00 pm",0
"Apr 8, 11:00 pm",0
"Apr 9, 12:00 am",0
"Apr 9, 01:00 am",0
"Apr 9, 02:00 am",0
"Apr 9, 03:00 am",0
"Apr 9, 04:00 am",0
"Apr 9, 05:00 am",0
"Apr 9, 06:00 am",-0
"Apr 9, 07:00 am",0.862595
"Apr 9, 08:00 am",0.156176
"Apr 9, 09:00 am",1.56849
"Apr 9, 10:00 am",4.41295
"Apr 9, 11:00 am",4.72658
"Apr 9, 12:00 pm",6.35815
"Apr 9, 01:00 pm",6.02984
"Apr 9, 02:00 pm",9.22061
"Apr 9, 03:00 pm",11.7633
"Apr 9, 04:00 pm",8.20965
"Apr 9, 05:00 pm",3.54349
"Apr 9, 06:00 pm",-0
"Apr 9, 07:00 pm",0
"Apr 9, 08:00 pm",0
"Apr 9, 09:00 pm",0
"Apr 9, 10:00 pm",0
"Apr 9, 11:00 pm",0
"Apr 10, 12:00 am",0
"Apr 10, 01:00 am",0
"Apr 10, 02:00 am",0
"Apr 10, 03:00 am",0
"Apr 10, 04:00 am",0
"Apr 10, 05:00 am",0
"Apr 10, 06:00 am",0.24909
"Apr 10, 07:00 am",3.76729
"Apr 10, 08:00 am",8.50942
"Apr 10, 09:00 am",11.9069
"Apr 10, 10:00 am",14.1446
"Apr 10, 11:00 am",15.2852
"Apr 10, 12:00 pm",16.0137
"Apr 10, 01:00 pm",15.5661
"Apr 10, 02:00 pm",14.0033
"Apr 10, 03:00 pm",11.4681
"Apr 10, 04:00 pm",7.95665
"Apr 10, 05:00 pm",3.41688
"Apr 10, 06:00 pm",0.222097
"Apr 10, 07:00 pm",0
"Apr 10, 08:00 pm",0
"Apr 10, 09:00 pm",0
"Apr 10, 10:00 pm",0
"Apr 10, 11:00 pm",0
"Apr 11, 12:00 am",0
"Apr 11, 01:00 am",0
"Apr 11, 02:00 am",0
"Apr 11, 03:00 am",0
"Apr 11, 04:00 am",0
"Apr 11, 05:00 am",0
"Apr 11, 06:00 am",0.270934
"Apr 11, 07:00 am",3.81589
"Apr 11, 08:00 am",8.50836
"Apr 11, 09:00 am",11.8723
"Apr 11, 10:00 am",14.0699
"Apr 11, 11:00 am",15.1176
"Apr 11, 12:00 pm",14.2133
"Apr 11, 01:00 pm",14.9811
"Apr 11, 02:00 pm",13.7729
"Apr 11, 03:00 pm",11.5299
"Apr 11, 04:00 pm",8.10264
"Apr 11, 05:00 pm",3.49301
"Apr 11, 06:00 pm",0.214406
"Apr 11, 07:00 pm",0
"Apr 11, 08:00 pm",0
"Apr 11, 09:00 pm",0
"Apr 11, 10:00 pm",0
"Apr 11, 11:00 pm",0
"Apr 12, 12:00 am",0
"Apr 12, 01:00 am",0
"Apr 12, 02:00 am",0
"Apr 12, 03:00 am",0
"Apr 12, 04:00 am",0
"Apr 12, 05:00 am",0
"Apr 12, 06:00 am",-0
"Apr 12, 07:00 am",3.49166
"Apr 12, 08:00 am",8.19558
"Apr 12, 09:00 am",11.5089
"Apr 12, 10:00 am",13.5895
"Apr 12, 11:00 am",14.5325
"Apr 12, 12:00 pm",14.5984
"Apr 12, 01:00 pm",14.0006
"Apr 12, 02:00 pm",12.8195
"Apr 12, 03:00 pm",10.6179
"Apr 12, 04:00 pm",7.4143
"Apr 12, 05:00 pm",3.24422
"Apr 12, 06:00 pm",0.216435
"Apr 12, 07:00 pm",0
"Apr 12, 08:00 pm",0
"Apr 12, 09:00 pm",0
"Apr 12, 10:00 pm",0
"Apr 12, 11:00 pm",0
"Apr 13, 12:00 am",0
"Apr 13, 01:00 am",0
"Apr 13, 02:00 am",0
"Apr 13, 03:00 am",0
"Apr 13, 04:00 am",0
"Apr 13, 05:00 am",0
"Apr 13, 06:00 am",0.321847
"Apr 13, 07:00 am",3.56154
"Apr 13, 08:00 am",7.94578
"Apr 13, 09:00 am",11.2367
"Apr 13, 10:00 am",13.5159
"Apr 13, 11:00 am",14.7174
"Apr 13, 12:00 pm",15.0781
"Apr 13, 01:00 pm",14.8885
"Apr 13, 02:00 pm",13.885
"Apr 13, 03:00 pm",11.425
"Apr 13, 04:00 pm",7.85266
"Apr 13, 05:00 pm",3.29852
"Apr 13, 06:00 pm",0.284131
"Apr 13, 07:00 pm",0
"Apr 13, 08:00 pm",0
"Apr 13, 09:00 pm",0
"Apr 13, 10:00 pm",0
"Apr 13, 11:00 pm",0
"Apr 14, 12:00 am",0
"Apr 14, 01:00 am",0
"Apr 14, 02:00 am",0
"Apr 14, 03:00 am",0
"Apr 14, 04:00 am",0
"Apr 14, 05:00 am",0
"Apr 14, 06:00 am",0.397968
"Apr 14, 07:00 am",3.78685
"Apr 14, 08:00 am",8.416
"Apr 14, 09:00 am",12.0189
"Apr 14, 10:00 am",14.6718
"Apr 14, 11:00 am",15.9339
"Apr 14, 12:00 pm",16.3729
"Apr 14, 01:00 pm",15.7382
"Apr 14, 02:00 pm",14.0623
"Apr 14, 03:00 pm",11.4089
"Apr 14, 04:00 pm",7.83712
"Apr 14, 05:00 pm",3.36813
"Apr 14, 06:00 pm",0.292526
"Apr 14, 07:00 pm",0
"Apr 14, 08:00 pm",0
"Apr 14, 09:00 pm",0
"Apr 14, 10:00 pm",0
"Apr 14, 11:00 pm",0
"Apr 15, 12:00 am",0
"Apr 15, 01:00 am",0
"Apr 15, 02:00 am",0
"Apr 15, 03:00 am",0
"Apr 15, 04:00 am",0
"Apr 15, 05:00 am",0
"Apr 15, 06:00 am",0.388009
"Apr 15, 07:00 am",3.78006
"Apr 15, 08:00 am",8.33093
"Apr 15, 09:00 am",11.8037
"Apr 15, 10:00 am",14.1306
"Apr 15, 11:00 am",15.4554
"Apr 15, 12:00 pm",15.6931
"Apr 15, 01:00 pm",15.0559
"Apr 15, 02:00 pm",13.558
"Apr 15, 03:00 pm",11.1061
"Apr 15, 04:00 pm",7.66799
"Apr 15, 05:00 pm",3.31049
"Apr 15, 06:00 pm",0.257586
"Apr 15, 07:00 pm",0
"Apr 15, 08:00 pm",0
"Apr 15, 09:00 pm",0
"Apr 15, 10:00 pm",0
"Apr 15, 11:00 pm",0
"Apr 16, 12:00 am",0
"Apr 16, 01:00 am",0
"Apr 16, 02:00 am",0
"Apr 16, 03:00 am",0
"Apr 16, 04:00 am",0
"Apr 16, 05:00 am",0
"Apr 16, 06:00 am",0.385242
"Apr 16, 07:00 am",3.75694
"Apr 16, 08:00 am",8.20962
"Apr 16, 09:00 am",11.5192
"Apr 16, 10:00 am",13.7645
"Apr 16, 11:00 am",14.9195
"Apr 16, 12:00 pm",15.2401
"Apr 16, 01:00 pm",14.6814
"Apr 16, 02:00 pm",13.1022
"Apr 16, 03:00 pm",10.8002
"Apr 16, 04:00 pm",7.46885
"Apr 16, 05:00 pm",3.20605
"Apr 16, 06:00 pm",0.258112
"Apr 16, 07:00 pm",0
"Apr 16, 08:00 pm",0
"Apr 16, 09:00 pm",0
"Apr 16, 10:00 pm",0
"Apr 16, 11:00 pm",0
"Apr 17, 12:00 am",0
"Apr 17, 01:00 am",0
"Apr 17, 02:00 am",0
"Apr 17, 03:00 am",0
"Apr 17, 04:00 am",0
"Apr 17, 05:00 am",0
"Apr 17, 06:00 am",0.376404
"Apr 17, 07:00 am",3.64031
"Apr 17, 08:00 am",7.88556
"Apr 17, 09:00 am",10.9792
"Apr 17, 10:00 am",13.1304
"Apr 17, 11:00 am",14.4176
"Apr 17, 12:00 pm",14.9054
"Apr 17, 01:00 pm",14.4112
"Apr 17, 02:00 pm",13.3553
"Apr 17, 03:00 pm",10.809
"Apr 17, 04:00 pm",7.3199
"Apr 17, 05:00 pm",3.09262
"Apr 17, 06:00 pm",0.310825
"Apr 17, 07:00 pm",0
"Apr 17, 08:00 pm",0
"Apr 17, 09:00 pm",0
"Apr 17, 10:00 pm",0
"Apr 17, 11:00 pm",0
"Apr 18, 12:00 am",0
"Apr 18, 01:00 am",0
"Apr 18, 02:00 am",0
"Apr 18, 03:00 am",0
"Apr 18, 04:00 am",0
"Apr 18, 05:00 am",0
"Apr 18, 06:00 am",0.427463
"Apr 18, 07:00 am",3.39317
"Apr 18, 08:00 am",7.93929
"Apr 18, 09:00 am",11.0488
"Apr 18, 10:00 am",13.1441
"Apr 18, 11:00 am",14.512
"Apr 18, 12:00 pm",14.9473
"Apr 18, 01:00 pm",14.405
"Apr 18, 02:00 pm",13.0179
"Apr 18, 03:00 pm",10.7961
"Apr 18, 04:00 pm",5.14603
"Apr 18, 05:00 pm",2.20016
"Apr 18, 06:00 pm",-0
"Apr 18, 07:00 pm",0
"Apr 18, 08:00 pm",0
"Apr 18, 09:00 pm",0
"Apr 18, 10:00 pm",0
"Apr 18, 11:00 pm",0
"Apr 19, 12:00 am",0
"Apr 19, 01:00 am",0
"Apr 19, 02:00 am",0
"Apr 19, 03:00 am",0
"Apr 19, 04:00 am",0
"Apr 19, 05:00 am",0
"Apr 19, 06:00 am",0.48264
"Apr 19, 07:00 am",3.60338
"Apr 19, 08:00 am",7.85379
"Apr 19, 09:00 am",11.019
"Apr 19, 10:00 am",13.1253
"Apr 19, 11:00 am",13.092
"Apr 19, 12:00 pm",14.4305
"Apr 19, 01:00 pm",13.8405
"Apr 19, 02:00 pm",11.6919
"Apr 19, 03:00 pm",9.80254
"Apr 19, 04:00 pm",5.33946
"Apr 19, 05:00 pm",2.69524
"Apr 19, 06:00 pm",0.345095
"Apr 19, 07:00 pm",0
"Apr 19, 08:00 pm",0
"Apr 19, 09:00 pm",0
"Apr 19, 10:00 pm",0
"Apr 19, 11:00 pm",0
"Apr 20, 12:00 am",0
"Apr 20, 01:00 am",0
"Apr 20, 02:00 am",0
"Apr 20, 03:00 am",0
"Apr 20, 04:00 am",0
"Apr 20, 05:00 am",0
"Apr 20, 06:00 am",0.501536
"Apr 20, 07:00 am",3.69572
"Apr 20, 08:00 am",7.87029
"Apr 20, 09:00 am",10.8779
"Apr 20, 10:00 am",10.6206
"Apr 20, 11:00 am",13.4712
"Apr 20, 12:00 pm",12.884
"Apr 20, 01:00 pm",12.0287
"Apr 20, 02:00 pm",12.5065
"Apr 20, 03:00 pm",10.5096
"Apr 20, 04:00 pm",7.42813
"Apr 20, 05:00 pm",3.22867
"Apr 20, 06:00 pm",0.315533
"Apr 20, 07:00 pm",0
"Apr 20, 08:00 pm",0
"Apr 20, 09:00 pm",0
"Apr 20, 10:00 pm",0
"Apr 20, 11:00 pm",0
"Apr 21, 12:00 am",0
"Apr 21, 01:00 am",0
"Apr 21, 02:00 am",0
"Apr 21, 03:00 am",0
"Apr 21, 04:00 am",0
"Apr 21, 05:00 am",0
"Apr 21, 06:00 am",0.468687
"Apr 21, 07:00 am",3.77377
"Apr 21, 08:00 am",8.15146
"Apr 21, 09:00 am",11.43
"Apr 21, 10:00 am",13.7126
"Apr 21, 11:00 am",14.9769
"Apr 21, 12:00 pm",15.4681
"Apr 21, 01:00 pm",14.9072
"Apr 21, 02:00 pm",13.4063
"Apr 21, 03:00 pm",10.8934
"Apr 21, 04:00 pm",7.47799
"Apr 21, 05:00 pm",3.23196
"Apr 21, 06:00 pm",0.341445
"Apr 21, 07:00 pm",0
"Apr 21, 08:00 pm",0
"Apr 21, 09:00 pm",0
"Apr 21, 10:00 pm",0
"Apr 21, 11:00 pm",0
"Apr 22, 12:00 am",0
"Apr 22, 01:00 am",0
"Apr 22, 02:00 am",0
"Apr 22, 03:00 am",0
"Apr 22, 04:00 am",0
"Apr 22, 05:00 am",0
"Apr 22, 06:00 am",0.479477
"Apr 22, 07:00 am",3.81859
"Apr 22, 08:00 am",8.15635
"Apr 22, 09:00 am",11.3292
"Apr 22, 10:00 am",13.4186
"Apr 22, 11:00 am",14.6028
"Apr 22, 12:00 pm",14.9783
"Apr 22, 01:00 pm",14.4643
"Apr 22, 02:00 pm",13.0377
"Apr 22, 03:00 pm",10.7561
"Apr 22, 04:00 pm",7.45801
"Apr 22, 05:00 pm",3.20736
"Apr 22, 06:00 pm",0.314742
"Apr 22, 07:00 pm",0
"Apr 22, 08:00 pm",0
"Apr 22, 09:00 pm",0
"Apr 22, 10:00 pm",0
"Apr 22, 11:00 pm",0
"Apr 23, 12:00 am",0
"Apr 23, 01:00 am",0
"Apr 23, 02:00 am",0
"Apr 23, 03:00 am",0
"Apr 23, 04:00 am",0
"Apr 23, 05:00 am",0
"Apr 23, 06:00 am",0.262795
"Apr 23, 07:00 am",0.912824
"Apr 23, 08:00 am",2.54338
"Apr 23, 09:00 am",11.0576
"Apr 23, 10:00 am",11.1012
"Apr 23, 11:00 am",13.738
"Apr 23, 12:00 pm",13.649
"Apr 23, 01:00 pm",11.5408
"Apr 23, 02:00 pm",10.6067
"Apr 23, 03:00 pm",8.82056
"Apr 23, 04:00 pm",5.62987
"Apr 23, 05:00 pm",2.71718
"Apr 23, 06:00 pm",0.370395
"Apr 23, 07:00 pm",0
"Apr 23, 08:00 pm",0
"Apr 23, 09:00 pm",0
"Apr 23, 10:00 pm",0
"Apr 23, 11:00 pm",0
"Apr 24, 12:00 am",0
"Apr 24, 01:00 am",0
"Apr 24, 02:00 am",0
"Apr 24, 03:00 am",0
"Apr 24, 04:00 am",0
"Apr 24, 05:00 am",0
"Apr 24, 06:00 am",0.594429
"Apr 24, 07:00 am",3.69965
"Apr 24, 08:00 am",7.89679
"Apr 24, 09:00 am",11.13
"Apr 24, 10:00 am",13.4849
"Apr 24, 11:00 am",14.6564
"Apr 24, 12:00 pm",15.1384
"Apr 24, 01:00 pm",14.7257
"Apr 24, 02:00 pm",13.3483
"Apr 24, 03:00 pm",9.70851
"Apr 24, 04:00 pm",6.82468
"Apr 24, 05:00 pm",3.12419
"Apr 24, 06:00 pm",0.447003
"Apr 24, 07:00 pm",0
"Apr 24, 08:00 pm",0
"Apr 24, 09:00 pm",0
"Apr 24, 10:00 pm",0
"Apr 24, 11:00 pm",0
"Apr 25, 12:00 am",0
"Apr 25, 01:00 am",0
"Apr 25, 02:00 am",0
"Apr 25, 03:00 am",0
"Apr 25, 04:00 am",0
"Apr 25, 05:00 am",0
"Apr 25, 06:00 am",0.658371
"Apr 25, 07:00 am",3.77408
"Apr 25, 08:00 am",8.00441
"Apr 25, 09:00 am",11.239
"Apr 25, 10:00 am",13.3709
"Apr 25, 11:00 am",14.5893
"Apr 25, 12:00 pm",14.8639
"Apr 25, 01:00 pm",14.2932
"Apr 25, 02:00 pm",12.893
"Apr 25, 03:00 pm",10.6022
"Apr 25, 04:00 pm",7.28104
"Apr 25, 05:00 pm",3.17836
"Apr 25, 06:00 pm",0.445538
"Apr 25, 07:00 pm",0
"Apr 25, 08:00 pm",0
"Apr 25, 09:00 pm",0
"Apr 25, 10:00 pm",0
"Apr 25, 11:00 pm",0
"Apr 26, 12:00 am",0
"Apr 26, 01:00 am",0
"Apr 26, 02:00 am",0
"Apr 26, 03:00 am",0
"Apr 26, 04:00 am",0
"Apr 26, 05:00 am",0
"Apr 26, 06:00 am",0.596305
"Apr 26, 07:00 am",4.01736
"Apr 26, 08:00 am",8.49048
"Apr 26, 09:00 am",11.9233
"Apr 26, 10:00 am",14.3117
"Apr 26, 11:00 am",15.4092
"Apr 26, 12:00 pm",15.7889
"Apr 26, 01:00 pm",15.2265
"Apr 26, 02:00 pm",13.6298
"Apr 26, 03:00 pm",11.1317
"Apr 26, 04:00 pm",7.65054
"Apr 26, 05:00 pm",3.33575
"Apr 26, 06:00 pm",0.360753
"Apr 26, 07:00 pm",0
"Apr 26, 08:00 pm",0
"Apr 26, 09:00 pm",0
"Apr 26, 10:00 pm",0
"Apr 26, 11:00 pm",0
"Apr 27, 12:00 am",0
"Apr 27, 01:00 am",0
"Apr 27, 02:00 am",0
"Apr 27, 03:00 am",0
"Apr 27, 04:00 am",0
"Apr 27, 05:00 am",0
"Apr 27, 06:00 am",0.481615
"Apr 27, 07:00 am",4.18614
"Apr 27, 08:00 am",8.70051
"Apr 27, 09:00 am",11.9341
"Apr 27, 10:00 am",14.1499
"Apr 27, 11:00 am",15.2886
"Apr 27, 12:00 pm",15.3981
"Apr 27, 01:00 pm",14.6789
"Apr 27, 02:00 pm",13.2158
"Apr 27, 03:00 pm",10.9314
"Apr 27, 04:00 pm",7.68127
"Apr 27, 05:00 pm",3.30708
"Apr 27, 06:00 pm",0.299982
"Apr 27, 07:00 pm",0
"Apr 27, 08:00 pm",0
"Apr 27, 09:00 pm",0
"Apr 27, 10:00 pm",0
"Apr 27, 11:00 pm",0
"Apr 28, 12:00 am",0
"Apr 28, 01:00 am",0
"Apr 28, 02:00 am",0
"Apr 28, 03:00 am",0
"Apr 28, 04:00 am",0
"Apr 28, 05:00 am",0
"Apr 28, 06:00 am",0.512374
"Apr 28, 07:00 am",4.02597
"Apr 28, 08:00 am",8.21791
"Apr 28, 09:00 am",11.1692
"Apr 28, 10:00 am",13.5029
"Apr 28, 11:00 am",14.6297
"Apr 28, 12:00 pm",14.8771
"Apr 28, 01:00 pm",14.1097
"Apr 28, 02:00 pm",12.538
"Apr 28, 03:00 pm",10.2679
"Apr 28, 04:00 pm",7.11584
"Apr 28, 05:00 pm",3.18365
"Apr 28, 06:00 pm",0.380735
"Apr 28, 07:00 pm",0
"Apr 28, 08:00 pm",0
"Apr 28, 09:00 pm",0
"Apr 28, 10:00 pm",0
"Apr 28, 11:00 pm",0
"Apr 29, 12:00 am",0
"Apr 29, 01:00 am",0
"Apr 29, 02:00 am",0
"Apr 29, 03:00 am",0
"Apr 29, 04:00 am",0
"Apr 29, 05:00 am",0
"Apr 29, 06:00 am",0.58949
"Apr 29, 07:00 am",3.98956
"Apr 29, 08:00 am",8.29808
"Apr 29, 09:00 am",11.5699
"Apr 29, 10:00 am",13.8678
"Apr 29, 11:00 am",15.298
"Apr 29, 12:00 pm",15.7026
"Apr 29, 01:00 pm",15.1026
"Apr 29, 02:00 pm",13.5497
"Apr 29, 03:00 pm",11.0557
"Apr 29, 04:00 pm",7.64931
"Apr 29, 05:00 pm",3.30373
"Apr 29, 06:00 pm",0.396714
"Apr 29, 07:00 pm",0
"Apr 29, 08:00 pm",0
"Apr 29, 09:00 pm",0
"Apr 29, 10:00 pm",0
"Apr 29, 11:00 pm",0
"Apr 30, 12:00 am",0
"Apr 30, 01:00 am",0
"Apr 30, 02:00 am",0
"Apr 30, 03:00 am",0
"Apr 30, 04:00 am",0
"Apr 30, 05:00 am",0
"Apr 30, 06:00 am",0.683662
"Apr 30, 07:00 am",4.25343
"Apr 30, 08:00 am",8.79125
"Apr 30, 09:00 am",12.2156
"Apr 30, 10:00 am",14.7367
"Apr 30, 11:00 am",16.0157
"Apr 30, 12:00 pm",16.2739
"Apr 30, 01:00 pm",15.9382
"Apr 30, 02:00 pm",14.2441
"Apr 30, 03:00 pm",11.4799
"Apr 30, 04:00 pm",7.90411
"Apr 30, 05:00 pm",3.16834
"Apr 30, 06:00 pm",0.425915
"Apr 30, 07:00 pm",0
"Apr 30, 08:00 pm",0
"Apr 30, 09:00 pm",0
"Apr 30, 10:00 pm",0
"Apr 30, 11:00 pm",0
"May 1, 12:00 am",0
"May 1, 01:00 am",0
"May 1, 02:00 am",0
"May 1, 03:00 am",0
"May 1, 04:00 am",0
"May 1, 05:00 am",0
"May 1, 06:00 am",0.697618
"May 1, 07:00 am",3.94568
"May 1, 08:00 am",8.07647
"May 1, 09:00 am",11.1783
"May 1, 10:00 am",13.4682
"May 1, 11:00 am",14.7853
"May 1, 12:00 pm",15.2188
"May 1, 01:00 pm",14.7479
"May 1, 02:00 pm",13.3764
"May 1, 03:00 pm",10.857
"May 1, 04:00 pm",7.47152
"May 1, 05:00 pm",3.26737
"May 1, 06:00 pm",0.449297
"May 1, 07:00 pm",0
"May 1, 08:00 pm",0
"May 1, 09:00 pm",0
"May 1, 10:00 pm",0
"May 1, 11:00 pm",0
"May 2, 12:00 am",0
"May 2, 01:00 am",0
"May 2, 02:00 am",0
"May 2, 03:00 am",0
"May 2, 04:00 am",0
"May 2, 05:00 am",0
"May 2, 06:00 am",0.68345
"May 2, 07:00 am",4.06919
"May 2, 08:00 am",8.16795
"May 2, 09:00 am",11.0263
"May 2, 10:00 am",12.8101
"May 2, 11:00 am",13.9248
"May 2, 12:00 pm",14.1007
"May 2, 01:00 pm",13.4869
"May 2, 02:00 pm",12.3605
"May 2, 03:00 pm",10.4309
"May 2, 04:00 pm",7.27487
"May 2, 05:00 pm",3.22096
"May 2, 06:00 pm",0.465751
"May 2, 07:00 pm",0
"May 2, 08:00 pm",0
"May 2, 09:00 pm",0
"May 2, 10:00 pm",0
"May 2, 11:00 pm",0
"May 3, 12:00 am",0
"May 3, 01:00 am",0
"May 3, 02:00 am",0
"May 3, 03:00 am",0
"May 3, 04:00 am",0
"May 3, 05:00 am",0
"May 3, 06:00 am",0.692921
"May 3, 07:00 am",3.49875
"May 3, 08:00 am",8.65521
"May 3, 09:00 am",12.1738
"May 3, 10:00 am",14.6401
"May 3, 11:00 am",16.052
"May 3, 12:00 pm",16.3884
"May 3, 01:00 pm",15.743
"May 3, 02:00 pm",14.1133
"May 3, 03:00 pm",11.507
"May 3, 04:00 pm",7.95962
"May 3, 05:00 pm",3.4258
"May 3, 06:00 pm",0.446322
"May 3, 07:00 pm",0
"May 3, 08:00 pm",0
"May 3, 09:00 pm",0
"May 3, 10:00 pm",0
"May 3, 11:00 pm",0
"May 4, 12:00 am",0
"May 4, 01:00 am",0
"May 4, 02:00 am",0
"May 4, 03:00 am",0
"May 4, 04:00 am",0
"May 4, 05:00 am",0
"May 4, 06:00 am",0.679393
"May 4, 07:00 am",4.21036
"May 4, 08:00 am",8.51654
"May 4, 09:00 am",11.7098
"May 4, 10:00 am",13.9775
"May 4, 11:00 am",15.3256
"May 4, 12:00 pm",15.6247
"May 4, 01:00 pm",14.9553
"May 4, 02:00 pm",13.444
"May 4, 03:00 pm",11.0674
"May 4, 04:00 pm",7.62183
"May 4, 05:00 pm",3.30564
"May 4, 06:00 pm",0.424806
"May 4, 07:00 pm",0
"May 4, 08:00 pm",0
"May 4, 09:00 pm",0
"May 4, 10:00 pm",0
"May 4, 11:00 pm",0
"May 5, 12:00 am",0
"May 5, 01:00 am",0
"May 5, 02:00 am",0
"May 5, 03:00 am",0
"May 5, 04:00 am",0
"May 5, 05:00 am",0
"May 5, 06:00 am",0.662656
"May 5, 07:00 am",4.10618
"May 5, 08:00 am",8.25953
"May 5, 09:00 am",11.3211
"May 5, 10:00 am",13.6622
"May 5, 11:00 am",15.1218
"May 5, 12:00 pm",15.6073
"May 5, 01:00 pm",15.007
"May 5, 02:00 pm",13.4955
"May 5, 03:00 pm",11.0182
"May 5, 04:00 pm",7.61924
"May 5, 05:00 pm",3.30592
"May 5, 06:00 pm",0.434476
"May 5, 07:00 pm",0
"May 5, 08:00 pm",0
"May 5, 09:00 pm",0
"May 5, 10:00 pm",0
"May 5, 11:00 pm",0
"May 6, 12:00 am",0
"May 6, 01:00 am",0
"May 6, 02:00 am",0
"May 6, 03:00 am",0
"May 6, 04:00 am",0
"May 6, 05:00 am",0
"May 6, 06:00 am",0.807403
"May 6, 07:00 am",4.04691
"May 6, 08:00 am",8.13665
"May 6, 09:00 am",11.0293
"May 6, 10:00 am",13.2568
"May 6, 11:00 am",14.7803
"May 6, 12:00 pm",15.2076
"May 6, 01:00 pm",14.6392
"May 6, 02:00 pm",13.1904
"May 6, 03:00 pm",10.6853
"May 6, 04:00 pm",7.37684
"May 6, 05:00 pm",3.20286
"May 6, 06:00 pm",0.450994
"May 6, 07:00 pm",0
"May 6, 08:00 pm",0
"May 6, 09:00 pm",0
"May 6, 10:00 pm",0
"May 6, 11:00 pm",0
"May 7, 12:00 am",0
"May 7, 01:00 am",0
"May 7, 02:00 am",0
"May 7, 03:00 am",0
"May 7, 04:00 am",0
"May 7, 05:00 am",0
"May 7, 06:00 am",0.769506
"May 7, 07:00 am",4.01577
"May 7, 08:00 am",8.04737
"May 7, 09:00 am",10.7756
"May 7, 10:00 am",12.6588
"May 7, 11:00 am",13.8761
"May 7, 12:00 pm",14.1861
"May 7, 01:00 pm",13.6202
"May 7, 02:00 pm",12.2751
"May 7, 03:00 pm",10.1029
"May 7, 04:00 pm",7.07563
"May 7, 05:00 pm",3.12357
"May 7, 06:00 pm",0.41403
"May 7, 07:00 pm",0
"May 7, 08:00 pm",0
"May 7, 09:00 pm",0
"May 7, 10:00 pm",0
"May 7, 11:00 pm",0
"May 8, 12:00 am",0
"May 8, 01:00 am",0
"May 8, 02:00 am",0
"May 8, 03:00 am",0
"May 8, 04:00 am",0
"May 8, 05:00 am",0
"May 8, 06:00 am",0.680976
"May 8, 07:00 am",4.03012
"May 8, 08:00 am",8.02186
"May 8, 09:00 am",10.8931
"May 8, 10:00 am",12.7411
"May 8, 11:00 am",13.4476
"May 8, 12:00 pm",13.4133
"May 8, 01:00 pm",13.2423
"May 8, 02:00 pm",12.215
"May 8, 03:00 pm",10.122
"May 8, 04:00 pm",7.10875
"May 8, 05:00 pm",3.12795
"May 8, 06:00 pm",0.419755
"May 8, 07:00 pm",0
"May 8, 08:00 pm",0
"May 8, 09:00 pm",0
"May 8, 10:00 pm",0
"May 8, 11:00 pm",0
"May 9, 12:00 am",0
"May 9, 01:00 am",0
"May 9, 02:00 am",0
"May 9, 03:00 am",0
"May 9, 04:00 am",0
"May 9, 05:00 am",0
"May 9, 06:00 am",0.728513
"May 9, 07:00 am",3.92907
"May 9, 08:00 am",7.65087
"May 9, 09:00 am",10.3819
"May 9, 10:00 am",12.4955
"May 9, 11:00 am",13.8701
"May 9, 12:00 pm",14.4023
"May 9, 01:00 pm",13.9544
"May 9, 02:00 pm",12.6311
"May 9, 03:00 pm",10.4002
"May 9, 04:00 pm",7.17892
"May 9, 05:00 pm",3.17649
"May 9, 06:00 pm",0.465574
"May 9, 07:00 pm",0
"May 9, 08:00 pm",0
"May 9, 09:00 pm",0
"May 9, 10:00 pm",0
"May 9, 11:00 pm",0
"May 10, 12:00 am",0
"May 10, 01:00 am",0
"May 10, 02:00 am",0
"May 10, 03:00 am",0
"May 10, 04:00 am",0
"May 10, 05:00 am",0
"May 10, 06:00 am",0.774201
"May 10, 07:00 am",3.96258
"May 10, 08:00 am",7.82747
"May 10, 09:00 am",10.7235
"May 10, 10:00 am",12.8672
"May 10, 11:00 am",14.2434
"May 10, 12:00 pm",14.6777
"May 10, 01:00 pm",14.1356
"May 10, 02:00 pm",12.7227
"May 10, 03:00 pm",10.4165
"May 10, 04:00 pm",7.15313
"May 10, 05:00 pm",3.16813
"May 10, 06:00 pm",0.454396
"May 10, 07:00 pm",0
"May 10, 08:00 pm",0
"May 10, 09:00 pm",0
"May 10, 10:00 pm",0
"May 10, 11:00 pm",0
"May 11, 12:00 am",0
"May 11, 01:00 am",0
"May 11, 02:00 am",0
"May 11, 03:00 am",0
"May 11, 04:00 am",0
"May 11, 05:00 am",0
"May 11, 06:00 am",0.74268
"May 11, 07:00 am",3.98365
"May 11, 08:00 am",7.9234
"May 11, 09:00 am",10.9085
"May 11, 10:00 am",12.9622
"May 11, 11:00 am",14.2199
"May 11, 12:00 pm",14.6219
"May 11, 01:00 pm",14.112
"May 11, 02:00 pm",12.7142
"May 11, 03:00 pm",10.3979
"May 11, 04:00 pm",7.16047
"May 11, 05:00 pm",3.16412
"May 11, 06:00 pm",0.474915
"May 11, 07:00 pm",0
"May 11, 08:00 pm",0
"May 11, 09:00 pm",0
"May 11, 10:00 pm",0
"May 11, 11:00 pm",0
"May 12, 12:00 am",0
"May 12, 01:00 am",0
"May 12, 02:00 am",0
"May 12, 03:00 am",0
"May 12, 04:00 am",0
"May 12, 05:00 am",-0
"May 12, 06:00 am",0.848449
"May 12, 07:00 am",3.92096
"May 12, 08:00 am",7.76906
"May 12, 09:00 am",10.681
"May 12, 10:00 am",12.8328
"May 12, 11:00 am",14.0345
"May 12, 12:00 pm",14.3816
"May 12, 01:00 pm",13.7806
"May 12, 02:00 pm",12.2765
"May 12, 03:00 pm",9.92228
"May 12, 04:00 pm",5.25242
"May 12, 05:00 pm",2.23697
"May 12, 06:00 pm",0.247205
"May 12, 07:00 pm",0
"May 12, 08:00 pm",0
"May 12, 09:00 pm",0
"May 12, 10:00 pm",0
"May 12, 11:00 pm",0
"May 13, 12:00 am",0
"May 13, 01:00 am",0
"May 13, 02:00 am",0
"May 13, 03:00 am",0
"May 13, 04:00 am",0
"May 13, 05:00 am",-0
"May 13, 06:00 am",0.759456
"May 13, 07:00 am",3.8548
"May 13, 08:00 am",7.55291
"May 13, 09:00 am",10.305
"May 13, 10:00 am",12.1565
"May 13, 11:00 am",9.0327
"May 13, 12:00 pm",13.3991
"May 13, 01:00 pm",12.4121
"May 13, 02:00 pm",11.3355
"May 13, 03:00 pm",8.81294
"May 13, 04:00 pm",6.72957
"May 13, 05:00 pm",2.84804
"May 13, 06:00 pm",0.569785
"May 13, 07:00 pm",0
"May 13, 08:00 pm",0
"May 13, 09:00 pm",0
"May 13, 10:00 pm",0
"May 13, 11:00 pm",0
"May 14, 12:00 am",0
"May 14, 01:00 am",0
"May 14, 02:00 am",0
"May 14, 03:00 am",0
"May 14, 04:00 am",0
"May 14, 05:00 am",-0
"May 14, 06:00 am",0.858176
"May 14, 07:00 am",3.97309
"May 14, 08:00 am",7.82559
"May 14, 09:00 am",10.6755
"May 14, 10:00 am",12.7814
"May 14, 11:00 am",14.1058
"May 14, 12:00 pm",14.569
"May 14, 01:00 pm",14.1467
"May 14, 02:00 pm",12.7126
"May 14, 03:00 pm",10.4657
"May 14, 04:00 pm",7.26395
"May 14, 05:00 pm",3.05345
"May 14, 06:00 pm",0.598147
"May 14, 07:00 pm",0
"May 14, 08:00 pm",0
"May 14, 09:00 pm",0
"May 14, 10:00 pm",0
"May 14, 11:00 pm",0
"May 15, 12:00 am",0
"May 15, 01:00 am",0
"May 15, 02:00 am",0
"May 15, 03:00 am",0
"May 15, 04:00 am",0
"May 15, 05:00 am",-0
"May 15, 06:00 am",0.750766
"May 15, 07:00 am",4.03329
"May 15, 08:00 am",8.02122
"May 15, 09:00 am",10.9715
"May 15, 10:00 am",13.1701
"May 15, 11:00 am",14.5323
"May 15, 12:00 pm",14.9805
"May 15, 01:00 pm",14.5079
"May 15, 02:00 pm",13.0797
"May 15, 03:00 pm",10.702
"May 15, 04:00 pm",7.45236
"May 15, 05:00 pm",3.27392
"May 15, 06:00 pm",0.596278
"May 15, 07:00 pm",0
"May 15, 08:00 pm",0
"May 15, 09:00 pm",0
"May 15, 10:00 pm",0
"May 15, 11:00 pm",0
"May 16, 12:00 am",0
"May 16, 01:00 am",0
"May 16, 02:00 am",0
"May 16, 03:00 am",0
"May 16, 04:00 am",0
"May 16, 05:00 am",-0
"May 16, 06:00 am",0.680578
"May 16, 07:00 am",4.12359
"May 16, 08:00 am",8.10787
"May 16, 09:00 am",10.9234
"May 16, 10:00 am",12.9574
"May 16, 11:00 am",14.1993
"May 16, 12:00 pm",14.6789
"May 16, 01:00 pm",14.2625
"May 16, 02:00 pm",12.9836
"May 16, 03:00 pm",10.7272
"May 16, 04:00 pm",7.50298
"May 16, 05:00 pm",3.31338
"May 16, 06:00 pm",0.381648
"May 16, 07:00 pm",0
"May 16, 08:00 pm",0
"May 16, 09:00 pm",0
"May 16, 10:00 pm",0
"May 16, 11:00 pm",0
"May 17, 12:00 am",0
"May 17, 01:00 am",0
"May 17, 02:00 am",0
"May 17, 03:00 am",0
"May 17, 04:00 am",0
"May 17, 05:00 am",-0
"May 17, 06:00 am",0.627664
"May 17, 07:00 am",4.02034
"May 17, 08:00 am",7.77063
"May 17, 09:00 am",9.02954
"May 17, 10:00 am",12.1079
"May 17, 11:00 am",12.6995
"May 17, 12:00 pm",9.93465
"May 17, 01:00 pm",13.6241
"May 17, 02:00 pm",12.427
"May 17, 03:00 pm",10.2415
"May 17, 04:00 pm",7.13656
"May 17, 05:00 pm",3.12986
"May 17, 06:00 pm",0.427427
"May 17, 07:00 pm",0
"May 17, 08:00 pm",0
"May 17, 09:00 pm",0
"May 17, 10:00 pm",0
"May 17, 11:00 pm",0
"May 18, 12:00 am",0
"May 18, 01:00 am",0
"May 18, 02:00 am",0
"May 18, 03:00 am",0
"May 18, 04:00 am",0
"May 18, 05:00 am",-0
"May 18, 06:00 am",0.767831
"May 18, 07:00 am",3.90618
"May 18, 08:00 am",7.45623
"May 18, 09:00 am",3.90473
"May 18, 10:00 am",12.5146
"May 18, 11:00 am",13.8382
"May 18, 12:00 pm",11.2472
"May 18, 01:00 pm",9.53405
"May 18, 02:00 pm",9.02314
"May 18, 03:00 pm",0.365675
"May 18, 04:00 pm",5.56427
"May 18, 05:00 pm",2.09203
"May 18, 06:00 pm",0.630654
"May 18, 07:00 pm",0
"May 18, 08:00 pm",0
"May 18, 09:00 pm",0
"May 18, 10:00 pm",0
"May 18, 11:00 pm",0
"May 19, 12:00 am",0
"May 19, 01:00 am",0
"May 19, 02:00 am",0
"May 19, 03:00 am",0
"May 19, 04:00 am",0
"May 19, 05:00 am",-0
"May 19, 06:00 am",-0
"May 19, 07:00 am",1.16571
"May 19, 08:00 am",1.66687
"May 19, 09:00 am",7.30422
"May 19, 10:00 am",11.0259
"May 19, 11:00 am",5.32502
"May 19, 12:00 pm",9.87381
"May 19, 01:00 pm",10.1454
"May 19, 02:00 pm",10.621
"May 19, 03:00 pm",4.63235
"May 19, 04:00 pm",2.21693
"May 19, 05:00 pm",-0
"May 19, 06:00 pm",0.509658
"May 19, 07:00 pm",0
"May 19, 08:00 pm",0
"May 19, 09:00 pm",0
"May 19, 10:00 pm",0
"May 19, 11:00 pm",0
"May 20, 12:00 am",0
"May 20, 01:00 am",0
"May 20, 02:00 am",0
"May 20, 03:00 am",0
"May 20, 04:00 am",0
"May 20, 05:00 am",-0
"May 20, 06:00 am",0.782349
"May 20, 07:00 am",3.91376
"May 20, 08:00 am",7.75556
"May 20, 09:00 am",10.5956
"May 20, 10:00 am",12.5367
"May 20, 11:00 am",13.5832
"May 20, 12:00 pm",13.6483
"May 20, 01:00 pm",13.0352
"May 20, 02:00 pm",11.783
"May 20, 03:00 pm",9.8475
"May 20, 04:00 pm",6.86545
"May 20, 05:00 pm",3.08684
"May 20, 06:00 pm",0.506584
"May 20, 07:00 pm",0
"May 20, 08:00 pm",0
"May 20, 09:00 pm",0
"May 20, 10:00 pm",0
"May 20, 11:00 pm",0
"May 21, 12:00 am",0
"May 21, 01:00 am",0
"May 21, 02:00 am",0
"May 21, 03:00 am",0
"May 21, 04:00 am",0
"May 21, 05:00 am",-0
"May 21, 06:00 am",0.747135
"May 21, 07:00 am",3.98001
"May 21, 08:00 am",7.91858
"May 21, 09:00 am",10.6461
"May 21, 10:00 am",12.377
"May 21, 11:00 am",13.2492
"May 21, 12:00 pm",13.2303
"May 21, 01:00 pm",12.7404
"May 21, 02:00 pm",11.594
"May 21, 03:00 pm",9.68526
"May 21, 04:00 pm",6.89221
"May 21, 05:00 pm",3.13897
"May 21, 06:00 pm",0.407531
"May 21, 07:00 pm",0
"May 21, 08:00 pm",0
"May 21, 09:00 pm",0
"May 21, 10:00 pm",0
"May 21, 11:00 pm",0
"May 22, 12:00 am",0
"May 22, 01:00 am",0
"May 22, 02:00 am",0
"May 22, 03:00 am",0
"May 22, 04:00 am",0
"May 22, 05:00 am",-0
"May 22, 06:00 am",0.672866
"May 22, 07:00 am",4.05178
"May 22, 08:00 am",7.88688
"May 22, 09:00 am",10.6102
"May 22, 10:00 am",12.422
"May 22, 11:00 am",13.3719
"May 22, 12:00 pm",13.5716
"May 22, 01:00 pm",13.1767
"May 22, 02:00 pm",12.0616
"May 22, 03:00 pm",10.0728
"May 22, 04:00 pm",7.12148
"May 22, 05:00 pm",3.2084
"May 22, 06:00 pm",0.389955
"May 22, 07:00 pm",0
"May 22, 08:00 pm",0
"May 22, 09:00 pm",0
"May 22, 10:00 pm",0
"May 22, 11:00 pm",0
"May 23, 12:00 am",0
"May 23, 01:00 am",0
"May 23, 02:00 am",0
"May 23, 03:00 am",0
"May 23, 04:00 am",0
"May 23, 05:00 am",-0
"May 23, 06:00 am",0.632168
"May 23, 07:00 am",4.06874
"May 23, 08:00 am",7.93435
"May 23, 09:00 am",10.592
"May 23, 10:00 am",12.3163
"May 23, 11:00 am",13.3235
"May 23, 12:00 pm",13.7539
"May 23, 01:00 pm",13.4187
"May 23, 02:00 pm",12.1954
"May 23, 03:00 pm",10.1169
"May 23, 04:00 pm",7.14612
"May 23, 05:00 pm",3.20777
"May 23, 06:00 pm",0.391149
"May 23, 07:00 pm",0
"May 23, 08:00 pm",0
"May 23, 09:00 pm",0
"May 23, 10:00 pm",0
"May 23, 11:00 pm",0
"May 24, 12:00 am",0
"May 24, 01:00 am",0
"May 24, 02:00 am",0
"May 24, 03:00 am",0
"May 24, 04:00 am",0
"May 24, 05:00 am",-0
"May 24, 06:00 am",0.659225
"May 24, 07:00 am",3.9834
"May 24, 08:00 am",7.7328
"May 24, 09:00 am",10.2163
"May 24, 10:00 am",12.1187
"May 24, 11:00 am",13.5868
"May 24, 12:00 pm",14.1578
"May 24, 01:00 pm",13.7529
"May 24, 02:00 pm",12.4571
"May 24, 03:00 pm",10.2408
"May 24, 04:00 pm",7.15068
"May 24, 05:00 pm",3.19952
"May 24, 06:00 pm",0.439572
"May 24, 07:00 pm",0
"May 24, 08:00 pm",0
"May 24, 09:00 pm",0
"May 24, 10:00 pm",0
"May 24, 11:00 pm",0
"May 25, 12:00 am",0
"May 25, 01:00 am",0
"May 25, 02:00 am",0
"May 25, 03:00 am",0
"May 25, 04:00 am",0
"May 25, 05:00 am",-0
"May 25, 06:00 am",0.734946
"May 25, 07:00 am",3.88287
"May 25, 08:00 am",7.63416
"May 25, 09:00 am",10.4542
"May 25, 10:00 am",12.5732
"May 25, 11:00 am",13.8575
"May 25, 12:00 pm",14.3124
"May 25, 01:00 pm",13.951
"May 25, 02:00 pm",12.6442
"May 25, 03:00 pm",10.3972
"May 25, 04:00 pm",7.24373
"May 25, 05:00 pm",3.20454
"May 25, 06:00 pm",0.480227
"May 25, 07:00 pm",0
"May 25, 08:00 pm",0
"May 25, 09:00 pm",0
"May 25, 10:00 pm",0
"May 25, 11:00 pm",0
"May 26, 12:00 am",0
"May 26, 01:00 am",0
"May 26, 02:00 am",0
"May 26, 03:00 am",0
"May 26, 04:00 am",0
"May 26, 05:00 am",-0
"May 26, 06:00 am",0.732763
"May 26, 07:00 am",2.49022
"May 26, 08:00 am",7.64677
"May 26, 09:00 am",10.4713
"May 26, 10:00 am",12.5415
"May 26, 11:00 am",13.1679
"May 26, 12:00 pm",13.424
"May 26, 01:00 pm",13.2945
"May 26, 02:00 pm",11.9919
"May 26, 03:00 pm",10.3698
"May 26, 04:00 pm",7.20937
"May 26, 05:00 pm",2.92888
"May 26, 06:00 pm",0.45455
"May 26, 07:00 pm",0
"May 26, 08:00 pm",0
"May 26, 09:00 pm",0
"May 26, 10:00 pm",0
"May 26, 11:00 pm",0
"May 27, 12:00 am",0
"May 27, 01:00 am",0
"May 27, 02:00 am",0
"May 27, 03:00 am",0
"May 27, 04:00 am",0
"May 27, 05:00 am",-0
"May 27, 06:00 am",0.601753
"May 27, 07:00 am",3.67379
"May 27, 08:00 am",5.83372
"May 27, 09:00 am",9.05272
"May 27, 10:00 am",10.8435
"May 27, 11:00 am",12.0579
"May 27, 12:00 pm",12.5128
"May 27, 01:00 pm",12.0545
"May 27, 02:00 pm",8.36436
"May 27, 03:00 pm",3.52036
"May 27, 04:00 pm",4.02846
"May 27, 05:00 pm",2.24428
"May 27, 06:00 pm",0.0524617
"May 27, 07:00 pm",0
"May 27, 08:00 pm",0
"May 27, 09:00 pm",0
"May 27, 10:00 pm",0
"May 27, 11:00 pm",0
"May 28, 12:00 am",0
"May 28, 01:00 am",0
"May 28, 02:00 am",0
"May 28, 03:00 am",0
"May 28, 04:00 am",0
"May 28, 05:00 am",-0
"May 28, 06:00 am",0.849016
"May 28, 07:00 am",4.11122
"May 28, 08:00 am",8.08401
"May 28, 09:00 am",11.0292
"May 28, 10:00 am",12.9658
"May 28, 11:00 am",14.0807
"May 28, 12:00 pm",14.4294
"May 28, 01:00 pm",13.925
"May 28, 02:00 pm",12.59
"May 28, 03:00 pm",10.3179
"May 28, 04:00 pm",7.21802
"May 28, 05:00 pm",3.24642
"May 28, 06:00 pm",0.479934
"May 28, 07:00 pm",-0
"May 28, 08:00 pm",0
"May 28, 09:00 pm",0
"May 28, 10:00 pm",0
"May 28, 11:00 pm",0
"May 29, 12:00 am",0
"May 29, 01:00 am",0
"May 29, 02:00 am",0
"May 29, 03:00 am",0
"May 29, 04:00 am",0
"May 29, 05:00 am",-0
"May 29, 06:00 am",0.762254
"May 29, 07:00 am",3.96033
"May 29, 08:00 am",7.73757
"May 29, 09:00 am",10.3099
"May 29, 10:00 am",12.2557
"May 29, 11:00 am",13.5425
"May 29, 12:00 pm",13.9074
"May 29, 01:00 pm",13.4047
"May 29, 02:00 pm",12.0947
"May 29, 03:00 pm",9.96351
"May 29, 04:00 pm",6.09024
"May 29, 05:00 pm",3.0392
"May 29, 06:00 pm",0.639081
"May 29, 07:00 pm",-0
"May 29, 08:00 pm",0
"May 29, 09:00 pm",0
"May 29, 10:00 pm",0
"May 29, 11:00 pm",0
"May 30, 12:00 am",0
"May 30, 01:00 am",0
"May 30, 02:00 am",0
"May 30, 03:00 am",0
"May 30, 04:00 am",0
"May 30, 05:00 am",-0
"May 30, 06:00 am",0.77725
"May 30, 07:00 am",3.89039
"May 30, 08:00 am",7.72686
"May 30, 09:00 am",10.538
"May 30, 10:00 am",12.4423
"May 30, 11:00 am",13.6227
"May 30, 12:00 pm",13.9949
"May 30, 01:00 pm",13.4908
"May 30, 02:00 pm",12.1474
"May 30, 03:00 pm",9.99776
"May 30, 04:00 pm",6.97408
"May 30, 05:00 pm",3.17117
"May 30, 06:00 pm",0.559324
"May 30, 07:00 pm",-0
"May 30, 08:00 pm",0
"May 30, 09:00 pm",0
"May 30, 10:00 pm",0
"May 30, 11:00 pm",0
"May 31, 12:00 am",0
"May 31, 01:00 am",0
"May 31, 02:00 am",0
"May 31, 03:00 am",0
"May 31, 04:00 am",0
"May 31, 05:00 am",-0
"May 31, 06:00 am",0.740469
"May 31, 07:00 am",3.86468
"May 31, 08:00 am",7.62372
"May 31, 09:00 am",10.2853
"May 31, 10:00 am",12.1876
"May 31, 11:00 am",13.4088
"May 31, 12:00 pm",13.8839
"May 31, 01:00 pm",13.5384
"May 31, 02:00 pm",12.3487
"May 31, 03:00 pm",10.1735
"May 31, 04:00 pm",7.13614
"May 31, 05:00 pm",3.23141
"May 31, 06:00 pm",0.526159
"May 31, 07:00 pm",-0
"May 31, 08:00 pm",0
"May 31, 09:00 pm",0
"May 31, 10:00 pm",0
"May 31, 11:00 pm",0
"Jun 1, 12:00 am",0
"Jun 1, 01:00 am",0
"Jun 1, 02:00 am",0
"Jun 1, 03:00 am",0
"Jun 1, 04:00 am",0
"Jun 1, 05:00 am",0.00910357
"Jun 1, 06:00 am",0.687596
"Jun 1, 07:00 am",3.86255
"Jun 1, 08:00 am",7.58008
"Jun 1, 09:00 am",10.1503
"Jun 1, 10:00 am",11.8841
"Jun 1, 11:00 am",13.0211
"Jun 1, 12:00 pm",13.4839
"Jun 1, 01:00 pm",11.7024
"Jun 1, 02:00 pm",11.9855
"Jun 1, 03:00 pm",9.91105
"Jun 1, 04:00 pm",7.01104
"Jun 1, 05:00 pm",3.24027
"Jun 1, 06:00 pm",0.534194
"Jun 1, 07:00 pm",-0
"Jun 1, 08:00 pm",0
"Jun 1, 09:00 pm",0
"Jun 1, 10:00 pm",0
"Jun 1, 11:00 pm",0
"Jun 2, 12:00 am",0
"Jun 2, 01:00 am",0
"Jun 2, 02:00 am",0
"Jun 2, 03:00 am",0
"Jun 2, 04:00 am",0
"Jun 2, 05:00 am",-0
"Jun 2, 06:00 am",0.790562
"Jun 2, 07:00 am",3.80817
"Jun 2, 08:00 am",7.5481
"Jun 2, 09:00 am",10.4152
"Jun 2, 10:00 am",12.4013
"Jun 2, 11:00 am",13.6062
"Jun 2, 12:00 pm",14.0243
"Jun 2, 01:00 pm",13.6508
"Jun 2, 02:00 pm",12.2893
"Jun 2, 03:00 pm",10.1485
"Jun 2, 04:00 pm",7.09089
"Jun 2, 05:00 pm",3.25521
"Jun 2, 06:00 pm",0.572819
"Jun 2, 07:00 pm",-0
"Jun 2, 08:00 pm",0
"Jun 2, 09:00 pm",0
"Jun 2, 10:00 pm",0
"Jun 2, 11:00 pm",0
"Jun 3, 12:00 am",0
"Jun 3, 01:00 am",0
"Jun 3, 02:00 am",0
"Jun 3, 03:00 am",0
"Jun 3, 04:00 am",0
"Jun 3, 05:00 am",0.00862322
"Jun 3, 06:00 am",0.671989
"Jun 3, 07:00 am",3.90299
"Jun 3, 08:00 am",7.70643
"Jun 3, 09:00 am",10.5634
"Jun 3, 10:00 am",12.6028
"Jun 3, 11:00 am",13.8007
"Jun 3, 12:00 pm",14.1733
"Jun 3, 01:00 pm",13.7303
"Jun 3, 02:00 pm",12.4358
"Jun 3, 03:00 pm",10.2901
"Jun 3, 04:00 pm",7.24086
"Jun 3, 05:00 pm",3.31452
"Jun 3, 06:00 pm",0.566943
"Jun 3, 07:00 pm",-0
"Jun 3, 08:00 pm",0
"Jun 3, 09:00 pm",0
"Jun 3, 10:00 pm",0
"Jun 3, 11:00 pm",0
"Jun 4, 12:00 am",0
"Jun 4, 01:00 am",0
"Jun 4, 02:00 am",0
"Jun 4, 03:00 am",0
"Jun 4, 04:00 am",0
"Jun 4, 05:00 am",0.0273194
"Jun 4, 06:00 am",0.660719
"Jun 4, 07:00 am",3.7835
"Jun 4, 08:00 am",7.45493
"Jun 4, 09:00 am",10.1156
"Jun 4, 10:00 am",12.0993
"Jun 4, 11:00 am",13.2801
"Jun 4, 12:00 pm",13.6649
"Jun 4, 01:00 pm",13.2631
"Jun 4, 02:00 pm",11.8699
"Jun 4, 03:00 pm",9.85625
"Jun 4, 04:00 pm",6.96559
"Jun 4, 05:00 pm",3.28353
"Jun 4, 06:00 pm",0.653376
"Jun 4, 07:00 pm",-0
"Jun 4, 08:00 pm",0
"Jun 4, 09:00 pm",0
"Jun 4, 10:00 pm",0
"Jun 4, 11:00 pm",0
"Jun 5, 12:00 am",0
"Jun 5, 01:00 am",0
"Jun 5, 02:00 am",0
"Jun 5, 03:00 am",0
"Jun 5, 04:00 am",0
"Jun 5, 05:00 am",-0
"Jun 5, 06:00 am",0.852118
"Jun 5, 07:00 am",3.85852
"Jun 5, 08:00 am",7.52014
"Jun 5, 09:00 am",10.2308
"Jun 5, 10:00 am",11.9869
"Jun 5, 11:00 am",12.7924
"Jun 5, 12:00 pm",13.2137
"Jun 5, 01:00 pm",12.9614
"Jun 5, 02:00 pm",11.8306
"Jun 5, 03:00 pm",9.86596
"Jun 5, 04:00 pm",7.05722
"Jun 5, 05:00 pm",3.27743
"Jun 5, 06:00 pm",0.526479
"Jun 5, 07:00 pm",-0
"Jun 5, 08:00 pm",0
"Jun 5, 09:00 pm",0
"Jun 5, 10:00 pm",0
"Jun 5, 11:00 pm",0
"Jun 6, 12:00 am",0
"Jun 6, 01:00 am",0
"Jun 6, 02:00 am",0
"Jun 6, 03:00 am",0
"Jun 6, 04:00 am",0
"Jun 6, 05:00 am",0.00815683
"Jun 6, 06:00 am",0.684969
"Jun 6, 07:00 am",3.79473
"Jun 6, 08:00 am",7.58309
"Jun 6, 09:00 am",10.2214
"Jun 6, 10:00 am",11.8829
"Jun 6, 11:00 am",12.6975
"Jun 6, 12:00 pm",13.1474
"Jun 6, 01:00 pm",12.9882
"Jun 6, 02:00 pm",11.7583
"Jun 6, 03:00 pm",9.77052
"Jun 6, 04:00 pm",6.88796
"Jun 6, 05:00 pm",3.27109
"Jun 6, 06:00 pm",0.7169
"Jun 6, 07:00 pm",-0
"Jun 6, 08:00 pm",0
"Jun 6, 09:00 pm",0
"Jun 6, 10:00 pm",0
"Jun 6, 11:00 pm",0
"Jun 7, 12:00 am",0
"Jun 7, 01:00 am",0
"Jun 7, 02:00 am",0
"Jun 7, 03:00 am",0
"Jun 7, 04:00 am",0
"Jun 7, 05:00 am",-0
"Jun 7, 06:00 am",0.84725
"Jun 7, 07:00 am",3.72695
"Jun 7, 08:00 am",7.25635
"Jun 7, 09:00 am",9.7718
"Jun 7, 10:00 am",11.5636
"Jun 7, 11:00 am",12.808
"Jun 7, 12:00 pm",13.3963
"Jun 7, 01:00 pm",13.1078
"Jun 7, 02:00 pm",12.0295
"Jun 7, 03:00 pm",9.96195
"Jun 7, 04:00 pm",7.05761
"Jun 7, 05:00 pm",3.26131
"Jun 7, 06:00 pm",0.556775
"Jun 7, 07:00 pm",-0
"Jun 7, 08:00 pm",0
"Jun 7, 09:00 pm",0
"Jun 7, 10:00 pm",0
"Jun 7, 11:00 pm",0
"Jun 8, 12:00 am",0
"Jun 8, 01:00 am",0
"Jun 8, 02:00 am",0
"Jun 8, 03:00 am",0
"Jun 8, 04:00 am",0
"Jun 8, 05:00 am",0.00767524
"Jun 8, 06:00 am",0.708975
"Jun 8, 07:00 am",3.78553
"Jun 8, 08:00 am",7.63976
"Jun 8, 09:00 am",10.5955
"Jun 8, 10:00 am",12.7479
"Jun 8, 11:00 am",14.1293
"Jun 8, 12:00 pm",14.4918
"Jun 8, 01:00 pm",13.923
"Jun 8, 02:00 pm",12.4528
"Jun 8, 03:00 pm",10.1719
"Jun 8, 04:00 pm",7.07377
"Jun 8, 05:00 pm",3.36628
"Jun 8, 06:00 pm",0.724425
"Jun 8, 07:00 pm",-0
"Jun 8, 08:00 pm",0
"Jun 8, 09:00 pm",0
"Jun 8, 10:00 pm",0
"Jun 8, 11:00 pm",0
"Jun 9, 12:00 am",0
"Jun 9, 01:00 am",0
"Jun 9, 02:00 am",0
"Jun 9, 03:00 am",0
"Jun 9, 04:00 am",0
"Jun 9, 05:00 am",0.00811747
"Jun 9, 06:00 am",0.758889
"Jun 9, 07:00 am",3.75162
"Jun 9, 08:00 am",7.5173
"Jun 9, 09:00 am",10.3213
"Jun 9, 10:00 am",12.2072
"Jun 9, 11:00 am",13.3487
"Jun 9, 12:00 pm",13.8604
"Jun 9, 01:00 pm",13.5087
"Jun 9, 02:00 pm",12.4504
"Jun 9, 03:00 pm",10.2859
"Jun 9, 04:00 pm",7.2626
"Jun 9, 05:00 pm",3.38664
"Jun 9, 06:00 pm",0.502763
"Jun 9, 07:00 pm",-0
"Jun 9, 08:00 pm",0
"Jun 9, 09:00 pm",0
"Jun 9, 10:00 pm",0
"Jun 9, 11:00 pm",0
"Jun 10, 12:00 am",0
"Jun 10, 01:00 am",0
"Jun 10, 02:00 am",0
"Jun 10, 03:00 am",0
"Jun 10, 04:00 am",0
"Jun 10, 05:00 am",0.0171955
"Jun 10, 06:00 am",0.654192
"Jun 10, 07:00 am",3.80428
"Jun 10, 08:00 am",7.53506
"Jun 10, 09:00 am",10.262
"Jun 10, 10:00 am",12.3192
"Jun 10, 11:00 am",12.3494
"Jun 10, 12:00 pm",14.1209
"Jun 10, 01:00 pm",13.7182
"Jun 10, 02:00 pm",12.3629
"Jun 10, 03:00 pm",10.1581
"Jun 10, 04:00 pm",7.10741
"Jun 10, 05:00 pm",3.36515
"Jun 10, 06:00 pm",0.646255
"Jun 10, 07:00 pm",-0
"Jun 10, 08:00 pm",0
"Jun 10, 09:00 pm",0
"Jun 10, 10:00 pm",0
"Jun 10, 11:00 pm",0
"Jun 11, 12:00 am",0
"Jun 11, 01:00 am",0
"Jun 11, 02:00 am",0
"Jun 11, 03:00 am",0
"Jun 11, 04:00 am",0
"Jun 11, 05:00 am",0.00815231
"Jun 11, 06:00 am",0.763605
"Jun 11, 07:00 am",3.71315
"Jun 11, 08:00 am",7.35786
"Jun 11, 09:00 am",9.79264
"Jun 11, 10:00 am",11.2761
"Jun 11, 11:00 am",12.4939
"Jun 11, 12:00 pm",12.8524
"Jun 11, 01:00 pm",12.4316
"Jun 11, 02:00 pm",11.3834
"Jun 11, 03:00 pm",9.5352
"Jun 11, 04:00 pm",6.87406
"Jun 11, 05:00 pm",3.31006
"Jun 11, 06:00 pm",0.626525
"Jun 11, 07:00 pm",-0
"Jun 11, 08:00 pm",0
"Jun 11, 09:00 pm",0
"Jun 11, 10:00 pm",0
"Jun 11, 11:00 pm",0
"Jun 12, 12:00 am",0
"Jun 12, 01:00 am",0
"Jun 12, 02:00 am",0
"Jun 12, 03:00 am",0
"Jun 12, 04:00 am",0
"Jun 12, 05:00 am",0.0066615
"Jun 12, 06:00 am",0.714695
"Jun 12, 07:00 am",3.62757
"Jun 12, 08:00 am",7.28907
"Jun 12, 09:00 am",10.0353
"Jun 12, 10:00 am",11.2144
"Jun 12, 11:00 am",11.6581
"Jun 12, 12:00 pm",13.0344
"Jun 12, 01:00 pm",12.9195
"Jun 12, 02:00 pm",11.9006
"Jun 12, 03:00 pm",9.79063
"Jun 12, 04:00 pm",6.91777
"Jun 12, 05:00 pm",3.34836
"Jun 12, 06:00 pm",0.679263
"Jun 12, 07:00 pm",-0
"Jun 12, 08:00 pm",0
"Jun 12, 09:00 pm",0
"Jun 12, 10:00 pm",0
"Jun 12, 11:00 pm",0
"Jun 13, 12:00 am",0
"Jun 13, 01:00 am",0
"Jun 13, 02:00 am",0
"Jun 13, 03:00 am",0
"Jun 13, 04:00 am",0
"Jun 13, 05:00 am",-0
"Jun 13, 06:00 am",0.927646
"Jun 13, 07:00 am",3.62907
"Jun 13, 08:00 am",7.11505
"Jun 13, 09:00 am",6.49415
"Jun 13, 10:00 am",9.2607
"Jun 13, 11:00 am",12.2713
"Jun 13, 12:00 pm",12.55
"Jun 13, 01:00 pm",11.8878
"Jun 13, 02:00 pm",10.8765
"Jun 13, 03:00 pm",9.14153
"Jun 13, 04:00 pm",6.63688
"Jun 13, 05:00 pm",3.30476
"Jun 13, 06:00 pm",0.705301
"Jun 13, 07:00 pm",-0
"Jun 13, 08:00 pm",0
"Jun 13, 09:00 pm",0
"Jun 13, 10:00 pm",0
"Jun 13, 11:00 pm",0
"Jun 14, 12:00 am",0
"Jun 14, 01:00 am",0
"Jun 14, 02:00 am",0
"Jun 14, 03:00 am",0
"Jun 14, 04:00 am",0
"Jun 14, 05:00 am",-0
"Jun 14, 06:00 am",0.971118
"Jun 14, 07:00 am",3.59812
"Jun 14, 08:00 am",6.93074
"Jun 14, 09:00 am",9.52272
"Jun 14, 10:00 am",11.5396
"Jun 14, 11:00 am",13.0786
"Jun 14, 12:00 pm",13.582
"Jun 14, 01:00 pm",13.2444
"Jun 14, 02:00 pm",12.0172
"Jun 14, 03:00 pm",10.0162
"Jun 14, 04:00 pm",7.12128
"Jun 14, 05:00 pm",3.36358
"Jun 14, 06:00 pm",0.584621
"Jun 14, 07:00 pm",-0
"Jun 14, 08:00 pm",0
"Jun 14, 09:00 pm",0
"Jun 14, 10:00 pm",0
"Jun 14, 11:00 pm",0
"Jun 15, 12:00 am",0
"Jun 15, 01:00 am",0
"Jun 15, 02:00 am",0
"Jun 15, 03:00 am",0
"Jun 15, 04:00 am",0
"Jun 15, 05:00 am",0.00716624
"Jun 15, 06:00 am",0.773679
"Jun 15, 07:00 am",3.57747
"Jun 15, 08:00 am",7.04916
"Jun 15, 09:00 am",9.70905
"Jun 15, 10:00 am",11.5459
"Jun 15, 11:00 am",12.6611
"Jun 15, 12:00 pm",13.0577
"Jun 15, 01:00 pm",12.649
"Jun 15, 02:00 pm",11.4506
"Jun 15, 03:00 pm",9.48235
"Jun 15, 04:00 pm",6.75742
"Jun 15, 05:00 pm",3.33998
"Jun 15, 06:00 pm",0.75494
"Jun 15, 07:00 pm",-0
"Jun 15, 08:00 pm",0
"Jun 15, 09:00 pm",0
"Jun 15, 10:00 pm",0
"Jun 15, 11:00 pm",0
"Jun 16, 12:00 am",0
"Jun 16, 01:00 am",0
"Jun 16, 02:00 am",0
"Jun 16, 03:00 am",0
"Jun 16, 04:00 am",0
"Jun 16, 05:00 am",0.00766464
"Jun 16, 06:00 am",0.738795
"Jun 16, 07:00 am",3.60354
"Jun 16, 08:00 am",7.2702
"Jun 16, 09:00 am",10.0163
"Jun 16, 10:00 am",11.7201
"Jun 16, 11:00 am",12.3679
"Jun 16, 12:00 pm",12.789
"Jun 16, 01:00 pm",12.6535
"Jun 16, 02:00 pm",11.6546
"Jun 16, 03:00 pm",9.82856
"Jun 16, 04:00 pm",7.05277
"Jun 16, 05:00 pm",3.39102
"Jun 16, 06:00 pm",0.62621
"Jun 16, 07:00 pm",-0
"Jun 16, 08:00 pm",0
"Jun 16, 09:00 pm",0
"Jun 16, 10:00 pm",0
"Jun 16, 11:00 pm",0
"Jun 17, 12:00 am",0
"Jun 17, 01:00 am",0
"Jun 17, 02:00 am",0
"Jun 17, 03:00 am",0
"Jun 17, 04:00 am",0
"Jun 17, 05:00 am",0.00717898
"Jun 17, 06:00 am",0.566924
"Jun 17, 07:00 am",3.72221
"Jun 17, 08:00 am",7.58968
"Jun 17, 09:00 am",10.2673
"Jun 17, 10:00 am",11.8281
"Jun 17, 11:00 am",12.8881
"Jun 17, 12:00 pm",13.6065
"Jun 17, 01:00 pm",13.3686
"Jun 17, 02:00 pm",12.2141
"Jun 17, 03:00 pm",10.2042
"Jun 17, 04:00 pm",7.31109
"Jun 17, 05:00 pm",3.50685
"Jun 17, 06:00 pm",0.557393
"Jun 17, 07:00 pm",-0
"Jun 17, 08:00 pm",0
"Jun 17, 09:00 pm",0
"Jun 17, 10:00 pm",0
"Jun 17, 11:00 pm",0
"Jun 18, 12:00 am",0
"Jun 18, 01:00 am",0
"Jun 18, 02:00 am",0
"Jun 18, 03:00 am",0
"Jun 18, 04:00 am",0
"Jun 18, 05:00 am",0.00765421
"Jun 18, 06:00 am",0.668509
"Jun 18, 07:00 am",3.67986
"Jun 18, 08:00 am",7.45809
"Jun 18, 09:00 am",10.0568
"Jun 18, 10:00 am",11.9785
"Jun 18, 11:00 am",13.3479
"Jun 18, 12:00 pm",13.8282
"Jun 18, 01:00 pm",13.4518
"Jun 18, 02:00 pm",12.4064
"Jun 18, 03:00 pm",10.3454
"Jun 18, 04:00 pm",7.44654
"Jun 18, 05:00 pm",3.59038
"Jun 18, 06:00 pm",0.536436
"Jun 18, 07:00 pm",0.0051949
"Jun 18, 08:00 pm",0
"Jun 18, 09:00 pm",0
"Jun 18, 10:00 pm",0
"Jun 18, 11:00 pm",0
"Jun 19, 12:00 am",0
"Jun 19, 01:00 am",0
"Jun 19, 02:00 am",0
"Jun 19, 03:00 am",0
"Jun 19, 04:00 am",0
"Jun 19, 05:00 am",0.00863967
"Jun 19, 06:00 am",0.710124
"Jun 19, 07:00 am",3.74222
"Jun 19, 08:00 am",7.60723
"Jun 19, 09:00 am",10.4433
"Jun 19, 10:00 am",12.2761
"Jun 19, 11:00 am",13.2397
"Jun 19, 12:00 pm",13.3581
"Jun 19, 01:00 pm",12.7572
"Jun 19, 02:00 pm",11.5618
"Jun 19, 03:00 pm",9.679
"Jun 19, 04:00 pm",6.99403
"Jun 19, 05:00 pm",3.43116
"Jun 19, 06:00 pm",0.700021
"Jun 19, 07:00 pm",-0
"Jun 19, 08:00 pm",0
"Jun 19, 09:00 pm",0
"Jun 19, 10:00 pm",0
"Jun 19, 11:00 pm",0
"Jun 20, 12:00 am",0
"Jun 20, 01:00 am",0
"Jun 20, 02:00 am",0
"Jun 20, 03:00 am",0
"Jun 20, 04:00 am",0
"Jun 20, 05:00 am",0.00911912
"Jun 20, 06:00 am",0.638443
"Jun 20, 07:00 am",3.64696
"Jun 20, 08:00 am",7.44315
"Jun 20, 09:00 am",10.0688
"Jun 20, 10:00 am",11.7348
"Jun 20, 11:00 am",12.8999
"Jun 20, 12:00 pm",13.4977
"Jun 20, 01:00 pm",13.3317
"Jun 20, 02:00 pm",12.16
"Jun 20, 03:00 pm",10.1439
"Jun 20, 04:00 pm",7.29273
"Jun 20, 05:00 pm",3.52803
"Jun 20, 06:00 pm",0.670531
"Jun 20, 07:00 pm",-0
"Jun 20, 08:00 pm",0
"Jun 20, 09:00 pm",0
"Jun 20, 10:00 pm",0
"Jun 20, 11:00 pm",0
"Jun 21, 12:00 am",0
"Jun 21, 01:00 am",0
"Jun 21, 02:00 am",0
"Jun 21, 03:00 am",0
"Jun 21, 04:00 am",0
"Jun 21, 05:00 am",-0
"Jun 21, 06:00 am",0.687811
"Jun 21, 07:00 am",3.64492
"Jun 21, 08:00 am",7.41365
"Jun 21, 09:00 am",9.16343
"Jun 21, 10:00 am",10.9868
"Jun 21, 11:00 am",12.5803
"Jun 21, 12:00 pm",12.377
"Jun 21, 01:00 pm",8.80637
"Jun 21, 02:00 pm",12.24
"Jun 21, 03:00 pm",10.211
"Jun 21, 04:00 pm",7.26013
"Jun 21, 05:00 pm",3.54237
"Jun 21, 06:00 pm",0.74366
"Jun 21, 07:00 pm",-0
"Jun 21, 08:00 pm",0
"Jun 21, 09:00 pm",0
"Jun 21, 10:00 pm",0
"Jun 21, 11:00 pm",0
"Jun 22, 12:00 am",0
"Jun 22, 01:00 am",0
"Jun 22, 02:00 am",0
"Jun 22, 03:00 am",0
"Jun 22, 04:00 am",0
"Jun 22, 05:00 am",-0
"Jun 22, 06:00 am",0.671016
"Jun 22, 07:00 am",3.40754
"Jun 22, 08:00 am",6.45482
"Jun 22, 09:00 am",10.1242
"Jun 22, 10:00 am",9.68178
"Jun 22, 11:00 am",10.2544
"Jun 22, 12:00 pm",10.1661
"Jun 22, 01:00 pm",11.5789
"Jun 22, 02:00 pm",11.9987
"Jun 22, 03:00 pm",10.0297
"Jun 22, 04:00 pm",7.25063
"Jun 22, 05:00 pm",3.50078
"Jun 22, 06:00 pm",0.684174
"Jun 22, 07:00 pm",-0
"Jun 22, 08:00 pm",0
"Jun 22, 09:00 pm",0
"Jun 22, 10:00 pm",0
"Jun 22, 11:00 pm",0
"Jun 23, 12:00 am",0
"Jun 23, 01:00 am",0
"Jun 23, 02:00 am",0
"Jun 23, 03:00 am",0
"Jun 23, 04:00 am",0
"Jun 23, 05:00 am",-0
"Jun 23, 06:00 am",0.72499
"Jun 23, 07:00 am",3.57684
"Jun 23, 08:00 am",7.22291
"Jun 23, 09:00 am",9.89917
"Jun 23, 10:00 am",11.9529
"Jun 23, 11:00 am",13.3904
"Jun 23, 12:00 pm",13.9559
"Jun 23, 01:00 pm",13.6098
"Jun 23, 02:00 pm",12.4597
"Jun 23, 03:00 pm",10.3246
"Jun 23, 04:00 pm",7.37662
"Jun 23, 05:00 pm",3.5601
"Jun 23, 06:00 pm",0.674022
"Jun 23, 07:00 pm",0.00520532
"Jun 23, 08:00 pm",0
"Jun 23, 09:00 pm",0
"Jun 23, 10:00 pm",0
"Jun 23, 11:00 pm",0
"Jun 24, 12:00 am",0
"Jun 24, 01:00 am",0
"Jun 24, 02:00 am",0
"Jun 24, 03:00 am",0
"Jun 24, 04:00 am",0
"Jun 24, 05:00 am",-0
"Jun 24, 06:00 am",0.612605
"Jun 24, 07:00 am",3.55027
"Jun 24, 08:00 am",7.24466
"Jun 24, 09:00 am",9.80239
"Jun 24, 10:00 am",11.5077
"Jun 24, 11:00 am",11.797
"Jun 24, 12:00 pm",13.2798
"Jun 24, 01:00 pm",11.6487
"Jun 24, 02:00 pm",9.81592
"Jun 24, 03:00 pm",9.73899
"Jun 24, 04:00 pm",6.99865
"Jun 24, 05:00 pm",3.46799
"Jun 24, 06:00 pm",0.716877
"Jun 24, 07:00 pm",0.0051949
"Jun 24, 08:00 pm",0
"Jun 24, 09:00 pm",0
"Jun 24, 10:00 pm",0
"Jun 24, 11:00 pm",0
"Jun 25, 12:00 am",0
"Jun 25, 01:00 am",0
"Jun 25, 02:00 am",0
"Jun 25, 03:00 am",0
"Jun 25, 04:00 am",0
"Jun 25, 05:00 am",0.00911912
"Jun 25, 06:00 am",0.558452
"Jun 25, 07:00 am",3.55852
"Jun 25, 08:00 am",7.37433
"Jun 25, 09:00 am",10.136
"Jun 25, 10:00 am",11.8533
"Jun 25, 11:00 am",12.4894
"Jun 25, 12:00 pm",12.6253
"Jun 25, 01:00 pm",12.3164
"Jun 25, 02:00 pm",11.4228
"Jun 25, 03:00 pm",9.69235
"Jun 25, 04:00 pm",7.10591
"Jun 25, 05:00 pm",3.54409
"Jun 25, 06:00 pm",0.705571
"Jun 25, 07:00 pm",-0
"Jun 25, 08:00 pm",0
"Jun 25, 09:00 pm",0
"Jun 25, 10:00 pm",0
"Jun 25, 11:00 pm",0
"Jun 26, 12:00 am",0
"Jun 26, 01:00 am",0
"Jun 26, 02:00 am",0
"Jun 26, 03:00 am",0
"Jun 26, 04:00 am",0
"Jun 26, 05:00 am",-0
"Jun 26, 06:00 am",0.583952
"Jun 26, 07:00 am",3.62841
"Jun 26, 08:00 am",7.47765
"Jun 26, 09:00 am",10.4568
"Jun 26, 10:00 am",12.6705
"Jun 26, 11:00 am",14.0287
"Jun 26, 12:00 pm",14.5094
"Jun 26, 01:00 pm",14.0611
"Jun 26, 02:00 pm",12.6771
"Jun 26, 03:00 pm",10.4617
"Jun 26, 04:00 pm",7.51506
"Jun 26, 05:00 pm",3.61924
"Jun 26, 06:00 pm",0.606498
"Jun 26, 07:00 pm",0.00427049
"Jun 26, 08:00 pm",0
"Jun 26, 09:00 pm",0
"Jun 26, 10:00 pm",0
"Jun 26, 11:00 pm",0
"Jun 27, 12:00 am",0
"Jun 27, 01:00 am",0
"Jun 27, 02:00 am",0
"Jun 27, 03:00 am",0
"Jun 27, 04:00 am",0
"Jun 27, 05:00 am",-0
"Jun 27, 06:00 am",0.613418
"Jun 27, 07:00 am",3.50036
"Jun 27, 08:00 am",7.16875
"Jun 27, 09:00 am",9.78213
"Jun 27, 10:00 am",11.6744
"Jun 27, 11:00 am",12.9148
"Jun 27, 12:00 pm",13.4061
"Jun 27, 01:00 pm",12.9981
"Jun 27, 02:00 pm",11.8901
"Jun 27, 03:00 pm",9.80114
"Jun 27, 04:00 pm",7.01167
"Jun 27, 05:00 pm",3.51897
"Jun 27, 06:00 pm",0.717435
"Jun 27, 07:00 pm",-0
"Jun 27, 08:00 pm",0
"Jun 27, 09:00 pm",0
"Jun 27, 10:00 pm",0
"Jun 27, 11:00 pm",0
"Jun 28, 12:00 am",0
"Jun 28, 01:00 am",0
"Jun 28, 02:00 am",0
"Jun 28, 03:00 am",0
"Jun 28, 04:00 am",0
"Jun 28, 05:00 am",-0
"Jun 28, 06:00 am",0.724519
"Jun 28, 07:00 am",3.41983
"Jun 28, 08:00 am",7.03543
"Jun 28, 09:00 am",9.83635
"Jun 28, 10:00 am",11.6833
"Jun 28, 11:00 am",12.6134
"Jun 28, 12:00 pm",12.8625
"Jun 28, 01:00 pm",12.4277
"Jun 28, 02:00 pm",11.1769
"Jun 28, 03:00 pm",9.12847
"Jun 28, 04:00 pm",6.39981
"Jun 28, 05:00 pm",3.43239
"Jun 28, 06:00 pm",0.642599
"Jun 28, 07:00 pm",-0
"Jun 28, 08:00 pm",0
"Jun 28, 09:00 pm",0
"Jun 28, 10:00 pm",0
"Jun 28, 11:00 pm",0
"Jun 29, 12:00 am",0
"Jun 29, 01:00 am",0
"Jun 29, 02:00 am",0
"Jun 29, 03:00 am",0
"Jun 29, 04:00 am",0
"Jun 29, 05:00 am",-0
"Jun 29, 06:00 am",0.167832
"Jun 29, 07:00 am",2.8264
"Jun 29, 08:00 am",6.39317
"Jun 29, 09:00 am",6.07693
"Jun 29, 10:00 am",11.1684
"Jun 29, 11:00 am",12.1794
"Jun 29, 12:00 pm",12.7193
"Jun 29, 01:00 pm",12.3601
"Jun 29, 02:00 pm",11.1952
"Jun 29, 03:00 pm",9.21644
"Jun 29, 04:00 pm",6.56236
"Jun 29, 05:00 pm",3.38513
"Jun 29, 06:00 pm",0.759412
"Jun 29, 07:00 pm",-0
"Jun 29, 08:00 pm",0
"Jun 29, 09:00 pm",0
"Jun 29, 10:00 pm",0
"Jun 29, 11:00 pm",0
"Jun 30, 12:00 am",0
"Jun 30, 01:00 am",0
"Jun 30, 02:00 am",0
"Jun 30, 03:00 am",0
"Jun 30, 04:00 am",0
"Jun 30, 05:00 am",-0
"Jun 30, 06:00 am",0.713388
"Jun 30, 07:00 am",3.31979
"Jun 30, 08:00 am",6.45952
"Jun 30, 09:00 am",9.07735
"Jun 30, 10:00 am",11.151
"Jun 30, 11:00 am",12.6661
"Jun 30, 12:00 pm",13.1212
"Jun 30, 01:00 pm",12.7396
"Jun 30, 02:00 pm",11.3048
"Jun 30, 03:00 pm",9.31204
"Jun 30, 04:00 pm",5.14219
"Jun 30, 05:00 pm",3.58014
"Jun 30, 06:00 pm",0.624001
"Jun 30, 07:00 pm",-0
"Jun 30, 08:00 pm",0
"Jun 30, 09:00 pm",0
"Jun 30, 10:00 pm",0
"Jun 30, 11:00 pm",0
"Jul 1, 12:00 am",0
"Jul 1, 01:00 am",0
"Jul 1, 02:00 am",0
"Jul 1, 03:00 am",0
"Jul 1, 04:00 am",0
"Jul 1, 05:00 am",-0
"Jul 1, 06:00 am",0.645367
"Jul 1, 07:00 am",3.50522
"Jul 1, 08:00 am",7.32907
"Jul 1, 09:00 am",10.2123
"Jul 1, 10:00 am",12.3081
"Jul 1, 11:00 am",13.6436
"Jul 1, 12:00 pm",14.0977
"Jul 1, 01:00 pm",13.7394
"Jul 1, 02:00 pm",12.3665
"Jul 1, 03:00 pm",10.2746
"Jul 1, 04:00 pm",7.38108
"Jul 1, 05:00 pm",3.57264
"Jul 1, 06:00 pm",0.626856
"Jul 1, 07:00 pm",0.00375506
"Jul 1, 08:00 pm",0
"Jul 1, 09:00 pm",0
"Jul 1, 10:00 pm",0
"Jul 1, 11:00 pm",0
"Jul 2, 12:00 am",0
"Jul 2, 01:00 am",0
"Jul 2, 02:00 am",0
"Jul 2, 03:00 am",0
"Jul 2, 04:00 am",0
"Jul 2, 05:00 am",-0
"Jul 2, 06:00 am",0.547897
"Jul 2, 07:00 am",3.37312
"Jul 2, 08:00 am",7.12654
"Jul 2, 09:00 am",9.96272
"Jul 2, 10:00 am",11.9503
"Jul 2, 11:00 am",13.0111
"Jul 2, 12:00 pm",13.3335
"Jul 2, 01:00 pm",12.9488
"Jul 2, 02:00 pm",11.8382
"Jul 2, 03:00 pm",9.81608
"Jul 2, 04:00 pm",7.06296
"Jul 2, 05:00 pm",3.43819
"Jul 2, 06:00 pm",0.621738
"Jul 2, 07:00 pm",-0
"Jul 2, 08:00 pm",0
"Jul 2, 09:00 pm",0
"Jul 2, 10:00 pm",0
"Jul 2, 11:00 pm",0
"Jul 3, 12:00 am",0
"Jul 3, 01:00 am",0
"Jul 3, 02:00 am",0
"Jul 3, 03:00 am",0
"Jul 3, 04:00 am",0
"Jul 3, 05:00 am",-0
"Jul 3, 06:00 am",0.615319
"Jul 3, 07:00 am",3.25108
"Jul 3, 08:00 am",6.81896
"Jul 3, 09:00 am",9.70984
"Jul 3, 10:00 am",11.714
"Jul 3, 11:00 am",13.1215
"Jul 3, 12:00 pm",13.6113
"Jul 3, 01:00 pm",13.241
"Jul 3, 02:00 pm",12.0306
"Jul 3, 03:00 pm",9.99929
"Jul 3, 04:00 pm",7.19706
"Jul 3, 05:00 pm",3.5204
"Jul 3, 06:00 pm",0.667557
"Jul 3, 07:00 pm",-0
"Jul 3, 08:00 pm",0
"Jul 3, 09:00 pm",0
"Jul 3, 10:00 pm",0
"Jul 3, 11:00 pm",0
"Jul 4, 12:00 am",0
"Jul 4, 01:00 am",0
"Jul 4, 02:00 am",0
"Jul 4, 03:00 am",0
"Jul 4, 04:00 am",0
"Jul 4, 05:00 am",-0
"Jul 4, 06:00 am",0.593789
"Jul 4, 07:00 am",3.31303
"Jul 4, 08:00 am",6.99007
"Jul 4, 09:00 am",9.85449
"Jul 4, 10:00 am",11.8796
"Jul 4, 11:00 am",13.1821
"Jul 4, 12:00 pm",13.6903
"Jul 4, 01:00 pm",13.3498
"Jul 4, 02:00 pm",12.2101
"Jul 4, 03:00 pm",10.1549
"Jul 4, 04:00 pm",7.34989
"Jul 4, 05:00 pm",3.57701
"Jul 4, 06:00 pm",0.607608
"Jul 4, 07:00 pm",-0
"Jul 4, 08:00 pm",0
"Jul 4, 09:00 pm",0
"Jul 4, 10:00 pm",0
"Jul 4, 11:00 pm",0
"Jul 5, 12:00 am",0
"Jul 5, 01:00 am",0
"Jul 5, 02:00 am",0
"Jul 5, 03:00 am",0
"Jul 5, 04:00 am",0
"Jul 5, 05:00 am",-0
"Jul 5, 06:00 am",0.730307
"Jul 5, 07:00 am",3.32263
"Jul 5, 08:00 am",6.8718
"Jul 5, 09:00 am",9.75026
"Jul 5, 10:00 am",11.8478
"Jul 5, 11:00 am",13.1985
"Jul 5, 12:00 pm",13.7072
"Jul 5, 01:00 pm",13.3509
"Jul 5, 02:00 pm",12.1051
"Jul 5, 03:00 pm",10.1307
"Jul 5, 04:00 pm",7.32198
"Jul 5, 05:00 pm",3.57458
"Jul 5, 06:00 pm",0.656246
"Jul 5, 07:00 pm",-0
"Jul 5, 08:00 pm",0
"Jul 5, 09:00 pm",0
"Jul 5, 10:00 pm",0
"Jul 5, 11:00 pm",0
"Jul 6, 12:00 am",0
"Jul 6, 01:00 am",0
"Jul 6, 02:00 am",0
"Jul 6, 03:00 am",0
"Jul 6, 04:00 am",0
"Jul 6, 05:00 am",-0
"Jul 6, 06:00 am",0.635627
"Jul 6, 07:00 am",3.26176
"Jul 6, 08:00 am",6.6929
"Jul 6, 09:00 am",9.43518
"Jul 6, 10:00 am",11.3603
"Jul 6, 11:00 am",12.5369
"Jul 6, 12:00 pm",12.9142
"Jul 6, 01:00 pm",12.6681
"Jul 6, 02:00 pm",11.7034
"Jul 6, 03:00 pm",9.82645
"Jul 6, 04:00 pm",7.15711
"Jul 6, 05:00 pm",3.50727
"Jul 6, 06:00 pm",0.736096
"Jul 6, 07:00 pm",-0
"Jul 6, 08:00 pm",0
"Jul 6, 09:00 pm",0
"Jul 6, 10:00 pm",0
"Jul 6, 11:00 pm",0
"Jul 7, 12:00 am",0
"Jul 7, 01:00 am",0
"Jul 7, 02:00 am",0
"Jul 7, 03:00 am",0
"Jul 7, 04:00 am",0
"Jul 7, 05:00 am",-0
"Jul 7, 06:00 am",0.727997
"Jul 7, 07:00 am",3.22538
"Jul 7, 08:00 am",6.71699
"Jul 7, 09:00 am",9.51388
"Jul 7, 10:00 am",11.5009
"Jul 7, 11:00 am",12.6132
"Jul 7, 12:00 pm",12.7073
"Jul 7, 01:00 pm",12.4254
"Jul 7, 02:00 pm",11.357
"Jul 7, 03:00 pm",9.5205
"Jul 7, 04:00 pm",6.40744
"Jul 7, 05:00 pm",3.30841
"Jul 7, 06:00 pm",0.900506
"Jul 7, 07:00 pm",-0
"Jul 7, 08:00 pm",0
"Jul 7, 09:00 pm",0
"Jul 7, 10:00 pm",0
"Jul 7, 11:00 pm",0
"Jul 8, 12:00 am",0
"Jul 8, 01:00 am",0
"Jul 8, 02:00 am",0
"Jul 8, 03:00 am",0
"Jul 8, 04:00 am",0
"Jul 8, 05:00 am",-0
"Jul 8, 06:00 am",0.651706
"Jul 8, 07:00 am",3.19385
"Jul 8, 08:00 am",6.71971
"Jul 8, 09:00 am",6.63331
"Jul 8, 10:00 am",11.5645
"Jul 8, 11:00 am",12.6656
"Jul 8, 12:00 pm",13.0561
"Jul 8, 01:00 pm",12.7292
"Jul 8, 02:00 pm",11.5428
"Jul 8, 03:00 pm",8.91179
"Jul 8, 04:00 pm",5.53032
"Jul 8, 05:00 pm",2.81404
"Jul 8, 06:00 pm",0.916969
"Jul 8, 07:00 pm",-0
"Jul 8, 08:00 pm",0
"Jul 8, 09:00 pm",0
"Jul 8, 10:00 pm",0
"Jul 8, 11:00 pm",0
"Jul 9, 12:00 am",0
"Jul 9, 01:00 am",0
"Jul 9, 02:00 am",0
"Jul 9, 03:00 am",0
"Jul 9, 04:00 am",0
"Jul 9, 05:00 am",-0
"Jul 9, 06:00 am",0.711096
"Jul 9, 07:00 am",3.15115
"Jul 9, 08:00 am",6.56273
"Jul 9, 09:00 am",9.29962
"Jul 9, 10:00 am",11.4169
"Jul 9, 11:00 am",12.9137
"Jul 9, 12:00 pm",13.2903
"Jul 9, 01:00 pm",12.9951
"Jul 9, 02:00 pm",11.8163
"Jul 9, 03:00 pm",9.77656
"Jul 9, 04:00 pm",7.02241
"Jul 9, 05:00 pm",3.50563
"Jul 9, 06:00 pm",0.69485
"Jul 9, 07:00 pm",-0
"Jul 9, 08:00 pm",0
"Jul 9, 09:00 pm",0
"Jul 9, 10:00 pm",0
"Jul 9, 11:00 pm",0
"Jul 10, 12:00 am",0
"Jul 10, 01:00 am",0
"Jul 10, 02:00 am",0
"Jul 10, 03:00 am",0
"Jul 10, 04:00 am",0
"Jul 10, 05:00 am",-0
"Jul 10, 06:00 am",0.615266
"Jul 10, 07:00 am",3.26132
"Jul 10, 08:00 am",6.98071
"Jul 10, 09:00 am",9.89457
"Jul 10, 10:00 am",11.7526
"Jul 10, 11:00 am",12.9483
"Jul 10, 12:00 pm",13.5631
"Jul 10, 01:00 pm",13.3124
"Jul 10, 02:00 pm",12.0625
"Jul 10, 03:00 pm",10.0055
"Jul 10, 04:00 pm",7.25026
"Jul 10, 05:00 pm",3.55013
"Jul 10, 06:00 pm",0.657704
"Jul 10, 07:00 pm",-0
"Jul 10, 08:00 pm",0
"Jul 10, 09:00 pm",0
"Jul 10, 10:00 pm",0
"Jul 10, 11:00 pm",0
"Jul 11, 12:00 am",0
"Jul 11, 01:00 am",0
"Jul 11, 02:00 am",0
"Jul 11, 03:00 am",0
"Jul 11, 04:00 am",0
"Jul 11, 05:00 am",-0
"Jul 11, 06:00 am",0.728931
"Jul 11, 07:00 am",2.98957
"Jul 11, 08:00 am",4.34356
"Jul 11, 09:00 am",7.41154
"Jul 11, 10:00 am",10.708
"Jul 11, 11:00 am",9.85995
"Jul 11, 12:00 pm",8.50357
"Jul 11, 01:00 pm",12.9092
"Jul 11, 02:00 pm",11.8151
"Jul 11, 03:00 pm",9.85411
"Jul 11, 04:00 pm",6.38578
"Jul 11, 05:00 pm",3.27822
"Jul 11, 06:00 pm",0.658894
"Jul 11, 07:00 pm",-0
"Jul 11, 08:00 pm",0
"Jul 11, 09:00 pm",0
"Jul 11, 10:00 pm",0
"Jul 11, 11:00 pm",0
"Jul 12, 12:00 am",0
"Jul 12, 01:00 am",0
"Jul 12, 02:00 am",0
"Jul 12, 03:00 am",0
"Jul 12, 04:00 am",0
"Jul 12, 05:00 am",-0
"Jul 12, 06:00 am",0.637747
"Jul 12, 07:00 am",3.11158
"Jul 12, 08:00 am",6.54126
"Jul 12, 09:00 am",9.30198
"Jul 12, 10:00 am",11.36
"Jul 12, 11:00 am",12.7217
"Jul 12, 12:00 pm",13.276
"Jul 12, 01:00 pm",12.936
"Jul 12, 02:00 pm",11.7795
"Jul 12, 03:00 pm",9.82294
"Jul 12, 04:00 pm",7.06228
"Jul 12, 05:00 pm",3.49535
"Jul 12, 06:00 pm",0.712144
"Jul 12, 07:00 pm",-0
"Jul 12, 08:00 pm",0
"Jul 12, 09:00 pm",0
"Jul 12, 10:00 pm",0
"Jul 12, 11:00 pm",0
"Jul 13, 12:00 am",0
"Jul 13, 01:00 am",0
"Jul 13, 02:00 am",0
"Jul 13, 03:00 am",0
"Jul 13, 04:00 am",0
"Jul 13, 05:00 am",-0
"Jul 13, 06:00 am",0.603267
"Jul 13, 07:00 am",3.13119
"Jul 13, 08:00 am",6.59763
"Jul 13, 09:00 am",9.3523
"Jul 13, 10:00 am",11.5074
"Jul 13, 11:00 am",12.922
"Jul 13, 12:00 pm",13.4628
"Jul 13, 01:00 pm",13.1299
"Jul 13, 02:00 pm",11.9535
"Jul 13, 03:00 pm",9.97791
"Jul 13, 04:00 pm",7.14353
"Jul 13, 05:00 pm",3.49228
"Jul 13, 06:00 pm",0.704855
"Jul 13, 07:00 pm",-0
"Jul 13, 08:00 pm",0
"Jul 13, 09:00 pm",0
"Jul 13, 10:00 pm",0
"Jul 13, 11:00 pm",0
"Jul 14, 12:00 am",0
"Jul 14, 01:00 am",0
"Jul 14, 02:00 am",0
"Jul 14, 03:00 am",0
"Jul 14, 04:00 am",0
"Jul 14, 05:00 am",-0
"Jul 14, 06:00 am",0.61431
"Jul 14, 07:00 am",3.12977
"Jul 14, 08:00 am",6.66039
"Jul 14, 09:00 am",9.48559
"Jul 14, 10:00 am",11.4436
"Jul 14, 11:00 am",12.7055
"Jul 14, 12:00 pm",13.2072
"Jul 14, 01:00 pm",12.9013
"Jul 14, 02:00 pm",11.6706
"Jul 14, 03:00 pm",9.70603
"Jul 14, 04:00 pm",6.89349
"Jul 14, 05:00 pm",3.16704
"Jul 14, 06:00 pm",0.829668
"Jul 14, 07:00 pm",-0
"Jul 14, 08:00 pm",0
"Jul 14, 09:00 pm",0
"Jul 14, 10:00 pm",0
"Jul 14, 11:00 pm",0
"Jul 15, 12:00 am",0
"Jul 15, 01:00 am",0
"Jul 15, 02:00 am",0
"Jul 15, 03:00 am",0
"Jul 15, 04:00 am",0
"Jul 15, 05:00 am",-0
"Jul 15, 06:00 am",0.700182
"Jul 15, 07:00 am",2.92947
"Jul 15, 08:00 am",6.53466
"Jul 15, 09:00 am",9.29958
"Jul 15, 10:00 am",11.2252
"Jul 15, 11:00 am",12.3714
"Jul 15, 12:00 pm",12.8074
"Jul 15, 01:00 pm",12.5021
"Jul 15, 02:00 pm",11.4031
"Jul 15, 03:00 pm",9.53168
"Jul 15, 04:00 pm",6.86228
"Jul 15, 05:00 pm",2.85394
"Jul 15, 06:00 pm",0.886894
"Jul 15, 07:00 pm",-0
"Jul 15, 08:00 pm",0
"Jul 15, 09:00 pm",0
"Jul 15, 10:00 pm",0
"Jul 15, 11:00 pm",0
"Jul 16, 12:00 am",0
"Jul 16, 01:00 am",0
"Jul 16, 02:00 am",0
"Jul 16, 03:00 am",0
"Jul 16, 04:00 am",0
"Jul 16, 05:00 am",-0
"Jul 16, 06:00 am",0.405132
"Jul 16, 07:00 am",1.26478
"Jul 16, 08:00 am",4.82678
"Jul 16, 09:00 am",9.12935
"Jul 16, 10:00 am",11.0707
"Jul 16, 11:00 am",12.3793
"Jul 16, 12:00 pm",12.939
"Jul 16, 01:00 pm",12.8016
"Jul 16, 02:00 pm",11.6269
"Jul 16, 03:00 pm",9.69803
"Jul 16, 04:00 pm",6.98554
"Jul 16, 05:00 pm",3.51924
"Jul 16, 06:00 pm",0.709592
"Jul 16, 07:00 pm",-0
"Jul 16, 08:00 pm",0
"Jul 16, 09:00 pm",0
"Jul 16, 10:00 pm",0
"Jul 16, 11:00 pm",0
"Jul 17, 12:00 am",0
"Jul 17, 01:00 am",0
"Jul 17, 02:00 am",0
"Jul 17, 03:00 am",0
"Jul 17, 04:00 am",0
"Jul 17, 05:00 am",0
"Jul 17, 06:00 am",0.555477
"Jul 17, 07:00 am",1.77721
"Jul 17, 08:00 am",0.867362
"Jul 17, 09:00 am",5.71063
"Jul 17, 10:00 am",9.36483
"Jul 17, 11:00 am",10.8511
"Jul 17, 12:00 pm",12.4624
"Jul 17, 01:00 pm",13.3138
"Jul 17, 02:00 pm",11.9564
"Jul 17, 03:00 pm",9.96077
"Jul 17, 04:00 pm",7.1704
"Jul 17, 05:00 pm",3.14839
"Jul 17, 06:00 pm",0.864334
"Jul 17, 07:00 pm",-0
"Jul 17, 08:00 pm",0
"Jul 17, 09:00 pm",0
"Jul 17, 10:00 pm",0
"Jul 17, 11:00 pm",0
"Jul 18, 12:00 am",0
"Jul 18, 01:00 am",0
"Jul 18, 02:00 am",0
"Jul 18, 03:00 am",0
"Jul 18, 04:00 am",0
"Jul 18, 05:00 am",0
"Jul 18, 06:00 am",0.63155
"Jul 18, 07:00 am",3.0876
"Jul 18, 08:00 am",6.60538
"Jul 18, 09:00 am",9.46275
"Jul 18, 10:00 am",11.5992
"Jul 18, 11:00 am",13.0103
"Jul 18, 12:00 pm",13.4833
"Jul 18, 01:00 pm",12.9491
"Jul 18, 02:00 pm",11.5411
"Jul 18, 03:00 pm",9.50918
"Jul 18, 04:00 pm",0.150979
"Jul 18, 05:00 pm",0.115599
"Jul 18, 06:00 pm",-0
"Jul 18, 07:00 pm",-0
"Jul 18, 08:00 pm",0
"Jul 18, 09:00 pm",0
"Jul 18, 10:00 pm",0
"Jul 18, 11:00 pm",0
"Jul 19, 12:00 am",0
"Jul 19, 01:00 am",0
"Jul 19, 02:00 am",0
"Jul 19, 03:00 am",0
"Jul 19, 04:00 am",0
"Jul 19, 05:00 am",0
"Jul 19, 06:00 am",0.695468
"Jul 19, 07:00 am",3.12628
"Jul 19, 08:00 am",6.6414
"Jul 19, 09:00 am",9.54467
"Jul 19, 10:00 am",11.5438
"Jul 19, 11:00 am",12.8509
"Jul 19, 12:00 pm",13.1536
"Jul 19, 01:00 pm",10.7529
"Jul 19, 02:00 pm",10.2439
"Jul 19, 03:00 pm",8.79615
"Jul 19, 04:00 pm",5.50513
"Jul 19, 05:00 pm",2.48208
"Jul 19, 06:00 pm",0.866347
"Jul 19, 07:00 pm",-0
"Jul 19, 08:00 pm",0
"Jul 19, 09:00 pm",0
"Jul 19, 10:00 pm",0
"Jul 19, 11:00 pm",0
"Jul 20, 12:00 am",0
"Jul 20, 01:00 am",0
"Jul 20, 02:00 am",0
"Jul 20, 03:00 am",0
"Jul 20, 04:00 am",0
"Jul 20, 05:00 am",0
"Jul 20, 06:00 am",0.720133
"Jul 20, 07:00 am",2.38671
"Jul 20, 08:00 am",4.98365
"Jul 20, 09:00 am",5.2473
"Jul 20, 10:00 am",3.64704
"Jul 20, 11:00 am",12.0147
"Jul 20, 12:00 pm",12.2816
"Jul 20, 01:00 pm",12.0878
"Jul 20, 02:00 pm",11.3027
"Jul 20, 03:00 pm",9.53125
"Jul 20, 04:00 pm",6.95343
"Jul 20, 05:00 pm",3.504
"Jul 20, 06:00 pm",0.721094
"Jul 20, 07:00 pm",-0
"Jul 20, 08:00 pm",0
"Jul 20, 09:00 pm",0
"Jul 20, 10:00 pm",0
"Jul 20, 11:00 pm",0
"Jul 21, 12:00 am",0
"Jul 21, 01:00 am",0
"Jul 21, 02:00 am",0
"Jul 21, 03:00 am",0
"Jul 21, 04:00 am",0
"Jul 21, 05:00 am",0
"Jul 21, 06:00 am",0.653717
"Jul 21, 07:00 am",3.09917
"Jul 21, 08:00 am",5.71892
"Jul 21, 09:00 am",9.60018
"Jul 21, 10:00 am",11.7844
"Jul 21, 11:00 am",13.1929
"Jul 21, 12:00 pm",13.6885
"Jul 21, 01:00 pm",13.2898
"Jul 21, 02:00 pm",11.9974
"Jul 21, 03:00 pm",9.9076
"Jul 21, 04:00 pm",7.07714
"Jul 21, 05:00 pm",3.51919
"Jul 21, 06:00 pm",0.671891
"Jul 21, 07:00 pm",-0
"Jul 21, 08:00 pm",0
"Jul 21, 09:00 pm",0
"Jul 21, 10:00 pm",0
"Jul 21, 11:00 pm",0
"Jul 22, 12:00 am",0
"Jul 22, 01:00 am",0
"Jul 22, 02:00 am",0
"Jul 22, 03:00 am",0
"Jul 22, 04:00 am",0
"Jul 22, 05:00 am",0
"Jul 22, 06:00 am",0.580121
"Jul 22, 07:00 am",2.19057
"Jul 22, 08:00 am",5.37566
"Jul 22, 09:00 am",6.27554
"Jul 22, 10:00 am",11.7088
"Jul 22, 11:00 am",12.9939
"Jul 22, 12:00 pm",13.4827
"Jul 22, 01:00 pm",13.0983
"Jul 22, 02:00 pm",11.926
"Jul 22, 03:00 pm",9.77621
"Jul 22, 04:00 pm",6.63171
"Jul 22, 05:00 pm",2.41927
"Jul 22, 06:00 pm",0.831813
"Jul 22, 07:00 pm",-0
"Jul 22, 08:00 pm",0
"Jul 22, 09:00 pm",0
"Jul 22, 10:00 pm",0
"Jul 22, 11:00 pm",0
"Jul 23, 12:00 am",0
"Jul 23, 01:00 am",0
"Jul 23, 02:00 am",0
"Jul 23, 03:00 am",0
"Jul 23, 04:00 am",0
"Jul 23, 05:00 am",0
"Jul 23, 06:00 am",0.619125
"Jul 23, 07:00 am",2.87133
"Jul 23, 08:00 am",3.76801
"Jul 23, 09:00 am",9.45026
"Jul 23, 10:00 am",11.462
"Jul 23, 11:00 am",12.7522
"Jul 23, 12:00 pm",13.123
"Jul 23, 01:00 pm",12.9424
"Jul 23, 02:00 pm",11.7582
"Jul 23, 03:00 pm",9.83641
"Jul 23, 04:00 pm",7.097
"Jul 23, 05:00 pm",3.54116
"Jul 23, 06:00 pm",0.673451
"Jul 23, 07:00 pm",-0
"Jul 23, 08:00 pm",0
"Jul 23, 09:00 pm",0
"Jul 23, 10:00 pm",0
"Jul 23, 11:00 pm",0
"Jul 24, 12:00 am",0
"Jul 24, 01:00 am",0
"Jul 24, 02:00 am",0
"Jul 24, 03:00 am",0
"Jul 24, 04:00 am",0
"Jul 24, 05:00 am",0
"Jul 24, 06:00 am",0.692149
"Jul 24, 07:00 am",2.86033
"Jul 24, 08:00 am",2.65476
"Jul 24, 09:00 am",0.266836
"Jul 24, 10:00 am",0.483232
"Jul 24, 11:00 am",7.04769
"Jul 24, 12:00 pm",9.70095
"Jul 24, 01:00 pm",12.6455
"Jul 24, 02:00 pm",8.23791
"Jul 24, 03:00 pm",7.65568
"Jul 24, 04:00 pm",6.30027
"Jul 24, 05:00 pm",3.57909
"Jul 24, 06:00 pm",0.711477
"Jul 24, 07:00 pm",-0
"Jul 24, 08:00 pm",0
"Jul 24, 09:00 pm",0
"Jul 24, 10:00 pm",0
"Jul 24, 11:00 pm",0
"Jul 25, 12:00 am",0
"Jul 25, 01:00 am",0
"Jul 25, 02:00 am",0
"Jul 25, 03:00 am",0
"Jul 25, 04:00 am",0
"Jul 25, 05:00 am",0
"Jul 25, 06:00 am",0.535088
"Jul 25, 07:00 am",3.08645
"Jul 25, 08:00 am",6.6892
"Jul 25, 09:00 am",9.61493
"Jul 25, 10:00 am",7.87991
"Jul 25, 11:00 am",12.3371
"Jul 25, 12:00 pm",13.2945
"Jul 25, 01:00 pm",12.9496
"Jul 25, 02:00 pm",11.7608
"Jul 25, 03:00 pm",3.86591
"Jul 25, 04:00 pm",7.05783
"Jul 25, 05:00 pm",3.50054
"Jul 25, 06:00 pm",0.652347
"Jul 25, 07:00 pm",-0
"Jul 25, 08:00 pm",0
"Jul 25, 09:00 pm",0
"Jul 25, 10:00 pm",0
"Jul 25, 11:00 pm",0
"Jul 26, 12:00 am",0
"Jul 26, 01:00 am",0
"Jul 26, 02:00 am",0
"Jul 26, 03:00 am",0
"Jul 26, 04:00 am",0
"Jul 26, 05:00 am",0
"Jul 26, 06:00 am",0.462416
"Jul 26, 07:00 am",2.86939
"Jul 26, 08:00 am",6.60484
"Jul 26, 09:00 am",9.38917
"Jul 26, 10:00 am",11.5246
"Jul 26, 11:00 am",13.01
"Jul 26, 12:00 pm",13.6402
"Jul 26, 01:00 pm",13.3965
"Jul 26, 02:00 pm",12.2118
"Jul 26, 03:00 pm",10.1524
"Jul 26, 04:00 pm",7.32823
"Jul 26, 05:00 pm",3.47876
"Jul 26, 06:00 pm",0.637348
"Jul 26, 07:00 pm",-0
"Jul 26, 08:00 pm",0
"Jul 26, 09:00 pm",0
"Jul 26, 10:00 pm",0
"Jul 26, 11:00 pm",0
"Jul 27, 12:00 am",0
"Jul 27, 01:00 am",0
"Jul 27, 02:00 am",0
"Jul 27, 03:00 am",0
"Jul 27, 04:00 am",0
"Jul 27, 05:00 am",0
"Jul 27, 06:00 am",0.443765
"Jul 27, 07:00 am",3.00761
"Jul 27, 08:00 am",6.67874
"Jul 27, 09:00 am",9.52141
"Jul 27, 10:00 am",11.5684
"Jul 27, 11:00 am",12.8598
"Jul 27, 12:00 pm",13.374
"Jul 27, 01:00 pm",13.0691
"Jul 27, 02:00 pm",11.8586
"Jul 27, 03:00 pm",9.91161
"Jul 27, 04:00 pm",6.19952
"Jul 27, 05:00 pm",0.930485
"Jul 27, 06:00 pm",0.295685
"Jul 27, 07:00 pm",-0
"Jul 27, 08:00 pm",0
"Jul 27, 09:00 pm",0
"Jul 27, 10:00 pm",0
"Jul 27, 11:00 pm",0
"Jul 28, 12:00 am",0
"Jul 28, 01:00 am",0
"Jul 28, 02:00 am",0
"Jul 28, 03:00 am",0
"Jul 28, 04:00 am",0
"Jul 28, 05:00 am",0
"Jul 28, 06:00 am",0.630513
"Jul 28, 07:00 am",2.27683
"Jul 28, 08:00 am",0.348846
"Jul 28, 09:00 am",7.04443
"Jul 28, 10:00 am",4.26533
"Jul 28, 11:00 am",12.7845
"Jul 28, 12:00 pm",13.8286
"Jul 28, 01:00 pm",13.8078
"Jul 28, 02:00 pm",12.6831
"Jul 28, 03:00 pm",10.4205
"Jul 28, 04:00 pm",7.42049
"Jul 28, 05:00 pm",3.6056
"Jul 28, 06:00 pm",0.656181
"Jul 28, 07:00 pm",-0
"Jul 28, 08:00 pm",0
"Jul 28, 09:00 pm",0
"Jul 28, 10:00 pm",0
"Jul 28, 11:00 pm",0
"Jul 29, 12:00 am",0
"Jul 29, 01:00 am",0
"Jul 29, 02:00 am",0
"Jul 29, 03:00 am",0
"Jul 29, 04:00 am",0
"Jul 29, 05:00 am",0
"Jul 29, 06:00 am",0.569752
"Jul 29, 07:00 am",2.62884
"Jul 29, 08:00 am",5.31902
"Jul 29, 09:00 am",7.57431
"Jul 29, 10:00 am",10.2737
"Jul 29, 11:00 am",12.8442
"Jul 29, 12:00 pm",13.3157
"Jul 29, 01:00 pm",4.17367
"Jul 29, 02:00 pm",6.38008
"Jul 29, 03:00 pm",9.31284
"Jul 29, 04:00 pm",4.9651
"Jul 29, 05:00 pm",2.39353
"Jul 29, 06:00 pm",0.774753
"Jul 29, 07:00 pm",0
"Jul 29, 08:00 pm",0
"Jul 29, 09:00 pm",0
"Jul 29, 10:00 pm",0
"Jul 29, 11:00 pm",0
"Jul 30, 12:00 am",0
"Jul 30, 01:00 am",0
"Jul 30, 02:00 am",0
"Jul 30, 03:00 am",0
"Jul 30, 04:00 am",0
"Jul 30, 05:00 am",0
"Jul 30, 06:00 am",0.566444
"Jul 30, 07:00 am",1.94462
"Jul 30, 08:00 am",3.92186
"Jul 30, 09:00 am",8.10824
"Jul 30, 10:00 am",10.34
"Jul 30, 11:00 am",11.9035
"Jul 30, 12:00 pm",10.1619
"Jul 30, 01:00 pm",12.6762
"Jul 30, 02:00 pm",11.4362
"Jul 30, 03:00 pm",9.52781
"Jul 30, 04:00 pm",6.86345
"Jul 30, 05:00 pm",1.81653
"Jul 30, 06:00 pm",0.637027
"Jul 30, 07:00 pm",0
"Jul 30, 08:00 pm",0
"Jul 30, 09:00 pm",0
"Jul 30, 10:00 pm",0
"Jul 30, 11:00 pm",0
"Jul 31, 12:00 am",0
"Jul 31, 01:00 am",0
"Jul 31, 02:00 am",0
"Jul 31, 03:00 am",0
"Jul 31, 04:00 am",0
"Jul 31, 05:00 am",0
"Jul 31, 06:00 am",0.533978
"Jul 31, 07:00 am",2.67733
"Jul 31, 08:00 am",6.60364
"Jul 31, 09:00 am",7.89745
"Jul 31, 10:00 am",9.23984
"Jul 31, 11:00 am",12.7651
"Jul 31, 12:00 pm",13.2431
"Jul 31, 01:00 pm",12.8333
"Jul 31, 02:00 pm",11.4635
"Jul 31, 03:00 pm",9.45012
"Jul 31, 04:00 pm",6.92639
"Jul 31, 05:00 pm",3.44125
"Jul 31, 06:00 pm",0.7544
"Jul 31, 07:00 pm",0
"Jul 31, 08:00 pm",0
"Jul 31, 09:00 pm",0
"Jul 31, 10:00 pm",0
"Jul 31, 11:00 pm",0
"Aug 1, 12:00 am",0
"Aug 1, 01:00 am",0
"Aug 1, 02:00 am",0
"Aug 1, 03:00 am",0
"Aug 1, 04:00 am",0
"Aug 1, 05:00 am",0
"Aug 1, 06:00 am",0.513133
"Aug 1, 07:00 am",3.08651
"Aug 1, 08:00 am",6.73177
"Aug 1, 09:00 am",9.63996
"Aug 1, 10:00 am",11.776
"Aug 1, 11:00 am",13.0704
"Aug 1, 12:00 pm",13.5224
"Aug 1, 01:00 pm",13.1171
"Aug 1, 02:00 pm",11.9904
"Aug 1, 03:00 pm",10.0347
"Aug 1, 04:00 pm",7.32921
"Aug 1, 05:00 pm",1.54722
"Aug 1, 06:00 pm",0.513956
"Aug 1, 07:00 pm",0
"Aug 1, 08:00 pm",0
"Aug 1, 09:00 pm",0
"Aug 1, 10:00 pm",0
"Aug 1, 11:00 pm",0
"Aug 2, 12:00 am",0
"Aug 2, 01:00 am",0
"Aug 2, 02:00 am",0
"Aug 2, 03:00 am",0
"Aug 2, 04:00 am",0
"Aug 2, 05:00 am",0
"Aug 2, 06:00 am",0.46222
"Aug 2, 07:00 am",0.888671
"Aug 2, 08:00 am",7.00162
"Aug 2, 09:00 am",9.90663
"Aug 2, 10:00 am",11.7596
"Aug 2, 11:00 am",12.6819
"Aug 2, 12:00 pm",13.2003
"Aug 2, 01:00 pm",13.2028
"Aug 2, 02:00 pm",12.1898
"Aug 2, 03:00 pm",10.2282
"Aug 2, 04:00 pm",7.44055
"Aug 2, 05:00 pm",3.62879
"Aug 2, 06:00 pm",0.490875
"Aug 2, 07:00 pm",0
"Aug 2, 08:00 pm",0
"Aug 2, 09:00 pm",0
"Aug 2, 10:00 pm",0
"Aug 2, 11:00 pm",0
"Aug 3, 12:00 am",0
"Aug 3, 01:00 am",0
"Aug 3, 02:00 am",0
"Aug 3, 03:00 am",0
"Aug 3, 04:00 am",0
"Aug 3, 05:00 am",0
"Aug 3, 06:00 am",0.40164
"Aug 3, 07:00 am",3.04765
"Aug 3, 08:00 am",6.7523
"Aug 3, 09:00 am",9.6384
"Aug 3, 10:00 am",11.8419
"Aug 3, 11:00 am",13.1818
"Aug 3, 12:00 pm",12.9403
"Aug 3, 01:00 pm",11.5979
"Aug 3, 02:00 pm",10.2098
"Aug 3, 03:00 pm",9.06921
"Aug 3, 04:00 pm",5.57186
"Aug 3, 05:00 pm",2.85745
"Aug 3, 06:00 pm",0.395773
"Aug 3, 07:00 pm",0
"Aug 3, 08:00 pm",0
"Aug 3, 09:00 pm",0
"Aug 3, 10:00 pm",0
"Aug 3, 11:00 pm",0
"Aug 4, 12:00 am",0
"Aug 4, 01:00 am",0
"Aug 4, 02:00 am",0
"Aug 4, 03:00 am",0
"Aug 4, 04:00 am",0
"Aug 4, 05:00 am",0
"Aug 4, 06:00 am",0.237455
"Aug 4, 07:00 am",1.3973
"Aug 4, 08:00 am",4.19228
"Aug 4, 09:00 am",1.86227
"Aug 4, 10:00 am",1.24267
"Aug 4, 11:00 am",2.15843
"Aug 4, 12:00 pm",7.86774
"Aug 4, 01:00 pm",10.0941
"Aug 4, 02:00 pm",12.7652
"Aug 4, 03:00 pm",10.527
"Aug 4, 04:00 pm",7.53164
"Aug 4, 05:00 pm",3.58437
"Aug 4, 06:00 pm",0.511941
"Aug 4, 07:00 pm",0
"Aug 4, 08:00 pm",0
"Aug 4, 09:00 pm",0
"Aug 4, 10:00 pm",0
"Aug 4, 11:00 pm",0
"Aug 5, 12:00 am",0
"Aug 5, 01:00 am",0
"Aug 5, 02:00 am",0
"Aug 5, 03:00 am",0
"Aug 5, 04:00 am",0
"Aug 5, 05:00 am",0
"Aug 5, 06:00 am",0.434456
"Aug 5, 07:00 am",3.09946
"Aug 5, 08:00 am",6.92624
"Aug 5, 09:00 am",9.84355
"Aug 5, 10:00 am",12.133
"Aug 5, 11:00 am",13.5914
"Aug 5, 12:00 pm",14.1861
"Aug 5, 01:00 pm",13.9353
"Aug 5, 02:00 pm",12.7181
"Aug 5, 03:00 pm",10.634
"Aug 5, 04:00 pm",7.68667
"Aug 5, 05:00 pm",3.70068
"Aug 5, 06:00 pm",0.477854
"Aug 5, 07:00 pm",0
"Aug 5, 08:00 pm",0
"Aug 5, 09:00 pm",0
"Aug 5, 10:00 pm",0
"Aug 5, 11:00 pm",0
"Aug 6, 12:00 am",0
"Aug 6, 01:00 am",0
"Aug 6, 02:00 am",0
"Aug 6, 03:00 am",0
"Aug 6, 04:00 am",0
"Aug 6, 05:00 am",0
"Aug 6, 06:00 am",0.383568
"Aug 6, 07:00 am",3.13084
"Aug 6, 08:00 am",7.04867
"Aug 6, 09:00 am",9.9103
"Aug 6, 10:00 am",11.558
"Aug 6, 11:00 am",12.5921
"Aug 6, 12:00 pm",13.2873
"Aug 6, 01:00 pm",13.1152
"Aug 6, 02:00 pm",11.9057
"Aug 6, 03:00 pm",10.0059
"Aug 6, 04:00 pm",7.27517
"Aug 6, 05:00 pm",3.50594
"Aug 6, 06:00 pm",0.502271
"Aug 6, 07:00 pm",0
"Aug 6, 08:00 pm",0
"Aug 6, 09:00 pm",0
"Aug 6, 10:00 pm",0
"Aug 6, 11:00 pm",0
"Aug 7, 12:00 am",0
"Aug 7, 01:00 am",0
"Aug 7, 02:00 am",0
"Aug 7, 03:00 am",0
"Aug 7, 04:00 am",0
"Aug 7, 05:00 am",0
"Aug 7, 06:00 am",0.412458
"Aug 7, 07:00 am",3.04842
"Aug 7, 08:00 am",6.90164
"Aug 7, 09:00 am",9.87038
"Aug 7, 10:00 am",11.6472
"Aug 7, 11:00 am",12.5432
"Aug 7, 12:00 pm",13.3354
"Aug 7, 01:00 pm",13.1714
"Aug 7, 02:00 pm",12.0869
"Aug 7, 03:00 pm",10.0757
"Aug 7, 04:00 pm",5.99053
"Aug 7, 05:00 pm",2.78829
"Aug 7, 06:00 pm",0.665164
"Aug 7, 07:00 pm",0
"Aug 7, 08:00 pm",0
"Aug 7, 09:00 pm",0
"Aug 7, 10:00 pm",0
"Aug 7, 11:00 pm",0
"Aug 8, 12:00 am",0
"Aug 8, 01:00 am",0
"Aug 8, 02:00 am",0
"Aug 8, 03:00 am",0
"Aug 8, 04:00 am",0
"Aug 8, 05:00 am",0
"Aug 8, 06:00 am",0.409827
"Aug 8, 07:00 am",2.782
"Aug 8, 08:00 am",5.69898
"Aug 8, 09:00 am",9.40894
"Aug 8, 10:00 am",11.2787
"Aug 8, 11:00 am",12.4564
"Aug 8, 12:00 pm",13.2024
"Aug 8, 01:00 pm",13.1143
"Aug 8, 02:00 pm",12.0859
"Aug 8, 03:00 pm",10.0038
"Aug 8, 04:00 pm",7.12929
"Aug 8, 05:00 pm",3.18536
"Aug 8, 06:00 pm",0.534298
"Aug 8, 07:00 pm",0
"Aug 8, 08:00 pm",0
"Aug 8, 09:00 pm",0
"Aug 8, 10:00 pm",0
"Aug 8, 11:00 pm",0
"Aug 9, 12:00 am",0
"Aug 9, 01:00 am",0
"Aug 9, 02:00 am",0
"Aug 9, 03:00 am",0
"Aug 9, 04:00 am",0
"Aug 9, 05:00 am",0
"Aug 9, 06:00 am",0.288288
"Aug 9, 07:00 am",1.60676
"Aug 9, 08:00 am",5.26821
"Aug 9, 09:00 am",7.95576
"Aug 9, 10:00 am",9.68419
"Aug 9, 11:00 am",10.6006
"Aug 9, 12:00 pm",12.63
"Aug 9, 01:00 pm",10.7524
"Aug 9, 02:00 pm",11.032
"Aug 9, 03:00 pm",9.34965
"Aug 9, 04:00 pm",6.6133
"Aug 9, 05:00 pm",3.28415
"Aug 9, 06:00 pm",0.603704
"Aug 9, 07:00 pm",0
"Aug 9, 08:00 pm",0
"Aug 9, 09:00 pm",0
"Aug 9, 10:00 pm",0
"Aug 9, 11:00 pm",0
"Aug 10, 12:00 am",0
"Aug 10, 01:00 am",0
"Aug 10, 02:00 am",0
"Aug 10, 03:00 am",0
"Aug 10, 04:00 am",0
"Aug 10, 05:00 am",0
"Aug 10, 06:00 am",0.473862
"Aug 10, 07:00 am",1.40237
"Aug 10, 08:00 am",2.86613
"Aug 10, 09:00 am",4.69794
"Aug 10, 10:00 am",10.0363
"Aug 10, 11:00 am",13.13
"Aug 10, 12:00 pm",13.5379
"Aug 10, 01:00 pm",13.0925
"Aug 10, 02:00 pm",11.7154
"Aug 10, 03:00 pm",9.73149
"Aug 10, 04:00 pm",6.94982
"Aug 10, 05:00 pm",3.35959
"Aug 10, 06:00 pm",0.452287
"Aug 10, 07:00 pm",0
"Aug 10, 08:00 pm",0
"Aug 10, 09:00 pm",0
"Aug 10, 10:00 pm",0
"Aug 10, 11:00 pm",0
"Aug 11, 12:00 am",0
"Aug 11, 01:00 am",0
"Aug 11, 02:00 am",0
"Aug 11, 03:00 am",0
"Aug 11, 04:00 am",0
"Aug 11, 05:00 am",0
"Aug 11, 06:00 am",0.383669
"Aug 11, 07:00 am",3.03828
"Aug 11, 08:00 am",6.78209
"Aug 11, 09:00 am",9.53523
"Aug 11, 10:00 am",10.7222
"Aug 11, 11:00 am",13.0376
"Aug 11, 12:00 pm",13.7312
"Aug 11, 01:00 pm",7.2557
"Aug 11, 02:00 pm",12.3408
"Aug 11, 03:00 pm",10.2721
"Aug 11, 04:00 pm",6.68305
"Aug 11, 05:00 pm",3.41838
"Aug 11, 06:00 pm",0.547718
"Aug 11, 07:00 pm",0
"Aug 11, 08:00 pm",0
"Aug 11, 09:00 pm",0
"Aug 11, 10:00 pm",0
"Aug 11, 11:00 pm",0
"Aug 12, 12:00 am",0
"Aug 12, 01:00 am",0
"Aug 12, 02:00 am",0
"Aug 12, 03:00 am",0
"Aug 12, 04:00 am",0
"Aug 12, 05:00 am",0
"Aug 12, 06:00 am",0.444801
"Aug 12, 07:00 am",2.78885
"Aug 12, 08:00 am",6.00174
"Aug 12, 09:00 am",8.30443
"Aug 12, 10:00 am",10.6579
"Aug 12, 11:00 am",13.0385
"Aug 12, 12:00 pm",12.8941
"Aug 12, 01:00 pm",13.4769
"Aug 12, 02:00 pm",12.3199
"Aug 12, 03:00 pm",10.3076
"Aug 12, 04:00 pm",7.32819
"Aug 12, 05:00 pm",3.21788
"Aug 12, 06:00 pm",0.558688
"Aug 12, 07:00 pm",0
"Aug 12, 08:00 pm",0
"Aug 12, 09:00 pm",0
"Aug 12, 10:00 pm",0
"Aug 12, 11:00 pm",0
"Aug 13, 12:00 am",0
"Aug 13, 01:00 am",0
"Aug 13, 02:00 am",0
"Aug 13, 03:00 am",0
"Aug 13, 04:00 am",0
"Aug 13, 05:00 am",0
"Aug 13, 06:00 am",0.406977
"Aug 13, 07:00 am",2.84295
"Aug 13, 08:00 am",6.22677
"Aug 13, 09:00 am",7.65053
"Aug 13, 10:00 am",10.7278
"Aug 13, 11:00 am",13.182
"Aug 13, 12:00 pm",13.8457
"Aug 13, 01:00 pm",13.6417
"Aug 13, 02:00 pm",11.348
"Aug 13, 03:00 pm",10.2546
"Aug 13, 04:00 pm",6.67996
"Aug 13, 05:00 pm",3.4021
"Aug 13, 06:00 pm",0.565936
"Aug 13, 07:00 pm",0
"Aug 13, 08:00 pm",0
"Aug 13, 09:00 pm",0
"Aug 13, 10:00 pm",0
"Aug 13, 11:00 pm",0
"Aug 14, 12:00 am",0
"Aug 14, 01:00 am",0
"Aug 14, 02:00 am",0
"Aug 14, 03:00 am",0
"Aug 14, 04:00 am",0
"Aug 14, 05:00 am",0
"Aug 14, 06:00 am",0.443556
"Aug 14, 07:00 am",3.03721
"Aug 14, 08:00 am",6.76992
"Aug 14, 09:00 am",9.63622
"Aug 14, 10:00 am",11.4698
"Aug 14, 11:00 am",12.5823
"Aug 14, 12:00 pm",13.2624
"Aug 14, 01:00 pm",13.1507
"Aug 14, 02:00 pm",11.9955
"Aug 14, 03:00 pm",9.9594
"Aug 14, 04:00 pm",6.47939
"Aug 14, 05:00 pm",3.08807
"Aug 14, 06:00 pm",0.124988
"Aug 14, 07:00 pm",0
"Aug 14, 08:00 pm",0
"Aug 14, 09:00 pm",0
"Aug 14, 10:00 pm",0
"Aug 14, 11:00 pm",0
"Aug 15, 12:00 am",0
"Aug 15, 01:00 am",0
"Aug 15, 02:00 am",0
"Aug 15, 03:00 am",0
"Aug 15, 04:00 am",0
"Aug 15, 05:00 am",0
"Aug 15, 06:00 am",0.301759
"Aug 15, 07:00 am",1.69994
"Aug 15, 08:00 am",6.17851
"Aug 15, 09:00 am",8.10772
"Aug 15, 10:00 am",4.88676
"Aug 15, 11:00 am",7.59557
"Aug 15, 12:00 pm",8.83738
"Aug 15, 01:00 pm",9.7768
"Aug 15, 02:00 pm",9.2292
"Aug 15, 03:00 pm",9.97731
"Aug 15, 04:00 pm",7.13108
"Aug 15, 05:00 pm",3.0558
"Aug 15, 06:00 pm",0.476474
"Aug 15, 07:00 pm",0
"Aug 15, 08:00 pm",0
"Aug 15, 09:00 pm",0
"Aug 15, 10:00 pm",0
"Aug 15, 11:00 pm",0
"Aug 16, 12:00 am",0
"Aug 16, 01:00 am",0
"Aug 16, 02:00 am",0
"Aug 16, 03:00 am",0
"Aug 16, 04:00 am",0
"Aug 16, 05:00 am",0
"Aug 16, 06:00 am",0.419893
"Aug 16, 07:00 am",2.27362
"Aug 16, 08:00 am",4.8494
"Aug 16, 09:00 am",7.84503
"Aug 16, 10:00 am",11.8447
"Aug 16, 11:00 am",13.2719
"Aug 16, 12:00 pm",12.5792
"Aug 16, 01:00 pm",13.6126
"Aug 16, 02:00 pm",12.5084
"Aug 16, 03:00 pm",9.50585
"Aug 16, 04:00 pm",6.77947
"Aug 16, 05:00 pm",3.30249
"Aug 16, 06:00 pm",0.402594
"Aug 16, 07:00 pm",0
"Aug 16, 08:00 pm",0
"Aug 16, 09:00 pm",0
"Aug 16, 10:00 pm",0
"Aug 16, 11:00 pm",0
"Aug 17, 12:00 am",0
"Aug 17, 01:00 am",0
"Aug 17, 02:00 am",0
"Aug 17, 03:00 am",0
"Aug 17, 04:00 am",0
"Aug 17, 05:00 am",0
"Aug 17, 06:00 am",0.345578
"Aug 17, 07:00 am",3.11901
"Aug 17, 08:00 am",7.03392
"Aug 17, 09:00 am",9.78684
"Aug 17, 10:00 am",11.6701
"Aug 17, 11:00 am",13.0017
"Aug 17, 12:00 pm",13.5871
"Aug 17, 01:00 pm",13.2795
"Aug 17, 02:00 pm",12.1815
"Aug 17, 03:00 pm",10.1814
"Aug 17, 04:00 pm",7.33662
"Aug 17, 05:00 pm",3.38045
"Aug 17, 06:00 pm",0.3789
"Aug 17, 07:00 pm",0
"Aug 17, 08:00 pm",0
"Aug 17, 09:00 pm",0
"Aug 17, 10:00 pm",0
"Aug 17, 11:00 pm",0
"Aug 18, 12:00 am",0
"Aug 18, 01:00 am",0
"Aug 18, 02:00 am",0
"Aug 18, 03:00 am",0
"Aug 18, 04:00 am",0
"Aug 18, 05:00 am",0
"Aug 18, 06:00 am",0.331615
"Aug 18, 07:00 am",2.85645
"Aug 18, 08:00 am",7.22859
"Aug 18, 09:00 am",10.2097
"Aug 18, 10:00 am",12.2944
"Aug 18, 11:00 am",13.3559
"Aug 18, 12:00 pm",13.5378
"Aug 18, 01:00 pm",13.002
"Aug 18, 02:00 pm",11.8179
"Aug 18, 03:00 pm",9.8806
"Aug 18, 04:00 pm",7.10666
"Aug 18, 05:00 pm",3.29387
"Aug 18, 06:00 pm",0.384574
"Aug 18, 07:00 pm",0
"Aug 18, 08:00 pm",0
"Aug 18, 09:00 pm",0
"Aug 18, 10:00 pm",0
"Aug 18, 11:00 pm",0
"Aug 19, 12:00 am",0
"Aug 19, 01:00 am",0
"Aug 19, 02:00 am",0
"Aug 19, 03:00 am",0
"Aug 19, 04:00 am",0
"Aug 19, 05:00 am",0
"Aug 19, 06:00 am",0.35189
"Aug 19, 07:00 am",2.75856
"Aug 19, 08:00 am",7.21748
"Aug 19, 09:00 am",10.2753
"Aug 19, 10:00 am",12.4186
"Aug 19, 11:00 am",13.5288
"Aug 19, 12:00 pm",13.7014
"Aug 19, 01:00 pm",13.0418
"Aug 19, 02:00 pm",11.6435
"Aug 19, 03:00 pm",9.7491
"Aug 19, 04:00 pm",7.1059
"Aug 19, 05:00 pm",3.32876
"Aug 19, 06:00 pm",0.381404
"Aug 19, 07:00 pm",0
"Aug 19, 08:00 pm",0
"Aug 19, 09:00 pm",0
"Aug 19, 10:00 pm",0
"Aug 19, 11:00 pm",0
"Aug 20, 12:00 am",0
"Aug 20, 01:00 am",0
"Aug 20, 02:00 am",0
"Aug 20, 03:00 am",0
"Aug 20, 04:00 am",0
"Aug 20, 05:00 am",0
"Aug 20, 06:00 am",0.331573
"Aug 20, 07:00 am",3.14063
"Aug 20, 08:00 am",7.05815
"Aug 20, 09:00 am",10.0498
"Aug 20, 10:00 am",11.8005
"Aug 20, 11:00 am",11.9269
"Aug 20, 12:00 pm",12.5113
"Aug 20, 01:00 pm",12.0014
"Aug 20, 02:00 pm",10.5823
"Aug 20, 03:00 pm",7.86065
"Aug 20, 04:00 pm",5.40584
"Aug 20, 05:00 pm",3.19505
"Aug 20, 06:00 pm",0.398588
"Aug 20, 07:00 pm",0
"Aug 20, 08:00 pm",0
"Aug 20, 09:00 pm",0
"Aug 20, 10:00 pm",0
"Aug 20, 11:00 pm",0
"Aug 21, 12:00 am",0
"Aug 21, 01:00 am",0
"Aug 21, 02:00 am",0
"Aug 21, 03:00 am",0
"Aug 21, 04:00 am",0
"Aug 21, 05:00 am",0
"Aug 21, 06:00 am",0.327765
"Aug 21, 07:00 am",3.07784
"Aug 21, 08:00 am",6.81695
"Aug 21, 09:00 am",9.59453
"Aug 21, 10:00 am",11.7081
"Aug 21, 11:00 am",12.9959
"Aug 21, 12:00 pm",13.4479
"Aug 21, 01:00 pm",13.2003
"Aug 21, 02:00 pm",12.1279
"Aug 21, 03:00 pm",9.16527
"Aug 21, 04:00 pm",5.71396
"Aug 21, 05:00 pm",1.23686
"Aug 21, 06:00 pm",0.313092
"Aug 21, 07:00 pm",0
"Aug 21, 08:00 pm",0
"Aug 21, 09:00 pm",0
"Aug 21, 10:00 pm",0
"Aug 21, 11:00 pm",0
"Aug 22, 12:00 am",0
"Aug 22, 01:00 am",0
"Aug 22, 02:00 am",0
"Aug 22, 03:00 am",0
"Aug 22, 04:00 am",0
"Aug 22, 05:00 am",0
"Aug 22, 06:00 am",0.355906
"Aug 22, 07:00 am",1.19569
"Aug 22, 08:00 am",0.968461
"Aug 22, 09:00 am",2.49779
"Aug 22, 10:00 am",9.99352
"Aug 22, 11:00 am",3.76354
"Aug 22, 12:00 pm",7.94887
"Aug 22, 01:00 pm",4.97964
"Aug 22, 02:00 pm",5.02848
"Aug 22, 03:00 pm",10.3618
"Aug 22, 04:00 pm",7.19384
"Aug 22, 05:00 pm",3.1956
"Aug 22, 06:00 pm",0.359282
"Aug 22, 07:00 pm",0
"Aug 22, 08:00 pm",0
"Aug 22, 09:00 pm",0
"Aug 22, 10:00 pm",0
"Aug 22, 11:00 pm",0
"Aug 23, 12:00 am",0
"Aug 23, 01:00 am",0
"Aug 23, 02:00 am",0
"Aug 23, 03:00 am",0
"Aug 23, 04:00 am",0
"Aug 23, 05:00 am",0
"Aug 23, 06:00 am",0.297979
"Aug 23, 07:00 am",3.09525
"Aug 23, 08:00 am",6.96911
"Aug 23, 09:00 am",9.95692
"Aug 23, 10:00 am",11.9967
"Aug 23, 11:00 am",13.2438
"Aug 23, 12:00 pm",13.639
"Aug 23, 01:00 pm",13.2301
"Aug 23, 02:00 pm",11.8768
"Aug 23, 03:00 pm",9.75311
"Aug 23, 04:00 pm",6.13614
"Aug 23, 05:00 pm",2.86227
"Aug 23, 06:00 pm",0.314466
"Aug 23, 07:00 pm",0
"Aug 23, 08:00 pm",0
"Aug 23, 09:00 pm",0
"Aug 23, 10:00 pm",0
"Aug 23, 11:00 pm",0
"Aug 24, 12:00 am",0
"Aug 24, 01:00 am",0
"Aug 24, 02:00 am",0
"Aug 24, 03:00 am",0
"Aug 24, 04:00 am",0
"Aug 24, 05:00 am",0
"Aug 24, 06:00 am",-0
"Aug 24, 07:00 am",1.35794
"Aug 24, 08:00 am",0.684784
"Aug 24, 09:00 am",2.1732
"Aug 24, 10:00 am",8.12891
"Aug 24, 11:00 am",10.7222
"Aug 24, 12:00 pm",11.9369
"Aug 24, 01:00 pm",11.6602
"Aug 24, 02:00 pm",10.7645
"Aug 24, 03:00 pm",9.90795
"Aug 24, 04:00 pm",6.98487
"Aug 24, 05:00 pm",3.1052
"Aug 24, 06:00 pm",0.317526
"Aug 24, 07:00 pm",0
"Aug 24, 08:00 pm",0
"Aug 24, 09:00 pm",0
"Aug 24, 10:00 pm",0
"Aug 24, 11:00 pm",0
"Aug 25, 12:00 am",0
"Aug 25, 01:00 am",0
"Aug 25, 02:00 am",0
"Aug 25, 03:00 am",0
"Aug 25, 04:00 am",0
"Aug 25, 05:00 am",0
"Aug 25, 06:00 am",-0
"Aug 25, 07:00 am",0.568207
"Aug 25, 08:00 am",2.73169
"Aug 25, 09:00 am",7.16597
"Aug 25, 10:00 am",6.62924
"Aug 25, 11:00 am",7.59554
"Aug 25, 12:00 pm",13.4156
"Aug 25, 01:00 pm",13.1952
"Aug 25, 02:00 pm",12.1403
"Aug 25, 03:00 pm",10.1097
"Aug 25, 04:00 pm",7.03587
"Aug 25, 05:00 pm",1.40257
"Aug 25, 06:00 pm",0.310821
"Aug 25, 07:00 pm",0
"Aug 25, 08:00 pm",0
"Aug 25, 09:00 pm",0
"Aug 25, 10:00 pm",0
"Aug 25, 11:00 pm",0
"Aug 26, 12:00 am",0
"Aug 26, 01:00 am",0
"Aug 26, 02:00 am",0
"Aug 26, 03:00 am",0
"Aug 26, 04:00 am",0
"Aug 26, 05:00 am",0
"Aug 26, 06:00 am",0.323821
"Aug 26, 07:00 am",3.17971
"Aug 26, 08:00 am",7.13
"Aug 26, 09:00 am",10.0415
"Aug 26, 10:00 am",11.833
"Aug 26, 11:00 am",12.8082
"Aug 26, 12:00 pm",13.4086
"Aug 26, 01:00 pm",13.2373
"Aug 26, 02:00 pm",12.0691
"Aug 26, 03:00 pm",9.93597
"Aug 26, 04:00 pm",6.95964
"Aug 26, 05:00 pm",3.07815
"Aug 26, 06:00 pm",0.291305
"Aug 26, 07:00 pm",0
"Aug 26, 08:00 pm",0
"Aug 26, 09:00 pm",0
"Aug 26, 10:00 pm",0
"Aug 26, 11:00 pm",0
"Aug 27, 12:00 am",0
"Aug 27, 01:00 am",0
"Aug 27, 02:00 am",0
"Aug 27, 03:00 am",0
"Aug 27, 04:00 am",0
"Aug 27, 05:00 am",0
"Aug 27, 06:00 am",0.278541
"Aug 27, 07:00 am",3.33157
"Aug 27, 08:00 am",7.54694
"Aug 27, 09:00 am",10.5945
"Aug 27, 10:00 am",12.6717
"Aug 27, 11:00 am",13.7811
"Aug 27, 12:00 pm",13.9764
"Aug 27, 01:00 pm",13.5773
"Aug 27, 02:00 pm",12.4554
"Aug 27, 03:00 pm",10.4032
"Aug 27, 04:00 pm",7.37809
"Aug 27, 05:00 pm",3.22013
"Aug 27, 06:00 pm",0.232991
"Aug 27, 07:00 pm",0
"Aug 27, 08:00 pm",0
"Aug 27, 09:00 pm",0
"Aug 27, 10:00 pm",0
"Aug 27, 11:00 pm",0
"Aug 28, 12:00 am",0
"Aug 28, 01:00 am",0
"Aug 28, 02:00 am",0
"Aug 28, 03:00 am",0
"Aug 28, 04:00 am",0
"Aug 28, 05:00 am",0
"Aug 28, 06:00 am",0.273266
"Aug 28, 07:00 am",3.4339
"Aug 28, 08:00 am",7.6287
"Aug 28, 09:00 am",10.453
"Aug 28, 10:00 am",12.2699
"Aug 28, 11:00 am",13.1985
"Aug 28, 12:00 pm",13.5027
"Aug 28, 01:00 pm",13.1068
"Aug 28, 02:00 pm",12.0493
"Aug 28, 03:00 pm",10.1078
"Aug 28, 04:00 pm",7.23647
"Aug 28, 05:00 pm",3.15343
"Aug 28, 06:00 pm",0.212949
"Aug 28, 07:00 pm",0
"Aug 28, 08:00 pm",0
"Aug 28, 09:00 pm",0
"Aug 28, 10:00 pm",0
"Aug 28, 11:00 pm",0
"Aug 29, 12:00 am",0
"Aug 29, 01:00 am",0
"Aug 29, 02:00 am",0
"Aug 29, 03:00 am",0
"Aug 29, 04:00 am",0
"Aug 29, 05:00 am",0
"Aug 29, 06:00 am",0.277907
"Aug 29, 07:00 am",3.24699
"Aug 29, 08:00 am",7.37182
"Aug 29, 09:00 am",10.5863
"Aug 29, 10:00 am",12.8359
"Aug 29, 11:00 am",14.3674
"Aug 29, 12:00 pm",14.8139
"Aug 29, 01:00 pm",14.3914
"Aug 29, 02:00 pm",12.8539
"Aug 29, 03:00 pm",10.5648
"Aug 29, 04:00 pm",7.27042
"Aug 29, 05:00 pm",3.06928
"Aug 29, 06:00 pm",0.189373
"Aug 29, 07:00 pm",0
"Aug 29, 08:00 pm",0
"Aug 29, 09:00 pm",0
"Aug 29, 10:00 pm",0
"Aug 29, 11:00 pm",0
"Aug 30, 12:00 am",0
"Aug 30, 01:00 am",0
"Aug 30, 02:00 am",0
"Aug 30, 03:00 am",0
"Aug 30, 04:00 am",0
"Aug 30, 05:00 am",0
"Aug 30, 06:00 am",0.270411
"Aug 30, 07:00 am",3.11213
"Aug 30, 08:00 am",7.04019
"Aug 30, 09:00 am",10.1146
"Aug 30, 10:00 am",12.4167
"Aug 30, 11:00 am",13.7483
"Aug 30, 12:00 pm",14.2787
"Aug 30, 01:00 pm",13.8385
"Aug 30, 02:00 pm",12.5402
"Aug 30, 03:00 pm",10.1494
"Aug 30, 04:00 pm",4.45333
"Aug 30, 05:00 pm",0.753866
"Aug 30, 06:00 pm",0.178757
"Aug 30, 07:00 pm",0
"Aug 30, 08:00 pm",0
"Aug 30, 09:00 pm",0
"Aug 30, 10:00 pm",0
"Aug 30, 11:00 pm",0
"Aug 31, 12:00 am",0
"Aug 31, 01:00 am",0
"Aug 31, 02:00 am",0
"Aug 31, 03:00 am",0
"Aug 31, 04:00 am",0
"Aug 31, 05:00 am",0
"Aug 31, 06:00 am",0.267945
"Aug 31, 07:00 am",3.01114
"Aug 31, 08:00 am",6.87831
"Aug 31, 09:00 am",9.87619
"Aug 31, 10:00 am",11.9929
"Aug 31, 11:00 am",13.2279
"Aug 31, 12:00 pm",13.6025
"Aug 31, 01:00 pm",13.1355
"Aug 31, 02:00 pm",11.8804
"Aug 31, 03:00 pm",9.72533
"Aug 31, 04:00 pm",3.52737
"Aug 31, 05:00 pm",2.90868
"Aug 31, 06:00 pm",0.146885
"Aug 31, 07:00 pm",0
"Aug 31, 08:00 pm",0
"Aug 31, 09:00 pm",0
"Aug 31, 10:00 pm",0
"Aug 31, 11:00 pm",0
"Sep 1, 12:00 am",0
"Sep 1, 01:00 am",0
"Sep 1, 02:00 am",0
"Sep 1, 03:00 am",0
"Sep 1, 04:00 am",0
"Sep 1, 05:00 am",0
"Sep 1, 06:00 am",0.250173
"Sep 1, 07:00 am",3.04455
"Sep 1, 08:00 am",6.80494
"Sep 1, 09:00 am",6.57064
"Sep 1, 10:00 am",9.58139
"Sep 1, 11:00 am",10.5733
"Sep 1, 12:00 pm",13.2236
"Sep 1, 01:00 pm",12.7518
"Sep 1, 02:00 pm",11.4061
"Sep 1, 03:00 pm",10.0911
"Sep 1, 04:00 pm",6.81599
"Sep 1, 05:00 pm",2.81423
"Sep 1, 06:00 pm",0.11367
"Sep 1, 07:00 pm",0
"Sep 1, 08:00 pm",0
"Sep 1, 09:00 pm",0
"Sep 1, 10:00 pm",0
"Sep 1, 11:00 pm",0
"Sep 2, 12:00 am",0
"Sep 2, 01:00 am",0
"Sep 2, 02:00 am",0
"Sep 2, 03:00 am",0
"Sep 2, 04:00 am",0
"Sep 2, 05:00 am",0
"Sep 2, 06:00 am",0.2297
"Sep 2, 07:00 am",2.86091
"Sep 2, 08:00 am",5.12045
"Sep 2, 09:00 am",9.75773
"Sep 2, 10:00 am",11.87
"Sep 2, 11:00 am",11.8925
"Sep 2, 12:00 pm",11.7514
"Sep 2, 01:00 pm",13.5419
"Sep 2, 02:00 pm",12.2165
"Sep 2, 03:00 pm",10.0405
"Sep 2, 04:00 pm",6.90143
"Sep 2, 05:00 pm",2.84325
"Sep 2, 06:00 pm",0.0867751
"Sep 2, 07:00 pm",0
"Sep 2, 08:00 pm",0
"Sep 2, 09:00 pm",0
"Sep 2, 10:00 pm",0
"Sep 2, 11:00 pm",0
"Sep 3, 12:00 am",0
"Sep 3, 01:00 am",0
"Sep 3, 02:00 am",0
"Sep 3, 03:00 am",0
"Sep 3, 04:00 am",0
"Sep 3, 05:00 am",0
"Sep 3, 06:00 am",0.208994
"Sep 3, 07:00 am",3.28788
"Sep 3, 08:00 am",7.41885
"Sep 3, 09:00 am",10.2885
"Sep 3, 10:00 am",12.1804
"Sep 3, 11:00 am",12.9366
"Sep 3, 12:00 pm",13.3558
"Sep 3, 01:00 pm",13.2386
"Sep 3, 02:00 pm",12.1323
"Sep 3, 03:00 pm",10.0746
"Sep 3, 04:00 pm",6.93852
"Sep 3, 05:00 pm",2.83803
"Sep 3, 06:00 pm",0.0781661
"Sep 3, 07:00 pm",0
"Sep 3, 08:00 pm",0
"Sep 3, 09:00 pm",0
"Sep 3, 10:00 pm",0
"Sep 3, 11:00 pm",0
"Sep 4, 12:00 am",0
"Sep 4, 01:00 am",0
"Sep 4, 02:00 am",0
"Sep 4, 03:00 am",0
"Sep 4, 04:00 am",0
"Sep 4, 05:00 am",0
"Sep 4, 06:00 am",0.224565
"Sep 4, 07:00 am",3.13598
"Sep 4, 08:00 am",7.17156
"Sep 4, 09:00 am",10.3823
"Sep 4, 10:00 am",12.7414
"Sep 4, 11:00 am",14.0205
"Sep 4, 12:00 pm",14.4861
"Sep 4, 01:00 pm",13.906
"Sep 4, 02:00 pm",12.3433
"Sep 4, 03:00 pm",9.92597
"Sep 4, 04:00 pm",6.62733
"Sep 4, 05:00 pm",2.52887
"Sep 4, 06:00 pm",0.0750735
"Sep 4, 07:00 pm",0
"Sep 4, 08:00 pm",0
"Sep 4, 09:00 pm",0
"Sep 4, 10:00 pm",0
"Sep 4, 11:00 pm",0
"Sep 5, 12:00 am",0
"Sep 5, 01:00 am",0
"Sep 5, 02:00 am",0
"Sep 5, 03:00 am",0
"Sep 5, 04:00 am",0
"Sep 5, 05:00 am",0
"Sep 5, 06:00 am",0.054031
"Sep 5, 07:00 am",0.877992
"Sep 5, 08:00 am",3.71438
"Sep 5, 09:00 am",6.42718
"Sep 5, 10:00 am",12.7999
"Sep 5, 11:00 am",14.203
"Sep 5, 12:00 pm",14.5726
"Sep 5, 01:00 pm",13.9765
"Sep 5, 02:00 pm",12.5844
"Sep 5, 03:00 pm",10.2193
"Sep 5, 04:00 pm",6.91826
"Sep 5, 05:00 pm",2.74574
"Sep 5, 06:00 pm",0.0556451
"Sep 5, 07:00 pm",0
"Sep 5, 08:00 pm",0
"Sep 5, 09:00 pm",0
"Sep 5, 10:00 pm",0
"Sep 5, 11:00 pm",0
"Sep 6, 12:00 am",0
"Sep 6, 01:00 am",0
"Sep 6, 02:00 am",0
"Sep 6, 03:00 am",0
"Sep 6, 04:00 am",0
"Sep 6, 05:00 am",0
"Sep 6, 06:00 am",0.193042
"Sep 6, 07:00 am",3.12851
"Sep 6, 08:00 am",7.08871
"Sep 6, 09:00 am",9.98211
"Sep 6, 10:00 am",12.0053
"Sep 6, 11:00 am",13.3703
"Sep 6, 12:00 pm",13.8823
"Sep 6, 01:00 pm",12.027
"Sep 6, 02:00 pm",10.7752
"Sep 6, 03:00 pm",6.44135
"Sep 6, 04:00 pm",0.718427
"Sep 6, 05:00 pm",1.95132
"Sep 6, 06:00 pm",0.102601
"Sep 6, 07:00 pm",0
"Sep 6, 08:00 pm",0
"Sep 6, 09:00 pm",0
"Sep 6, 10:00 pm",0
"Sep 6, 11:00 pm",0
"Sep 7, 12:00 am",0
"Sep 7, 01:00 am",0
"Sep 7, 02:00 am",0
"Sep 7, 03:00 am",0
"Sep 7, 04:00 am",0
"Sep 7, 05:00 am",0
"Sep 7, 06:00 am",0.178584
"Sep 7, 07:00 am",2.56095
"Sep 7, 08:00 am",3.703
"Sep 7, 09:00 am",8.94889
"Sep 7, 10:00 am",11.8189
"Sep 7, 11:00 am",13.1929
"Sep 7, 12:00 pm",13.7892
"Sep 7, 01:00 pm",13.4005
"Sep 7, 02:00 pm",12.2459
"Sep 7, 03:00 pm",9.97656
"Sep 7, 04:00 pm",6.72696
"Sep 7, 05:00 pm",2.63187
"Sep 7, 06:00 pm",0.036584
"Sep 7, 07:00 pm",0
"Sep 7, 08:00 pm",0
"Sep 7, 09:00 pm",0
"Sep 7, 10:00 pm",0
"Sep 7, 11:00 pm",0
"Sep 8, 12:00 am",0
"Sep 8, 01:00 am",0
"Sep 8, 02:00 am",0
"Sep 8, 03:00 am",0
"Sep 8, 04:00 am",0
"Sep 8, 05:00 am",0
"Sep 8, 06:00 am",0.151756
"Sep 8, 07:00 am",3.23658
"Sep 8, 08:00 am",7.18367
"Sep 8, 09:00 am",10.0569
"Sep 8, 10:00 am",12.5426
"Sep 8, 11:00 am",14.114
"Sep 8, 12:00 pm",14.648
"Sep 8, 01:00 pm",14.1371
"Sep 8, 02:00 pm",12.5749
"Sep 8, 03:00 pm",10.1961
"Sep 8, 04:00 pm",6.01019
"Sep 8, 05:00 pm",1.90116
"Sep 8, 06:00 pm",0.0140387
"Sep 8, 07:00 pm",0
"Sep 8, 08:00 pm",0
"Sep 8, 09:00 pm",0
"Sep 8, 10:00 pm",0
"Sep 8, 11:00 pm",0
"Sep 9, 12:00 am",0
"Sep 9, 01:00 am",0
"Sep 9, 02:00 am",0
"Sep 9, 03:00 am",0
"Sep 9, 04:00 am",0
"Sep 9, 05:00 am",0
"Sep 9, 06:00 am",0.149478
"Sep 9, 07:00 am",2.90055
"Sep 9, 08:00 am",6.0532
"Sep 9, 09:00 am",5.4814
"Sep 9, 10:00 am",12.5092
"Sep 9, 11:00 am",11.2877
"Sep 9, 12:00 pm",9.34239
"Sep 9, 01:00 pm",11.7175
"Sep 9, 02:00 pm",7.68809
"Sep 9, 03:00 pm",9.73068
"Sep 9, 04:00 pm",6.40535
"Sep 9, 05:00 pm",2.40824
"Sep 9, 06:00 pm",0.0345782
"Sep 9, 07:00 pm",0
"Sep 9, 08:00 pm",0
"Sep 9, 09:00 pm",0
"Sep 9, 10:00 pm",0
"Sep 9, 11:00 pm",0
"Sep 10, 12:00 am",0
"Sep 10, 01:00 am",0
"Sep 10, 02:00 am",0
"Sep 10, 03:00 am",0
"Sep 10, 04:00 am",0
"Sep 10, 05:00 am",0
"Sep 10, 06:00 am",0.144912
"Sep 10, 07:00 am",2.65625
"Sep 10, 08:00 am",4.29642
"Sep 10, 09:00 am",5.18344
"Sep 10, 10:00 am",12.5566
"Sep 10, 11:00 am",13.6205
"Sep 10, 12:00 pm",13.8859
"Sep 10, 01:00 pm",13.2732
"Sep 10, 02:00 pm",11.926
"Sep 10, 03:00 pm",9.70564
"Sep 10, 04:00 pm",6.59635
"Sep 10, 05:00 pm",2.63682
"Sep 10, 06:00 pm",0.0160957
"Sep 10, 07:00 pm",0
"Sep 10, 08:00 pm",0
"Sep 10, 09:00 pm",0
"Sep 10, 10:00 pm",0
"Sep 10, 11:00 pm",0
"Sep 11, 12:00 am",0
"Sep 11, 01:00 am",0
"Sep 11, 02:00 am",0
"Sep 11, 03:00 am",0
"Sep 11, 04:00 am",0
"Sep 11, 05:00 am",0
"Sep 11, 06:00 am",0.121652
"Sep 11, 07:00 am",3.36514
"Sep 11, 08:00 am",7.76372
"Sep 11, 09:00 am",10.8536
"Sep 11, 10:00 am",13.1185
"Sep 11, 11:00 am",14.3079
"Sep 11, 12:00 pm",14.5587
"Sep 11, 01:00 pm",13.9692
"Sep 11, 02:00 pm",12.5167
"Sep 11, 03:00 pm",10.2125
"Sep 11, 04:00 pm",6.87301
"Sep 11, 05:00 pm",2.63607
"Sep 11, 06:00 pm",-0
"Sep 11, 07:00 pm",0
"Sep 11, 08:00 pm",0
"Sep 11, 09:00 pm",0
"Sep 11, 10:00 pm",0
"Sep 11, 11:00 pm",0
"Sep 12, 12:00 am",0
"Sep 12, 01:00 am",0
"Sep 12, 02:00 am",0
"Sep 12, 03:00 am",0
"Sep 12, 04:00 am",0
"Sep 12, 05:00 am",0
"Sep 12, 06:00 am",0.123281
"Sep 12, 07:00 am",3.63574
"Sep 12, 08:00 am",8.02902
"Sep 12, 09:00 am",11.1751
"Sep 12, 10:00 am",13.2986
"Sep 12, 11:00 am",14.4638
"Sep 12, 12:00 pm",14.7219
"Sep 12, 01:00 pm",14.111
"Sep 12, 02:00 pm",12.6538
"Sep 12, 03:00 pm",10.2818
"Sep 12, 04:00 pm",6.93764
"Sep 12, 05:00 pm",2.58989
"Sep 12, 06:00 pm",-0
"Sep 12, 07:00 pm",0
"Sep 12, 08:00 pm",0
"Sep 12, 09:00 pm",0
"Sep 12, 10:00 pm",0
"Sep 12, 11:00 pm",0
"Sep 13, 12:00 am",0
"Sep 13, 01:00 am",0
"Sep 13, 02:00 am",0
"Sep 13, 03:00 am",0
"Sep 13, 04:00 am",0
"Sep 13, 05:00 am",0
"Sep 13, 06:00 am",0.116655
"Sep 13, 07:00 am",3.47765
"Sep 13, 08:00 am",7.80319
"Sep 13, 09:00 am",10.9588
"Sep 13, 10:00 am",12.9667
"Sep 13, 11:00 am",13.7505
"Sep 13, 12:00 pm",13.6301
"Sep 13, 01:00 pm",13.3181
"Sep 13, 02:00 pm",12.2203
"Sep 13, 03:00 pm",10.1348
"Sep 13, 04:00 pm",6.79485
"Sep 13, 05:00 pm",2.59432
"Sep 13, 06:00 pm",-0
"Sep 13, 07:00 pm",0
"Sep 13, 08:00 pm",0
"Sep 13, 09:00 pm",0
"Sep 13, 10:00 pm",0
"Sep 13, 11:00 pm",0
"Sep 14, 12:00 am",0
"Sep 14, 01:00 am",0
"Sep 14, 02:00 am",0
"Sep 14, 03:00 am",0
"Sep 14, 04:00 am",0
"Sep 14, 05:00 am",0
"Sep 14, 06:00 am",0.105373
"Sep 14, 07:00 am",3.36627
"Sep 14, 08:00 am",7.83995
"Sep 14, 09:00 am",10.8582
"Sep 14, 10:00 am",12.5881
"Sep 14, 11:00 am",13.8368
"Sep 14, 12:00 pm",14.5144
"Sep 14, 01:00 pm",14.0698
"Sep 14, 02:00 pm",12.6913
"Sep 14, 03:00 pm",10.3173
"Sep 14, 04:00 pm",6.90204
"Sep 14, 05:00 pm",2.51285
"Sep 14, 06:00 pm",-0
"Sep 14, 07:00 pm",0
"Sep 14, 08:00 pm",0
"Sep 14, 09:00 pm",0
"Sep 14, 10:00 pm",0
"Sep 14, 11:00 pm",0
"Sep 15, 12:00 am",0
"Sep 15, 01:00 am",0
"Sep 15, 02:00 am",0
"Sep 15, 03:00 am",0
"Sep 15, 04:00 am",0
"Sep 15, 05:00 am",0
"Sep 15, 06:00 am",0.0981794
"Sep 15, 07:00 am",3.46364
"Sep 15, 08:00 am",7.62811
"Sep 15, 09:00 am",10.6831
"Sep 15, 10:00 am",13.0205
"Sep 15, 11:00 am",14.4927
"Sep 15, 12:00 pm",14.9891
"Sep 15, 01:00 pm",14.3963
"Sep 15, 02:00 pm",12.8941
"Sep 15, 03:00 pm",10.3872
"Sep 15, 04:00 pm",6.8117
"Sep 15, 05:00 pm",2.41936
"Sep 15, 06:00 pm",-0
"Sep 15, 07:00 pm",0
"Sep 15, 08:00 pm",0
"Sep 15, 09:00 pm",0
"Sep 15, 10:00 pm",0
"Sep 15, 11:00 pm",0
"Sep 16, 12:00 am",0
"Sep 16, 01:00 am",0
"Sep 16, 02:00 am",0
"Sep 16, 03:00 am",0
"Sep 16, 04:00 am",0
"Sep 16, 05:00 am",0
"Sep 16, 06:00 am",0.0977088
"Sep 16, 07:00 am",3.37977
"Sep 16, 08:00 am",7.58313
"Sep 16, 09:00 am",10.6383
"Sep 16, 10:00 am",12.2711
"Sep 16, 11:00 am",13.3085
"Sep 16, 12:00 pm",13.8852
"Sep 16, 01:00 pm",13.4622
"Sep 16, 02:00 pm",12.1891
"Sep 16, 03:00 pm",9.97354
"Sep 16, 04:00 pm",6.72283
"Sep 16, 05:00 pm",2.41321
"Sep 16, 06:00 pm",-0
"Sep 16, 07:00 pm",0
"Sep 16, 08:00 pm",0
"Sep 16, 09:00 pm",0
"Sep 16, 10:00 pm",0
"Sep 16, 11:00 pm",0
"Sep 17, 12:00 am",0
"Sep 17, 01:00 am",0
"Sep 17, 02:00 am",0
"Sep 17, 03:00 am",0
"Sep 17, 04:00 am",0
"Sep 17, 05:00 am",0
"Sep 17, 06:00 am",0.0984581
"Sep 17, 07:00 am",3.40189
"Sep 17, 08:00 am",7.65101
"Sep 17, 09:00 am",10.8312
"Sep 17, 10:00 am",13.1424
"Sep 17, 11:00 am",14.3143
"Sep 17, 12:00 pm",14.613
"Sep 17, 01:00 pm",14.1388
"Sep 17, 02:00 pm",12.7712
"Sep 17, 03:00 pm",10.3934
"Sep 17, 04:00 pm",6.89091
"Sep 17, 05:00 pm",2.43302
"Sep 17, 06:00 pm",-0
"Sep 17, 07:00 pm",0
"Sep 17, 08:00 pm",0
"Sep 17, 09:00 pm",0
"Sep 17, 10:00 pm",0
"Sep 17, 11:00 pm",0
"Sep 18, 12:00 am",0
"Sep 18, 01:00 am",0
"Sep 18, 02:00 am",0
"Sep 18, 03:00 am",0
"Sep 18, 04:00 am",0
"Sep 18, 05:00 am",0
"Sep 18, 06:00 am",0.10584
"Sep 18, 07:00 am",3.66057
"Sep 18, 08:00 am",8.19772
"Sep 18, 09:00 am",11.1867
"Sep 18, 10:00 am",12.8083
"Sep 18, 11:00 am",13.6819
"Sep 18, 12:00 pm",14.1535
"Sep 18, 01:00 pm",13.6817
"Sep 18, 02:00 pm",12.1581
"Sep 18, 03:00 pm",9.7821
"Sep 18, 04:00 pm",6.56079
"Sep 18, 05:00 pm",2.33289
"Sep 18, 06:00 pm",-0
"Sep 18, 07:00 pm",0
"Sep 18, 08:00 pm",0
"Sep 18, 09:00 pm",0
"Sep 18, 10:00 pm",0
"Sep 18, 11:00 pm",0
"Sep 19, 12:00 am",0
"Sep 19, 01:00 am",0
"Sep 19, 02:00 am",0
"Sep 19, 03:00 am",0
"Sep 19, 04:00 am",0
"Sep 19, 05:00 am",0
"Sep 19, 06:00 am",0.0970378
"Sep 19, 07:00 am",3.63726
"Sep 19, 08:00 am",7.97271
"Sep 19, 09:00 am",10.9207
"Sep 19, 10:00 am",12.7554
"Sep 19, 11:00 am",13.706
"Sep 19, 12:00 pm",13.8925
"Sep 19, 01:00 pm",13.087
"Sep 19, 02:00 pm",11.709
"Sep 19, 03:00 pm",9.71091
"Sep 19, 04:00 pm",6.52113
"Sep 19, 05:00 pm",2.29142
"Sep 19, 06:00 pm",0
"Sep 19, 07:00 pm",0
"Sep 19, 08:00 pm",0
"Sep 19, 09:00 pm",0
"Sep 19, 10:00 pm",0
"Sep 19, 11:00 pm",0
"Sep 20, 12:00 am",0
"Sep 20, 01:00 am",0
"Sep 20, 02:00 am",0
"Sep 20, 03:00 am",0
"Sep 20, 04:00 am",0
"Sep 20, 05:00 am",0
"Sep 20, 06:00 am",0.0853618
"Sep 20, 07:00 am",3.556
"Sep 20, 08:00 am",7.93945
"Sep 20, 09:00 am",10.8086
"Sep 20, 10:00 am",12.5852
"Sep 20, 11:00 am",13.7351
"Sep 20, 12:00 pm",14.1915
"Sep 20, 01:00 pm",13.5367
"Sep 20, 02:00 pm",12.1568
"Sep 20, 03:00 pm",9.876
"Sep 20, 04:00 pm",6.53149
"Sep 20, 05:00 pm",2.28726
"Sep 20, 06:00 pm",0
"Sep 20, 07:00 pm",0
"Sep 20, 08:00 pm",0
"Sep 20, 09:00 pm",0
"Sep 20, 10:00 pm",0
"Sep 20, 11:00 pm",0
"Sep 21, 12:00 am",0
"Sep 21, 01:00 am",0
"Sep 21, 02:00 am",0
"Sep 21, 03:00 am",0
"Sep 21, 04:00 am",0
"Sep 21, 05:00 am",0
"Sep 21, 06:00 am",0.0819678
"Sep 21, 07:00 am",3.71045
"Sep 21, 08:00 am",8.17898
"Sep 21, 09:00 am",11.0991
"Sep 21, 10:00 am",12.8389
"Sep 21, 11:00 am",13.5741
"Sep 21, 12:00 pm",13.6924
"Sep 21, 01:00 pm",13.1896
"Sep 21, 02:00 pm",12.0266
"Sep 21, 03:00 pm",9.83548
"Sep 21, 04:00 pm",6.52204
"Sep 21, 05:00 pm",2.20439
"Sep 21, 06:00 pm",0
"Sep 21, 07:00 pm",0
"Sep 21, 08:00 pm",0
"Sep 21, 09:00 pm",0
"Sep 21, 10:00 pm",0
"Sep 21, 11:00 pm",0
"Sep 22, 12:00 am",0
"Sep 22, 01:00 am",0
"Sep 22, 02:00 am",0
"Sep 22, 03:00 am",0
"Sep 22, 04:00 am",0
"Sep 22, 05:00 am",0
"Sep 22, 06:00 am",0.0779416
"Sep 22, 07:00 am",3.62563
"Sep 22, 08:00 am",7.9448
"Sep 22, 09:00 am",10.8171
"Sep 22, 10:00 am",12.7676
"Sep 22, 11:00 am",13.9196
"Sep 22, 12:00 pm",14.3079
"Sep 22, 01:00 pm",8.92067
"Sep 22, 02:00 pm",10.1376
"Sep 22, 03:00 pm",7.05089
"Sep 22, 04:00 pm",3.21127
"Sep 22, 05:00 pm",0.694273
"Sep 22, 06:00 pm",0
"Sep 22, 07:00 pm",0
"Sep 22, 08:00 pm",0
"Sep 22, 09:00 pm",0
"Sep 22, 10:00 pm",0
"Sep 22, 11:00 pm",0
"Sep 23, 12:00 am",0
"Sep 23, 01:00 am",0
"Sep 23, 02:00 am",0
"Sep 23, 03:00 am",0
"Sep 23, 04:00 am",0
"Sep 23, 05:00 am",0
"Sep 23, 06:00 am",-0
"Sep 23, 07:00 am",0.892047
"Sep 23, 08:00 am",3.04572
"Sep 23, 09:00 am",6.87825
"Sep 23, 10:00 am",9.65453
"Sep 23, 11:00 am",8.39347
"Sep 23, 12:00 pm",9.7044
"Sep 23, 01:00 pm",7.46175
"Sep 23, 02:00 pm",8.83529
"Sep 23, 03:00 pm",3.69628
"Sep 23, 04:00 pm",2.23616
"Sep 23, 05:00 pm",0.131052
"Sep 23, 06:00 pm",0
"Sep 23, 07:00 pm",0
"Sep 23, 08:00 pm",0
"Sep 23, 09:00 pm",0
"Sep 23, 10:00 pm",0
"Sep 23, 11:00 pm",0
"Sep 24, 12:00 am",0
"Sep 24, 01:00 am",0
"Sep 24, 02:00 am",0
"Sep 24, 03:00 am",0
"Sep 24, 04:00 am",0
"Sep 24, 05:00 am",0
"Sep 24, 06:00 am",-0
"Sep 24, 07:00 am",1.4674
"Sep 24, 08:00 am",4.74773
"Sep 24, 09:00 am",1.95653
"Sep 24, 10:00 am",3.10818
"Sep 24, 11:00 am",3.99606
"Sep 24, 12:00 pm",4.02647
"Sep 24, 01:00 pm",2.27391
"Sep 24, 02:00 pm",0.961939
"Sep 24, 03:00 pm",1.02713
"Sep 24, 04:00 pm",1.87673
"Sep 24, 05:00 pm",-0
"Sep 24, 06:00 pm",0
"Sep 24, 07:00 pm",0
"Sep 24, 08:00 pm",0
"Sep 24, 09:00 pm",0
"Sep 24, 10:00 pm",0
"Sep 24, 11:00 pm",0
"Sep 25, 12:00 am",0
"Sep 25, 01:00 am",0
"Sep 25, 02:00 am",0
"Sep 25, 03:00 am",0
"Sep 25, 04:00 am",0
"Sep 25, 05:00 am",0
"Sep 25, 06:00 am",-0
"Sep 25, 07:00 am",0.722865
"Sep 25, 08:00 am",4.47687
"Sep 25, 09:00 am",9.16037
"Sep 25, 10:00 am",11.1325
"Sep 25, 11:00 am",10.3067
"Sep 25, 12:00 pm",14.0115
"Sep 25, 01:00 pm",13.2941
"Sep 25, 02:00 pm",11.7542
"Sep 25, 03:00 pm",9.35405
"Sep 25, 04:00 pm",3.78432
"Sep 25, 05:00 pm",1.8539
"Sep 25, 06:00 pm",0
"Sep 25, 07:00 pm",0
"Sep 25, 08:00 pm",0
"Sep 25, 09:00 pm",0
"Sep 25, 10:00 pm",0
"Sep 25, 11:00 pm",0
"Sep 26, 12:00 am",0
"Sep 26, 01:00 am",0
"Sep 26, 02:00 am",0
"Sep 26, 03:00 am",0
"Sep 26, 04:00 am",0
"Sep 26, 05:00 am",0
"Sep 26, 06:00 am",0.0355481
"Sep 26, 07:00 am",3.46846
"Sep 26, 08:00 am",7.84862
"Sep 26, 09:00 am",10.9153
"Sep 26, 10:00 am",12.9272
"Sep 26, 11:00 am",14.0347
"Sep 26, 12:00 pm",14.1438
"Sep 26, 01:00 pm",13.3688
"Sep 26, 02:00 pm",11.8189
"Sep 26, 03:00 pm",9.47865
"Sep 26, 04:00 pm",6.13382
"Sep 26, 05:00 pm",1.87956
"Sep 26, 06:00 pm",0
"Sep 26, 07:00 pm",0
"Sep 26, 08:00 pm",0
"Sep 26, 09:00 pm",0
"Sep 26, 10:00 pm",0
"Sep 26, 11:00 pm",0
"Sep 27, 12:00 am",0
"Sep 27, 01:00 am",0
"Sep 27, 02:00 am",0
"Sep 27, 03:00 am",0
"Sep 27, 04:00 am",0
"Sep 27, 05:00 am",0
"Sep 27, 06:00 am",0.0250121
"Sep 27, 07:00 am",3.49191
"Sep 27, 08:00 am",7.96794
"Sep 27, 09:00 am",11.1961
"Sep 27, 10:00 am",13.4197
"Sep 27, 11:00 am",14.6025
"Sep 27, 12:00 pm",14.8519
"Sep 27, 01:00 pm",14.1181
"Sep 27, 02:00 pm",12.4488
"Sep 27, 03:00 pm",9.8607
"Sep 27, 04:00 pm",6.17183
"Sep 27, 05:00 pm",1.80924
"Sep 27, 06:00 pm",0
"Sep 27, 07:00 pm",0
"Sep 27, 08:00 pm",0
"Sep 27, 09:00 pm",0
"Sep 27, 10:00 pm",0
"Sep 27, 11:00 pm",0
"Sep 28, 12:00 am",0
"Sep 28, 01:00 am",0
"Sep 28, 02:00 am",0
"Sep 28, 03:00 am",0
"Sep 28, 04:00 am",0
"Sep 28, 05:00 am",0
"Sep 28, 06:00 am",0.0101734
"Sep 28, 07:00 am",3.39479
"Sep 28, 08:00 am",7.86601
"Sep 28, 09:00 am",10.9002
"Sep 28, 10:00 am",12.9622
"Sep 28, 11:00 am",14.1652
"Sep 28, 12:00 pm",14.4263
"Sep 28, 01:00 pm",13.784
"Sep 28, 02:00 pm",12.1973
"Sep 28, 03:00 pm",9.72263
"Sep 28, 04:00 pm",6.09117
"Sep 28, 05:00 pm",1.77556
"Sep 28, 06:00 pm",0
"Sep 28, 07:00 pm",0
"Sep 28, 08:00 pm",0
"Sep 28, 09:00 pm",0
"Sep 28, 10:00 pm",0
"Sep 28, 11:00 pm",0
"Sep 29, 12:00 am",0
"Sep 29, 01:00 am",0
"Sep 29, 02:00 am",0
"Sep 29, 03:00 am",0
"Sep 29, 04:00 am",0
"Sep 29, 05:00 am",0
"Sep 29, 06:00 am",0.01602
"Sep 29, 07:00 am",3.47376
"Sep 29, 08:00 am",7.79987
"Sep 29, 09:00 am",10.786
"Sep 29, 10:00 am",12.8595
"Sep 29, 11:00 am",14.0533
"Sep 29, 12:00 pm",14.4103
"Sep 29, 01:00 pm",13.8605
"Sep 29, 02:00 pm",12.2231
"Sep 29, 03:00 pm",9.68118
"Sep 29, 04:00 pm",6.02044
"Sep 29, 05:00 pm",1.70054
"Sep 29, 06:00 pm",0
"Sep 29, 07:00 pm",0
"Sep 29, 08:00 pm",0
"Sep 29, 09:00 pm",0
"Sep 29, 10:00 pm",0
"Sep 29, 11:00 pm",0
"Sep 30, 12:00 am",0
"Sep 30, 01:00 am",0
"Sep 30, 02:00 am",0
"Sep 30, 03:00 am",0
"Sep 30, 04:00 am",0
"Sep 30, 05:00 am",0
"Sep 30, 06:00 am",-0
"Sep 30, 07:00 am",3.33614
"Sep 30, 08:00 am",7.68874
"Sep 30, 09:00 am",10.7592
"Sep 30, 10:00 am",12.8127
"Sep 30, 11:00 am",14.0318
"Sep 30, 12:00 pm",14.3783
"Sep 30, 01:00 pm",13.7711
"Sep 30, 02:00 pm",12.1814
"Sep 30, 03:00 pm",9.69189
"Sep 30, 04:00 pm",6.01362
"Sep 30, 05:00 pm",1.52514
"Sep 30, 06:00 pm",0
"Sep 30, 07:00 pm",0
"Sep 30, 08:00 pm",0
"Sep 30, 09:00 pm",0
"Sep 30, 10:00 pm",0
"Sep 30, 11:00 pm",0
"Oct 1, 12:00 am",0
"Oct 1, 01:00 am",0
"Oct 1, 02:00 am",0
"Oct 1, 03:00 am",0
"Oct 1, 04:00 am",0
"Oct 1, 05:00 am",0
"Oct 1, 06:00 am",-0
"Oct 1, 07:00 am",3.20821
"Oct 1, 08:00 am",7.37626
"Oct 1, 09:00 am",8.57187
"Oct 1, 10:00 am",10.8494
"Oct 1, 11:00 am",13.4395
"Oct 1, 12:00 pm",13.937
"Oct 1, 01:00 pm",13.4371
"Oct 1, 02:00 pm",11.9718
"Oct 1, 03:00 pm",9.46054
"Oct 1, 04:00 pm",5.86486
"Oct 1, 05:00 pm",1.54617
"Oct 1, 06:00 pm",0
"Oct 1, 07:00 pm",0
"Oct 1, 08:00 pm",0
"Oct 1, 09:00 pm",0
"Oct 1, 10:00 pm",0
"Oct 1, 11:00 pm",0
"Oct 2, 12:00 am",0
"Oct 2, 01:00 am",0
"Oct 2, 02:00 am",0
"Oct 2, 03:00 am",0
"Oct 2, 04:00 am",0
"Oct 2, 05:00 am",0
"Oct 2, 06:00 am",-0
"Oct 2, 07:00 am",2.03928
"Oct 2, 08:00 am",4.52903
"Oct 2, 09:00 am",8.04393
"Oct 2, 10:00 am",0.73432
"Oct 2, 11:00 am",11.7093
"Oct 2, 12:00 pm",10.884
"Oct 2, 01:00 pm",4.37847
"Oct 2, 02:00 pm",0.286172
"Oct 2, 03:00 pm",0.318515
"Oct 2, 04:00 pm",5.06461
"Oct 2, 05:00 pm",1.13517
"Oct 2, 06:00 pm",0
"Oct 2, 07:00 pm",0
"Oct 2, 08:00 pm",0
"Oct 2, 09:00 pm",0
"Oct 2, 10:00 pm",0
"Oct 2, 11:00 pm",0
"Oct 3, 12:00 am",0
"Oct 3, 01:00 am",0
"Oct 3, 02:00 am",0
"Oct 3, 03:00 am",0
"Oct 3, 04:00 am",0
"Oct 3, 05:00 am",0
"Oct 3, 06:00 am",-0
"Oct 3, 07:00 am",3.62499
"Oct 3, 08:00 am",8.37442
"Oct 3, 09:00 am",11.8801
"Oct 3, 10:00 am",14.2352
"Oct 3, 11:00 am",15.4852
"Oct 3, 12:00 pm",15.7757
"Oct 3, 01:00 pm",15.0496
"Oct 3, 02:00 pm",13.327
"Oct 3, 03:00 pm",10.4463
"Oct 3, 04:00 pm",6.437
"Oct 3, 05:00 pm",1.63346
"Oct 3, 06:00 pm",0
"Oct 3, 07:00 pm",0
"Oct 3, 08:00 pm",0
"Oct 3, 09:00 pm",0
"Oct 3, 10:00 pm",0
"Oct 3, 11:00 pm",0
"Oct 4, 12:00 am",0
"Oct 4, 01:00 am",0
"Oct 4, 02:00 am",0
"Oct 4, 03:00 am",0
"Oct 4, 04:00 am",0
"Oct 4, 05:00 am",0
"Oct 4, 06:00 am",-0
"Oct 4, 07:00 am",3.75308
"Oct 4, 08:00 am",8.46272
"Oct 4, 09:00 am",11.7584
"Oct 4, 10:00 am",13.9039
"Oct 4, 11:00 am",14.9003
"Oct 4, 12:00 pm",14.9111
"Oct 4, 01:00 pm",14.0849
"Oct 4, 02:00 pm",12.3668
"Oct 4, 03:00 pm",9.79354
"Oct 4, 04:00 pm",6.02157
"Oct 4, 05:00 pm",1.42229
"Oct 4, 06:00 pm",0
"Oct 4, 07:00 pm",0
"Oct 4, 08:00 pm",0
"Oct 4, 09:00 pm",0
"Oct 4, 10:00 pm",0
"Oct 4, 11:00 pm",0
"Oct 5, 12:00 am",0
"Oct 5, 01:00 am",0
"Oct 5, 02:00 am",0
"Oct 5, 03:00 am",0
"Oct 5, 04:00 am",0
"Oct 5, 05:00 am",0
"Oct 5, 06:00 am",-0
"Oct 5, 07:00 am",3.35397
"Oct 5, 08:00 am",7.92381
"Oct 5, 09:00 am",11.2017
"Oct 5, 10:00 am",13.2749
"Oct 5, 11:00 am",14.3326
"Oct 5, 12:00 pm",14.5674
"Oct 5, 01:00 pm",13.8319
"Oct 5, 02:00 pm",12.3337
"Oct 5, 03:00 pm",9.71112
"Oct 5, 04:00 pm",4.45719
"Oct 5, 05:00 pm",1.03076
"Oct 5, 06:00 pm",0
"Oct 5, 07:00 pm",0
"Oct 5, 08:00 pm",0
"Oct 5, 09:00 pm",0
"Oct 5, 10:00 pm",0
"Oct 5, 11:00 pm",0
"Oct 6, 12:00 am",0
"Oct 6, 01:00 am",0
"Oct 6, 02:00 am",0
"Oct 6, 03:00 am",0
"Oct 6, 04:00 am",0
"Oct 6, 05:00 am",0
"Oct 6, 06:00 am",-0
"Oct 6, 07:00 am",3.37648
"Oct 6, 08:00 am",7.8044
"Oct 6, 09:00 am",9.20107
"Oct 6, 10:00 am",13.622
"Oct 6, 11:00 am",14.5058
"Oct 6, 12:00 pm",14.5937
"Oct 6, 01:00 pm",13.9521
"Oct 6, 02:00 pm",12.3896
"Oct 6, 03:00 pm",9.83428
"Oct 6, 04:00 pm",5.99226
"Oct 6, 05:00 pm",1.38351
"Oct 6, 06:00 pm",0
"Oct 6, 07:00 pm",0
"Oct 6, 08:00 pm",0
"Oct 6, 09:00 pm",0
"Oct 6, 10:00 pm",0
"Oct 6, 11:00 pm",0
"Oct 7, 12:00 am",0
"Oct 7, 01:00 am",0
"Oct 7, 02:00 am",0
"Oct 7, 03:00 am",0
"Oct 7, 04:00 am",0
"Oct 7, 05:00 am",0
"Oct 7, 06:00 am",-0
"Oct 7, 07:00 am",3.69354
"Oct 7, 08:00 am",8.40045
"Oct 7, 09:00 am",11.5564
"Oct 7, 10:00 am",13.5352
"Oct 7, 11:00 am",14.5437
"Oct 7, 12:00 pm",14.5821
"Oct 7, 01:00 pm",13.7257
"Oct 7, 02:00 pm",11.9465
"Oct 7, 03:00 pm",9.36567
"Oct 7, 04:00 pm",5.64066
"Oct 7, 05:00 pm",1.22793
"Oct 7, 06:00 pm",0
"Oct 7, 07:00 pm",0
"Oct 7, 08:00 pm",0
"Oct 7, 09:00 pm",0
"Oct 7, 10:00 pm",0
"Oct 7, 11:00 pm",0
"Oct 8, 12:00 am",0
"Oct 8, 01:00 am",0
"Oct 8, 02:00 am",0
"Oct 8, 03:00 am",0
"Oct 8, 04:00 am",0
"Oct 8, 05:00 am",0
"Oct 8, 06:00 am",-0
"Oct 8, 07:00 am",2.21597
"Oct 8, 08:00 am",5.86868
"Oct 8, 09:00 am",9.79072
"Oct 8, 10:00 am",11.3681
"Oct 8, 11:00 am",13.4878
"Oct 8, 12:00 pm",13.1858
"Oct 8, 01:00 pm",12.5669
"Oct 8, 02:00 pm",11.2814
"Oct 8, 03:00 pm",8.91157
"Oct 8, 04:00 pm",5.34418
"Oct 8, 05:00 pm",1.07573
"Oct 8, 06:00 pm",0
"Oct 8, 07:00 pm",0
"Oct 8, 08:00 pm",0
"Oct 8, 09:00 pm",0
"Oct 8, 10:00 pm",0
"Oct 8, 11:00 pm",0
"Oct 9, 12:00 am",0
"Oct 9, 01:00 am",0
"Oct 9, 02:00 am",0
"Oct 9, 03:00 am",0
"Oct 9, 04:00 am",0
"Oct 9, 05:00 am",0
"Oct 9, 06:00 am",-0
"Oct 9, 07:00 am",3.10463
"Oct 9, 08:00 am",7.33608
"Oct 9, 09:00 am",10.4145
"Oct 9, 10:00 am",12.7207
"Oct 9, 11:00 am",13.9043
"Oct 9, 12:00 pm",14.2605
"Oct 9, 01:00 pm",13.5707
"Oct 9, 02:00 pm",12.039
"Oct 9, 03:00 pm",9.26011
"Oct 9, 04:00 pm",5.44221
"Oct 9, 05:00 pm",1.08359
"Oct 9, 06:00 pm",0
"Oct 9, 07:00 pm",0
"Oct 9, 08:00 pm",0
"Oct 9, 09:00 pm",0
"Oct 9, 10:00 pm",0
"Oct 9, 11:00 pm",0
"Oct 10, 12:00 am",0
"Oct 10, 01:00 am",0
"Oct 10, 02:00 am",0
"Oct 10, 03:00 am",0
"Oct 10, 04:00 am",0
"Oct 10, 05:00 am",0
"Oct 10, 06:00 am",-0
"Oct 10, 07:00 am",3.13483
"Oct 10, 08:00 am",7.62986
"Oct 10, 09:00 am",10.8881
"Oct 10, 10:00 am",13.1049
"Oct 10, 11:00 am",14.3945
"Oct 10, 12:00 pm",14.6097
"Oct 10, 01:00 pm",13.9111
"Oct 10, 02:00 pm",12.2287
"Oct 10, 03:00 pm",9.44747
"Oct 10, 04:00 pm",5.56011
"Oct 10, 05:00 pm",1.05483
"Oct 10, 06:00 pm",0
"Oct 10, 07:00 pm",0
"Oct 10, 08:00 pm",0
"Oct 10, 09:00 pm",0
"Oct 10, 10:00 pm",0
"Oct 10, 11:00 pm",0
"Oct 11, 12:00 am",0
"Oct 11, 01:00 am",0
"Oct 11, 02:00 am",0
"Oct 11, 03:00 am",0
"Oct 11, 04:00 am",0
"Oct 11, 05:00 am",0
"Oct 11, 06:00 am",-0
"Oct 11, 07:00 am",3.50549
"Oct 11, 08:00 am",8.0332
"Oct 11, 09:00 am",11.1578
"Oct 11, 10:00 am",13.2453
"Oct 11, 11:00 am",14.177
"Oct 11, 12:00 pm",14.2293
"Oct 11, 01:00 pm",13.4479
"Oct 11, 02:00 pm",11.7711
"Oct 11, 03:00 pm",9.17573
"Oct 11, 04:00 pm",5.35377
"Oct 11, 05:00 pm",0.939413
"Oct 11, 06:00 pm",0
"Oct 11, 07:00 pm",0
"Oct 11, 08:00 pm",0
"Oct 11, 09:00 pm",0
"Oct 11, 10:00 pm",0
"Oct 11, 11:00 pm",0
"Oct 12, 12:00 am",0
"Oct 12, 01:00 am",0
"Oct 12, 02:00 am",0
"Oct 12, 03:00 am",0
"Oct 12, 04:00 am",0
"Oct 12, 05:00 am",0
"Oct 12, 06:00 am",0
"Oct 12, 07:00 am",3.26738
"Oct 12, 08:00 am",7.74783
"Oct 12, 09:00 am",10.7632
"Oct 12, 10:00 am",10.0054
"Oct 12, 11:00 am",13.7651
"Oct 12, 12:00 pm",7.61205
"Oct 12, 01:00 pm",9.65228
"Oct 12, 02:00 pm",12.0772
"Oct 12, 03:00 pm",9.41445
"Oct 12, 04:00 pm",5.67717
"Oct 12, 05:00 pm",1.02835
"Oct 12, 06:00 pm",0
"Oct 12, 07:00 pm",0
"Oct 12, 08:00 pm",0
"Oct 12, 09:00 pm",0
"Oct 12, 10:00 pm",0
"Oct 12, 11:00 pm",0
"Oct 13, 12:00 am",0
"Oct 13, 01:00 am",0
"Oct 13, 02:00 am",0
"Oct 13, 03:00 am",0
"Oct 13, 04:00 am",0
"Oct 13, 05:00 am",0
"Oct 13, 06:00 am",0
"Oct 13, 07:00 am",3.47836
"Oct 13, 08:00 am",8.12979
"Oct 13, 09:00 am",11.3972
"Oct 13, 10:00 am",13.3188
"Oct 13, 11:00 am",14.0306
"Oct 13, 12:00 pm",14.0488
"Oct 13, 01:00 pm",13.4056
"Oct 13, 02:00 pm",11.8717
"Oct 13, 03:00 pm",9.36207
"Oct 13, 04:00 pm",5.56602
"Oct 13, 05:00 pm",0.912376
"Oct 13, 06:00 pm",0
"Oct 13, 07:00 pm",0
"Oct 13, 08:00 pm",0
"Oct 13, 09:00 pm",0
"Oct 13, 10:00 pm",0
"Oct 13, 11:00 pm",0
"Oct 14, 12:00 am",0
"Oct 14, 01:00 am",0
"Oct 14, 02:00 am",0
"Oct 14, 03:00 am",0
"Oct 14, 04:00 am",0
"Oct 14, 05:00 am",0
"Oct 14, 06:00 am",0
"Oct 14, 07:00 am",3.40365
"Oct 14, 08:00 am",7.91597
"Oct 14, 09:00 am",11.0257
"Oct 14, 10:00 am",13.0475
"Oct 14, 11:00 am",14.0035
"Oct 14, 12:00 pm",14.0378
"Oct 14, 01:00 pm",13.354
"Oct 14, 02:00 pm",11.8342
"Oct 14, 03:00 pm",9.32355
"Oct 14, 04:00 pm",5.47604
"Oct 14, 05:00 pm",0.800673
"Oct 14, 06:00 pm",0
"Oct 14, 07:00 pm",0
"Oct 14, 08:00 pm",0
"Oct 14, 09:00 pm",0
"Oct 14, 10:00 pm",0
"Oct 14, 11:00 pm",0
"Oct 15, 12:00 am",0
"Oct 15, 01:00 am",0
"Oct 15, 02:00 am",0
"Oct 15, 03:00 am",0
"Oct 15, 04:00 am",0
"Oct 15, 05:00 am",0
"Oct 15, 06:00 am",0
"Oct 15, 07:00 am",3.45912
"Oct 15, 08:00 am",8.01022
"Oct 15, 09:00 am",11.1089
"Oct 15, 10:00 am",12.9842
"Oct 15, 11:00 am",13.7211
"Oct 15, 12:00 pm",14.1834
"Oct 15, 01:00 pm",13.549
"Oct 15, 02:00 pm",11.8973
"Oct 15, 03:00 pm",9.32144
"Oct 15, 04:00 pm",5.42778
"Oct 15, 05:00 pm",0.658545
"Oct 15, 06:00 pm",0
"Oct 15, 07:00 pm",0
"Oct 15, 08:00 pm",0
"Oct 15, 09:00 pm",0
"Oct 15, 10:00 pm",0
"Oct 15, 11:00 pm",0
"Oct 16, 12:00 am",0
"Oct 16, 01:00 am",0
"Oct 16, 02:00 am",0
"Oct 16, 03:00 am",0
"Oct 16, 04:00 am",0
"Oct 16, 05:00 am",0
"Oct 16, 06:00 am",0
"Oct 16, 07:00 am",3.37052
"Oct 16, 08:00 am",7.98661
"Oct 16, 09:00 am",11.3109
"Oct 16, 10:00 am",13.3415
"Oct 16, 11:00 am",11.8953
"Oct 16, 12:00 pm",13.9739
"Oct 16, 01:00 pm",10.5112
"Oct 16, 02:00 pm",9.50092
"Oct 16, 03:00 pm",9.07753
"Oct 16, 04:00 pm",3.69982
"Oct 16, 05:00 pm",0.363611
"Oct 16, 06:00 pm",0
"Oct 16, 07:00 pm",0
"Oct 16, 08:00 pm",0
"Oct 16, 09:00 pm",0
"Oct 16, 10:00 pm",0
"Oct 16, 11:00 pm",0
"Oct 17, 12:00 am",0
"Oct 17, 01:00 am",0
"Oct 17, 02:00 am",0
"Oct 17, 03:00 am",0
"Oct 17, 04:00 am",0
"Oct 17, 05:00 am",0
"Oct 17, 06:00 am",0
"Oct 17, 07:00 am",3.27642
"Oct 17, 08:00 am",8.00892
"Oct 17, 09:00 am",11.4679
"Oct 17, 10:00 am",13.7571
"Oct 17, 11:00 am",14.9333
"Oct 17, 12:00 pm",15.0117
"Oct 17, 01:00 pm",14.0611
"Oct 17, 02:00 pm",12.3485
"Oct 17, 03:00 pm",9.47248
"Oct 17, 04:00 pm",5.34008
"Oct 17, 05:00 pm",0.558899
"Oct 17, 06:00 pm",0
"Oct 17, 07:00 pm",0
"Oct 17, 08:00 pm",0
"Oct 17, 09:00 pm",0
"Oct 17, 10:00 pm",0
"Oct 17, 11:00 pm",0
"Oct 18, 12:00 am",0
"Oct 18, 01:00 am",0
"Oct 18, 02:00 am",0
"Oct 18, 03:00 am",0
"Oct 18, 04:00 am",0
"Oct 18, 05:00 am",0
"Oct 18, 06:00 am",0
"Oct 18, 07:00 am",3.23625
"Oct 18, 08:00 am",7.87071
"Oct 18, 09:00 am",11.1358
"Oct 18, 10:00 am",13.0859
"Oct 18, 11:00 am",14.0402
"Oct 18, 12:00 pm",14.2002
"Oct 18, 01:00 pm",13.4152
"Oct 18, 02:00 pm",11.8302
"Oct 18, 03:00 pm",9.03898
"Oct 18, 04:00 pm",5.05837
"Oct 18, 05:00 pm",0.439482
"Oct 18, 06:00 pm",0
"Oct 18, 07:00 pm",0
"Oct 18, 08:00 pm",0
"Oct 18, 09:00 pm",0
"Oct 18, 10:00 pm",0
"Oct 18, 11:00 pm",0
"Oct 19, 12:00 am",0
"Oct 19, 01:00 am",0
"Oct 19, 02:00 am",0
"Oct 19, 03:00 am",0
"Oct 19, 04:00 am",0
"Oct 19, 05:00 am",0
"Oct 19, 06:00 am",0
"Oct 19, 07:00 am",3.1248
"Oct 19, 08:00 am",7.87832
"Oct 19, 09:00 am",11.3591
"Oct 19, 10:00 am",13.6267
"Oct 19, 11:00 am",14.7817
"Oct 19, 12:00 pm",15.0039
"Oct 19, 01:00 pm",14.1345
"Oct 19, 02:00 pm",12.4027
"Oct 19, 03:00 pm",9.51073
"Oct 19, 04:00 pm",5.35906
"Oct 19, 05:00 pm",0.523893
"Oct 19, 06:00 pm",0
"Oct 19, 07:00 pm",0
"Oct 19, 08:00 pm",0
"Oct 19, 09:00 pm",0
"Oct 19, 10:00 pm",0
"Oct 19, 11:00 pm",0
"Oct 20, 12:00 am",0
"Oct 20, 01:00 am",0
"Oct 20, 02:00 am",0
"Oct 20, 03:00 am",0
"Oct 20, 04:00 am",0
"Oct 20, 05:00 am",0
"Oct 20, 06:00 am",0
"Oct 20, 07:00 am",3.53863
"Oct 20, 08:00 am",8.39776
"Oct 20, 09:00 am",11.6075
"Oct 20, 10:00 am",13.7651
"Oct 20, 11:00 am",14.8211
"Oct 20, 12:00 pm",14.9075
"Oct 20, 01:00 pm",13.9589
"Oct 20, 02:00 pm",12.0894
"Oct 20, 03:00 pm",9.09673
"Oct 20, 04:00 pm",5.06845
"Oct 20, 05:00 pm",0.419716
"Oct 20, 06:00 pm",0
"Oct 20, 07:00 pm",0
"Oct 20, 08:00 pm",0
"Oct 20, 09:00 pm",0
"Oct 20, 10:00 pm",0
"Oct 20, 11:00 pm",0
"Oct 21, 12:00 am",0
"Oct 21, 01:00 am",0
"Oct 21, 02:00 am",0
"Oct 21, 03:00 am",0
"Oct 21, 04:00 am",0
"Oct 21, 05:00 am",0
"Oct 21, 06:00 am",0
"Oct 21, 07:00 am",3.0422
"Oct 21, 08:00 am",7.57101
"Oct 21, 09:00 am",10.6348
"Oct 21, 10:00 am",12.5626
"Oct 21, 11:00 am",13.5382
"Oct 21, 12:00 pm",13.6159
"Oct 21, 01:00 pm",12.7321
"Oct 21, 02:00 pm",11.1953
"Oct 21, 03:00 pm",8.71323
"Oct 21, 04:00 pm",4.95225
"Oct 21, 05:00 pm",0.416506
"Oct 21, 06:00 pm",0
"Oct 21, 07:00 pm",0
"Oct 21, 08:00 pm",0
"Oct 21, 09:00 pm",0
"Oct 21, 10:00 pm",0
"Oct 21, 11:00 pm",0
"Oct 22, 12:00 am",0
"Oct 22, 01:00 am",0
"Oct 22, 02:00 am",0
"Oct 22, 03:00 am",0
"Oct 22, 04:00 am",0
"Oct 22, 05:00 am",0
"Oct 22, 06:00 am",0
"Oct 22, 07:00 am",2.90149
"Oct 22, 08:00 am",7.30104
"Oct 22, 09:00 am",10.4058
"Oct 22, 10:00 am",12.2877
"Oct 22, 11:00 am",13.0997
"Oct 22, 12:00 pm",13.2699
"Oct 22, 01:00 pm",12.7084
"Oct 22, 02:00 pm",11.1507
"Oct 22, 03:00 pm",8.50518
"Oct 22, 04:00 pm",4.55852
"Oct 22, 05:00 pm",0.255365
"Oct 22, 06:00 pm",0
"Oct 22, 07:00 pm",0
"Oct 22, 08:00 pm",0
"Oct 22, 09:00 pm",0
"Oct 22, 10:00 pm",0
"Oct 22, 11:00 pm",0
"Oct 23, 12:00 am",0
"Oct 23, 01:00 am",0
"Oct 23, 02:00 am",0
"Oct 23, 03:00 am",0
"Oct 23, 04:00 am",0
"Oct 23, 05:00 am",0
"Oct 23, 06:00 am",0
"Oct 23, 07:00 am",2.9112
"Oct 23, 08:00 am",7.0089
"Oct 23, 09:00 am",9.62054
"Oct 23, 10:00 am",11.3116
"Oct 23, 11:00 am",11.1404
"Oct 23, 12:00 pm",13.6229
"Oct 23, 01:00 pm",12.9938
"Oct 23, 02:00 pm",11.4559
"Oct 23, 03:00 pm",8.75006
"Oct 23, 04:00 pm",4.74578
"Oct 23, 05:00 pm",0.228435
"Oct 23, 06:00 pm",0
"Oct 23, 07:00 pm",0
"Oct 23, 08:00 pm",0
"Oct 23, 09:00 pm",0
"Oct 23, 10:00 pm",0
"Oct 23, 11:00 pm",0
"Oct 24, 12:00 am",0
"Oct 24, 01:00 am",0
"Oct 24, 02:00 am",0
"Oct 24, 03:00 am",0
"Oct 24, 04:00 am",0
"Oct 24, 05:00 am",0
"Oct 24, 06:00 am",0
"Oct 24, 07:00 am",1.94785
"Oct 24, 08:00 am",5.74795
"Oct 24, 09:00 am",7.49737
"Oct 24, 10:00 am",6.94716
"Oct 24, 11:00 am",8.29015
"Oct 24, 12:00 pm",10.1528
"Oct 24, 01:00 pm",7.55086
"Oct 24, 02:00 pm",5.77707
"Oct 24, 03:00 pm",1.75291
"Oct 24, 04:00 pm",0.756877
"Oct 24, 05:00 pm",-0
"Oct 24, 06:00 pm",0
"Oct 24, 07:00 pm",0
"Oct 24, 08:00 pm",0
"Oct 24, 09:00 pm",0
"Oct 24, 10:00 pm",0
"Oct 24, 11:00 pm",0
"Oct 25, 12:00 am",0
"Oct 25, 01:00 am",0
"Oct 25, 02:00 am",0
"Oct 25, 03:00 am",0
"Oct 25, 04:00 am",0
"Oct 25, 05:00 am",0
"Oct 25, 06:00 am",0
"Oct 25, 07:00 am",2.6461
"Oct 25, 08:00 am",7.25134
"Oct 25, 09:00 am",10.6104
"Oct 25, 10:00 am",12.811
"Oct 25, 11:00 am",13.7259
"Oct 25, 12:00 pm",13.7179
"Oct 25, 01:00 pm",12.9413
"Oct 25, 02:00 pm",11.2682
"Oct 25, 03:00 pm",8.5492
"Oct 25, 04:00 pm",4.62177
"Oct 25, 05:00 pm",0.181293
"Oct 25, 06:00 pm",0
"Oct 25, 07:00 pm",0
"Oct 25, 08:00 pm",0
"Oct 25, 09:00 pm",0
"Oct 25, 10:00 pm",0
"Oct 25, 11:00 pm",0
"Oct 26, 12:00 am",0
"Oct 26, 01:00 am",0
"Oct 26, 02:00 am",0
"Oct 26, 03:00 am",0
"Oct 26, 04:00 am",0
"Oct 26, 05:00 am",0
"Oct 26, 06:00 am",0
"Oct 26, 07:00 am",2.9195
"Oct 26, 08:00 am",7.4757
"Oct 26, 09:00 am",10.5231
"Oct 26, 10:00 am",12.1927
"Oct 26, 11:00 am",13.4439
"Oct 26, 12:00 pm",13.6729
"Oct 26, 01:00 pm",12.9428
"Oct 26, 02:00 pm",11.3299
"Oct 26, 03:00 pm",8.6987
"Oct 26, 04:00 pm",4.74511
"Oct 26, 05:00 pm",0.208671
"Oct 26, 06:00 pm",0
"Oct 26, 07:00 pm",0
"Oct 26, 08:00 pm",0
"Oct 26, 09:00 pm",0
"Oct 26, 10:00 pm",0
"Oct 26, 11:00 pm",0
"Oct 27, 12:00 am",0
"Oct 27, 01:00 am",0
"Oct 27, 02:00 am",0
"Oct 27, 03:00 am",0
"Oct 27, 04:00 am",0
"Oct 27, 05:00 am",0
"Oct 27, 06:00 am",0
"Oct 27, 07:00 am",1.61783
"Oct 27, 08:00 am",4.54224
"Oct 27, 09:00 am",9.49162
"Oct 27, 10:00 am",10.654
"Oct 27, 11:00 am",10.0571
"Oct 27, 12:00 pm",9.71984
"Oct 27, 01:00 pm",9.39606
"Oct 27, 02:00 pm",8.59224
"Oct 27, 03:00 pm",6.56028
"Oct 27, 04:00 pm",3.35173
"Oct 27, 05:00 pm",0.004719
"Oct 27, 06:00 pm",0
"Oct 27, 07:00 pm",0
"Oct 27, 08:00 pm",0
"Oct 27, 09:00 pm",0
"Oct 27, 10:00 pm",0
"Oct 27, 11:00 pm",0
"Oct 28, 12:00 am",0
"Oct 28, 01:00 am",0
"Oct 28, 02:00 am",0
"Oct 28, 03:00 am",0
"Oct 28, 04:00 am",0
"Oct 28, 05:00 am",0
"Oct 28, 06:00 am",0
"Oct 28, 07:00 am",2.10996
"Oct 28, 08:00 am",2.47117
"Oct 28, 09:00 am",7.07902
"Oct 28, 10:00 am",4.11334
"Oct 28, 11:00 am",10.01
"Oct 28, 12:00 pm",11.5159
"Oct 28, 01:00 pm",12.6261
"Oct 28, 02:00 pm",11.1012
"Oct 28, 03:00 pm",5.12661
"Oct 28, 04:00 pm",2.59671
"Oct 28, 05:00 pm",-0
"Oct 28, 06:00 pm",0
"Oct 28, 07:00 pm",0
"Oct 28, 08:00 pm",0
"Oct 28, 09:00 pm",0
"Oct 28, 10:00 pm",0
"Oct 28, 11:00 pm",0
"Oct 29, 12:00 am",0
"Oct 29, 01:00 am",0
"Oct 29, 02:00 am",0
"Oct 29, 03:00 am",0
"Oct 29, 04:00 am",0
"Oct 29, 05:00 am",0
"Oct 29, 06:00 am",0
"Oct 29, 07:00 am",2.8985
"Oct 29, 08:00 am",7.45412
"Oct 29, 09:00 am",10.6166
"Oct 29, 10:00 am",12.4346
"Oct 29, 11:00 am",13.3192
"Oct 29, 12:00 pm",13.4386
"Oct 29, 01:00 pm",12.7461
"Oct 29, 02:00 pm",11.2006
"Oct 29, 03:00 pm",8.49316
"Oct 29, 04:00 pm",4.50302
"Oct 29, 05:00 pm",-0
"Oct 29, 06:00 pm",0
"Oct 29, 07:00 pm",0
"Oct 29, 08:00 pm",0
"Oct 29, 09:00 pm",0
"Oct 29, 10:00 pm",0
"Oct 29, 11:00 pm",0
"Oct 30, 12:00 am",0
"Oct 30, 01:00 am",0
"Oct 30, 02:00 am",0
"Oct 30, 03:00 am",0
"Oct 30, 04:00 am",0
"Oct 30, 05:00 am",0
"Oct 30, 06:00 am",0
"Oct 30, 07:00 am",2.75154
"Oct 30, 08:00 am",5.46701
"Oct 30, 09:00 am",9.37454
"Oct 30, 10:00 am",11.0467
"Oct 30, 11:00 am",13.4086
"Oct 30, 12:00 pm",11.5085
"Oct 30, 01:00 pm",9.51931
"Oct 30, 02:00 pm",11.1627
"Oct 30, 03:00 pm",7.07848
"Oct 30, 04:00 pm",3.48436
"Oct 30, 05:00 pm",-0
"Oct 30, 06:00 pm",0
"Oct 30, 07:00 pm",0
"Oct 30, 08:00 pm",0
"Oct 30, 09:00 pm",0
"Oct 30, 10:00 pm",0
"Oct 30, 11:00 pm",0
"Oct 31, 12:00 am",0
"Oct 31, 01:00 am",0
"Oct 31, 02:00 am",0
"Oct 31, 03:00 am",0
"Oct 31, 04:00 am",0
"Oct 31, 05:00 am",0
"Oct 31, 06:00 am",0
"Oct 31, 07:00 am",2.61917
"Oct 31, 08:00 am",6.91981
"Oct 31, 09:00 am",10.0571
"Oct 31, 10:00 am",11.0279
"Oct 31, 11:00 am",10.8959
"Oct 31, 12:00 pm",9.35775
"Oct 31, 01:00 pm",10.0636
"Oct 31, 02:00 pm",11.6209
"Oct 31, 03:00 pm",5.179
"Oct 31, 04:00 pm",2.4399
"Oct 31, 05:00 pm",-0
"Oct 31, 06:00 pm",0
"Oct 31, 07:00 pm",0
"Oct 31, 08:00 pm",0
"Oct 31, 09:00 pm",0
"Oct 31, 10:00 pm",0
"Oct 31, 11:00 pm",0
"Nov 1, 12:00 am",0
"Nov 1, 01:00 am",0
"Nov 1, 02:00 am",0
"Nov 1, 03:00 am",0
"Nov 1, 04:00 am",0
"Nov 1, 05:00 am",0
"Nov 1, 06:00 am",0
"Nov 1, 07:00 am",3.02146
"Nov 1, 08:00 am",8.0236
"Nov 1, 09:00 am",11.3691
"Nov 1, 10:00 am",13.3489
"Nov 1, 11:00 am",14.3878
"Nov 1, 12:00 pm",14.425
"Nov 1, 01:00 pm",13.3953
"Nov 1, 02:00 pm",11.5354
"Nov 1, 03:00 pm",6.29431
"Nov 1, 04:00 pm",3.1945
"Nov 1, 05:00 pm",-0
"Nov 1, 06:00 pm",0
"Nov 1, 07:00 pm",0
"Nov 1, 08:00 pm",0
"Nov 1, 09:00 pm",0
"Nov 1, 10:00 pm",0
"Nov 1, 11:00 pm",0
"Nov 2, 12:00 am",0
"Nov 2, 01:00 am",0
"Nov 2, 02:00 am",0
"Nov 2, 03:00 am",0
"Nov 2, 04:00 am",0
"Nov 2, 05:00 am",0
"Nov 2, 06:00 am",0
"Nov 2, 07:00 am",1.46475
"Nov 2, 08:00 am",7.80688
"Nov 2, 09:00 am",11.3795
"Nov 2, 10:00 am",10.1307
"Nov 2, 11:00 am",14.8075
"Nov 2, 12:00 pm",12.0104
"Nov 2, 01:00 pm",11.5001
"Nov 2, 02:00 pm",9.46326
"Nov 2, 03:00 pm",6.92449
"Nov 2, 04:00 pm",3.23366
"Nov 2, 05:00 pm",-0
"Nov 2, 06:00 pm",0
"Nov 2, 07:00 pm",0
"Nov 2, 08:00 pm",0
"Nov 2, 09:00 pm",0
"Nov 2, 10:00 pm",0
"Nov 2, 11:00 pm",0
"Nov 3, 12:00 am",0
"Nov 3, 01:00 am",0
"Nov 3, 02:00 am",0
"Nov 3, 03:00 am",0
"Nov 3, 04:00 am",0
"Nov 3, 05:00 am",0
"Nov 3, 06:00 am",0
"Nov 3, 07:00 am",-0
"Nov 3, 08:00 am",1.09863
"Nov 3, 09:00 am",2.01555
"Nov 3, 10:00 am",2.87138
"Nov 3, 11:00 am",3.64256
"Nov 3, 12:00 pm",6.08394
"Nov 3, 01:00 pm",8.41786
"Nov 3, 02:00 pm",3.62296
"Nov 3, 03:00 pm",8.34843
"Nov 3, 04:00 pm",4.17367
"Nov 3, 05:00 pm",-0
"Nov 3, 06:00 pm",0
"Nov 3, 07:00 pm",0
"Nov 3, 08:00 pm",0
"Nov 3, 09:00 pm",0
"Nov 3, 10:00 pm",0
"Nov 3, 11:00 pm",0
"Nov 4, 12:00 am",0
"Nov 4, 01:00 am",0
"Nov 4, 02:00 am",0
"Nov 4, 03:00 am",0
"Nov 4, 04:00 am",0
"Nov 4, 05:00 am",0
"Nov 4, 06:00 am",0
"Nov 4, 07:00 am",2.657
"Nov 4, 08:00 am",7.62749
"Nov 4, 09:00 am",11.2043
"Nov 4, 10:00 am",13.4977
"Nov 4, 11:00 am",14.6389
"Nov 4, 12:00 pm",14.8105
"Nov 4, 01:00 pm",13.9695
"Nov 4, 02:00 pm",12.1388
"Nov 4, 03:00 pm",9.03971
"Nov 4, 04:00 pm",4.61405
"Nov 4, 05:00 pm",-0
"Nov 4, 06:00 pm",0
"Nov 4, 07:00 pm",0
"Nov 4, 08:00 pm",0
"Nov 4, 09:00 pm",0
"Nov 4, 10:00 pm",0
"Nov 4, 11:00 pm",0
"Nov 5, 12:00 am",0
"Nov 5, 01:00 am",0
"Nov 5, 02:00 am",0
"Nov 5, 03:00 am",0
"Nov 5, 04:00 am",0
"Nov 5, 05:00 am",0
"Nov 5, 06:00 am",0
"Nov 5, 07:00 am",2.82066
"Nov 5, 08:00 am",7.93556
"Nov 5, 09:00 am",11.5116
"Nov 5, 10:00 am",13.6144
"Nov 5, 11:00 am",14.6149
"Nov 5, 12:00 pm",14.431
"Nov 5, 01:00 pm",13.4391
"Nov 5, 02:00 pm",11.5681
"Nov 5, 03:00 pm",8.84324
"Nov 5, 04:00 pm",4.69269
"Nov 5, 05:00 pm",-0
"Nov 5, 06:00 pm",0
"Nov 5, 07:00 pm",0
"Nov 5, 08:00 pm",0
"Nov 5, 09:00 pm",0
"Nov 5, 10:00 pm",0
"Nov 5, 11:00 pm",0
"Nov 6, 12:00 am",0
"Nov 6, 01:00 am",0
"Nov 6, 02:00 am",0
"Nov 6, 03:00 am",0
"Nov 6, 04:00 am",0
"Nov 6, 05:00 am",0
"Nov 6, 06:00 am",0
"Nov 6, 07:00 am",2.79992
"Nov 6, 08:00 am",7.44304
"Nov 6, 09:00 am",8.8076
"Nov 6, 10:00 am",10.697
"Nov 6, 11:00 am",11.0414
"Nov 6, 12:00 pm",12.5877
"Nov 6, 01:00 pm",11.7644
"Nov 6, 02:00 pm",11.9015
"Nov 6, 03:00 pm",4.73213
"Nov 6, 04:00 pm",0.549473
"Nov 6, 05:00 pm",-0
"Nov 6, 06:00 pm",0
"Nov 6, 07:00 pm",0
"Nov 6, 08:00 pm",0
"Nov 6, 09:00 pm",0
"Nov 6, 10:00 pm",0
"Nov 6, 11:00 pm",0
"Nov 7, 12:00 am",0
"Nov 7, 01:00 am",0
"Nov 7, 02:00 am",0
"Nov 7, 03:00 am",0
"Nov 7, 04:00 am",0
"Nov 7, 05:00 am",0
"Nov 7, 06:00 am",0
"Nov 7, 07:00 am",2.5681
"Nov 7, 08:00 am",7.51577
"Nov 7, 09:00 am",7.81589
"Nov 7, 10:00 am",11.2
"Nov 7, 11:00 am",14.3159
"Nov 7, 12:00 pm",12.8996
"Nov 7, 01:00 pm",11.3616
"Nov 7, 02:00 pm",9.55079
"Nov 7, 03:00 pm",8.42164
"Nov 7, 04:00 pm",2.1569
"Nov 7, 05:00 pm",-0
"Nov 7, 06:00 pm",0
"Nov 7, 07:00 pm",0
"Nov 7, 08:00 pm",0
"Nov 7, 09:00 pm",0
"Nov 7, 10:00 pm",0
"Nov 7, 11:00 pm",0
"Nov 8, 12:00 am",0
"Nov 8, 01:00 am",0
"Nov 8, 02:00 am",0
"Nov 8, 03:00 am",0
"Nov 8, 04:00 am",0
"Nov 8, 05:00 am",0
"Nov 8, 06:00 am",0
"Nov 8, 07:00 am",1.33494
"Nov 8, 08:00 am",7.31035
"Nov 8, 09:00 am",7.83589
"Nov 8, 10:00 am",12.5579
"Nov 8, 11:00 am",12.583
"Nov 8, 12:00 pm",13.9609
"Nov 8, 01:00 pm",13.3254
"Nov 8, 02:00 pm",10.0362
"Nov 8, 03:00 pm",6.40574
"Nov 8, 04:00 pm",3.24954
"Nov 8, 05:00 pm",0
"Nov 8, 06:00 pm",0
"Nov 8, 07:00 pm",0
"Nov 8, 08:00 pm",0
"Nov 8, 09:00 pm",0
"Nov 8, 10:00 pm",0
"Nov 8, 11:00 pm",0
"Nov 9, 12:00 am",0
"Nov 9, 01:00 am",0
"Nov 9, 02:00 am",0
"Nov 9, 03:00 am",0
"Nov 9, 04:00 am",0
"Nov 9, 05:00 am",0
"Nov 9, 06:00 am",0
"Nov 9, 07:00 am",1.5528
"Nov 9, 08:00 am",6.21552
"Nov 9, 09:00 am",9.22977
"Nov 9, 10:00 am",11.1798
"Nov 9, 11:00 am",11.9134
"Nov 9, 12:00 pm",9.42985
"Nov 9, 01:00 pm",10.7275
"Nov 9, 02:00 pm",7.89497
"Nov 9, 03:00 pm",5.98416
"Nov 9, 04:00 pm",3.13881
"Nov 9, 05:00 pm",0
"Nov 9, 06:00 pm",0
"Nov 9, 07:00 pm",0
"Nov 9, 08:00 pm",0
"Nov 9, 09:00 pm",0
"Nov 9, 10:00 pm",0
"Nov 9, 11:00 pm",0
"Nov 10, 12:00 am",0
"Nov 10, 01:00 am",0
"Nov 10, 02:00 am",0
"Nov 10, 03:00 am",0
"Nov 10, 04:00 am",0
"Nov 10, 05:00 am",0
"Nov 10, 06:00 am",0
"Nov 10, 07:00 am",0.780766
"Nov 10, 08:00 am",3.22117
"Nov 10, 09:00 am",5.56406
"Nov 10, 10:00 am",8.92471
"Nov 10, 11:00 am",5.17612
"Nov 10, 12:00 pm",5.68439
"Nov 10, 01:00 pm",2.86791
"Nov 10, 02:00 pm",3.6265
"Nov 10, 03:00 pm",3.3016
"Nov 10, 04:00 pm",2.12955
"Nov 10, 05:00 pm",0
"Nov 10, 06:00 pm",0
"Nov 10, 07:00 pm",0
"Nov 10, 08:00 pm",0
"Nov 10, 09:00 pm",0
"Nov 10, 10:00 pm",0
"Nov 10, 11:00 pm",0
"Nov 11, 12:00 am",0
"Nov 11, 01:00 am",0
"Nov 11, 02:00 am",0
"Nov 11, 03:00 am",0
"Nov 11, 04:00 am",0
"Nov 11, 05:00 am",0
"Nov 11, 06:00 am",0
"Nov 11, 07:00 am",1.98172
"Nov 11, 08:00 am",6.92441
"Nov 11, 09:00 am",10.604
"Nov 11, 10:00 am",13.0753
"Nov 11, 11:00 am",14.224
"Nov 11, 12:00 pm",14.4548
"Nov 11, 01:00 pm",13.8126
"Nov 11, 02:00 pm",11.8015
"Nov 11, 03:00 pm",8.70623
"Nov 11, 04:00 pm",4.16092
"Nov 11, 05:00 pm",0
"Nov 11, 06:00 pm",0
"Nov 11, 07:00 pm",0
"Nov 11, 08:00 pm",0
"Nov 11, 09:00 pm",0
"Nov 11, 10:00 pm",0
"Nov 11, 11:00 pm",0
"Nov 12, 12:00 am",0
"Nov 12, 01:00 am",0
"Nov 12, 02:00 am",0
"Nov 12, 03:00 am",0
"Nov 12, 04:00 am",0
"Nov 12, 05:00 am",0
"Nov 12, 06:00 am",0
"Nov 12, 07:00 am",2.18828
"Nov 12, 08:00 am",7.37455
"Nov 12, 09:00 am",10.9279
"Nov 12, 10:00 am",13.1666
"Nov 12, 11:00 am",14.2956
"Nov 12, 12:00 pm",14.4623
"Nov 12, 01:00 pm",13.5981
"Nov 12, 02:00 pm",11.8015
"Nov 12, 03:00 pm",8.81446
"Nov 12, 04:00 pm",4.39406
"Nov 12, 05:00 pm",0
"Nov 12, 06:00 pm",0
"Nov 12, 07:00 pm",0
"Nov 12, 08:00 pm",0
"Nov 12, 09:00 pm",0
"Nov 12, 10:00 pm",0
"Nov 12, 11:00 pm",0
"Nov 13, 12:00 am",0
"Nov 13, 01:00 am",0
"Nov 13, 02:00 am",0
"Nov 13, 03:00 am",0
"Nov 13, 04:00 am",0
"Nov 13, 05:00 am",0
"Nov 13, 06:00 am",0
"Nov 13, 07:00 am",2.4241
"Nov 13, 08:00 am",7.80674
"Nov 13, 09:00 am",11.3821
"Nov 13, 10:00 am",13.6462
"Nov 13, 11:00 am",14.6865
"Nov 13, 12:00 pm",14.7775
"Nov 13, 01:00 pm",13.8812
"Nov 13, 02:00 pm",11.9267
"Nov 13, 03:00 pm",8.93699
"Nov 13, 04:00 pm",4.46325
"Nov 13, 05:00 pm",0
"Nov 13, 06:00 pm",0
"Nov 13, 07:00 pm",0
"Nov 13, 08:00 pm",0
"Nov 13, 09:00 pm",0
"Nov 13, 10:00 pm",0
"Nov 13, 11:00 pm",0
"Nov 14, 12:00 am",0
"Nov 14, 01:00 am",0
"Nov 14, 02:00 am",0
"Nov 14, 03:00 am",0
"Nov 14, 04:00 am",0
"Nov 14, 05:00 am",0
"Nov 14, 06:00 am",0
"Nov 14, 07:00 am",2.20681
"Nov 14, 08:00 am",7.44232
"Nov 14, 09:00 am",10.8752
"Nov 14, 10:00 am",13.197
"Nov 14, 11:00 am",14.3503
"Nov 14, 12:00 pm",14.527
"Nov 14, 01:00 pm",13.6546
"Nov 14, 02:00 pm",11.6583
"Nov 14, 03:00 pm",8.65992
"Nov 14, 04:00 pm",4.2477
"Nov 14, 05:00 pm",0
"Nov 14, 06:00 pm",0
"Nov 14, 07:00 pm",0
"Nov 14, 08:00 pm",0
"Nov 14, 09:00 pm",0
"Nov 14, 10:00 pm",0
"Nov 14, 11:00 pm",0
"Nov 15, 12:00 am",0
"Nov 15, 01:00 am",0
"Nov 15, 02:00 am",0
"Nov 15, 03:00 am",0
"Nov 15, 04:00 am",0
"Nov 15, 05:00 am",0
"Nov 15, 06:00 am",0
"Nov 15, 07:00 am",2.15491
"Nov 15, 08:00 am",7.83284
"Nov 15, 09:00 am",11.723
"Nov 15, 10:00 am",14.3287
"Nov 15, 11:00 am",15.5988
"Nov 15, 12:00 pm",15.8245
"Nov 15, 01:00 pm",14.8493
"Nov 15, 02:00 pm",12.7609
"Nov 15, 03:00 pm",9.53926
"Nov 15, 04:00 pm",4.75225
"Nov 15, 05:00 pm",0
"Nov 15, 06:00 pm",0
"Nov 15, 07:00 pm",0
"Nov 15, 08:00 pm",0
"Nov 15, 09:00 pm",0
"Nov 15, 10:00 pm",0
"Nov 15, 11:00 pm",0
"Nov 16, 12:00 am",0
"Nov 16, 01:00 am",0
"Nov 16, 02:00 am",0
"Nov 16, 03:00 am",0
"Nov 16, 04:00 am",0
"Nov 16, 05:00 am",0
"Nov 16, 06:00 am",0
"Nov 16, 07:00 am",2.19379
"Nov 16, 08:00 am",7.82347
"Nov 16, 09:00 am",11.5035
"Nov 16, 10:00 am",13.9388
"Nov 16, 11:00 am",15.1465
"Nov 16, 12:00 pm",15.2977
"Nov 16, 01:00 pm",14.3401
"Nov 16, 02:00 pm",12.1621
"Nov 16, 03:00 pm",9.05126
"Nov 16, 04:00 pm",4.44625
"Nov 16, 05:00 pm",0
"Nov 16, 06:00 pm",0
"Nov 16, 07:00 pm",0
"Nov 16, 08:00 pm",0
"Nov 16, 09:00 pm",0
"Nov 16, 10:00 pm",0
"Nov 16, 11:00 pm",0
"Nov 17, 12:00 am",0
"Nov 17, 01:00 am",0
"Nov 17, 02:00 am",0
"Nov 17, 03:00 am",0
"Nov 17, 04:00 am",0
"Nov 17, 05:00 am",0
"Nov 17, 06:00 am",0
"Nov 17, 07:00 am",1.94801
"Nov 17, 08:00 am",7.58178
"Nov 17, 09:00 am",11.3268
"Nov 17, 10:00 am",13.5998
"Nov 17, 11:00 am",14.8112
"Nov 17, 12:00 pm",15.0418
"Nov 17, 01:00 pm",14.1147
"Nov 17, 02:00 pm",12.0599
"Nov 17, 03:00 pm",8.96799
"Nov 17, 04:00 pm",4.3925
"Nov 17, 05:00 pm",0
"Nov 17, 06:00 pm",0
"Nov 17, 07:00 pm",0
"Nov 17, 08:00 pm",0
"Nov 17, 09:00 pm",0
"Nov 17, 10:00 pm",0
"Nov 17, 11:00 pm",0
"Nov 18, 12:00 am",0
"Nov 18, 01:00 am",0
"Nov 18, 02:00 am",0
"Nov 18, 03:00 am",0
"Nov 18, 04:00 am",0
"Nov 18, 05:00 am",0
"Nov 18, 06:00 am",0
"Nov 18, 07:00 am",2.05141
"Nov 18, 08:00 am",7.88093
"Nov 18, 09:00 am",11.5923
"Nov 18, 10:00 am",14.067
"Nov 18, 11:00 am",15.3601
"Nov 18, 12:00 pm",15.6222
"Nov 18, 01:00 pm",14.7061
"Nov 18, 02:00 pm",12.5379
"Nov 18, 03:00 pm",9.33761
"Nov 18, 04:00 pm",4.59154
"Nov 18, 05:00 pm",0
"Nov 18, 06:00 pm",0
"Nov 18, 07:00 pm",0
"Nov 18, 08:00 pm",0
"Nov 18, 09:00 pm",0
"Nov 18, 10:00 pm",0
"Nov 18, 11:00 pm",0
"Nov 19, 12:00 am",0
"Nov 19, 01:00 am",0
"Nov 19, 02:00 am",0
"Nov 19, 03:00 am",0
"Nov 19, 04:00 am",0
"Nov 19, 05:00 am",0
"Nov 19, 06:00 am",0
"Nov 19, 07:00 am",1.83954
"Nov 19, 08:00 am",7.60743
"Nov 19, 09:00 am",11.223
"Nov 19, 10:00 am",13.5685
"Nov 19, 11:00 am",14.6978
"Nov 19, 12:00 pm",14.9102
"Nov 19, 01:00 pm",13.999
"Nov 19, 02:00 pm",11.8824
"Nov 19, 03:00 pm",8.82119
"Nov 19, 04:00 pm",4.32432
"Nov 19, 05:00 pm",0
"Nov 19, 06:00 pm",0
"Nov 19, 07:00 pm",0
"Nov 19, 08:00 pm",0
"Nov 19, 09:00 pm",0
"Nov 19, 10:00 pm",0
"Nov 19, 11:00 pm",0
"Nov 20, 12:00 am",0
"Nov 20, 01:00 am",0
"Nov 20, 02:00 am",0
"Nov 20, 03:00 am",0
"Nov 20, 04:00 am",0
"Nov 20, 05:00 am",0
"Nov 20, 06:00 am",0
"Nov 20, 07:00 am",1.60312
"Nov 20, 08:00 am",7.46814
"Nov 20, 09:00 am",11.1662
"Nov 20, 10:00 am",13.5688
"Nov 20, 11:00 am",14.7944
"Nov 20, 12:00 pm",15.0589
"Nov 20, 01:00 pm",14.1917
"Nov 20, 02:00 pm",12.1676
"Nov 20, 03:00 pm",8.90424
"Nov 20, 04:00 pm",4.29397
"Nov 20, 05:00 pm",0
"Nov 20, 06:00 pm",0
"Nov 20, 07:00 pm",0
"Nov 20, 08:00 pm",0
"Nov 20, 09:00 pm",0
"Nov 20, 10:00 pm",0
"Nov 20, 11:00 pm",0
"Nov 21, 12:00 am",0
"Nov 21, 01:00 am",0
"Nov 21, 02:00 am",0
"Nov 21, 03:00 am",0
"Nov 21, 04:00 am",0
"Nov 21, 05:00 am",0
"Nov 21, 06:00 am",0
"Nov 21, 07:00 am",1.13764
"Nov 21, 08:00 am",6.27412
"Nov 21, 09:00 am",7.89741
"Nov 21, 10:00 am",10.617
"Nov 21, 11:00 am",11.5103
"Nov 21, 12:00 pm",13.1749
"Nov 21, 01:00 pm",10.748
"Nov 21, 02:00 pm",12.0563
"Nov 21, 03:00 pm",8.87745
"Nov 21, 04:00 pm",4.28813
"Nov 21, 05:00 pm",0
"Nov 21, 06:00 pm",0
"Nov 21, 07:00 pm",0
"Nov 21, 08:00 pm",0
"Nov 21, 09:00 pm",0
"Nov 21, 10:00 pm",0
"Nov 21, 11:00 pm",0
"Nov 22, 12:00 am",0
"Nov 22, 01:00 am",0
"Nov 22, 02:00 am",0
"Nov 22, 03:00 am",0
"Nov 22, 04:00 am",0
"Nov 22, 05:00 am",0
"Nov 22, 06:00 am",0
"Nov 22, 07:00 am",0.499841
"Nov 22, 08:00 am",7.21388
"Nov 22, 09:00 am",7.47504
"Nov 22, 10:00 am",8.54951
"Nov 22, 11:00 am",10.8249
"Nov 22, 12:00 pm",10.3281
"Nov 22, 01:00 pm",10.4872
"Nov 22, 02:00 pm",9.77217
"Nov 22, 03:00 pm",6.40167
"Nov 22, 04:00 pm",3.27757
"Nov 22, 05:00 pm",0
"Nov 22, 06:00 pm",0
"Nov 22, 07:00 pm",0
"Nov 22, 08:00 pm",0
"Nov 22, 09:00 pm",0
"Nov 22, 10:00 pm",0
"Nov 22, 11:00 pm",0
"Nov 23, 12:00 am",0
"Nov 23, 01:00 am",0
"Nov 23, 02:00 am",0
"Nov 23, 03:00 am",0
"Nov 23, 04:00 am",0
"Nov 23, 05:00 am",0
"Nov 23, 06:00 am",0
"Nov 23, 07:00 am",0.127797
"Nov 23, 08:00 am",2.66491
"Nov 23, 09:00 am",4.3733
"Nov 23, 10:00 am",6.42344
"Nov 23, 11:00 am",3.04991
"Nov 23, 12:00 pm",6.69453
"Nov 23, 01:00 pm",2.63652
"Nov 23, 02:00 pm",8.2206
"Nov 23, 03:00 pm",2.45157
"Nov 23, 04:00 pm",1.98189
"Nov 23, 05:00 pm",0
"Nov 23, 06:00 pm",0
"Nov 23, 07:00 pm",0
"Nov 23, 08:00 pm",0
"Nov 23, 09:00 pm",0
"Nov 23, 10:00 pm",0
"Nov 23, 11:00 pm",0
"Nov 24, 12:00 am",0
"Nov 24, 01:00 am",0
"Nov 24, 02:00 am",0
"Nov 24, 03:00 am",0
"Nov 24, 04:00 am",0
"Nov 24, 05:00 am",0
"Nov 24, 06:00 am",0
"Nov 24, 07:00 am",0.834232
"Nov 24, 08:00 am",6.14599
"Nov 24, 09:00 am",9.92322
"Nov 24, 10:00 am",12.2669
"Nov 24, 11:00 am",13.5785
"Nov 24, 12:00 pm",13.7431
"Nov 24, 01:00 pm",12.9109
"Nov 24, 02:00 pm",11.2527
"Nov 24, 03:00 pm",8.27047
"Nov 24, 04:00 pm",3.92235
"Nov 24, 05:00 pm",0
"Nov 24, 06:00 pm",0
"Nov 24, 07:00 pm",0
"Nov 24, 08:00 pm",0
"Nov 24, 09:00 pm",0
"Nov 24, 10:00 pm",0
"Nov 24, 11:00 pm",0
"Nov 25, 12:00 am",0
"Nov 25, 01:00 am",0
"Nov 25, 02:00 am",0
"Nov 25, 03:00 am",0
"Nov 25, 04:00 am",0
"Nov 25, 05:00 am",0
"Nov 25, 06:00 am",0
"Nov 25, 07:00 am",1.13178
"Nov 25, 08:00 am",6.89829
"Nov 25, 09:00 am",10.6753
"Nov 25, 10:00 am",12.8533
"Nov 25, 11:00 am",13.9885
"Nov 25, 12:00 pm",14.188
"Nov 25, 01:00 pm",13.4699
"Nov 25, 02:00 pm",11.6479
"Nov 25, 03:00 pm",7.83519
"Nov 25, 04:00 pm",3.39852
"Nov 25, 05:00 pm",0
"Nov 25, 06:00 pm",0
"Nov 25, 07:00 pm",0
"Nov 25, 08:00 pm",0
"Nov 25, 09:00 pm",0
"Nov 25, 10:00 pm",0
"Nov 25, 11:00 pm",0
"Nov 26, 12:00 am",0
"Nov 26, 01:00 am",0
"Nov 26, 02:00 am",0
"Nov 26, 03:00 am",0
"Nov 26, 04:00 am",0
"Nov 26, 05:00 am",0
"Nov 26, 06:00 am",0
"Nov 26, 07:00 am",-0
"Nov 26, 08:00 am",3.06742
"Nov 26, 09:00 am",8.74755
"Nov 26, 10:00 am",12.8186
"Nov 26, 11:00 am",13.8851
"Nov 26, 12:00 pm",11.8435
"Nov 26, 01:00 pm",13.6546
"Nov 26, 02:00 pm",12.0746
"Nov 26, 03:00 pm",8.74019
"Nov 26, 04:00 pm",3.89162
"Nov 26, 05:00 pm",0
"Nov 26, 06:00 pm",0
"Nov 26, 07:00 pm",0
"Nov 26, 08:00 pm",0
"Nov 26, 09:00 pm",0
"Nov 26, 10:00 pm",0
"Nov 26, 11:00 pm",0
"Nov 27, 12:00 am",0
"Nov 27, 01:00 am",0
"Nov 27, 02:00 am",0
"Nov 27, 03:00 am",0
"Nov 27, 04:00 am",0
"Nov 27, 05:00 am",0
"Nov 27, 06:00 am",0
"Nov 27, 07:00 am",0.132628
"Nov 27, 08:00 am",3.50633
"Nov 27, 09:00 am",7.39319
"Nov 27, 10:00 am",14.524
"Nov 27, 11:00 am",15.9254
"Nov 27, 12:00 pm",16.1657
"Nov 27, 01:00 pm",15.2092
"Nov 27, 02:00 pm",12.9114
"Nov 27, 03:00 pm",9.58209
"Nov 27, 04:00 pm",4.56689
"Nov 27, 05:00 pm",0
"Nov 27, 06:00 pm",0
"Nov 27, 07:00 pm",0
"Nov 27, 08:00 pm",0
"Nov 27, 09:00 pm",0
"Nov 27, 10:00 pm",0
"Nov 27, 11:00 pm",0
"Nov 28, 12:00 am",0
"Nov 28, 01:00 am",0
"Nov 28, 02:00 am",0
"Nov 28, 03:00 am",0
"Nov 28, 04:00 am",0
"Nov 28, 05:00 am",0
"Nov 28, 06:00 am",0
"Nov 28, 07:00 am",1.31543
"Nov 28, 08:00 am",7.649
"Nov 28, 09:00 am",11.5746
"Nov 28, 10:00 am",14.2263
"Nov 28, 11:00 am",15.5171
"Nov 28, 12:00 pm",15.7351
"Nov 28, 01:00 pm",14.8503
"Nov 28, 02:00 pm",12.6715
"Nov 28, 03:00 pm",9.46509
"Nov 28, 04:00 pm",4.53083
"Nov 28, 05:00 pm",0
"Nov 28, 06:00 pm",0
"Nov 28, 07:00 pm",0
"Nov 28, 08:00 pm",0
"Nov 28, 09:00 pm",0
"Nov 28, 10:00 pm",0
"Nov 28, 11:00 pm",0
"Nov 29, 12:00 am",0
"Nov 29, 01:00 am",0
"Nov 29, 02:00 am",0
"Nov 29, 03:00 am",0
"Nov 29, 04:00 am",0
"Nov 29, 05:00 am",0
"Nov 29, 06:00 am",0
"Nov 29, 07:00 am",0.966473
"Nov 29, 08:00 am",6.90679
"Nov 29, 09:00 am",10.8342
"Nov 29, 10:00 am",13.1545
"Nov 29, 11:00 am",14.486
"Nov 29, 12:00 pm",14.7168
"Nov 29, 01:00 pm",13.8332
"Nov 29, 02:00 pm",11.9418
"Nov 29, 03:00 pm",8.8819
"Nov 29, 04:00 pm",1.05515
"Nov 29, 05:00 pm",0
"Nov 29, 06:00 pm",0
"Nov 29, 07:00 pm",0
"Nov 29, 08:00 pm",0
"Nov 29, 09:00 pm",0
"Nov 29, 10:00 pm",0
"Nov 29, 11:00 pm",0
"Nov 30, 12:00 am",0
"Nov 30, 01:00 am",0
"Nov 30, 02:00 am",0
"Nov 30, 03:00 am",0
"Nov 30, 04:00 am",0
"Nov 30, 05:00 am",0
"Nov 30, 06:00 am",0
"Nov 30, 07:00 am",0.938091
"Nov 30, 08:00 am",6.8619
"Nov 30, 09:00 am",10.8589
"Nov 30, 10:00 am",13.2101
"Nov 30, 11:00 am",14.5525
"Nov 30, 12:00 pm",14.7527
"Nov 30, 01:00 pm",13.9649
"Nov 30, 02:00 pm",12.0466
"Nov 30, 03:00 pm",8.98064
"Nov 30, 04:00 pm",4.28536
"Nov 30, 05:00 pm",0
"Nov 30, 06:00 pm",0
"Nov 30, 07:00 pm",0
"Nov 30, 08:00 pm",0
"Nov 30, 09:00 pm",0
"Nov 30, 10:00 pm",0
"Nov 30, 11:00 pm",0
"Dec 1, 12:00 am",0
"Dec 1, 01:00 am",0
"Dec 1, 02:00 am",0
"Dec 1, 03:00 am",0
"Dec 1, 04:00 am",0
"Dec 1, 05:00 am",0
"Dec 1, 06:00 am",0
"Dec 1, 07:00 am",0.449066
"Dec 1, 08:00 am",6.04401
"Dec 1, 09:00 am",10.0302
"Dec 1, 10:00 am",12.6114
"Dec 1, 11:00 am",13.8395
"Dec 1, 12:00 pm",13.9919
"Dec 1, 01:00 pm",13.1788
"Dec 1, 02:00 pm",11.0838
"Dec 1, 03:00 pm",8.03726
"Dec 1, 04:00 pm",3.55556
"Dec 1, 05:00 pm",0
"Dec 1, 06:00 pm",0
"Dec 1, 07:00 pm",0
"Dec 1, 08:00 pm",0
"Dec 1, 09:00 pm",0
"Dec 1, 10:00 pm",0
"Dec 1, 11:00 pm",0
"Dec 2, 12:00 am",0
"Dec 2, 01:00 am",0
"Dec 2, 02:00 am",0
"Dec 2, 03:00 am",0
"Dec 2, 04:00 am",0
"Dec 2, 05:00 am",0
"Dec 2, 06:00 am",0
"Dec 2, 07:00 am",0.399744
"Dec 2, 08:00 am",5.9378
"Dec 2, 09:00 am",9.77973
"Dec 2, 10:00 am",12.1669
"Dec 2, 11:00 am",13.041
"Dec 2, 12:00 pm",13.0236
"Dec 2, 01:00 pm",12.2861
"Dec 2, 02:00 pm",11.1543
"Dec 2, 03:00 pm",8.52827
"Dec 2, 04:00 pm",2.88848
"Dec 2, 05:00 pm",0
"Dec 2, 06:00 pm",0
"Dec 2, 07:00 pm",0
"Dec 2, 08:00 pm",0
"Dec 2, 09:00 pm",0
"Dec 2, 10:00 pm",0
"Dec 2, 11:00 pm",0
"Dec 3, 12:00 am",0
"Dec 3, 01:00 am",0
"Dec 3, 02:00 am",0
"Dec 3, 03:00 am",0
"Dec 3, 04:00 am",0
"Dec 3, 05:00 am",0
"Dec 3, 06:00 am",0
"Dec 3, 07:00 am",0.533519
"Dec 3, 08:00 am",6.10652
"Dec 3, 09:00 am",7.44976
"Dec 3, 10:00 am",10.7638
"Dec 3, 11:00 am",13.5652
"Dec 3, 12:00 pm",13.7386
"Dec 3, 01:00 pm",12.9037
"Dec 3, 02:00 pm",11.0899
"Dec 3, 03:00 pm",8.06277
"Dec 3, 04:00 pm",3.61854
"Dec 3, 05:00 pm",0
"Dec 3, 06:00 pm",0
"Dec 3, 07:00 pm",0
"Dec 3, 08:00 pm",0
"Dec 3, 09:00 pm",0
"Dec 3, 10:00 pm",0
"Dec 3, 11:00 pm",0
"Dec 4, 12:00 am",0
"Dec 4, 01:00 am",0
"Dec 4, 02:00 am",0
"Dec 4, 03:00 am",0
"Dec 4, 04:00 am",0
"Dec 4, 05:00 am",0
"Dec 4, 06:00 am",0
"Dec 4, 07:00 am",0.0241341
"Dec 4, 08:00 am",2.75852
"Dec 4, 09:00 am",4.94769
"Dec 4, 10:00 am",12.1765
"Dec 4, 11:00 am",13.0772
"Dec 4, 12:00 pm",13.1475
"Dec 4, 01:00 pm",12.5233
"Dec 4, 02:00 pm",6.65455
"Dec 4, 03:00 pm",8.25827
"Dec 4, 04:00 pm",3.94218
"Dec 4, 05:00 pm",0
"Dec 4, 06:00 pm",0
"Dec 4, 07:00 pm",0
"Dec 4, 08:00 pm",0
"Dec 4, 09:00 pm",0
"Dec 4, 10:00 pm",0
"Dec 4, 11:00 pm",0
"Dec 5, 12:00 am",0
"Dec 5, 01:00 am",0
"Dec 5, 02:00 am",0
"Dec 5, 03:00 am",0
"Dec 5, 04:00 am",0
"Dec 5, 05:00 am",0
"Dec 5, 06:00 am",0
"Dec 5, 07:00 am",-0
"Dec 5, 08:00 am",1.9575
"Dec 5, 09:00 am",9.91867
"Dec 5, 10:00 am",8.11261
"Dec 5, 11:00 am",13.5877
"Dec 5, 12:00 pm",13.865
"Dec 5, 01:00 pm",13.082
"Dec 5, 02:00 pm",11.4556
"Dec 5, 03:00 pm",8.42975
"Dec 5, 04:00 pm",3.99908
"Dec 5, 05:00 pm",0
"Dec 5, 06:00 pm",0
"Dec 5, 07:00 pm",0
"Dec 5, 08:00 pm",0
"Dec 5, 09:00 pm",0
"Dec 5, 10:00 pm",0
"Dec 5, 11:00 pm",0
"Dec 6, 12:00 am",0
"Dec 6, 01:00 am",0
"Dec 6, 02:00 am",0
"Dec 6, 03:00 am",0
"Dec 6, 04:00 am",0
"Dec 6, 05:00 am",0
"Dec 6, 06:00 am",0
"Dec 6, 07:00 am",-0
"Dec 6, 08:00 am",2.72291
"Dec 6, 09:00 am",5.26219
"Dec 6, 10:00 am",8.02308
"Dec 6, 11:00 am",10.6562
"Dec 6, 12:00 pm",13.8532
"Dec 6, 01:00 pm",10.2566
"Dec 6, 02:00 pm",6.37794
"Dec 6, 03:00 pm",3.91089
"Dec 6, 04:00 pm",1.0197
"Dec 6, 05:00 pm",0
"Dec 6, 06:00 pm",0
"Dec 6, 07:00 pm",0
"Dec 6, 08:00 pm",0
"Dec 6, 09:00 pm",0
"Dec 6, 10:00 pm",0
"Dec 6, 11:00 pm",0
"Dec 7, 12:00 am",0
"Dec 7, 01:00 am",0
"Dec 7, 02:00 am",0
"Dec 7, 03:00 am",0
"Dec 7, 04:00 am",0
"Dec 7, 05:00 am",0
"Dec 7, 06:00 am",0
"Dec 7, 07:00 am",0.394233
"Dec 7, 08:00 am",5.96593
"Dec 7, 09:00 am",9.97111
"Dec 7, 10:00 am",12.4847
"Dec 7, 11:00 am",13.7449
"Dec 7, 12:00 pm",14.0034
"Dec 7, 01:00 pm",13.2363
"Dec 7, 02:00 pm",11.5138
"Dec 7, 03:00 pm",8.45072
"Dec 7, 04:00 pm",3.99423
"Dec 7, 05:00 pm",0
"Dec 7, 06:00 pm",0
"Dec 7, 07:00 pm",0
"Dec 7, 08:00 pm",0
"Dec 7, 09:00 pm",0
"Dec 7, 10:00 pm",0
"Dec 7, 11:00 pm",0
"Dec 8, 12:00 am",0
"Dec 8, 01:00 am",0
"Dec 8, 02:00 am",0
"Dec 8, 03:00 am",0
"Dec 8, 04:00 am",0
"Dec 8, 05:00 am",0
"Dec 8, 06:00 am",0
"Dec 8, 07:00 am",0.314932
"Dec 8, 08:00 am",5.92756
"Dec 8, 09:00 am",9.99714
"Dec 8, 10:00 am",12.4377
"Dec 8, 11:00 am",13.6016
"Dec 8, 12:00 pm",13.7781
"Dec 8, 01:00 pm",13.124
"Dec 8, 02:00 pm",11.6402
"Dec 8, 03:00 pm",8.7255
"Dec 8, 04:00 pm",4.19012
"Dec 8, 05:00 pm",0
"Dec 8, 06:00 pm",0
"Dec 8, 07:00 pm",0
"Dec 8, 08:00 pm",0
"Dec 8, 09:00 pm",0
"Dec 8, 10:00 pm",0
"Dec 8, 11:00 pm",0
"Dec 9, 12:00 am",0
"Dec 9, 01:00 am",0
"Dec 9, 02:00 am",0
"Dec 9, 03:00 am",0
"Dec 9, 04:00 am",0
"Dec 9, 05:00 am",0
"Dec 9, 06:00 am",0
"Dec 9, 07:00 am",-0
"Dec 9, 08:00 am",5.8437
"Dec 9, 09:00 am",9.74317
"Dec 9, 10:00 am",12.378
"Dec 9, 11:00 am",13.816
"Dec 9, 12:00 pm",14.3021
"Dec 9, 01:00 pm",13.7169
"Dec 9, 02:00 pm",11.9353
"Dec 9, 03:00 pm",8.86661
"Dec 9, 04:00 pm",2.65519
"Dec 9, 05:00 pm",0
"Dec 9, 06:00 pm",0
"Dec 9, 07:00 pm",0
"Dec 9, 08:00 pm",0
"Dec 9, 09:00 pm",0
"Dec 9, 10:00 pm",0
"Dec 9, 11:00 pm",0
"Dec 10, 12:00 am",0
"Dec 10, 01:00 am",0
"Dec 10, 02:00 am",0
"Dec 10, 03:00 am",0
"Dec 10, 04:00 am",0
"Dec 10, 05:00 am",0
"Dec 10, 06:00 am",0
"Dec 10, 07:00 am",-0
"Dec 10, 08:00 am",6.652
"Dec 10, 09:00 am",10.8094
"Dec 10, 10:00 am",13.5428
"Dec 10, 11:00 am",15.0184
"Dec 10, 12:00 pm",15.4649
"Dec 10, 01:00 pm",14.7043
"Dec 10, 02:00 pm",12.5555
"Dec 10, 03:00 pm",9.41174
"Dec 10, 04:00 pm",4.58083
"Dec 10, 05:00 pm",0
"Dec 10, 06:00 pm",0
"Dec 10, 07:00 pm",0
"Dec 10, 08:00 pm",0
"Dec 10, 09:00 pm",0
"Dec 10, 10:00 pm",0
"Dec 10, 11:00 pm",0
"Dec 11, 12:00 am",0
"Dec 11, 01:00 am",0
"Dec 11, 02:00 am",0
"Dec 11, 03:00 am",0
"Dec 11, 04:00 am",0
"Dec 11, 05:00 am",0
"Dec 11, 06:00 am",0
"Dec 11, 07:00 am",-0
"Dec 11, 08:00 am",6.41173
"Dec 11, 09:00 am",10.4576
"Dec 11, 10:00 am",12.8642
"Dec 11, 11:00 am",13.8265
"Dec 11, 12:00 pm",14.0662
"Dec 11, 01:00 pm",13.3021
"Dec 11, 02:00 pm",11.7545
"Dec 11, 03:00 pm",8.90772
"Dec 11, 04:00 pm",2.05139
"Dec 11, 05:00 pm",0
"Dec 11, 06:00 pm",0
"Dec 11, 07:00 pm",0
"Dec 11, 08:00 pm",0
"Dec 11, 09:00 pm",0
"Dec 11, 10:00 pm",0
"Dec 11, 11:00 pm",0
"Dec 12, 12:00 am",0
"Dec 12, 01:00 am",0
"Dec 12, 02:00 am",0
"Dec 12, 03:00 am",0
"Dec 12, 04:00 am",0
"Dec 12, 05:00 am",0
"Dec 12, 06:00 am",0
"Dec 12, 07:00 am",-0
"Dec 12, 08:00 am",6.09849
"Dec 12, 09:00 am",10.2952
"Dec 12, 10:00 am",7.72189
"Dec 12, 11:00 am",10.8161
"Dec 12, 12:00 pm",14.5057
"Dec 12, 01:00 pm",13.8799
"Dec 12, 02:00 pm",12.055
"Dec 12, 03:00 pm",8.9074
"Dec 12, 04:00 pm",4.25708
"Dec 12, 05:00 pm",0
"Dec 12, 06:00 pm",0
"Dec 12, 07:00 pm",0
"Dec 12, 08:00 pm",0
"Dec 12, 09:00 pm",0
"Dec 12, 10:00 pm",0
"Dec 12, 11:00 pm",0
"Dec 13, 12:00 am",0
"Dec 13, 01:00 am",0
"Dec 13, 02:00 am",0
"Dec 13, 03:00 am",0
"Dec 13, 04:00 am",0
"Dec 13, 05:00 am",0
"Dec 13, 06:00 am",0
"Dec 13, 07:00 am",-0
"Dec 13, 08:00 am",5.25857
"Dec 13, 09:00 am",3.02778
"Dec 13, 10:00 am",7.76679
"Dec 13, 11:00 am",10.8429
"Dec 13, 12:00 pm",7.15532
"Dec 13, 01:00 pm",5.72116
"Dec 13, 02:00 pm",4.71615
"Dec 13, 03:00 pm",2.31842
"Dec 13, 04:00 pm",0.861903
"Dec 13, 05:00 pm",0
"Dec 13, 06:00 pm",0
"Dec 13, 07:00 pm",0
"Dec 13, 08:00 pm",0
"Dec 13, 09:00 pm",0
"Dec 13, 10:00 pm",0
"Dec 13, 11:00 pm",0
"Dec 14, 12:00 am",0
"Dec 14, 01:00 am",0
"Dec 14, 02:00 am",0
"Dec 14, 03:00 am",0
"Dec 14, 04:00 am",0
"Dec 14, 05:00 am",0
"Dec 14, 06:00 am",0
"Dec 14, 07:00 am",-0
"Dec 14, 08:00 am",5.59323
"Dec 14, 09:00 am",5.11599
"Dec 14, 10:00 am",12.9035
"Dec 14, 11:00 am",14.4497
"Dec 14, 12:00 pm",14.9357
"Dec 14, 01:00 pm",14.2373
"Dec 14, 02:00 pm",0.592044
"Dec 14, 03:00 pm",8.90119
"Dec 14, 04:00 pm",1.98344
"Dec 14, 05:00 pm",0
"Dec 14, 06:00 pm",0
"Dec 14, 07:00 pm",0
"Dec 14, 08:00 pm",0
"Dec 14, 09:00 pm",0
"Dec 14, 10:00 pm",0
"Dec 14, 11:00 pm",0
"Dec 15, 12:00 am",0
"Dec 15, 01:00 am",0
"Dec 15, 02:00 am",0
"Dec 15, 03:00 am",0
"Dec 15, 04:00 am",0
"Dec 15, 05:00 am",0
"Dec 15, 06:00 am",0
"Dec 15, 07:00 am",-0
"Dec 15, 08:00 am",0.824911
"Dec 15, 09:00 am",0.0257572
"Dec 15, 10:00 am",1.08292
"Dec 15, 11:00 am",2.40388
"Dec 15, 12:00 pm",4.26512
"Dec 15, 01:00 pm",2.92001
"Dec 15, 02:00 pm",4.59516
"Dec 15, 03:00 pm",0.273114
"Dec 15, 04:00 pm",-0
"Dec 15, 05:00 pm",0
"Dec 15, 06:00 pm",0
"Dec 15, 07:00 pm",0
"Dec 15, 08:00 pm",0
"Dec 15, 09:00 pm",0
"Dec 15, 10:00 pm",0
"Dec 15, 11:00 pm",0
"Dec 16, 12:00 am",0
"Dec 16, 01:00 am",0
"Dec 16, 02:00 am",0
"Dec 16, 03:00 am",0
"Dec 16, 04:00 am",0
"Dec 16, 05:00 am",0
"Dec 16, 06:00 am",0
"Dec 16, 07:00 am",-0
"Dec 16, 08:00 am",5.41592
"Dec 16, 09:00 am",9.56873
"Dec 16, 10:00 am",12.3098
"Dec 16, 11:00 am",13.4744
"Dec 16, 12:00 pm",13.8612
"Dec 16, 01:00 pm",13.4495
"Dec 16, 02:00 pm",11.8899
"Dec 16, 03:00 pm",8.92973
"Dec 16, 04:00 pm",0.907477
"Dec 16, 05:00 pm",0
"Dec 16, 06:00 pm",0
"Dec 16, 07:00 pm",0
"Dec 16, 08:00 pm",0
"Dec 16, 09:00 pm",0
"Dec 16, 10:00 pm",0
"Dec 16, 11:00 pm",0
"Dec 17, 12:00 am",0
"Dec 17, 01:00 am",0
"Dec 17, 02:00 am",0
"Dec 17, 03:00 am",0
"Dec 17, 04:00 am",0
"Dec 17, 05:00 am",0
"Dec 17, 06:00 am",0
"Dec 17, 07:00 am",-0
"Dec 17, 08:00 am",5.47665
"Dec 17, 09:00 am",9.7199
"Dec 17, 10:00 am",12.3362
"Dec 17, 11:00 am",13.5813
"Dec 17, 12:00 pm",13.9664
"Dec 17, 01:00 pm",13.3868
"Dec 17, 02:00 pm",11.656
"Dec 17, 03:00 pm",8.78142
"Dec 17, 04:00 pm",4.25165
"Dec 17, 05:00 pm",0
"Dec 17, 06:00 pm",0
"Dec 17, 07:00 pm",0
"Dec 17, 08:00 pm",0
"Dec 17, 09:00 pm",0
"Dec 17, 10:00 pm",0
"Dec 17, 11:00 pm",0
"Dec 18, 12:00 am",0
"Dec 18, 01:00 am",0
"Dec 18, 02:00 am",0
"Dec 18, 03:00 am",0
"Dec 18, 04:00 am",0
"Dec 18, 05:00 am",0
"Dec 18, 06:00 am",0
"Dec 18, 07:00 am",-0
"Dec 18, 08:00 am",1.83146
"Dec 18, 09:00 am",9.57029
"Dec 18, 10:00 am",7.16679
"Dec 18, 11:00 am",8.65023
"Dec 18, 12:00 pm",9.7456
"Dec 18, 01:00 pm",4.02799
"Dec 18, 02:00 pm",1.45062
"Dec 18, 03:00 pm",1.31933
"Dec 18, 04:00 pm",0.302509
"Dec 18, 05:00 pm",0
"Dec 18, 06:00 pm",0
"Dec 18, 07:00 pm",0
"Dec 18, 08:00 pm",0
"Dec 18, 09:00 pm",0
"Dec 18, 10:00 pm",0
"Dec 18, 11:00 pm",0
"Dec 19, 12:00 am",0
"Dec 19, 01:00 am",0
"Dec 19, 02:00 am",0
"Dec 19, 03:00 am",0
"Dec 19, 04:00 am",0
"Dec 19, 05:00 am",0
"Dec 19, 06:00 am",0
"Dec 19, 07:00 am",-0
"Dec 19, 08:00 am",5.63505
"Dec 19, 09:00 am",10.3374
"Dec 19, 10:00 am",13.5244
"Dec 19, 11:00 am",15.2464
"Dec 19, 12:00 pm",15.7613
"Dec 19, 01:00 pm",15.071
"Dec 19, 02:00 pm",13.117
"Dec 19, 03:00 pm",9.96284
"Dec 19, 04:00 pm",5.09469
"Dec 19, 05:00 pm",0
"Dec 19, 06:00 pm",0
"Dec 19, 07:00 pm",0
"Dec 19, 08:00 pm",0
"Dec 19, 09:00 pm",0
"Dec 19, 10:00 pm",0
"Dec 19, 11:00 pm",0
"Dec 20, 12:00 am",0
"Dec 20, 01:00 am",0
"Dec 20, 02:00 am",0
"Dec 20, 03:00 am",0
"Dec 20, 04:00 am",0
"Dec 20, 05:00 am",0
"Dec 20, 06:00 am",0
"Dec 20, 07:00 am",-0
"Dec 20, 08:00 am",6.30063
"Dec 20, 09:00 am",10.7385
"Dec 20, 10:00 am",13.5454
"Dec 20, 11:00 am",14.893
"Dec 20, 12:00 pm",15.3343
"Dec 20, 01:00 pm",14.626
"Dec 20, 02:00 pm",12.7026
"Dec 20, 03:00 pm",6.41156
"Dec 20, 04:00 pm",2.11738
"Dec 20, 05:00 pm",0
"Dec 20, 06:00 pm",0
"Dec 20, 07:00 pm",0
"Dec 20, 08:00 pm",0
"Dec 20, 09:00 pm",0
"Dec 20, 10:00 pm",0
"Dec 20, 11:00 pm",0
"Dec 21, 12:00 am",0
"Dec 21, 01:00 am",0
"Dec 21, 02:00 am",0
"Dec 21, 03:00 am",0
"Dec 21, 04:00 am",0
"Dec 21, 05:00 am",0
"Dec 21, 06:00 am",0
"Dec 21, 07:00 am",-0
"Dec 21, 08:00 am",5.89368
"Dec 21, 09:00 am",10.3848
"Dec 21, 10:00 am",12.9844
"Dec 21, 11:00 am",14.3686
"Dec 21, 12:00 pm",14.6184
"Dec 21, 01:00 pm",13.9401
"Dec 21, 02:00 pm",12.2935
"Dec 21, 03:00 pm",5.71387
"Dec 21, 04:00 pm",1.38644
"Dec 21, 05:00 pm",0
"Dec 21, 06:00 pm",0
"Dec 21, 07:00 pm",0
"Dec 21, 08:00 pm",0
"Dec 21, 09:00 pm",0
"Dec 21, 10:00 pm",0
"Dec 21, 11:00 pm",0
"Dec 22, 12:00 am",0
"Dec 22, 01:00 am",0
"Dec 22, 02:00 am",0
"Dec 22, 03:00 am",0
"Dec 22, 04:00 am",0
"Dec 22, 05:00 am",0
"Dec 22, 06:00 am",0
"Dec 22, 07:00 am",-0
"Dec 22, 08:00 am",5.09335
"Dec 22, 09:00 am",9.33859
"Dec 22, 10:00 am",11.9961
"Dec 22, 11:00 am",12.8962
"Dec 22, 12:00 pm",13.2802
"Dec 22, 01:00 pm",8.53842
"Dec 22, 02:00 pm",8.35679
"Dec 22, 03:00 pm",2.42864
"Dec 22, 04:00 pm",4.80441
"Dec 22, 05:00 pm",0
"Dec 22, 06:00 pm",0
"Dec 22, 07:00 pm",0
"Dec 22, 08:00 pm",0
"Dec 22, 09:00 pm",0
"Dec 22, 10:00 pm",0
"Dec 22, 11:00 pm",0
"Dec 23, 12:00 am",0
"Dec 23, 01:00 am",0
"Dec 23, 02:00 am",0
"Dec 23, 03:00 am",0
"Dec 23, 04:00 am",0
"Dec 23, 05:00 am",0
"Dec 23, 06:00 am",0
"Dec 23, 07:00 am",-0
"Dec 23, 08:00 am",4.91035
"Dec 23, 09:00 am",9.42341
"Dec 23, 10:00 am",12.2537
"Dec 23, 11:00 am",13.789
"Dec 23, 12:00 pm",14.1446
"Dec 23, 01:00 pm",13.4612
"Dec 23, 02:00 pm",11.9641
"Dec 23, 03:00 pm",4.23711
"Dec 23, 04:00 pm",1.06877
"Dec 23, 05:00 pm",0
"Dec 23, 06:00 pm",0
"Dec 23, 07:00 pm",0
"Dec 23, 08:00 pm",0
"Dec 23, 09:00 pm",0
"Dec 23, 10:00 pm",0
"Dec 23, 11:00 pm",0
"Dec 24, 12:00 am",0
"Dec 24, 01:00 am",0
"Dec 24, 02:00 am",0
"Dec 24, 03:00 am",0
"Dec 24, 04:00 am",0
"Dec 24, 05:00 am",0
"Dec 24, 06:00 am",0
"Dec 24, 07:00 am",-0
"Dec 24, 08:00 am",0.271265
"Dec 24, 09:00 am",9.32128
"Dec 24, 10:00 am",12.3824
"Dec 24, 11:00 am",14.099
"Dec 24, 12:00 pm",14.6133
"Dec 24, 01:00 pm",14.0806
"Dec 24, 02:00 pm",11.9566
"Dec 24, 03:00 pm",8.77835
"Dec 24, 04:00 pm",4.11994
"Dec 24, 05:00 pm",0
"Dec 24, 06:00 pm",0
"Dec 24, 07:00 pm",0
"Dec 24, 08:00 pm",0
"Dec 24, 09:00 pm",0
"Dec 24, 10:00 pm",0
"Dec 24, 11:00 pm",0
"Dec 25, 12:00 am",0
"Dec 25, 01:00 am",0
"Dec 25, 02:00 am",0
"Dec 25, 03:00 am",0
"Dec 25, 04:00 am",0
"Dec 25, 05:00 am",0
"Dec 25, 06:00 am",0
"Dec 25, 07:00 am",0
"Dec 25, 08:00 am",0.336758
"Dec 25, 09:00 am",5.02917
"Dec 25, 10:00 am",8.36724
"Dec 25, 11:00 am",7.52316
"Dec 25, 12:00 pm",5.18732
"Dec 25, 01:00 pm",10.3539
"Dec 25, 02:00 pm",5.52863
"Dec 25, 03:00 pm",4.4152
"Dec 25, 04:00 pm",1.60743
"Dec 25, 05:00 pm",0
"Dec 25, 06:00 pm",0
"Dec 25, 07:00 pm",0
"Dec 25, 08:00 pm",0
"Dec 25, 09:00 pm",0
"Dec 25, 10:00 pm",0
"Dec 25, 11:00 pm",0
"Dec 26, 12:00 am",0
"Dec 26, 01:00 am",0
"Dec 26, 02:00 am",0
"Dec 26, 03:00 am",0
"Dec 26, 04:00 am",0
"Dec 26, 05:00 am",0
"Dec 26, 06:00 am",0
"Dec 26, 07:00 am",0
"Dec 26, 08:00 am",0.55623
"Dec 26, 09:00 am",5.73295
"Dec 26, 10:00 am",8.79592
"Dec 26, 11:00 am",9.00392
"Dec 26, 12:00 pm",9.67825
"Dec 26, 01:00 pm",9.6441
"Dec 26, 02:00 pm",12.4875
"Dec 26, 03:00 pm",9.43529
"Dec 26, 04:00 pm",4.86695
"Dec 26, 05:00 pm",0
"Dec 26, 06:00 pm",0
"Dec 26, 07:00 pm",0
"Dec 26, 08:00 pm",0
"Dec 26, 09:00 pm",0
"Dec 26, 10:00 pm",0
"Dec 26, 11:00 pm",0
"Dec 27, 12:00 am",0
"Dec 27, 01:00 am",0
"Dec 27, 02:00 am",0
"Dec 27, 03:00 am",0
"Dec 27, 04:00 am",0
"Dec 27, 05:00 am",0
"Dec 27, 06:00 am",0
"Dec 27, 07:00 am",0
"Dec 27, 08:00 am",0.915607
"Dec 27, 09:00 am",4.47389
"Dec 27, 10:00 am",4.23031
"Dec 27, 11:00 am",10.2358
"Dec 27, 12:00 pm",14.7301
"Dec 27, 01:00 pm",8.68937
"Dec 27, 02:00 pm",12.4915
"Dec 27, 03:00 pm",9.49662
"Dec 27, 04:00 pm",5.06534
"Dec 27, 05:00 pm",0
"Dec 27, 06:00 pm",0
"Dec 27, 07:00 pm",0
"Dec 27, 08:00 pm",0
"Dec 27, 09:00 pm",0
"Dec 27, 10:00 pm",0
"Dec 27, 11:00 pm",0
"Dec 28, 12:00 am",0
"Dec 28, 01:00 am",0
"Dec 28, 02:00 am",0
"Dec 28, 03:00 am",0
"Dec 28, 04:00 am",0
"Dec 28, 05:00 am",0
"Dec 28, 06:00 am",0
"Dec 28, 07:00 am",0
"Dec 28, 08:00 am",5.58393
"Dec 28, 09:00 am",10.177
"Dec 28, 10:00 am",12.9459
"Dec 28, 11:00 am",14.4175
"Dec 28, 12:00 pm",14.7897
"Dec 28, 01:00 pm",14.0856
"Dec 28, 02:00 pm",12.4256
"Dec 28, 03:00 pm",9.55423
"Dec 28, 04:00 pm",5.23893
"Dec 28, 05:00 pm",0
"Dec 28, 06:00 pm",0
"Dec 28, 07:00 pm",0
"Dec 28, 08:00 pm",0
"Dec 28, 09:00 pm",0
"Dec 28, 10:00 pm",0
"Dec 28, 11:00 pm",0
"Dec 29, 12:00 am",0
"Dec 29, 01:00 am",0
"Dec 29, 02:00 am",0
"Dec 29, 03:00 am",0
"Dec 29, 04:00 am",0
"Dec 29, 05:00 am",0
"Dec 29, 06:00 am",0
"Dec 29, 07:00 am",0
"Dec 29, 08:00 am",5.42804
"Dec 29, 09:00 am",9.97108
"Dec 29, 10:00 am",12.839
"Dec 29, 11:00 am",14.0337
"Dec 29, 12:00 pm",14.1825
"Dec 29, 01:00 pm",8.30908
"Dec 29, 02:00 pm",7.4032
"Dec 29, 03:00 pm",5.3653
"Dec 29, 04:00 pm",2.39543
"Dec 29, 05:00 pm",0
"Dec 29, 06:00 pm",0
"Dec 29, 07:00 pm",0
"Dec 29, 08:00 pm",0
"Dec 29, 09:00 pm",0
"Dec 29, 10:00 pm",0
"Dec 29, 11:00 pm",0
"Dec 30, 12:00 am",0
"Dec 30, 01:00 am",0
"Dec 30, 02:00 am",0
"Dec 30, 03:00 am",0
"Dec 30, 04:00 am",0
"Dec 30, 05:00 am",0
"Dec 30, 06:00 am",0
"Dec 30, 07:00 am",0
"Dec 30, 08:00 am",0.0679587
"Dec 30, 09:00 am",1.71576
"Dec 30, 10:00 am",1.18776
"Dec 30, 11:00 am",3.48477
"Dec 30, 12:00 pm",6.74328
"Dec 30, 01:00 pm",3.61064
"Dec 30, 02:00 pm",3.5765
"Dec 30, 03:00 pm",1.94179
"Dec 30, 04:00 pm",0.195396
"Dec 30, 05:00 pm",-0
"Dec 30, 06:00 pm",0
"Dec 30, 07:00 pm",0
"Dec 30, 08:00 pm",0
"Dec 30, 09:00 pm",0
"Dec 30, 10:00 pm",0
"Dec 30, 11:00 pm",0
"Dec 31, 12:00 am",0
"Dec 31, 01:00 am",0
"Dec 31, 02:00 am",0
"Dec 31, 03:00 am",0
"Dec 31, 04:00 am",0
"Dec 31, 05:00 am",0
"Dec 31, 06:00 am",0
"Dec 31, 07:00 am",0
"Dec 31, 08:00 am",4.6359
"Dec 31, 09:00 am",9.31692
"Dec 31, 10:00 am",12.5309
"Dec 31, 11:00 am",14.2525
"Dec 31, 12:00 pm",14.7865
"Dec 31, 01:00 pm",14.2496
"Dec 31, 02:00 pm",8.25426
"Dec 31, 03:00 pm",9.64024
"Dec 31, 04:00 pm",5.15418
"Dec 31, 05:00 pm",-0
"Dec 31, 06:00 pm",0
"Dec 31, 07:00 pm",0
"Dec 31, 08:00 pm",0
"Dec 31, 09:00 pm",0
"Dec 31, 10:00 pm",0
"Dec 31, 11:00 pm",0
