"Time stamp","System power generated | (kW)"
"Jan 1, 12:00 am",0
"Jan 1, 01:00 am",0
"Jan 1, 02:00 am",0
"Jan 1, 03:00 am",0
"Jan 1, 04:00 am",0
"Jan 1, 05:00 am",0
"Jan 1, 06:00 am",0
"Jan 1, 07:00 am",0
"Jan 1, 08:00 am",8.00424
"Jan 1, 09:00 am",10.6499
"Jan 1, 10:00 am",10.8477
"Jan 1, 11:00 am",9.75581
"Jan 1, 12:00 pm",7.59745
"Jan 1, 01:00 pm",4.37708
"Jan 1, 02:00 pm",1.1524
"Jan 1, 03:00 pm",0.666976
"Jan 1, 04:00 pm",0.465678
"Jan 1, 05:00 pm",-0
"Jan 1, 06:00 pm",0
"Jan 1, 07:00 pm",0
"Jan 1, 08:00 pm",0
"Jan 1, 09:00 pm",0
"Jan 1, 10:00 pm",0
"Jan 1, 11:00 pm",0
"Jan 2, 12:00 am",0
"Jan 2, 01:00 am",0
"Jan 2, 02:00 am",0
"Jan 2, 03:00 am",0
"Jan 2, 04:00 am",0
"Jan 2, 05:00 am",0
"Jan 2, 06:00 am",0
"Jan 2, 07:00 am",0
"Jan 2, 08:00 am",7.67981
"Jan 2, 09:00 am",10.5072
"Jan 2, 10:00 am",10.8449
"Jan 2, 11:00 am",9.79068
"Jan 2, 12:00 pm",7.65398
"Jan 2, 01:00 pm",4.43241
"Jan 2, 02:00 pm",1.13479
"Jan 2, 03:00 pm",0.732136
"Jan 2, 04:00 pm",0.457821
"Jan 2, 05:00 pm",-0
"Jan 2, 06:00 pm",0
"Jan 2, 07:00 pm",0
"Jan 2, 08:00 pm",0
"Jan 2, 09:00 pm",0
"Jan 2, 10:00 pm",0
"Jan 2, 11:00 pm",0
"Jan 3, 12:00 am",0
"Jan 3, 01:00 am",0
"Jan 3, 02:00 am",0
"Jan 3, 03:00 am",0
"Jan 3, 04:00 am",0
"Jan 3, 05:00 am",0
"Jan 3, 06:00 am",0
"Jan 3, 07:00 am",0
"Jan 3, 08:00 am",7.42617
"Jan 3, 09:00 am",10.0923
"Jan 3, 10:00 am",10.4477
"Jan 3, 11:00 am",9.56252
"Jan 3, 12:00 pm",6.2741
"Jan 3, 01:00 pm",1.78578
"Jan 3, 02:00 pm",2.31276
"Jan 3, 03:00 pm",0.641369
"Jan 3, 04:00 pm",0.449541
"Jan 3, 05:00 pm",-0
"Jan 3, 06:00 pm",0
"Jan 3, 07:00 pm",0
"Jan 3, 08:00 pm",0
"Jan 3, 09:00 pm",0
"Jan 3, 10:00 pm",0
"Jan 3, 11:00 pm",0
"Jan 4, 12:00 am",0
"Jan 4, 01:00 am",0
"Jan 4, 02:00 am",0
"Jan 4, 03:00 am",0
"Jan 4, 04:00 am",0
"Jan 4, 05:00 am",0
"Jan 4, 06:00 am",0
"Jan 4, 07:00 am",0
"Jan 4, 08:00 am",8.06895
"Jan 4, 09:00 am",10.6705
"Jan 4, 10:00 am",10.9441
"Jan 4, 11:00 am",9.78076
"Jan 4, 12:00 pm",7.67426
"Jan 4, 01:00 pm",4.47799
"Jan 4, 02:00 pm",1.20794
"Jan 4, 03:00 pm",0.66044
"Jan 4, 04:00 pm",0.470807
"Jan 4, 05:00 pm",-0
"Jan 4, 06:00 pm",0
"Jan 4, 07:00 pm",0
"Jan 4, 08:00 pm",0
"Jan 4, 09:00 pm",0
"Jan 4, 10:00 pm",0
"Jan 4, 11:00 pm",0
"Jan 5, 12:00 am",0
"Jan 5, 01:00 am",0
"Jan 5, 02:00 am",0
"Jan 5, 03:00 am",0
"Jan 5, 04:00 am",0
"Jan 5, 05:00 am",0
"Jan 5, 06:00 am",0
"Jan 5, 07:00 am",0
"Jan 5, 08:00 am",7.66226
"Jan 5, 09:00 am",10.4665
"Jan 5, 10:00 am",10.7139
"Jan 5, 11:00 am",9.78017
"Jan 5, 12:00 pm",7.72113
"Jan 5, 01:00 pm",4.54951
"Jan 5, 02:00 pm",1.25383
"Jan 5, 03:00 pm",0.669171
"Jan 5, 04:00 pm",0.477565
"Jan 5, 05:00 pm",-0
"Jan 5, 06:00 pm",0
"Jan 5, 07:00 pm",0
"Jan 5, 08:00 pm",0
"Jan 5, 09:00 pm",0
"Jan 5, 10:00 pm",0
"Jan 5, 11:00 pm",0
"Jan 6, 12:00 am",0
"Jan 6, 01:00 am",0
"Jan 6, 02:00 am",0
"Jan 6, 03:00 am",0
"Jan 6, 04:00 am",0
"Jan 6, 05:00 am",0
"Jan 6, 06:00 am",0
"Jan 6, 07:00 am",0
"Jan 6, 08:00 am",7.37722
"Jan 6, 09:00 am",10.1784
"Jan 6, 10:00 am",10.5735
"Jan 6, 11:00 am",9.61734
"Jan 6, 12:00 pm",7.63909
"Jan 6, 01:00 pm",4.55933
"Jan 6, 02:00 pm",1.20554
"Jan 6, 03:00 pm",0.697787
"Jan 6, 04:00 pm",0.512211
"Jan 6, 05:00 pm",-0
"Jan 6, 06:00 pm",0
"Jan 6, 07:00 pm",0
"Jan 6, 08:00 pm",0
"Jan 6, 09:00 pm",0
"Jan 6, 10:00 pm",0
"Jan 6, 11:00 pm",0
"Jan 7, 12:00 am",0
"Jan 7, 01:00 am",0
"Jan 7, 02:00 am",0
"Jan 7, 03:00 am",0
"Jan 7, 04:00 am",0
"Jan 7, 05:00 am",0
"Jan 7, 06:00 am",0
"Jan 7, 07:00 am",0
"Jan 7, 08:00 am",7.16861
"Jan 7, 09:00 am",10.0816
"Jan 7, 10:00 am",10.5991
"Jan 7, 11:00 am",9.81334
"Jan 7, 12:00 pm",7.76867
"Jan 7, 01:00 pm",4.65534
"Jan 7, 02:00 pm",1.29267
"Jan 7, 03:00 pm",0.790083
"Jan 7, 04:00 pm",0.526105
"Jan 7, 05:00 pm",-0
"Jan 7, 06:00 pm",0
"Jan 7, 07:00 pm",0
"Jan 7, 08:00 pm",0
"Jan 7, 09:00 pm",0
"Jan 7, 10:00 pm",0
"Jan 7, 11:00 pm",0
"Jan 8, 12:00 am",0
"Jan 8, 01:00 am",0
"Jan 8, 02:00 am",0
"Jan 8, 03:00 am",0
"Jan 8, 04:00 am",0
"Jan 8, 05:00 am",0
"Jan 8, 06:00 am",0
"Jan 8, 07:00 am",0
"Jan 8, 08:00 am",6.91649
"Jan 8, 09:00 am",10.3372
"Jan 8, 10:00 am",11.1818
"Jan 8, 11:00 am",10.4071
"Jan 8, 12:00 pm",8.26882
"Jan 8, 01:00 pm",4.93754
"Jan 8, 02:00 pm",1.36918
"Jan 8, 03:00 pm",0.789618
"Jan 8, 04:00 pm",0.521276
"Jan 8, 05:00 pm",-0
"Jan 8, 06:00 pm",0
"Jan 8, 07:00 pm",0
"Jan 8, 08:00 pm",0
"Jan 8, 09:00 pm",0
"Jan 8, 10:00 pm",0
"Jan 8, 11:00 pm",0
"Jan 9, 12:00 am",0
"Jan 9, 01:00 am",0
"Jan 9, 02:00 am",0
"Jan 9, 03:00 am",0
"Jan 9, 04:00 am",0
"Jan 9, 05:00 am",0
"Jan 9, 06:00 am",0
"Jan 9, 07:00 am",0
"Jan 9, 08:00 am",1.94027
"Jan 9, 09:00 am",10.3581
"Jan 9, 10:00 am",10.791
"Jan 9, 11:00 am",9.90225
"Jan 9, 12:00 pm",7.95153
"Jan 9, 01:00 pm",4.32198
"Jan 9, 02:00 pm",1.39484
"Jan 9, 03:00 pm",0.796073
"Jan 9, 04:00 pm",0.592457
"Jan 9, 05:00 pm",-0
"Jan 9, 06:00 pm",0
"Jan 9, 07:00 pm",0
"Jan 9, 08:00 pm",0
"Jan 9, 09:00 pm",0
"Jan 9, 10:00 pm",0
"Jan 9, 11:00 pm",0
"Jan 10, 12:00 am",0
"Jan 10, 01:00 am",0
"Jan 10, 02:00 am",0
"Jan 10, 03:00 am",0
"Jan 10, 04:00 am",0
"Jan 10, 05:00 am",0
"Jan 10, 06:00 am",0
"Jan 10, 07:00 am",0
"Jan 10, 08:00 am",7.53029
"Jan 10, 09:00 am",10.2888
"Jan 10, 10:00 am",10.6373
"Jan 10, 11:00 am",9.65201
"Jan 10, 12:00 pm",7.75862
"Jan 10, 01:00 pm",4.4345
"Jan 10, 02:00 pm",1.37822
"Jan 10, 03:00 pm",1.50036
"Jan 10, 04:00 pm",0.514692
"Jan 10, 05:00 pm",-0
"Jan 10, 06:00 pm",0
"Jan 10, 07:00 pm",0
"Jan 10, 08:00 pm",0
"Jan 10, 09:00 pm",0
"Jan 10, 10:00 pm",0
"Jan 10, 11:00 pm",0
"Jan 11, 12:00 am",0
"Jan 11, 01:00 am",0
"Jan 11, 02:00 am",0
"Jan 11, 03:00 am",0
"Jan 11, 04:00 am",0
"Jan 11, 05:00 am",0
"Jan 11, 06:00 am",0
"Jan 11, 07:00 am",0
"Jan 11, 08:00 am",2.20795
"Jan 11, 09:00 am",6.94179
"Jan 11, 10:00 am",5.21923
"Jan 11, 11:00 am",6.31125
"Jan 11, 12:00 pm",6.70297
"Jan 11, 01:00 pm",4.31198
"Jan 11, 02:00 pm",2.38288
"Jan 11, 03:00 pm",1.15994
"Jan 11, 04:00 pm",0.858554
"Jan 11, 05:00 pm",-0
"Jan 11, 06:00 pm",0
"Jan 11, 07:00 pm",0
"Jan 11, 08:00 pm",0
"Jan 11, 09:00 pm",0
"Jan 11, 10:00 pm",0
"Jan 11, 11:00 pm",0
"Jan 12, 12:00 am",0
"Jan 12, 01:00 am",0
"Jan 12, 02:00 am",0
"Jan 12, 03:00 am",0
"Jan 12, 04:00 am",0
"Jan 12, 05:00 am",0
"Jan 12, 06:00 am",0
"Jan 12, 07:00 am",0
"Jan 12, 08:00 am",-0
"Jan 12, 09:00 am",1.38413
"Jan 12, 10:00 am",6.40321
"Jan 12, 11:00 am",7.85943
"Jan 12, 12:00 pm",2.92768
"Jan 12, 01:00 pm",3.54488
"Jan 12, 02:00 pm",2.46651
"Jan 12, 03:00 pm",1.61793
"Jan 12, 04:00 pm",0.597693
"Jan 12, 05:00 pm",-0
"Jan 12, 06:00 pm",0
"Jan 12, 07:00 pm",0
"Jan 12, 08:00 pm",0
"Jan 12, 09:00 pm",0
"Jan 12, 10:00 pm",0
"Jan 12, 11:00 pm",0
"Jan 13, 12:00 am",0
"Jan 13, 01:00 am",0
"Jan 13, 02:00 am",0
"Jan 13, 03:00 am",0
"Jan 13, 04:00 am",0
"Jan 13, 05:00 am",0
"Jan 13, 06:00 am",0
"Jan 13, 07:00 am",0
"Jan 13, 08:00 am",8.95427
"Jan 13, 09:00 am",11.4934
"Jan 13, 10:00 am",11.714
"Jan 13, 11:00 am",10.5704
"Jan 13, 12:00 pm",8.45592
"Jan 13, 01:00 pm",5.14517
"Jan 13, 02:00 pm",1.5362
"Jan 13, 03:00 pm",0.686874
"Jan 13, 04:00 pm",0.53004
"Jan 13, 05:00 pm",0.0187843
"Jan 13, 06:00 pm",0
"Jan 13, 07:00 pm",0
"Jan 13, 08:00 pm",0
"Jan 13, 09:00 pm",0
"Jan 13, 10:00 pm",0
"Jan 13, 11:00 pm",0
"Jan 14, 12:00 am",0
"Jan 14, 01:00 am",0
"Jan 14, 02:00 am",0
"Jan 14, 03:00 am",0
"Jan 14, 04:00 am",0
"Jan 14, 05:00 am",0
"Jan 14, 06:00 am",0
"Jan 14, 07:00 am",0
"Jan 14, 08:00 am",2.03459
"Jan 14, 09:00 am",5.32843
"Jan 14, 10:00 am",11.1786
"Jan 14, 11:00 am",7.71661
"Jan 14, 12:00 pm",7.01065
"Jan 14, 01:00 pm",4.68749
"Jan 14, 02:00 pm",2.43325
"Jan 14, 03:00 pm",1.42059
"Jan 14, 04:00 pm",0.238176
"Jan 14, 05:00 pm",-0
"Jan 14, 06:00 pm",0
"Jan 14, 07:00 pm",0
"Jan 14, 08:00 pm",0
"Jan 14, 09:00 pm",0
"Jan 14, 10:00 pm",0
"Jan 14, 11:00 pm",0
"Jan 15, 12:00 am",0
"Jan 15, 01:00 am",0
"Jan 15, 02:00 am",0
"Jan 15, 03:00 am",0
"Jan 15, 04:00 am",0
"Jan 15, 05:00 am",0
"Jan 15, 06:00 am",0
"Jan 15, 07:00 am",0
"Jan 15, 08:00 am",0.00335605
"Jan 15, 09:00 am",1.63462
"Jan 15, 10:00 am",1.24245
"Jan 15, 11:00 am",2.9294
"Jan 15, 12:00 pm",0.963927
"Jan 15, 01:00 pm",3.18052
"Jan 15, 02:00 pm",2.15957
"Jan 15, 03:00 pm",1.58849
"Jan 15, 04:00 pm",0.327497
"Jan 15, 05:00 pm",-0
"Jan 15, 06:00 pm",0
"Jan 15, 07:00 pm",0
"Jan 15, 08:00 pm",0
"Jan 15, 09:00 pm",0
"Jan 15, 10:00 pm",0
"Jan 15, 11:00 pm",0
"Jan 16, 12:00 am",0
"Jan 16, 01:00 am",0
"Jan 16, 02:00 am",0
"Jan 16, 03:00 am",0
"Jan 16, 04:00 am",0
"Jan 16, 05:00 am",0
"Jan 16, 06:00 am",0
"Jan 16, 07:00 am",0
"Jan 16, 08:00 am",0.948829
"Jan 16, 09:00 am",10.0972
"Jan 16, 10:00 am",10.8248
"Jan 16, 11:00 am",6.97816
"Jan 16, 12:00 pm",6.82574
"Jan 16, 01:00 pm",4.65097
"Jan 16, 02:00 pm",2.70682
"Jan 16, 03:00 pm",0.943668
"Jan 16, 04:00 pm",0.721637
"Jan 16, 05:00 pm",0.0472642
"Jan 16, 06:00 pm",0
"Jan 16, 07:00 pm",0
"Jan 16, 08:00 pm",0
"Jan 16, 09:00 pm",0
"Jan 16, 10:00 pm",0
"Jan 16, 11:00 pm",0
"Jan 17, 12:00 am",0
"Jan 17, 01:00 am",0
"Jan 17, 02:00 am",0
"Jan 17, 03:00 am",0
"Jan 17, 04:00 am",0
"Jan 17, 05:00 am",0
"Jan 17, 06:00 am",0
"Jan 17, 07:00 am",0
"Jan 17, 08:00 am",7.62475
"Jan 17, 09:00 am",10.586
"Jan 17, 10:00 am",11.1979
"Jan 17, 11:00 am",10.2218
"Jan 17, 12:00 pm",8.30239
"Jan 17, 01:00 pm",5.19389
"Jan 17, 02:00 pm",1.80436
"Jan 17, 03:00 pm",0.832821
"Jan 17, 04:00 pm",0.64007
"Jan 17, 05:00 pm",0.0466449
"Jan 17, 06:00 pm",0
"Jan 17, 07:00 pm",0
"Jan 17, 08:00 pm",0
"Jan 17, 09:00 pm",0
"Jan 17, 10:00 pm",0
"Jan 17, 11:00 pm",0
"Jan 18, 12:00 am",0
"Jan 18, 01:00 am",0
"Jan 18, 02:00 am",0
"Jan 18, 03:00 am",0
"Jan 18, 04:00 am",0
"Jan 18, 05:00 am",0
"Jan 18, 06:00 am",0
"Jan 18, 07:00 am",0
"Jan 18, 08:00 am",7.77523
"Jan 18, 09:00 am",10.6196
"Jan 18, 10:00 am",11.092
"Jan 18, 11:00 am",10.0818
"Jan 18, 12:00 pm",8.25839
"Jan 18, 01:00 pm",5.2321
"Jan 18, 02:00 pm",1.76473
"Jan 18, 03:00 pm",0.85507
"Jan 18, 04:00 pm",0.595956
"Jan 18, 05:00 pm",0.0563375
"Jan 18, 06:00 pm",0
"Jan 18, 07:00 pm",0
"Jan 18, 08:00 pm",0
"Jan 18, 09:00 pm",0
"Jan 18, 10:00 pm",0
"Jan 18, 11:00 pm",0
"Jan 19, 12:00 am",0
"Jan 19, 01:00 am",0
"Jan 19, 02:00 am",0
"Jan 19, 03:00 am",0
"Jan 19, 04:00 am",0
"Jan 19, 05:00 am",0
"Jan 19, 06:00 am",0
"Jan 19, 07:00 am",0
"Jan 19, 08:00 am",7.50208
"Jan 19, 09:00 am",10.5376
"Jan 19, 10:00 am",11.0662
"Jan 19, 11:00 am",10.1238
"Jan 19, 12:00 pm",8.26011
"Jan 19, 01:00 pm",5.26763
"Jan 19, 02:00 pm",1.7615
"Jan 19, 03:00 pm",0.812395
"Jan 19, 04:00 pm",0.557317
"Jan 19, 05:00 pm",0.0547291
"Jan 19, 06:00 pm",0
"Jan 19, 07:00 pm",0
"Jan 19, 08:00 pm",0
"Jan 19, 09:00 pm",0
"Jan 19, 10:00 pm",0
"Jan 19, 11:00 pm",0
"Jan 20, 12:00 am",0
"Jan 20, 01:00 am",0
"Jan 20, 02:00 am",0
"Jan 20, 03:00 am",0
"Jan 20, 04:00 am",0
"Jan 20, 05:00 am",0
"Jan 20, 06:00 am",0
"Jan 20, 07:00 am",0
"Jan 20, 08:00 am",7.84402
"Jan 20, 09:00 am",10.6947
"Jan 20, 10:00 am",11.1338
"Jan 20, 11:00 am",10.1344
"Jan 20, 12:00 pm",8.33306
"Jan 20, 01:00 pm",5.32107
"Jan 20, 02:00 pm",1.74731
"Jan 20, 03:00 pm",0.768867
"Jan 20, 04:00 pm",0.60011
"Jan 20, 05:00 pm",0.053255
"Jan 20, 06:00 pm",0
"Jan 20, 07:00 pm",0
"Jan 20, 08:00 pm",0
"Jan 20, 09:00 pm",0
"Jan 20, 10:00 pm",0
"Jan 20, 11:00 pm",0
"Jan 21, 12:00 am",0
"Jan 21, 01:00 am",0
"Jan 21, 02:00 am",0
"Jan 21, 03:00 am",0
"Jan 21, 04:00 am",0
"Jan 21, 05:00 am",0
"Jan 21, 06:00 am",0
"Jan 21, 07:00 am",0
"Jan 21, 08:00 am",1.51072
"Jan 21, 09:00 am",3.57038
"Jan 21, 10:00 am",5.63755
"Jan 21, 11:00 am",3.13837
"Jan 21, 12:00 pm",3.0472
"Jan 21, 01:00 pm",2.40891
"Jan 21, 02:00 pm",2.74477
"Jan 21, 03:00 pm",1.00267
"Jan 21, 04:00 pm",0.842931
"Jan 21, 05:00 pm",0.0825258
"Jan 21, 06:00 pm",0
"Jan 21, 07:00 pm",0
"Jan 21, 08:00 pm",0
"Jan 21, 09:00 pm",0
"Jan 21, 10:00 pm",0
"Jan 21, 11:00 pm",0
"Jan 22, 12:00 am",0
"Jan 22, 01:00 am",0
"Jan 22, 02:00 am",0
"Jan 22, 03:00 am",0
"Jan 22, 04:00 am",0
"Jan 22, 05:00 am",0
"Jan 22, 06:00 am",0
"Jan 22, 07:00 am",-0
"Jan 22, 08:00 am",8.35604
"Jan 22, 09:00 am",6.33462
"Jan 22, 10:00 am",7.29665
"Jan 22, 11:00 am",6.25322
"Jan 22, 12:00 pm",6.94258
"Jan 22, 01:00 pm",4.53657
"Jan 22, 02:00 pm",2.92696
"Jan 22, 03:00 pm",1.78612
"Jan 22, 04:00 pm",1.04751
"Jan 22, 05:00 pm",0.0419856
"Jan 22, 06:00 pm",0
"Jan 22, 07:00 pm",0
"Jan 22, 08:00 pm",0
"Jan 22, 09:00 pm",0
"Jan 22, 10:00 pm",0
"Jan 22, 11:00 pm",0
"Jan 23, 12:00 am",0
"Jan 23, 01:00 am",0
"Jan 23, 02:00 am",0
"Jan 23, 03:00 am",0
"Jan 23, 04:00 am",0
"Jan 23, 05:00 am",0
"Jan 23, 06:00 am",0
"Jan 23, 07:00 am",-0
"Jan 23, 08:00 am",3.34009
"Jan 23, 09:00 am",10.8222
"Jan 23, 10:00 am",7.48386
"Jan 23, 11:00 am",4.93091
"Jan 23, 12:00 pm",4.8924
"Jan 23, 01:00 pm",4.31591
"Jan 23, 02:00 pm",2.9605
"Jan 23, 03:00 pm",1.63041
"Jan 23, 04:00 pm",0.904862
"Jan 23, 05:00 pm",0.0437935
"Jan 23, 06:00 pm",0
"Jan 23, 07:00 pm",0
"Jan 23, 08:00 pm",0
"Jan 23, 09:00 pm",0
"Jan 23, 10:00 pm",0
"Jan 23, 11:00 pm",0
"Jan 24, 12:00 am",0
"Jan 24, 01:00 am",0
"Jan 24, 02:00 am",0
"Jan 24, 03:00 am",0
"Jan 24, 04:00 am",0
"Jan 24, 05:00 am",0
"Jan 24, 06:00 am",0
"Jan 24, 07:00 am",-0
"Jan 24, 08:00 am",8.18057
"Jan 24, 09:00 am",11.2547
"Jan 24, 10:00 am",11.979
"Jan 24, 11:00 am",11.038
"Jan 24, 12:00 pm",9.08725
"Jan 24, 01:00 pm",5.83723
"Jan 24, 02:00 pm",2.01626
"Jan 24, 03:00 pm",0.850138
"Jan 24, 04:00 pm",0.60537
"Jan 24, 05:00 pm",0.101781
"Jan 24, 06:00 pm",0
"Jan 24, 07:00 pm",0
"Jan 24, 08:00 pm",0
"Jan 24, 09:00 pm",0
"Jan 24, 10:00 pm",0
"Jan 24, 11:00 pm",0
"Jan 25, 12:00 am",0
"Jan 25, 01:00 am",0
"Jan 25, 02:00 am",0
"Jan 25, 03:00 am",0
"Jan 25, 04:00 am",0
"Jan 25, 05:00 am",0
"Jan 25, 06:00 am",0
"Jan 25, 07:00 am",-0
"Jan 25, 08:00 am",8.85316
"Jan 25, 09:00 am",11.6654
"Jan 25, 10:00 am",12.249
"Jan 25, 11:00 am",11.2775
"Jan 25, 12:00 pm",9.2507
"Jan 25, 01:00 pm",5.90728
"Jan 25, 02:00 pm",2.09647
"Jan 25, 03:00 pm",0.778047
"Jan 25, 04:00 pm",0.625682
"Jan 25, 05:00 pm",0.0995181
"Jan 25, 06:00 pm",0
"Jan 25, 07:00 pm",0
"Jan 25, 08:00 pm",0
"Jan 25, 09:00 pm",0
"Jan 25, 10:00 pm",0
"Jan 25, 11:00 pm",0
"Jan 26, 12:00 am",0
"Jan 26, 01:00 am",0
"Jan 26, 02:00 am",0
"Jan 26, 03:00 am",0
"Jan 26, 04:00 am",0
"Jan 26, 05:00 am",0
"Jan 26, 06:00 am",0
"Jan 26, 07:00 am",-0
"Jan 26, 08:00 am",8.3944
"Jan 26, 09:00 am",11.1768
"Jan 26, 10:00 am",11.4952
"Jan 26, 11:00 am",10.4846
"Jan 26, 12:00 pm",8.699
"Jan 26, 01:00 pm",5.68391
"Jan 26, 02:00 pm",2.0101
"Jan 26, 03:00 pm",0.800088
"Jan 26, 04:00 pm",0.593935
"Jan 26, 05:00 pm",0.107898
"Jan 26, 06:00 pm",0
"Jan 26, 07:00 pm",0
"Jan 26, 08:00 pm",0
"Jan 26, 09:00 pm",0
"Jan 26, 10:00 pm",0
"Jan 26, 11:00 pm",0
"Jan 27, 12:00 am",0
"Jan 27, 01:00 am",0
"Jan 27, 02:00 am",0
"Jan 27, 03:00 am",0
"Jan 27, 04:00 am",0
"Jan 27, 05:00 am",0
"Jan 27, 06:00 am",0
"Jan 27, 07:00 am",-0
"Jan 27, 08:00 am",1.70665
"Jan 27, 09:00 am",7.36734
"Jan 27, 10:00 am",6.2625
"Jan 27, 11:00 am",6.47307
"Jan 27, 12:00 pm",4.62584
"Jan 27, 01:00 pm",4.6455
"Jan 27, 02:00 pm",3.01962
"Jan 27, 03:00 pm",1.95059
"Jan 27, 04:00 pm",1.09331
"Jan 27, 05:00 pm",0.0499416
"Jan 27, 06:00 pm",0
"Jan 27, 07:00 pm",0
"Jan 27, 08:00 pm",0
"Jan 27, 09:00 pm",0
"Jan 27, 10:00 pm",0
"Jan 27, 11:00 pm",0
"Jan 28, 12:00 am",0
"Jan 28, 01:00 am",0
"Jan 28, 02:00 am",0
"Jan 28, 03:00 am",0
"Jan 28, 04:00 am",0
"Jan 28, 05:00 am",0
"Jan 28, 06:00 am",0
"Jan 28, 07:00 am",-0
"Jan 28, 08:00 am",8.89694
"Jan 28, 09:00 am",11.8106
"Jan 28, 10:00 am",12.2292
"Jan 28, 11:00 am",11.2565
"Jan 28, 12:00 pm",9.31234
"Jan 28, 01:00 pm",6.05118
"Jan 28, 02:00 pm",2.19062
"Jan 28, 03:00 pm",0.822189
"Jan 28, 04:00 pm",0.657957
"Jan 28, 05:00 pm",0.14243
"Jan 28, 06:00 pm",0
"Jan 28, 07:00 pm",0
"Jan 28, 08:00 pm",0
"Jan 28, 09:00 pm",0
"Jan 28, 10:00 pm",0
"Jan 28, 11:00 pm",0
"Jan 29, 12:00 am",0
"Jan 29, 01:00 am",0
"Jan 29, 02:00 am",0
"Jan 29, 03:00 am",0
"Jan 29, 04:00 am",0
"Jan 29, 05:00 am",0
"Jan 29, 06:00 am",0
"Jan 29, 07:00 am",-0
"Jan 29, 08:00 am",8.77936
"Jan 29, 09:00 am",11.6935
"Jan 29, 10:00 am",12.0418
"Jan 29, 11:00 am",11.0938
"Jan 29, 12:00 pm",9.23961
"Jan 29, 01:00 pm",6.06062
"Jan 29, 02:00 pm",2.23066
"Jan 29, 03:00 pm",0.850586
"Jan 29, 04:00 pm",0.633654
"Jan 29, 05:00 pm",0.172022
"Jan 29, 06:00 pm",0
"Jan 29, 07:00 pm",0
"Jan 29, 08:00 pm",0
"Jan 29, 09:00 pm",0
"Jan 29, 10:00 pm",0
"Jan 29, 11:00 pm",0
"Jan 30, 12:00 am",0
"Jan 30, 01:00 am",0
"Jan 30, 02:00 am",0
"Jan 30, 03:00 am",0
"Jan 30, 04:00 am",0
"Jan 30, 05:00 am",0
"Jan 30, 06:00 am",0
"Jan 30, 07:00 am",-0
"Jan 30, 08:00 am",8.71812
"Jan 30, 09:00 am",11.353
"Jan 30, 10:00 am",11.474
"Jan 30, 11:00 am",10.7185
"Jan 30, 12:00 pm",8.95957
"Jan 30, 01:00 pm",5.93444
"Jan 30, 02:00 pm",2.30215
"Jan 30, 03:00 pm",0.81009
"Jan 30, 04:00 pm",0.637516
"Jan 30, 05:00 pm",0.184236
"Jan 30, 06:00 pm",0
"Jan 30, 07:00 pm",0
"Jan 30, 08:00 pm",0
"Jan 30, 09:00 pm",0
"Jan 30, 10:00 pm",0
"Jan 30, 11:00 pm",0
"Jan 31, 12:00 am",0
"Jan 31, 01:00 am",0
"Jan 31, 02:00 am",0
"Jan 31, 03:00 am",0
"Jan 31, 04:00 am",0
"Jan 31, 05:00 am",0
"Jan 31, 06:00 am",0
"Jan 31, 07:00 am",-0
"Jan 31, 08:00 am",0.994277
"Jan 31, 09:00 am",10.9135
"Jan 31, 10:00 am",4.68965
"Jan 31, 11:00 am",10.8596
"Jan 31, 12:00 pm",9.02233
"Jan 31, 01:00 pm",6.05395
"Jan 31, 02:00 pm",2.28655
"Jan 31, 03:00 pm",0.842474
"Jan 31, 04:00 pm",0.621333
"Jan 31, 05:00 pm",0.255101
"Jan 31, 06:00 pm",0
"Jan 31, 07:00 pm",0
"Jan 31, 08:00 pm",0
"Jan 31, 09:00 pm",0
"Jan 31, 10:00 pm",0
"Jan 31, 11:00 pm",0
"Feb 1, 12:00 am",0
"Feb 1, 01:00 am",0
"Feb 1, 02:00 am",0
"Feb 1, 03:00 am",0
"Feb 1, 04:00 am",0
"Feb 1, 05:00 am",0
"Feb 1, 06:00 am",0
"Feb 1, 07:00 am",-0
"Feb 1, 08:00 am",10.0345
"Feb 1, 09:00 am",12.6261
"Feb 1, 10:00 am",13.0657
"Feb 1, 11:00 am",12.0088
"Feb 1, 12:00 pm",9.96602
"Feb 1, 01:00 pm",6.55459
"Feb 1, 02:00 pm",2.46088
"Feb 1, 03:00 pm",0.854468
"Feb 1, 04:00 pm",0.629226
"Feb 1, 05:00 pm",0.239724
"Feb 1, 06:00 pm",0
"Feb 1, 07:00 pm",0
"Feb 1, 08:00 pm",0
"Feb 1, 09:00 pm",0
"Feb 1, 10:00 pm",0
"Feb 1, 11:00 pm",0
"Feb 2, 12:00 am",0
"Feb 2, 01:00 am",0
"Feb 2, 02:00 am",0
"Feb 2, 03:00 am",0
"Feb 2, 04:00 am",0
"Feb 2, 05:00 am",0
"Feb 2, 06:00 am",0
"Feb 2, 07:00 am",-0
"Feb 2, 08:00 am",9.21628
"Feb 2, 09:00 am",11.9233
"Feb 2, 10:00 am",12.2563
"Feb 2, 11:00 am",11.2609
"Feb 2, 12:00 pm",9.4512
"Feb 2, 01:00 pm",6.36906
"Feb 2, 02:00 pm",2.51358
"Feb 2, 03:00 pm",0.824062
"Feb 2, 04:00 pm",0.700898
"Feb 2, 05:00 pm",0.250277
"Feb 2, 06:00 pm",0
"Feb 2, 07:00 pm",0
"Feb 2, 08:00 pm",0
"Feb 2, 09:00 pm",0
"Feb 2, 10:00 pm",0
"Feb 2, 11:00 pm",0
"Feb 3, 12:00 am",0
"Feb 3, 01:00 am",0
"Feb 3, 02:00 am",0
"Feb 3, 03:00 am",0
"Feb 3, 04:00 am",0
"Feb 3, 05:00 am",0
"Feb 3, 06:00 am",0
"Feb 3, 07:00 am",-0
"Feb 3, 08:00 am",9.21306
"Feb 3, 09:00 am",11.8275
"Feb 3, 10:00 am",12.1572
"Feb 3, 11:00 am",9.07242
"Feb 3, 12:00 pm",9.41731
"Feb 3, 01:00 pm",6.30528
"Feb 3, 02:00 pm",2.47399
"Feb 3, 03:00 pm",1.4603
"Feb 3, 04:00 pm",0.811288
"Feb 3, 05:00 pm",0.22319
"Feb 3, 06:00 pm",0
"Feb 3, 07:00 pm",0
"Feb 3, 08:00 pm",0
"Feb 3, 09:00 pm",0
"Feb 3, 10:00 pm",0
"Feb 3, 11:00 pm",0
"Feb 4, 12:00 am",0
"Feb 4, 01:00 am",0
"Feb 4, 02:00 am",0
"Feb 4, 03:00 am",0
"Feb 4, 04:00 am",0
"Feb 4, 05:00 am",0
"Feb 4, 06:00 am",0
"Feb 4, 07:00 am",-0
"Feb 4, 08:00 am",9.44297
"Feb 4, 09:00 am",11.8362
"Feb 4, 10:00 am",12.1026
"Feb 4, 11:00 am",11.1285
"Feb 4, 12:00 pm",9.29165
"Feb 4, 01:00 pm",6.22054
"Feb 4, 02:00 pm",2.40298
"Feb 4, 03:00 pm",0.758938
"Feb 4, 04:00 pm",0.537913
"Feb 4, 05:00 pm",0.218105
"Feb 4, 06:00 pm",0
"Feb 4, 07:00 pm",0
"Feb 4, 08:00 pm",0
"Feb 4, 09:00 pm",0
"Feb 4, 10:00 pm",0
"Feb 4, 11:00 pm",0
"Feb 5, 12:00 am",0
"Feb 5, 01:00 am",0
"Feb 5, 02:00 am",0
"Feb 5, 03:00 am",0
"Feb 5, 04:00 am",0
"Feb 5, 05:00 am",0
"Feb 5, 06:00 am",0
"Feb 5, 07:00 am",-0
"Feb 5, 08:00 am",9.3517
"Feb 5, 09:00 am",11.5028
"Feb 5, 10:00 am",11.8281
"Feb 5, 11:00 am",10.9553
"Feb 5, 12:00 pm",9.2433
"Feb 5, 01:00 pm",6.27669
"Feb 5, 02:00 pm",2.48406
"Feb 5, 03:00 pm",0.787312
"Feb 5, 04:00 pm",0.584439
"Feb 5, 05:00 pm",0.266106
"Feb 5, 06:00 pm",0
"Feb 5, 07:00 pm",0
"Feb 5, 08:00 pm",0
"Feb 5, 09:00 pm",0
"Feb 5, 10:00 pm",0
"Feb 5, 11:00 pm",0
"Feb 6, 12:00 am",0
"Feb 6, 01:00 am",0
"Feb 6, 02:00 am",0
"Feb 6, 03:00 am",0
"Feb 6, 04:00 am",0
"Feb 6, 05:00 am",0
"Feb 6, 06:00 am",0
"Feb 6, 07:00 am",0.00914057
"Feb 6, 08:00 am",9.09138
"Feb 6, 09:00 am",11.6403
"Feb 6, 10:00 am",8.7105
"Feb 6, 11:00 am",11.238
"Feb 6, 12:00 pm",9.46418
"Feb 6, 01:00 pm",6.0078
"Feb 6, 02:00 pm",2.63316
"Feb 6, 03:00 pm",1.19211
"Feb 6, 04:00 pm",0.947387
"Feb 6, 05:00 pm",0.336206
"Feb 6, 06:00 pm",0
"Feb 6, 07:00 pm",0
"Feb 6, 08:00 pm",0
"Feb 6, 09:00 pm",0
"Feb 6, 10:00 pm",0
"Feb 6, 11:00 pm",0
"Feb 7, 12:00 am",0
"Feb 7, 01:00 am",0
"Feb 7, 02:00 am",0
"Feb 7, 03:00 am",0
"Feb 7, 04:00 am",0
"Feb 7, 05:00 am",0
"Feb 7, 06:00 am",0
"Feb 7, 07:00 am",0.352279
"Feb 7, 08:00 am",8.54689
"Feb 7, 09:00 am",11.5693
"Feb 7, 10:00 am",12.2756
"Feb 7, 11:00 am",11.6088
"Feb 7, 12:00 pm",9.73717
"Feb 7, 01:00 pm",6.66869
"Feb 7, 02:00 pm",2.92989
"Feb 7, 03:00 pm",1.07843
"Feb 7, 04:00 pm",0.961937
"Feb 7, 05:00 pm",0.390675
"Feb 7, 06:00 pm",0
"Feb 7, 07:00 pm",0
"Feb 7, 08:00 pm",0
"Feb 7, 09:00 pm",0
"Feb 7, 10:00 pm",0
"Feb 7, 11:00 pm",0
"Feb 8, 12:00 am",0
"Feb 8, 01:00 am",0
"Feb 8, 02:00 am",0
"Feb 8, 03:00 am",0
"Feb 8, 04:00 am",0
"Feb 8, 05:00 am",0
"Feb 8, 06:00 am",0
"Feb 8, 07:00 am",0.00286569
"Feb 8, 08:00 am",5.70678
"Feb 8, 09:00 am",7.10188
"Feb 8, 10:00 am",7.33913
"Feb 8, 11:00 am",12.2654
"Feb 8, 12:00 pm",10.3273
"Feb 8, 01:00 pm",6.19249
"Feb 8, 02:00 pm",3.41309
"Feb 8, 03:00 pm",1.07646
"Feb 8, 04:00 pm",0.891066
"Feb 8, 05:00 pm",0.3844
"Feb 8, 06:00 pm",0
"Feb 8, 07:00 pm",0
"Feb 8, 08:00 pm",0
"Feb 8, 09:00 pm",0
"Feb 8, 10:00 pm",0
"Feb 8, 11:00 pm",0
"Feb 9, 12:00 am",0
"Feb 9, 01:00 am",0
"Feb 9, 02:00 am",0
"Feb 9, 03:00 am",0
"Feb 9, 04:00 am",0
"Feb 9, 05:00 am",0
"Feb 9, 06:00 am",0
"Feb 9, 07:00 am",1.09708
"Feb 9, 08:00 am",9.48517
"Feb 9, 09:00 am",12.3385
"Feb 9, 10:00 am",13.0614
"Feb 9, 11:00 am",12.2334
"Feb 9, 12:00 pm",10.2969
"Feb 9, 01:00 pm",7.05815
"Feb 9, 02:00 pm",2.97141
"Feb 9, 03:00 pm",0.825141
"Feb 9, 04:00 pm",0.707175
"Feb 9, 05:00 pm",0.346838
"Feb 9, 06:00 pm",0
"Feb 9, 07:00 pm",0
"Feb 9, 08:00 pm",0
"Feb 9, 09:00 pm",0
"Feb 9, 10:00 pm",0
"Feb 9, 11:00 pm",0
"Feb 10, 12:00 am",0
"Feb 10, 01:00 am",0
"Feb 10, 02:00 am",0
"Feb 10, 03:00 am",0
"Feb 10, 04:00 am",0
"Feb 10, 05:00 am",0
"Feb 10, 06:00 am",0
"Feb 10, 07:00 am",0.12339
"Feb 10, 08:00 am",9.83502
"Feb 10, 09:00 am",12.2196
"Feb 10, 10:00 am",12.5056
"Feb 10, 11:00 am",10.0702
"Feb 10, 12:00 pm",8.98773
"Feb 10, 01:00 pm",6.81555
"Feb 10, 02:00 pm",3.44969
"Feb 10, 03:00 pm",1.02685
"Feb 10, 04:00 pm",0.838834
"Feb 10, 05:00 pm",0.407511
"Feb 10, 06:00 pm",0
"Feb 10, 07:00 pm",0
"Feb 10, 08:00 pm",0
"Feb 10, 09:00 pm",0
"Feb 10, 10:00 pm",0
"Feb 10, 11:00 pm",0
"Feb 11, 12:00 am",0
"Feb 11, 01:00 am",0
"Feb 11, 02:00 am",0
"Feb 11, 03:00 am",0
"Feb 11, 04:00 am",0
"Feb 11, 05:00 am",0
"Feb 11, 06:00 am",0
"Feb 11, 07:00 am",1.49028
"Feb 11, 08:00 am",9.56048
"Feb 11, 09:00 am",12.1704
"Feb 11, 10:00 am",12.4545
"Feb 11, 11:00 am",11.5099
"Feb 11, 12:00 pm",9.76608
"Feb 11, 01:00 pm",6.85466
"Feb 11, 02:00 pm",2.98337
"Feb 11, 03:00 pm",0.820082
"Feb 11, 04:00 pm",0.707444
"Feb 11, 05:00 pm",0.330925
"Feb 11, 06:00 pm",0
"Feb 11, 07:00 pm",0
"Feb 11, 08:00 pm",0
"Feb 11, 09:00 pm",0
"Feb 11, 10:00 pm",0
"Feb 11, 11:00 pm",0
"Feb 12, 12:00 am",0
"Feb 12, 01:00 am",0
"Feb 12, 02:00 am",0
"Feb 12, 03:00 am",0
"Feb 12, 04:00 am",0
"Feb 12, 05:00 am",0
"Feb 12, 06:00 am",0
"Feb 12, 07:00 am",1.92391
"Feb 12, 08:00 am",9.81841
"Feb 12, 09:00 am",12.1767
"Feb 12, 10:00 am",12.7394
"Feb 12, 11:00 am",12.0912
"Feb 12, 12:00 pm",10.2361
"Feb 12, 01:00 pm",7.07475
"Feb 12, 02:00 pm",3.0173
"Feb 12, 03:00 pm",0.903077
"Feb 12, 04:00 pm",0.673722
"Feb 12, 05:00 pm",0.36749
"Feb 12, 06:00 pm",0
"Feb 12, 07:00 pm",0
"Feb 12, 08:00 pm",0
"Feb 12, 09:00 pm",0
"Feb 12, 10:00 pm",0
"Feb 12, 11:00 pm",0
"Feb 13, 12:00 am",0
"Feb 13, 01:00 am",0
"Feb 13, 02:00 am",0
"Feb 13, 03:00 am",0
"Feb 13, 04:00 am",0
"Feb 13, 05:00 am",0
"Feb 13, 06:00 am",0
"Feb 13, 07:00 am",2.15905
"Feb 13, 08:00 am",10.0849
"Feb 13, 09:00 am",12.744
"Feb 13, 10:00 am",13.106
"Feb 13, 11:00 am",9.95402
"Feb 13, 12:00 pm",6.57804
"Feb 13, 01:00 pm",2.37846
"Feb 13, 02:00 pm",1.03105
"Feb 13, 03:00 pm",1.5797
"Feb 13, 04:00 pm",1.35129
"Feb 13, 05:00 pm",0.516155
"Feb 13, 06:00 pm",0
"Feb 13, 07:00 pm",0
"Feb 13, 08:00 pm",0
"Feb 13, 09:00 pm",0
"Feb 13, 10:00 pm",0
"Feb 13, 11:00 pm",0
"Feb 14, 12:00 am",0
"Feb 14, 01:00 am",0
"Feb 14, 02:00 am",0
"Feb 14, 03:00 am",0
"Feb 14, 04:00 am",0
"Feb 14, 05:00 am",0
"Feb 14, 06:00 am",0
"Feb 14, 07:00 am",0.131804
"Feb 14, 08:00 am",0.424017
"Feb 14, 09:00 am",4.576
"Feb 14, 10:00 am",6.71767
"Feb 14, 11:00 am",3.69924
"Feb 14, 12:00 pm",7.20266
"Feb 14, 01:00 pm",0.323959
"Feb 14, 02:00 pm",3.49373
"Feb 14, 03:00 pm",0.854596
"Feb 14, 04:00 pm",0.505552
"Feb 14, 05:00 pm",-0
"Feb 14, 06:00 pm",0
"Feb 14, 07:00 pm",0
"Feb 14, 08:00 pm",0
"Feb 14, 09:00 pm",0
"Feb 14, 10:00 pm",0
"Feb 14, 11:00 pm",0
"Feb 15, 12:00 am",0
"Feb 15, 01:00 am",0
"Feb 15, 02:00 am",0
"Feb 15, 03:00 am",0
"Feb 15, 04:00 am",0
"Feb 15, 05:00 am",0
"Feb 15, 06:00 am",0
"Feb 15, 07:00 am",2.47078
"Feb 15, 08:00 am",10.2844
"Feb 15, 09:00 am",12.7728
"Feb 15, 10:00 am",13.0999
"Feb 15, 11:00 am",12.1463
"Feb 15, 12:00 pm",10.2501
"Feb 15, 01:00 pm",7.19787
"Feb 15, 02:00 pm",3.19635
"Feb 15, 03:00 pm",0.940725
"Feb 15, 04:00 pm",0.723741
"Feb 15, 05:00 pm",0.408903
"Feb 15, 06:00 pm",0
"Feb 15, 07:00 pm",0
"Feb 15, 08:00 pm",0
"Feb 15, 09:00 pm",0
"Feb 15, 10:00 pm",0
"Feb 15, 11:00 pm",0
"Feb 16, 12:00 am",0
"Feb 16, 01:00 am",0
"Feb 16, 02:00 am",0
"Feb 16, 03:00 am",0
"Feb 16, 04:00 am",0
"Feb 16, 05:00 am",0
"Feb 16, 06:00 am",0
"Feb 16, 07:00 am",0.117419
"Feb 16, 08:00 am",3.68536
"Feb 16, 09:00 am",7.21133
"Feb 16, 10:00 am",8.15998
"Feb 16, 11:00 am",8.79676
"Feb 16, 12:00 pm",8.14773
"Feb 16, 01:00 pm",6.71451
"Feb 16, 02:00 pm",3.34851
"Feb 16, 03:00 pm",0.87062
"Feb 16, 04:00 pm",0.73797
"Feb 16, 05:00 pm",0.385861
"Feb 16, 06:00 pm",0
"Feb 16, 07:00 pm",0
"Feb 16, 08:00 pm",0
"Feb 16, 09:00 pm",0
"Feb 16, 10:00 pm",0
"Feb 16, 11:00 pm",0
"Feb 17, 12:00 am",0
"Feb 17, 01:00 am",0
"Feb 17, 02:00 am",0
"Feb 17, 03:00 am",0
"Feb 17, 04:00 am",0
"Feb 17, 05:00 am",0
"Feb 17, 06:00 am",0
"Feb 17, 07:00 am",2.55972
"Feb 17, 08:00 am",7.99188
"Feb 17, 09:00 am",8.07779
"Feb 17, 10:00 am",10.015
"Feb 17, 11:00 am",10.956
"Feb 17, 12:00 pm",6.88073
"Feb 17, 01:00 pm",4.97998
"Feb 17, 02:00 pm",3.61363
"Feb 17, 03:00 pm",2.42368
"Feb 17, 04:00 pm",1.44581
"Feb 17, 05:00 pm",0.544719
"Feb 17, 06:00 pm",0
"Feb 17, 07:00 pm",0
"Feb 17, 08:00 pm",0
"Feb 17, 09:00 pm",0
"Feb 17, 10:00 pm",0
"Feb 17, 11:00 pm",0
"Feb 18, 12:00 am",0
"Feb 18, 01:00 am",0
"Feb 18, 02:00 am",0
"Feb 18, 03:00 am",0
"Feb 18, 04:00 am",0
"Feb 18, 05:00 am",0
"Feb 18, 06:00 am",0
"Feb 18, 07:00 am",0.117364
"Feb 18, 08:00 am",6.88766
"Feb 18, 09:00 am",12.4979
"Feb 18, 10:00 am",12.6291
"Feb 18, 11:00 am",11.5417
"Feb 18, 12:00 pm",9.94624
"Feb 18, 01:00 pm",7.20862
"Feb 18, 02:00 pm",3.33943
"Feb 18, 03:00 pm",0.879852
"Feb 18, 04:00 pm",0.759856
"Feb 18, 05:00 pm",0.400853
"Feb 18, 06:00 pm",0
"Feb 18, 07:00 pm",0
"Feb 18, 08:00 pm",0
"Feb 18, 09:00 pm",0
"Feb 18, 10:00 pm",0
"Feb 18, 11:00 pm",0
"Feb 19, 12:00 am",0
"Feb 19, 01:00 am",0
"Feb 19, 02:00 am",0
"Feb 19, 03:00 am",0
"Feb 19, 04:00 am",0
"Feb 19, 05:00 am",0
"Feb 19, 06:00 am",0
"Feb 19, 07:00 am",3.19702
"Feb 19, 08:00 am",10.4968
"Feb 19, 09:00 am",12.8007
"Feb 19, 10:00 am",12.9657
"Feb 19, 11:00 am",12.0084
"Feb 19, 12:00 pm",10.1202
"Feb 19, 01:00 pm",7.2264
"Feb 19, 02:00 pm",3.33947
"Feb 19, 03:00 pm",1.03686
"Feb 19, 04:00 pm",0.889441
"Feb 19, 05:00 pm",0.540083
"Feb 19, 06:00 pm",0
"Feb 19, 07:00 pm",0
"Feb 19, 08:00 pm",0
"Feb 19, 09:00 pm",0
"Feb 19, 10:00 pm",0
"Feb 19, 11:00 pm",0
"Feb 20, 12:00 am",0
"Feb 20, 01:00 am",0
"Feb 20, 02:00 am",0
"Feb 20, 03:00 am",0
"Feb 20, 04:00 am",0
"Feb 20, 05:00 am",0
"Feb 20, 06:00 am",0
"Feb 20, 07:00 am",2.32195
"Feb 20, 08:00 am",9.6954
"Feb 20, 09:00 am",12.08
"Feb 20, 10:00 am",12.5779
"Feb 20, 11:00 am",11.8652
"Feb 20, 12:00 pm",10.0344
"Feb 20, 01:00 pm",7.17838
"Feb 20, 02:00 pm",3.36973
"Feb 20, 03:00 pm",0.861782
"Feb 20, 04:00 pm",0.755407
"Feb 20, 05:00 pm",0.413074
"Feb 20, 06:00 pm",0
"Feb 20, 07:00 pm",0
"Feb 20, 08:00 pm",0
"Feb 20, 09:00 pm",0
"Feb 20, 10:00 pm",0
"Feb 20, 11:00 pm",0
"Feb 21, 12:00 am",0
"Feb 21, 01:00 am",0
"Feb 21, 02:00 am",0
"Feb 21, 03:00 am",0
"Feb 21, 04:00 am",0
"Feb 21, 05:00 am",0
"Feb 21, 06:00 am",0
"Feb 21, 07:00 am",3.47326
"Feb 21, 08:00 am",10.4632
"Feb 21, 09:00 am",12.6661
"Feb 21, 10:00 am",13.0465
"Feb 21, 11:00 am",10.3453
"Feb 21, 12:00 pm",10.3003
"Feb 21, 01:00 pm",7.353
"Feb 21, 02:00 pm",3.45638
"Feb 21, 03:00 pm",0.900349
"Feb 21, 04:00 pm",0.826269
"Feb 21, 05:00 pm",0.478301
"Feb 21, 06:00 pm",0
"Feb 21, 07:00 pm",0
"Feb 21, 08:00 pm",0
"Feb 21, 09:00 pm",0
"Feb 21, 10:00 pm",0
"Feb 21, 11:00 pm",0
"Feb 22, 12:00 am",0
"Feb 22, 01:00 am",0
"Feb 22, 02:00 am",0
"Feb 22, 03:00 am",0
"Feb 22, 04:00 am",0
"Feb 22, 05:00 am",0
"Feb 22, 06:00 am",0
"Feb 22, 07:00 am",2.13361
"Feb 22, 08:00 am",4.88275
"Feb 22, 09:00 am",11.9518
"Feb 22, 10:00 am",10.2717
"Feb 22, 11:00 am",9.86209
"Feb 22, 12:00 pm",8.7112
"Feb 22, 01:00 pm",6.42478
"Feb 22, 02:00 pm",3.9741
"Feb 22, 03:00 pm",1.8271
"Feb 22, 04:00 pm",1.63444
"Feb 22, 05:00 pm",0.622847
"Feb 22, 06:00 pm",0
"Feb 22, 07:00 pm",0
"Feb 22, 08:00 pm",0
"Feb 22, 09:00 pm",0
"Feb 22, 10:00 pm",0
"Feb 22, 11:00 pm",0
"Feb 23, 12:00 am",0
"Feb 23, 01:00 am",0
"Feb 23, 02:00 am",0
"Feb 23, 03:00 am",0
"Feb 23, 04:00 am",0
"Feb 23, 05:00 am",0
"Feb 23, 06:00 am",0
"Feb 23, 07:00 am",-0
"Feb 23, 08:00 am",1.34317
"Feb 23, 09:00 am",0.994187
"Feb 23, 10:00 am",10.3788
"Feb 23, 11:00 am",13.0419
"Feb 23, 12:00 pm",11.0717
"Feb 23, 01:00 pm",7.91615
"Feb 23, 02:00 pm",3.73198
"Feb 23, 03:00 pm",0.992221
"Feb 23, 04:00 pm",1.20354
"Feb 23, 05:00 pm",0.563158
"Feb 23, 06:00 pm",0
"Feb 23, 07:00 pm",0
"Feb 23, 08:00 pm",0
"Feb 23, 09:00 pm",0
"Feb 23, 10:00 pm",0
"Feb 23, 11:00 pm",0
"Feb 24, 12:00 am",0
"Feb 24, 01:00 am",0
"Feb 24, 02:00 am",0
"Feb 24, 03:00 am",0
"Feb 24, 04:00 am",0
"Feb 24, 05:00 am",0
"Feb 24, 06:00 am",0
"Feb 24, 07:00 am",4.38495
"Feb 24, 08:00 am",10.6865
"Feb 24, 09:00 am",12.967
"Feb 24, 10:00 am",13.5719
"Feb 24, 11:00 am",12.8655
"Feb 24, 12:00 pm",10.9522
"Feb 24, 01:00 pm",7.19034
"Feb 24, 02:00 pm",3.7963
"Feb 24, 03:00 pm",1.59383
"Feb 24, 04:00 pm",1.46019
"Feb 24, 05:00 pm",0.63367
"Feb 24, 06:00 pm",0
"Feb 24, 07:00 pm",0
"Feb 24, 08:00 pm",0
"Feb 24, 09:00 pm",0
"Feb 24, 10:00 pm",0
"Feb 24, 11:00 pm",0
"Feb 25, 12:00 am",0
"Feb 25, 01:00 am",0
"Feb 25, 02:00 am",0
"Feb 25, 03:00 am",0
"Feb 25, 04:00 am",0
"Feb 25, 05:00 am",0
"Feb 25, 06:00 am",0
"Feb 25, 07:00 am",0.0700673
"Feb 25, 08:00 am",1.68438
"Feb 25, 09:00 am",7.45177
"Feb 25, 10:00 am",7.42974
"Feb 25, 11:00 am",10.1425
"Feb 25, 12:00 pm",8.33248
"Feb 25, 01:00 pm",5.75811
"Feb 25, 02:00 pm",4.12159
"Feb 25, 03:00 pm",2.62552
"Feb 25, 04:00 pm",1.62228
"Feb 25, 05:00 pm",0.384469
"Feb 25, 06:00 pm",0
"Feb 25, 07:00 pm",0
"Feb 25, 08:00 pm",0
"Feb 25, 09:00 pm",0
"Feb 25, 10:00 pm",0
"Feb 25, 11:00 pm",0
"Feb 26, 12:00 am",0
"Feb 26, 01:00 am",0
"Feb 26, 02:00 am",0
"Feb 26, 03:00 am",0
"Feb 26, 04:00 am",0
"Feb 26, 05:00 am",0
"Feb 26, 06:00 am",0
"Feb 26, 07:00 am",0.0601561
"Feb 26, 08:00 am",4.02013
"Feb 26, 09:00 am",13.0955
"Feb 26, 10:00 am",9.27586
"Feb 26, 11:00 am",9.29449
"Feb 26, 12:00 pm",9.23412
"Feb 26, 01:00 pm",3.33995
"Feb 26, 02:00 pm",4.0515
"Feb 26, 03:00 pm",0.928485
"Feb 26, 04:00 pm",0.833528
"Feb 26, 05:00 pm",0.471738
"Feb 26, 06:00 pm",0
"Feb 26, 07:00 pm",0
"Feb 26, 08:00 pm",0
"Feb 26, 09:00 pm",0
"Feb 26, 10:00 pm",0
"Feb 26, 11:00 pm",0
"Feb 27, 12:00 am",0
"Feb 27, 01:00 am",0
"Feb 27, 02:00 am",0
"Feb 27, 03:00 am",0
"Feb 27, 04:00 am",0
"Feb 27, 05:00 am",0
"Feb 27, 06:00 am",0
"Feb 27, 07:00 am",5.06756
"Feb 27, 08:00 am",10.6599
"Feb 27, 09:00 am",9.09294
"Feb 27, 10:00 am",10.5671
"Feb 27, 11:00 am",11.1419
"Feb 27, 12:00 pm",6.88362
"Feb 27, 01:00 pm",5.92958
"Feb 27, 02:00 pm",0.500001
"Feb 27, 03:00 pm",2.4138
"Feb 27, 04:00 pm",1.64246
"Feb 27, 05:00 pm",0.463401
"Feb 27, 06:00 pm",0
"Feb 27, 07:00 pm",0
"Feb 27, 08:00 pm",0
"Feb 27, 09:00 pm",0
"Feb 27, 10:00 pm",0
"Feb 27, 11:00 pm",0
"Feb 28, 12:00 am",0
"Feb 28, 01:00 am",0
"Feb 28, 02:00 am",0
"Feb 28, 03:00 am",0
"Feb 28, 04:00 am",0
"Feb 28, 05:00 am",0
"Feb 28, 06:00 am",0
"Feb 28, 07:00 am",2.07849
"Feb 28, 08:00 am",7.50023
"Feb 28, 09:00 am",10.4162
"Feb 28, 10:00 am",3.38321
"Feb 28, 11:00 am",2.05979
"Feb 28, 12:00 pm",6.84387
"Feb 28, 01:00 pm",0.754728
"Feb 28, 02:00 pm",0.684448
"Feb 28, 03:00 pm",2.62343
"Feb 28, 04:00 pm",1.33724
"Feb 28, 05:00 pm",0.439603
"Feb 28, 06:00 pm",0
"Feb 28, 07:00 pm",0
"Feb 28, 08:00 pm",0
"Feb 28, 09:00 pm",0
"Feb 28, 10:00 pm",0
"Feb 28, 11:00 pm",0
"Mar 1, 12:00 am",0
"Mar 1, 01:00 am",0
"Mar 1, 02:00 am",0
"Mar 1, 03:00 am",0
"Mar 1, 04:00 am",0
"Mar 1, 05:00 am",0
"Mar 1, 06:00 am",0
"Mar 1, 07:00 am",0.72154
"Mar 1, 08:00 am",3.98785
"Mar 1, 09:00 am",9.05337
"Mar 1, 10:00 am",10.7658
"Mar 1, 11:00 am",12.0611
"Mar 1, 12:00 pm",10.3847
"Mar 1, 01:00 pm",7.21328
"Mar 1, 02:00 pm",3.87675
"Mar 1, 03:00 pm",1.01965
"Mar 1, 04:00 pm",0.796902
"Mar 1, 05:00 pm",0.531203
"Mar 1, 06:00 pm",0
"Mar 1, 07:00 pm",0
"Mar 1, 08:00 pm",0
"Mar 1, 09:00 pm",0
"Mar 1, 10:00 pm",0
"Mar 1, 11:00 pm",0
"Mar 2, 12:00 am",0
"Mar 2, 01:00 am",0
"Mar 2, 02:00 am",0
"Mar 2, 03:00 am",0
"Mar 2, 04:00 am",0
"Mar 2, 05:00 am",0
"Mar 2, 06:00 am",0
"Mar 2, 07:00 am",5.8764
"Mar 2, 08:00 am",11.622
"Mar 2, 09:00 am",13.338
"Mar 2, 10:00 am",13.2119
"Mar 2, 11:00 am",10.4614
"Mar 2, 12:00 pm",8.8979
"Mar 2, 01:00 pm",7.64634
"Mar 2, 02:00 pm",3.79111
"Mar 2, 03:00 pm",0.880693
"Mar 2, 04:00 pm",0.794496
"Mar 2, 05:00 pm",0.712846
"Mar 2, 06:00 pm",0
"Mar 2, 07:00 pm",0
"Mar 2, 08:00 pm",0
"Mar 2, 09:00 pm",0
"Mar 2, 10:00 pm",0
"Mar 2, 11:00 pm",0
"Mar 3, 12:00 am",0
"Mar 3, 01:00 am",0
"Mar 3, 02:00 am",0
"Mar 3, 03:00 am",0
"Mar 3, 04:00 am",0
"Mar 3, 05:00 am",0
"Mar 3, 06:00 am",0
"Mar 3, 07:00 am",6.34603
"Mar 3, 08:00 am",11.3143
"Mar 3, 09:00 am",13.1071
"Mar 3, 10:00 am",13.3699
"Mar 3, 11:00 am",12.6269
"Mar 3, 12:00 pm",10.7922
"Mar 3, 01:00 pm",7.86239
"Mar 3, 02:00 pm",3.87879
"Mar 3, 03:00 pm",0.896406
"Mar 3, 04:00 pm",0.74852
"Mar 3, 05:00 pm",0.519294
"Mar 3, 06:00 pm",0
"Mar 3, 07:00 pm",0
"Mar 3, 08:00 pm",0
"Mar 3, 09:00 pm",0
"Mar 3, 10:00 pm",0
"Mar 3, 11:00 pm",0
"Mar 4, 12:00 am",0
"Mar 4, 01:00 am",0
"Mar 4, 02:00 am",0
"Mar 4, 03:00 am",0
"Mar 4, 04:00 am",0
"Mar 4, 05:00 am",0
"Mar 4, 06:00 am",0
"Mar 4, 07:00 am",0.37275
"Mar 4, 08:00 am",6.8464
"Mar 4, 09:00 am",8.02608
"Mar 4, 10:00 am",9.86484
"Mar 4, 11:00 am",10.2554
"Mar 4, 12:00 pm",9.41145
"Mar 4, 01:00 pm",7.29289
"Mar 4, 02:00 pm",4.32943
"Mar 4, 03:00 pm",1.93113
"Mar 4, 04:00 pm",0.8567
"Mar 4, 05:00 pm",0.551394
"Mar 4, 06:00 pm",0
"Mar 4, 07:00 pm",0
"Mar 4, 08:00 pm",0
"Mar 4, 09:00 pm",0
"Mar 4, 10:00 pm",0
"Mar 4, 11:00 pm",0
"Mar 5, 12:00 am",0
"Mar 5, 01:00 am",0
"Mar 5, 02:00 am",0
"Mar 5, 03:00 am",0
"Mar 5, 04:00 am",0
"Mar 5, 05:00 am",0
"Mar 5, 06:00 am",0
"Mar 5, 07:00 am",5.86125
"Mar 5, 08:00 am",11.6204
"Mar 5, 09:00 am",13.3999
"Mar 5, 10:00 am",13.3635
"Mar 5, 11:00 am",12.3933
"Mar 5, 12:00 pm",10.5206
"Mar 5, 01:00 pm",7.68951
"Mar 5, 02:00 pm",3.89093
"Mar 5, 03:00 pm",0.978583
"Mar 5, 04:00 pm",0.775623
"Mar 5, 05:00 pm",0.479264
"Mar 5, 06:00 pm",0
"Mar 5, 07:00 pm",0
"Mar 5, 08:00 pm",0
"Mar 5, 09:00 pm",0
"Mar 5, 10:00 pm",0
"Mar 5, 11:00 pm",0
"Mar 6, 12:00 am",0
"Mar 6, 01:00 am",0
"Mar 6, 02:00 am",0
"Mar 6, 03:00 am",0
"Mar 6, 04:00 am",0
"Mar 6, 05:00 am",0
"Mar 6, 06:00 am",0
"Mar 6, 07:00 am",6.52694
"Mar 6, 08:00 am",11.7253
"Mar 6, 09:00 am",13.4979
"Mar 6, 10:00 am",13.709
"Mar 6, 11:00 am",12.92
"Mar 6, 12:00 pm",11.0857
"Mar 6, 01:00 pm",8.09673
"Mar 6, 02:00 pm",3.9907
"Mar 6, 03:00 pm",0.97184
"Mar 6, 04:00 pm",0.76851
"Mar 6, 05:00 pm",0.503134
"Mar 6, 06:00 pm",0
"Mar 6, 07:00 pm",0
"Mar 6, 08:00 pm",0
"Mar 6, 09:00 pm",0
"Mar 6, 10:00 pm",0
"Mar 6, 11:00 pm",0
"Mar 7, 12:00 am",0
"Mar 7, 01:00 am",0
"Mar 7, 02:00 am",0
"Mar 7, 03:00 am",0
"Mar 7, 04:00 am",0
"Mar 7, 05:00 am",0
"Mar 7, 06:00 am",0
"Mar 7, 07:00 am",5.85244
"Mar 7, 08:00 am",11.3392
"Mar 7, 09:00 am",0.626729
"Mar 7, 10:00 am",1.81443
"Mar 7, 11:00 am",0.546174
"Mar 7, 12:00 pm",3.48302
"Mar 7, 01:00 pm",1.84617
"Mar 7, 02:00 pm",2.35559
"Mar 7, 03:00 pm",2.73401
"Mar 7, 04:00 pm",1.93815
"Mar 7, 05:00 pm",-0
"Mar 7, 06:00 pm",0
"Mar 7, 07:00 pm",0
"Mar 7, 08:00 pm",0
"Mar 7, 09:00 pm",0
"Mar 7, 10:00 pm",0
"Mar 7, 11:00 pm",0
"Mar 8, 12:00 am",0
"Mar 8, 01:00 am",0
"Mar 8, 02:00 am",0
"Mar 8, 03:00 am",0
"Mar 8, 04:00 am",0
"Mar 8, 05:00 am",0
"Mar 8, 06:00 am",0
"Mar 8, 07:00 am",5.87131
"Mar 8, 08:00 am",11.5467
"Mar 8, 09:00 am",13.3655
"Mar 8, 10:00 am",13.8443
"Mar 8, 11:00 am",13.1429
"Mar 8, 12:00 pm",11.273
"Mar 8, 01:00 pm",8.24992
"Mar 8, 02:00 pm",4.12452
"Mar 8, 03:00 pm",1.01278
"Mar 8, 04:00 pm",0.800975
"Mar 8, 05:00 pm",0.773178
"Mar 8, 06:00 pm",-0
"Mar 8, 07:00 pm",0
"Mar 8, 08:00 pm",0
"Mar 8, 09:00 pm",0
"Mar 8, 10:00 pm",0
"Mar 8, 11:00 pm",0
"Mar 9, 12:00 am",0
"Mar 9, 01:00 am",0
"Mar 9, 02:00 am",0
"Mar 9, 03:00 am",0
"Mar 9, 04:00 am",0
"Mar 9, 05:00 am",0
"Mar 9, 06:00 am",0
"Mar 9, 07:00 am",6.97755
"Mar 9, 08:00 am",12.2204
"Mar 9, 09:00 am",13.9475
"Mar 9, 10:00 am",14.111
"Mar 9, 11:00 am",13.0655
"Mar 9, 12:00 pm",11.0949
"Mar 9, 01:00 pm",8.15577
"Mar 9, 02:00 pm",4.11288
"Mar 9, 03:00 pm",1.00326
"Mar 9, 04:00 pm",0.796543
"Mar 9, 05:00 pm",0.546538
"Mar 9, 06:00 pm",-0
"Mar 9, 07:00 pm",0
"Mar 9, 08:00 pm",0
"Mar 9, 09:00 pm",0
"Mar 9, 10:00 pm",0
"Mar 9, 11:00 pm",0
"Mar 10, 12:00 am",0
"Mar 10, 01:00 am",0
"Mar 10, 02:00 am",0
"Mar 10, 03:00 am",0
"Mar 10, 04:00 am",0
"Mar 10, 05:00 am",0
"Mar 10, 06:00 am",0
"Mar 10, 07:00 am",0.868992
"Mar 10, 08:00 am",8.37332
"Mar 10, 09:00 am",14.0793
"Mar 10, 10:00 am",13.9667
"Mar 10, 11:00 am",12.9369
"Mar 10, 12:00 pm",10.9715
"Mar 10, 01:00 pm",8.15568
"Mar 10, 02:00 pm",4.22761
"Mar 10, 03:00 pm",1.00308
"Mar 10, 04:00 pm",0.93094
"Mar 10, 05:00 pm",0.581757
"Mar 10, 06:00 pm",-0
"Mar 10, 07:00 pm",0
"Mar 10, 08:00 pm",0
"Mar 10, 09:00 pm",0
"Mar 10, 10:00 pm",0
"Mar 10, 11:00 pm",0
"Mar 11, 12:00 am",0
"Mar 11, 01:00 am",0
"Mar 11, 02:00 am",0
"Mar 11, 03:00 am",0
"Mar 11, 04:00 am",0
"Mar 11, 05:00 am",0
"Mar 11, 06:00 am",0
"Mar 11, 07:00 am",6.47932
"Mar 11, 08:00 am",11.5779
"Mar 11, 09:00 am",13.778
"Mar 11, 10:00 am",14.1047
"Mar 11, 11:00 am",13.2557
"Mar 11, 12:00 pm",11.2838
"Mar 11, 01:00 pm",8.37774
"Mar 11, 02:00 pm",4.3278
"Mar 11, 03:00 pm",1.15379
"Mar 11, 04:00 pm",1.22638
"Mar 11, 05:00 pm",0.66085
"Mar 11, 06:00 pm",-0
"Mar 11, 07:00 pm",0
"Mar 11, 08:00 pm",0
"Mar 11, 09:00 pm",0
"Mar 11, 10:00 pm",0
"Mar 11, 11:00 pm",0
"Mar 12, 12:00 am",0
"Mar 12, 01:00 am",0
"Mar 12, 02:00 am",0
"Mar 12, 03:00 am",0
"Mar 12, 04:00 am",0
"Mar 12, 05:00 am",0
"Mar 12, 06:00 am",0
"Mar 12, 07:00 am",7.05828
"Mar 12, 08:00 am",12.3306
"Mar 12, 09:00 am",14.4039
"Mar 12, 10:00 am",14.7478
"Mar 12, 11:00 am",13.7007
"Mar 12, 12:00 pm",11.6519
"Mar 12, 01:00 pm",8.54676
"Mar 12, 02:00 pm",4.41144
"Mar 12, 03:00 pm",1.04255
"Mar 12, 04:00 pm",0.876238
"Mar 12, 05:00 pm",0.652682
"Mar 12, 06:00 pm",-0
"Mar 12, 07:00 pm",0
"Mar 12, 08:00 pm",0
"Mar 12, 09:00 pm",0
"Mar 12, 10:00 pm",0
"Mar 12, 11:00 pm",0
"Mar 13, 12:00 am",0
"Mar 13, 01:00 am",0
"Mar 13, 02:00 am",0
"Mar 13, 03:00 am",0
"Mar 13, 04:00 am",0
"Mar 13, 05:00 am",0
"Mar 13, 06:00 am",0
"Mar 13, 07:00 am",7.76421
"Mar 13, 08:00 am",12.3354
"Mar 13, 09:00 am",13.6463
"Mar 13, 10:00 am",13.4223
"Mar 13, 11:00 am",12.8449
"Mar 13, 12:00 pm",11.1809
"Mar 13, 01:00 pm",8.33109
"Mar 13, 02:00 pm",4.33031
"Mar 13, 03:00 pm",0.973667
"Mar 13, 04:00 pm",0.909734
"Mar 13, 05:00 pm",0.630299
"Mar 13, 06:00 pm",-0
"Mar 13, 07:00 pm",0
"Mar 13, 08:00 pm",0
"Mar 13, 09:00 pm",0
"Mar 13, 10:00 pm",0
"Mar 13, 11:00 pm",0
"Mar 14, 12:00 am",0
"Mar 14, 01:00 am",0
"Mar 14, 02:00 am",0
"Mar 14, 03:00 am",0
"Mar 14, 04:00 am",0
"Mar 14, 05:00 am",0
"Mar 14, 06:00 am",0
"Mar 14, 07:00 am",7.80072
"Mar 14, 08:00 am",12.2143
"Mar 14, 09:00 am",13.7272
"Mar 14, 10:00 am",14.0447
"Mar 14, 11:00 am",11.7188
"Mar 14, 12:00 pm",10.2065
"Mar 14, 01:00 pm",7.73944
"Mar 14, 02:00 pm",4.61308
"Mar 14, 03:00 pm",1.88187
"Mar 14, 04:00 pm",0.464164
"Mar 14, 05:00 pm",0.904242
"Mar 14, 06:00 pm",-0
"Mar 14, 07:00 pm",0
"Mar 14, 08:00 pm",0
"Mar 14, 09:00 pm",0
"Mar 14, 10:00 pm",0
"Mar 14, 11:00 pm",0
"Mar 15, 12:00 am",0
"Mar 15, 01:00 am",0
"Mar 15, 02:00 am",0
"Mar 15, 03:00 am",0
"Mar 15, 04:00 am",0
"Mar 15, 05:00 am",0
"Mar 15, 06:00 am",0
"Mar 15, 07:00 am",2.37935
"Mar 15, 08:00 am",1.81438
"Mar 15, 09:00 am",7.07042
"Mar 15, 10:00 am",13.7523
"Mar 15, 11:00 am",13.6628
"Mar 15, 12:00 pm",11.6812
"Mar 15, 01:00 pm",8.62999
"Mar 15, 02:00 pm",4.4099
"Mar 15, 03:00 pm",1.07356
"Mar 15, 04:00 pm",0.874048
"Mar 15, 05:00 pm",0.687293
"Mar 15, 06:00 pm",-0
"Mar 15, 07:00 pm",0
"Mar 15, 08:00 pm",0
"Mar 15, 09:00 pm",0
"Mar 15, 10:00 pm",0
"Mar 15, 11:00 pm",0
"Mar 16, 12:00 am",0
"Mar 16, 01:00 am",0
"Mar 16, 02:00 am",0
"Mar 16, 03:00 am",0
"Mar 16, 04:00 am",0
"Mar 16, 05:00 am",0
"Mar 16, 06:00 am",0
"Mar 16, 07:00 am",-0
"Mar 16, 08:00 am",5.83204
"Mar 16, 09:00 am",0.231151
"Mar 16, 10:00 am",1.69532
"Mar 16, 11:00 am",3.71777
"Mar 16, 12:00 pm",3.62523
"Mar 16, 01:00 pm",4.81005
"Mar 16, 02:00 pm",4.36499
"Mar 16, 03:00 pm",1.84411
"Mar 16, 04:00 pm",0.149209
"Mar 16, 05:00 pm",0.468128
"Mar 16, 06:00 pm",-0
"Mar 16, 07:00 pm",0
"Mar 16, 08:00 pm",0
"Mar 16, 09:00 pm",0
"Mar 16, 10:00 pm",0
"Mar 16, 11:00 pm",0
"Mar 17, 12:00 am",0
"Mar 17, 01:00 am",0
"Mar 17, 02:00 am",0
"Mar 17, 03:00 am",0
"Mar 17, 04:00 am",0
"Mar 17, 05:00 am",0
"Mar 17, 06:00 am",0
"Mar 17, 07:00 am",2.92595
"Mar 17, 08:00 am",2.35175
"Mar 17, 09:00 am",1.4481
"Mar 17, 10:00 am",4.81284
"Mar 17, 11:00 am",2.54963
"Mar 17, 12:00 pm",4.11391
"Mar 17, 01:00 pm",5.62799
"Mar 17, 02:00 pm",4.76671
"Mar 17, 03:00 pm",1.36935
"Mar 17, 04:00 pm",1.78314
"Mar 17, 05:00 pm",1.00804
"Mar 17, 06:00 pm",-0
"Mar 17, 07:00 pm",0
"Mar 17, 08:00 pm",0
"Mar 17, 09:00 pm",0
"Mar 17, 10:00 pm",0
"Mar 17, 11:00 pm",0
"Mar 18, 12:00 am",0
"Mar 18, 01:00 am",0
"Mar 18, 02:00 am",0
"Mar 18, 03:00 am",0
"Mar 18, 04:00 am",0
"Mar 18, 05:00 am",0
"Mar 18, 06:00 am",0
"Mar 18, 07:00 am",7.76993
"Mar 18, 08:00 am",12.2954
"Mar 18, 09:00 am",13.9685
"Mar 18, 10:00 am",14.2899
"Mar 18, 11:00 am",13.4001
"Mar 18, 12:00 pm",11.4616
"Mar 18, 01:00 pm",8.52946
"Mar 18, 02:00 pm",4.52135
"Mar 18, 03:00 pm",1.11728
"Mar 18, 04:00 pm",0.903842
"Mar 18, 05:00 pm",0.69471
"Mar 18, 06:00 pm",-0
"Mar 18, 07:00 pm",0
"Mar 18, 08:00 pm",0
"Mar 18, 09:00 pm",0
"Mar 18, 10:00 pm",0
"Mar 18, 11:00 pm",0
"Mar 19, 12:00 am",0
"Mar 19, 01:00 am",0
"Mar 19, 02:00 am",0
"Mar 19, 03:00 am",0
"Mar 19, 04:00 am",0
"Mar 19, 05:00 am",0
"Mar 19, 06:00 am",0
"Mar 19, 07:00 am",8.14777
"Mar 19, 08:00 am",12.4884
"Mar 19, 09:00 am",14.1132
"Mar 19, 10:00 am",14.263
"Mar 19, 11:00 am",13.3272
"Mar 19, 12:00 pm",11.3899
"Mar 19, 01:00 pm",8.46706
"Mar 19, 02:00 pm",4.45698
"Mar 19, 03:00 pm",1.20419
"Mar 19, 04:00 pm",0.898949
"Mar 19, 05:00 pm",0.648846
"Mar 19, 06:00 pm",-0
"Mar 19, 07:00 pm",0
"Mar 19, 08:00 pm",0
"Mar 19, 09:00 pm",0
"Mar 19, 10:00 pm",0
"Mar 19, 11:00 pm",0
"Mar 20, 12:00 am",0
"Mar 20, 01:00 am",0
"Mar 20, 02:00 am",0
"Mar 20, 03:00 am",0
"Mar 20, 04:00 am",0
"Mar 20, 05:00 am",0
"Mar 20, 06:00 am",0
"Mar 20, 07:00 am",8.12022
"Mar 20, 08:00 am",9.38799
"Mar 20, 09:00 am",10.9875
"Mar 20, 10:00 am",13.378
"Mar 20, 11:00 am",12.7369
"Mar 20, 12:00 pm",11.1448
"Mar 20, 01:00 pm",8.36864
"Mar 20, 02:00 pm",4.36678
"Mar 20, 03:00 pm",0.982249
"Mar 20, 04:00 pm",0.733123
"Mar 20, 05:00 pm",0.577294
"Mar 20, 06:00 pm",0.00547202
"Mar 20, 07:00 pm",0
"Mar 20, 08:00 pm",0
"Mar 20, 09:00 pm",0
"Mar 20, 10:00 pm",0
"Mar 20, 11:00 pm",0
"Mar 21, 12:00 am",0
"Mar 21, 01:00 am",0
"Mar 21, 02:00 am",0
"Mar 21, 03:00 am",0
"Mar 21, 04:00 am",0
"Mar 21, 05:00 am",0
"Mar 21, 06:00 am",0
"Mar 21, 07:00 am",9.3672
"Mar 21, 08:00 am",13.2789
"Mar 21, 09:00 am",14.6515
"Mar 21, 10:00 am",14.6131
"Mar 21, 11:00 am",13.5178
"Mar 21, 12:00 pm",11.4879
"Mar 21, 01:00 pm",8.53701
"Mar 21, 02:00 pm",4.46883
"Mar 21, 03:00 pm",1.04126
"Mar 21, 04:00 pm",0.772878
"Mar 21, 05:00 pm",0.549271
"Mar 21, 06:00 pm",0.0152219
"Mar 21, 07:00 pm",0
"Mar 21, 08:00 pm",0
"Mar 21, 09:00 pm",0
"Mar 21, 10:00 pm",0
"Mar 21, 11:00 pm",0
"Mar 22, 12:00 am",0
"Mar 22, 01:00 am",0
"Mar 22, 02:00 am",0
"Mar 22, 03:00 am",0
"Mar 22, 04:00 am",0
"Mar 22, 05:00 am",0
"Mar 22, 06:00 am",-0
"Mar 22, 07:00 am",9.25765
"Mar 22, 08:00 am",13.0943
"Mar 22, 09:00 am",14.3635
"Mar 22, 10:00 am",14.034
"Mar 22, 11:00 am",12.8358
"Mar 22, 12:00 pm",11.1244
"Mar 22, 01:00 pm",8.47515
"Mar 22, 02:00 pm",4.57114
"Mar 22, 03:00 pm",1.00571
"Mar 22, 04:00 pm",0.895946
"Mar 22, 05:00 pm",0.640172
"Mar 22, 06:00 pm",0.0246396
"Mar 22, 07:00 pm",0
"Mar 22, 08:00 pm",0
"Mar 22, 09:00 pm",0
"Mar 22, 10:00 pm",0
"Mar 22, 11:00 pm",0
"Mar 23, 12:00 am",0
"Mar 23, 01:00 am",0
"Mar 23, 02:00 am",0
"Mar 23, 03:00 am",0
"Mar 23, 04:00 am",0
"Mar 23, 05:00 am",0
"Mar 23, 06:00 am",-0
"Mar 23, 07:00 am",7.70072
"Mar 23, 08:00 am",12.3532
"Mar 23, 09:00 am",14.3353
"Mar 23, 10:00 am",14.6299
"Mar 23, 11:00 am",13.5187
"Mar 23, 12:00 pm",11.444
"Mar 23, 01:00 pm",8.59643
"Mar 23, 02:00 pm",4.68201
"Mar 23, 03:00 pm",1.22871
"Mar 23, 04:00 pm",1.03844
"Mar 23, 05:00 pm",0.772174
"Mar 23, 06:00 pm",0.0257684
"Mar 23, 07:00 pm",0
"Mar 23, 08:00 pm",0
"Mar 23, 09:00 pm",0
"Mar 23, 10:00 pm",0
"Mar 23, 11:00 pm",0
"Mar 24, 12:00 am",0
"Mar 24, 01:00 am",0
"Mar 24, 02:00 am",0
"Mar 24, 03:00 am",0
"Mar 24, 04:00 am",0
"Mar 24, 05:00 am",0
"Mar 24, 06:00 am",-0
"Mar 24, 07:00 am",8.56365
"Mar 24, 08:00 am",12.5786
"Mar 24, 09:00 am",13.8553
"Mar 24, 10:00 am",13.5534
"Mar 24, 11:00 am",12.5337
"Mar 24, 12:00 pm",10.9565
"Mar 24, 01:00 pm",8.34374
"Mar 24, 02:00 pm",4.58202
"Mar 24, 03:00 pm",1.13312
"Mar 24, 04:00 pm",0.859981
"Mar 24, 05:00 pm",0.666727
"Mar 24, 06:00 pm",0.032255
"Mar 24, 07:00 pm",0
"Mar 24, 08:00 pm",0
"Mar 24, 09:00 pm",0
"Mar 24, 10:00 pm",0
"Mar 24, 11:00 pm",0
"Mar 25, 12:00 am",0
"Mar 25, 01:00 am",0
"Mar 25, 02:00 am",0
"Mar 25, 03:00 am",0
"Mar 25, 04:00 am",0
"Mar 25, 05:00 am",0
"Mar 25, 06:00 am",-0
"Mar 25, 07:00 am",6.91705
"Mar 25, 08:00 am",3.93095
"Mar 25, 09:00 am",11.5784
"Mar 25, 10:00 am",13.2825
"Mar 25, 11:00 am",11.7638
"Mar 25, 12:00 pm",11.3699
"Mar 25, 01:00 pm",8.01715
"Mar 25, 02:00 pm",4.82175
"Mar 25, 03:00 pm",2.61926
"Mar 25, 04:00 pm",1.64288
"Mar 25, 05:00 pm",1.04239
"Mar 25, 06:00 pm",-0
"Mar 25, 07:00 pm",0
"Mar 25, 08:00 pm",0
"Mar 25, 09:00 pm",0
"Mar 25, 10:00 pm",0
"Mar 25, 11:00 pm",0
"Mar 26, 12:00 am",0
"Mar 26, 01:00 am",0
"Mar 26, 02:00 am",0
"Mar 26, 03:00 am",0
"Mar 26, 04:00 am",0
"Mar 26, 05:00 am",0
"Mar 26, 06:00 am",-0
"Mar 26, 07:00 am",0.0542728
"Mar 26, 08:00 am",2.70554
"Mar 26, 09:00 am",5.04843
"Mar 26, 10:00 am",9.61793
"Mar 26, 11:00 am",9.25575
"Mar 26, 12:00 pm",6.67018
"Mar 26, 01:00 pm",4.54178
"Mar 26, 02:00 pm",2.62535
"Mar 26, 03:00 pm",3.02655
"Mar 26, 04:00 pm",2.09846
"Mar 26, 05:00 pm",0.844813
"Mar 26, 06:00 pm",0.0743914
"Mar 26, 07:00 pm",0
"Mar 26, 08:00 pm",0
"Mar 26, 09:00 pm",0
"Mar 26, 10:00 pm",0
"Mar 26, 11:00 pm",0
"Mar 27, 12:00 am",0
"Mar 27, 01:00 am",0
"Mar 27, 02:00 am",0
"Mar 27, 03:00 am",0
"Mar 27, 04:00 am",0
"Mar 27, 05:00 am",0
"Mar 27, 06:00 am",-0
"Mar 27, 07:00 am",8.33617
"Mar 27, 08:00 am",12.5772
"Mar 27, 09:00 am",14.1593
"Mar 27, 10:00 am",14.4097
"Mar 27, 11:00 am",13.4454
"Mar 27, 12:00 pm",11.4923
"Mar 27, 01:00 pm",8.69624
"Mar 27, 02:00 pm",4.73454
"Mar 27, 03:00 pm",1.31219
"Mar 27, 04:00 pm",1.01061
"Mar 27, 05:00 pm",0.781966
"Mar 27, 06:00 pm",0.0639307
"Mar 27, 07:00 pm",0
"Mar 27, 08:00 pm",0
"Mar 27, 09:00 pm",0
"Mar 27, 10:00 pm",0
"Mar 27, 11:00 pm",0
"Mar 28, 12:00 am",0
"Mar 28, 01:00 am",0
"Mar 28, 02:00 am",0
"Mar 28, 03:00 am",0
"Mar 28, 04:00 am",0
"Mar 28, 05:00 am",0
"Mar 28, 06:00 am",-0
"Mar 28, 07:00 am",8.99148
"Mar 28, 08:00 am",12.7011
"Mar 28, 09:00 am",13.9573
"Mar 28, 10:00 am",14.0414
"Mar 28, 11:00 am",13.2152
"Mar 28, 12:00 pm",11.3626
"Mar 28, 01:00 pm",8.60308
"Mar 28, 02:00 pm",4.71622
"Mar 28, 03:00 pm",1.25669
"Mar 28, 04:00 pm",0.966592
"Mar 28, 05:00 pm",0.812073
"Mar 28, 06:00 pm",0.0536036
"Mar 28, 07:00 pm",0
"Mar 28, 08:00 pm",0
"Mar 28, 09:00 pm",0
"Mar 28, 10:00 pm",0
"Mar 28, 11:00 pm",0
"Mar 29, 12:00 am",0
"Mar 29, 01:00 am",0
"Mar 29, 02:00 am",0
"Mar 29, 03:00 am",0
"Mar 29, 04:00 am",0
"Mar 29, 05:00 am",0
"Mar 29, 06:00 am",0.182012
"Mar 29, 07:00 am",8.59693
"Mar 29, 08:00 am",12.1555
"Mar 29, 09:00 am",13.642
"Mar 29, 10:00 am",13.9016
"Mar 29, 11:00 am",13.2276
"Mar 29, 12:00 pm",11.4562
"Mar 29, 01:00 pm",8.68444
"Mar 29, 02:00 pm",4.90088
"Mar 29, 03:00 pm",1.43898
"Mar 29, 04:00 pm",1.30366
"Mar 29, 05:00 pm",1.02987
"Mar 29, 06:00 pm",0.0435979
"Mar 29, 07:00 pm",0
"Mar 29, 08:00 pm",0
"Mar 29, 09:00 pm",0
"Mar 29, 10:00 pm",0
"Mar 29, 11:00 pm",0
"Mar 30, 12:00 am",0
"Mar 30, 01:00 am",0
"Mar 30, 02:00 am",0
"Mar 30, 03:00 am",0
"Mar 30, 04:00 am",0
"Mar 30, 05:00 am",0
"Mar 30, 06:00 am",0.158488
"Mar 30, 07:00 am",8.11852
"Mar 30, 08:00 am",12.2223
"Mar 30, 09:00 am",13.7976
"Mar 30, 10:00 am",13.8882
"Mar 30, 11:00 am",12.8368
"Mar 30, 12:00 pm",11.1806
"Mar 30, 01:00 pm",8.57044
"Mar 30, 02:00 pm",4.78612
"Mar 30, 03:00 pm",1.25735
"Mar 30, 04:00 pm",0.969158
"Mar 30, 05:00 pm",0.871973
"Mar 30, 06:00 pm",0.0715961
"Mar 30, 07:00 pm",0
"Mar 30, 08:00 pm",0
"Mar 30, 09:00 pm",0
"Mar 30, 10:00 pm",0
"Mar 30, 11:00 pm",0
"Mar 31, 12:00 am",0
"Mar 31, 01:00 am",0
"Mar 31, 02:00 am",0
"Mar 31, 03:00 am",0
"Mar 31, 04:00 am",0
"Mar 31, 05:00 am",0
"Mar 31, 06:00 am",0.219082
"Mar 31, 07:00 am",8.35042
"Mar 31, 08:00 am",12.7931
"Mar 31, 09:00 am",14.6022
"Mar 31, 10:00 am",14.8109
"Mar 31, 11:00 am",13.7493
"Mar 31, 12:00 pm",11.8089
"Mar 31, 01:00 pm",8.9611
"Mar 31, 02:00 pm",5.0726
"Mar 31, 03:00 pm",1.61679
"Mar 31, 04:00 pm",1.39405
"Mar 31, 05:00 pm",0.557411
"Mar 31, 06:00 pm",0.063298
"Mar 31, 07:00 pm",0
"Mar 31, 08:00 pm",0
"Mar 31, 09:00 pm",0
"Mar 31, 10:00 pm",0
"Mar 31, 11:00 pm",0
"Apr 1, 12:00 am",0
"Apr 1, 01:00 am",0
"Apr 1, 02:00 am",0
"Apr 1, 03:00 am",0
"Apr 1, 04:00 am",0
"Apr 1, 05:00 am",0
"Apr 1, 06:00 am",1.22577
"Apr 1, 07:00 am",10.0153
"Apr 1, 08:00 am",13.0786
"Apr 1, 09:00 am",13.8922
"Apr 1, 10:00 am",13.5295
"Apr 1, 11:00 am",12.4047
"Apr 1, 12:00 pm",10.9282
"Apr 1, 01:00 pm",8.41601
"Apr 1, 02:00 pm",4.71802
"Apr 1, 03:00 pm",1.15237
"Apr 1, 04:00 pm",0.91921
"Apr 1, 05:00 pm",0.673907
"Apr 1, 06:00 pm",0.0719452
"Apr 1, 07:00 pm",0
"Apr 1, 08:00 pm",0
"Apr 1, 09:00 pm",0
"Apr 1, 10:00 pm",0
"Apr 1, 11:00 pm",0
"Apr 2, 12:00 am",0
"Apr 2, 01:00 am",0
"Apr 2, 02:00 am",0
"Apr 2, 03:00 am",0
"Apr 2, 04:00 am",0
"Apr 2, 05:00 am",0
"Apr 2, 06:00 am",0.72308
"Apr 2, 07:00 am",8.61273
"Apr 2, 08:00 am",12.2844
"Apr 2, 09:00 am",13.5775
"Apr 2, 10:00 am",13.4895
"Apr 2, 11:00 am",12.3782
"Apr 2, 12:00 pm",10.676
"Apr 2, 01:00 pm",7.7193
"Apr 2, 02:00 pm",4.76414
"Apr 2, 03:00 pm",2.93787
"Apr 2, 04:00 pm",1.14089
"Apr 2, 05:00 pm",1.16211
"Apr 2, 06:00 pm",0.0844557
"Apr 2, 07:00 pm",0
"Apr 2, 08:00 pm",0
"Apr 2, 09:00 pm",0
"Apr 2, 10:00 pm",0
"Apr 2, 11:00 pm",0
"Apr 3, 12:00 am",0
"Apr 3, 01:00 am",0
"Apr 3, 02:00 am",0
"Apr 3, 03:00 am",0
"Apr 3, 04:00 am",0
"Apr 3, 05:00 am",0
"Apr 3, 06:00 am",0.166947
"Apr 3, 07:00 am",8.55777
"Apr 3, 08:00 am",12.7411
"Apr 3, 09:00 am",14.1415
"Apr 3, 10:00 am",14.0428
"Apr 3, 11:00 am",12.962
"Apr 3, 12:00 pm",11.1251
"Apr 3, 01:00 pm",8.60478
"Apr 3, 02:00 pm",4.86105
"Apr 3, 03:00 pm",1.38261
"Apr 3, 04:00 pm",1.22692
"Apr 3, 05:00 pm",0.990697
"Apr 3, 06:00 pm",0.108366
"Apr 3, 07:00 pm",0
"Apr 3, 08:00 pm",0
"Apr 3, 09:00 pm",0
"Apr 3, 10:00 pm",0
"Apr 3, 11:00 pm",0
"Apr 4, 12:00 am",0
"Apr 4, 01:00 am",0
"Apr 4, 02:00 am",0
"Apr 4, 03:00 am",0
"Apr 4, 04:00 am",0
"Apr 4, 05:00 am",0
"Apr 4, 06:00 am",2.03322
"Apr 4, 07:00 am",11.3911
"Apr 4, 08:00 am",14.8578
"Apr 4, 09:00 am",15.9828
"Apr 4, 10:00 am",15.7518
"Apr 4, 11:00 am",14.2398
"Apr 4, 12:00 pm",12.019
"Apr 4, 01:00 pm",9.05572
"Apr 4, 02:00 pm",4.97781
"Apr 4, 03:00 pm",1.22729
"Apr 4, 04:00 pm",0.798665
"Apr 4, 05:00 pm",0.649587
"Apr 4, 06:00 pm",0.0949958
"Apr 4, 07:00 pm",0
"Apr 4, 08:00 pm",0
"Apr 4, 09:00 pm",0
"Apr 4, 10:00 pm",0
"Apr 4, 11:00 pm",0
"Apr 5, 12:00 am",0
"Apr 5, 01:00 am",0
"Apr 5, 02:00 am",0
"Apr 5, 03:00 am",0
"Apr 5, 04:00 am",0
"Apr 5, 05:00 am",0
"Apr 5, 06:00 am",2.5749
"Apr 5, 07:00 am",10.7194
"Apr 5, 08:00 am",13.2779
"Apr 5, 09:00 am",13.7641
"Apr 5, 10:00 am",13.7284
"Apr 5, 11:00 am",12.8547
"Apr 5, 12:00 pm",11.1075
"Apr 5, 01:00 pm",8.07332
"Apr 5, 02:00 pm",4.91662
"Apr 5, 03:00 pm",1.39234
"Apr 5, 04:00 pm",1.47841
"Apr 5, 05:00 pm",0.925188
"Apr 5, 06:00 pm",0.104082
"Apr 5, 07:00 pm",0
"Apr 5, 08:00 pm",0
"Apr 5, 09:00 pm",0
"Apr 5, 10:00 pm",0
"Apr 5, 11:00 pm",0
"Apr 6, 12:00 am",0
"Apr 6, 01:00 am",0
"Apr 6, 02:00 am",0
"Apr 6, 03:00 am",0
"Apr 6, 04:00 am",0
"Apr 6, 05:00 am",0
"Apr 6, 06:00 am",0.0666483
"Apr 6, 07:00 am",0.344342
"Apr 6, 08:00 am",4.22919
"Apr 6, 09:00 am",7.34314
"Apr 6, 10:00 am",7.10579
"Apr 6, 11:00 am",2.71512
"Apr 6, 12:00 pm",2.12601
"Apr 6, 01:00 pm",4.08748
"Apr 6, 02:00 pm",0.239388
"Apr 6, 03:00 pm",3.09138
"Apr 6, 04:00 pm",0.403497
"Apr 6, 05:00 pm",1.18397
"Apr 6, 06:00 pm",0.0364634
"Apr 6, 07:00 pm",0
"Apr 6, 08:00 pm",0
"Apr 6, 09:00 pm",0
"Apr 6, 10:00 pm",0
"Apr 6, 11:00 pm",0
"Apr 7, 12:00 am",0
"Apr 7, 01:00 am",0
"Apr 7, 02:00 am",0
"Apr 7, 03:00 am",0
"Apr 7, 04:00 am",0
"Apr 7, 05:00 am",0
"Apr 7, 06:00 am",0.0314955
"Apr 7, 07:00 am",3.3796
"Apr 7, 08:00 am",13.0414
"Apr 7, 09:00 am",14.2763
"Apr 7, 10:00 am",14.484
"Apr 7, 11:00 am",13.5981
"Apr 7, 12:00 pm",8.55392
"Apr 7, 01:00 pm",8.89309
"Apr 7, 02:00 pm",5.04501
"Apr 7, 03:00 pm",1.45493
"Apr 7, 04:00 pm",1.00683
"Apr 7, 05:00 pm",0.832856
"Apr 7, 06:00 pm",0.139974
"Apr 7, 07:00 pm",0
"Apr 7, 08:00 pm",0
"Apr 7, 09:00 pm",0
"Apr 7, 10:00 pm",0
"Apr 7, 11:00 pm",0
"Apr 8, 12:00 am",0
"Apr 8, 01:00 am",0
"Apr 8, 02:00 am",0
"Apr 8, 03:00 am",0
"Apr 8, 04:00 am",0
"Apr 8, 05:00 am",0
"Apr 8, 06:00 am",0.176757
"Apr 8, 07:00 am",3.0713
"Apr 8, 08:00 am",8.01725
"Apr 8, 09:00 am",8.83646
"Apr 8, 10:00 am",14.5353
"Apr 8, 11:00 am",11.0211
"Apr 8, 12:00 pm",10.4309
"Apr 8, 01:00 pm",8.89068
"Apr 8, 02:00 pm",5.21392
"Apr 8, 03:00 pm",2.79227
"Apr 8, 04:00 pm",1.95194
"Apr 8, 05:00 pm",1.22431
"Apr 8, 06:00 pm",0.170129
"Apr 8, 07:00 pm",0
"Apr 8, 08:00 pm",0
"Apr 8, 09:00 pm",0
"Apr 8, 10:00 pm",0
"Apr 8, 11:00 pm",0
"Apr 9, 12:00 am",0
"Apr 9, 01:00 am",0
"Apr 9, 02:00 am",0
"Apr 9, 03:00 am",0
"Apr 9, 04:00 am",0
"Apr 9, 05:00 am",0
"Apr 9, 06:00 am",-0
"Apr 9, 07:00 am",0.818987
"Apr 9, 08:00 am",0.142039
"Apr 9, 09:00 am",1.48505
"Apr 9, 10:00 am",4.27333
"Apr 9, 11:00 am",4.41105
"Apr 9, 12:00 pm",5.49487
"Apr 9, 01:00 pm",4.87407
"Apr 9, 02:00 pm",5.45357
"Apr 9, 03:00 pm",1.65607
"Apr 9, 04:00 pm",1.10976
"Apr 9, 05:00 pm",0.869485
"Apr 9, 06:00 pm",-0
"Apr 9, 07:00 pm",0
"Apr 9, 08:00 pm",0
"Apr 9, 09:00 pm",0
"Apr 9, 10:00 pm",0
"Apr 9, 11:00 pm",0
"Apr 10, 12:00 am",0
"Apr 10, 01:00 am",0
"Apr 10, 02:00 am",0
"Apr 10, 03:00 am",0
"Apr 10, 04:00 am",0
"Apr 10, 05:00 am",0
"Apr 10, 06:00 am",3.82099
"Apr 10, 07:00 am",11.3706
"Apr 10, 08:00 am",14.3045
"Apr 10, 09:00 am",15.3139
"Apr 10, 10:00 am",14.9894
"Apr 10, 11:00 am",13.7569
"Apr 10, 12:00 pm",12.0265
"Apr 10, 01:00 pm",9.27657
"Apr 10, 02:00 pm",5.29534
"Apr 10, 03:00 pm",1.57984
"Apr 10, 04:00 pm",1.10867
"Apr 10, 05:00 pm",0.941485
"Apr 10, 06:00 pm",0.208927
"Apr 10, 07:00 pm",0
"Apr 10, 08:00 pm",0
"Apr 10, 09:00 pm",0
"Apr 10, 10:00 pm",0
"Apr 10, 11:00 pm",0
"Apr 11, 12:00 am",0
"Apr 11, 01:00 am",0
"Apr 11, 02:00 am",0
"Apr 11, 03:00 am",0
"Apr 11, 04:00 am",0
"Apr 11, 05:00 am",0
"Apr 11, 06:00 am",4.20995
"Apr 11, 07:00 am",11.4864
"Apr 11, 08:00 am",14.2707
"Apr 11, 09:00 am",15.2866
"Apr 11, 10:00 am",14.932
"Apr 11, 11:00 am",13.6309
"Apr 11, 12:00 pm",10.8706
"Apr 11, 01:00 pm",9.04424
"Apr 11, 02:00 pm",5.24576
"Apr 11, 03:00 pm",1.33996
"Apr 11, 04:00 pm",0.944855
"Apr 11, 05:00 pm",0.702721
"Apr 11, 06:00 pm",0.206923
"Apr 11, 07:00 pm",0
"Apr 11, 08:00 pm",0
"Apr 11, 09:00 pm",0
"Apr 11, 10:00 pm",0
"Apr 11, 11:00 pm",0
"Apr 12, 12:00 am",0
"Apr 12, 01:00 am",0
"Apr 12, 02:00 am",0
"Apr 12, 03:00 am",0
"Apr 12, 04:00 am",0
"Apr 12, 05:00 am",0
"Apr 12, 06:00 am",-0
"Apr 12, 07:00 am",10.6651
"Apr 12, 08:00 am",13.7457
"Apr 12, 09:00 am",14.8312
"Apr 12, 10:00 am",14.426
"Apr 12, 11:00 am",13.1439
"Apr 12, 12:00 pm",11.1974
"Apr 12, 01:00 pm",8.63136
"Apr 12, 02:00 pm",5.02944
"Apr 12, 03:00 pm",1.49535
"Apr 12, 04:00 pm",1.06181
"Apr 12, 05:00 pm",0.907059
"Apr 12, 06:00 pm",0.206035
"Apr 12, 07:00 pm",0
"Apr 12, 08:00 pm",0
"Apr 12, 09:00 pm",0
"Apr 12, 10:00 pm",0
"Apr 12, 11:00 pm",0
"Apr 13, 12:00 am",0
"Apr 13, 01:00 am",0
"Apr 13, 02:00 am",0
"Apr 13, 03:00 am",0
"Apr 13, 04:00 am",0
"Apr 13, 05:00 am",0
"Apr 13, 06:00 am",3.31648
"Apr 13, 07:00 am",10.029
"Apr 13, 08:00 am",13.2839
"Apr 13, 09:00 am",14.4462
"Apr 13, 10:00 am",14.4023
"Apr 13, 11:00 am",13.318
"Apr 13, 12:00 pm",11.4673
"Apr 13, 01:00 pm",8.95715
"Apr 13, 02:00 pm",5.2234
"Apr 13, 03:00 pm",1.62818
"Apr 13, 04:00 pm",1.16906
"Apr 13, 05:00 pm",0.983947
"Apr 13, 06:00 pm",0.268136
"Apr 13, 07:00 pm",0
"Apr 13, 08:00 pm",0
"Apr 13, 09:00 pm",0
"Apr 13, 10:00 pm",0
"Apr 13, 11:00 pm",0
"Apr 14, 12:00 am",0
"Apr 14, 01:00 am",0
"Apr 14, 02:00 am",0
"Apr 14, 03:00 am",0
"Apr 14, 04:00 am",0
"Apr 14, 05:00 am",0
"Apr 14, 06:00 am",3.41813
"Apr 14, 07:00 am",10.581
"Apr 14, 08:00 am",14.2485
"Apr 14, 09:00 am",15.6637
"Apr 14, 10:00 am",15.7264
"Apr 14, 11:00 am",14.3296
"Apr 14, 12:00 pm",12.2254
"Apr 14, 01:00 pm",9.29629
"Apr 14, 02:00 pm",5.37102
"Apr 14, 03:00 pm",1.65335
"Apr 14, 04:00 pm",1.11121
"Apr 14, 05:00 pm",0.975694
"Apr 14, 06:00 pm",0.280808
"Apr 14, 07:00 pm",0
"Apr 14, 08:00 pm",0
"Apr 14, 09:00 pm",0
"Apr 14, 10:00 pm",0
"Apr 14, 11:00 pm",0
"Apr 15, 12:00 am",0
"Apr 15, 01:00 am",0
"Apr 15, 02:00 am",0
"Apr 15, 03:00 am",0
"Apr 15, 04:00 am",0
"Apr 15, 05:00 am",0
"Apr 15, 06:00 am",4.01654
"Apr 15, 07:00 am",10.8806
"Apr 15, 08:00 am",14.1259
"Apr 15, 09:00 am",15.3736
"Apr 15, 10:00 am",15.1085
"Apr 15, 11:00 am",13.9432
"Apr 15, 12:00 pm",11.8179
"Apr 15, 01:00 pm",9.05497
"Apr 15, 02:00 pm",5.26509
"Apr 15, 03:00 pm",1.49484
"Apr 15, 04:00 pm",0.950574
"Apr 15, 05:00 pm",0.802297
"Apr 15, 06:00 pm",0.24952
"Apr 15, 07:00 pm",0
"Apr 15, 08:00 pm",0
"Apr 15, 09:00 pm",0
"Apr 15, 10:00 pm",0
"Apr 15, 11:00 pm",0
"Apr 16, 12:00 am",0
"Apr 16, 01:00 am",0
"Apr 16, 02:00 am",0
"Apr 16, 03:00 am",0
"Apr 16, 04:00 am",0
"Apr 16, 05:00 am",0
"Apr 16, 06:00 am",4.79543
"Apr 16, 07:00 am",11.1449
"Apr 16, 08:00 am",13.9056
"Apr 16, 09:00 am",14.9765
"Apr 16, 10:00 am",14.7461
"Apr 16, 11:00 am",13.4773
"Apr 16, 12:00 pm",11.5089
"Apr 16, 01:00 pm",8.83037
"Apr 16, 02:00 pm",5.08068
"Apr 16, 03:00 pm",1.3872
"Apr 16, 04:00 pm",0.975812
"Apr 16, 05:00 pm",0.738738
"Apr 16, 06:00 pm",0.25598
"Apr 16, 07:00 pm",0
"Apr 16, 08:00 pm",0
"Apr 16, 09:00 pm",0
"Apr 16, 10:00 pm",0
"Apr 16, 11:00 pm",0
"Apr 17, 12:00 am",0
"Apr 17, 01:00 am",0
"Apr 17, 02:00 am",0
"Apr 17, 03:00 am",0
"Apr 17, 04:00 am",0
"Apr 17, 05:00 am",0
"Apr 17, 06:00 am",4.35038
"Apr 17, 07:00 am",10.4845
"Apr 17, 08:00 am",13.2865
"Apr 17, 09:00 am",14.2123
"Apr 17, 10:00 am",14.082
"Apr 17, 11:00 am",13.0766
"Apr 17, 12:00 pm",11.2831
"Apr 17, 01:00 pm",8.72448
"Apr 17, 02:00 pm",5.091
"Apr 17, 03:00 pm",1.60889
"Apr 17, 04:00 pm",1.16805
"Apr 17, 05:00 pm",1.03393
"Apr 17, 06:00 pm",0.297291
"Apr 17, 07:00 pm",0
"Apr 17, 08:00 pm",0
"Apr 17, 09:00 pm",0
"Apr 17, 10:00 pm",0
"Apr 17, 11:00 pm",0
"Apr 18, 12:00 am",0
"Apr 18, 01:00 am",0
"Apr 18, 02:00 am",0
"Apr 18, 03:00 am",0
"Apr 18, 04:00 am",0
"Apr 18, 05:00 am",0
"Apr 18, 06:00 am",3.56825
"Apr 18, 07:00 am",8.90307
"Apr 18, 08:00 am",13.2553
"Apr 18, 09:00 am",14.2465
"Apr 18, 10:00 am",14.0561
"Apr 18, 11:00 am",13.1948
"Apr 18, 12:00 pm",11.3997
"Apr 18, 01:00 pm",8.78805
"Apr 18, 02:00 pm",5.17483
"Apr 18, 03:00 pm",1.58549
"Apr 18, 04:00 pm",2.1037
"Apr 18, 05:00 pm",1.31034
"Apr 18, 06:00 pm",-0
"Apr 18, 07:00 pm",0
"Apr 18, 08:00 pm",0
"Apr 18, 09:00 pm",0
"Apr 18, 10:00 pm",0
"Apr 18, 11:00 pm",0
"Apr 19, 12:00 am",0
"Apr 19, 01:00 am",0
"Apr 19, 02:00 am",0
"Apr 19, 03:00 am",0
"Apr 19, 04:00 am",0
"Apr 19, 05:00 am",0
"Apr 19, 06:00 am",3.7072
"Apr 19, 07:00 am",9.84141
"Apr 19, 08:00 am",13.1421
"Apr 19, 09:00 am",14.2511
"Apr 19, 10:00 am",14.0895
"Apr 19, 11:00 am",12.0095
"Apr 19, 12:00 pm",11.1267
"Apr 19, 01:00 pm",8.63392
"Apr 19, 02:00 pm",5.31463
"Apr 19, 03:00 pm",1.91274
"Apr 19, 04:00 pm",2.05231
"Apr 19, 05:00 pm",1.06666
"Apr 19, 06:00 pm",0.32267
"Apr 19, 07:00 pm",0
"Apr 19, 08:00 pm",0
"Apr 19, 09:00 pm",0
"Apr 19, 10:00 pm",0
"Apr 19, 11:00 pm",0
"Apr 20, 12:00 am",0
"Apr 20, 01:00 am",0
"Apr 20, 02:00 am",0
"Apr 20, 03:00 am",0
"Apr 20, 04:00 am",0
"Apr 20, 05:00 am",0
"Apr 20, 06:00 am",4.15186
"Apr 20, 07:00 am",10.1672
"Apr 20, 08:00 am",13.124
"Apr 20, 09:00 am",14.003
"Apr 20, 10:00 am",11.2749
"Apr 20, 11:00 am",12.3726
"Apr 20, 12:00 pm",10.1906
"Apr 20, 01:00 pm",8.02806
"Apr 20, 02:00 pm",5.141
"Apr 20, 03:00 pm",1.46627
"Apr 20, 04:00 pm",0.959363
"Apr 20, 05:00 pm",0.729767
"Apr 20, 06:00 pm",0.317257
"Apr 20, 07:00 pm",0
"Apr 20, 08:00 pm",0
"Apr 20, 09:00 pm",0
"Apr 20, 10:00 pm",0
"Apr 20, 11:00 pm",0
"Apr 21, 12:00 am",0
"Apr 21, 01:00 am",0
"Apr 21, 02:00 am",0
"Apr 21, 03:00 am",0
"Apr 21, 04:00 am",0
"Apr 21, 05:00 am",0
"Apr 21, 06:00 am",5.06268
"Apr 21, 07:00 am",10.9872
"Apr 21, 08:00 am",13.8546
"Apr 21, 09:00 am",15.0085
"Apr 21, 10:00 am",14.7844
"Apr 21, 11:00 am",13.6165
"Apr 21, 12:00 pm",11.736
"Apr 21, 01:00 pm",9.01229
"Apr 21, 02:00 pm",5.31399
"Apr 21, 03:00 pm",1.75104
"Apr 21, 04:00 pm",1.10968
"Apr 21, 05:00 pm",0.952392
"Apr 21, 06:00 pm",0.33738
"Apr 21, 07:00 pm",0
"Apr 21, 08:00 pm",0
"Apr 21, 09:00 pm",0
"Apr 21, 10:00 pm",0
"Apr 21, 11:00 pm",0
"Apr 22, 12:00 am",0
"Apr 22, 01:00 am",0
"Apr 22, 02:00 am",0
"Apr 22, 03:00 am",0
"Apr 22, 04:00 am",0
"Apr 22, 05:00 am",0
"Apr 22, 06:00 am",5.03262
"Apr 22, 07:00 am",11.023
"Apr 22, 08:00 am",13.8292
"Apr 22, 09:00 am",14.8262
"Apr 22, 10:00 am",14.457
"Apr 22, 11:00 am",13.337
"Apr 22, 12:00 pm",11.4897
"Apr 22, 01:00 pm",8.90364
"Apr 22, 02:00 pm",5.27482
"Apr 22, 03:00 pm",1.56883
"Apr 22, 04:00 pm",0.946247
"Apr 22, 05:00 pm",0.799622
"Apr 22, 06:00 pm",0.318598
"Apr 22, 07:00 pm",0
"Apr 22, 08:00 pm",0
"Apr 22, 09:00 pm",0
"Apr 22, 10:00 pm",0
"Apr 22, 11:00 pm",0
"Apr 23, 12:00 am",0
"Apr 23, 01:00 am",0
"Apr 23, 02:00 am",0
"Apr 23, 03:00 am",0
"Apr 23, 04:00 am",0
"Apr 23, 05:00 am",0
"Apr 23, 06:00 am",0.242264
"Apr 23, 07:00 am",0.860782
"Apr 23, 08:00 am",2.63519
"Apr 23, 09:00 am",14.4301
"Apr 23, 10:00 am",11.8639
"Apr 23, 11:00 am",12.632
"Apr 23, 12:00 pm",10.7352
"Apr 23, 01:00 pm",7.83495
"Apr 23, 02:00 pm",5.31153
"Apr 23, 03:00 pm",2.78211
"Apr 23, 04:00 pm",2.21441
"Apr 23, 05:00 pm",1.09944
"Apr 23, 06:00 pm",0.346993
"Apr 23, 07:00 pm",0
"Apr 23, 08:00 pm",0
"Apr 23, 09:00 pm",0
"Apr 23, 10:00 pm",0
"Apr 23, 11:00 pm",0
"Apr 24, 12:00 am",0
"Apr 24, 01:00 am",0
"Apr 24, 02:00 am",0
"Apr 24, 03:00 am",0
"Apr 24, 04:00 am",0
"Apr 24, 05:00 am",0
"Apr 24, 06:00 am",4.10381
"Apr 24, 07:00 am",9.87063
"Apr 24, 08:00 am",13.2235
"Apr 24, 09:00 am",14.5824
"Apr 24, 10:00 am",14.6029
"Apr 24, 11:00 am",13.4342
"Apr 24, 12:00 pm",11.6285
"Apr 24, 01:00 pm",9.09142
"Apr 24, 02:00 pm",5.54279
"Apr 24, 03:00 pm",2.35883
"Apr 24, 04:00 pm",1.36762
"Apr 24, 05:00 pm",1.39986
"Apr 24, 06:00 pm",0.426106
"Apr 24, 07:00 pm",0
"Apr 24, 08:00 pm",0
"Apr 24, 09:00 pm",0
"Apr 24, 10:00 pm",0
"Apr 24, 11:00 pm",0
"Apr 25, 12:00 am",0
"Apr 25, 01:00 am",0
"Apr 25, 02:00 am",0
"Apr 25, 03:00 am",0
"Apr 25, 04:00 am",0
"Apr 25, 05:00 am",0
"Apr 25, 06:00 am",3.71266
"Apr 25, 07:00 am",10.005
"Apr 25, 08:00 am",13.4606
"Apr 25, 09:00 am",14.7554
"Apr 25, 10:00 am",14.4906
"Apr 25, 11:00 am",13.4127
"Apr 25, 12:00 pm",11.497
"Apr 25, 01:00 pm",8.92115
"Apr 25, 02:00 pm",5.4401
"Apr 25, 03:00 pm",1.89801
"Apr 25, 04:00 pm",1.38848
"Apr 25, 05:00 pm",1.152
"Apr 25, 06:00 pm",0.431148
"Apr 25, 07:00 pm",0
"Apr 25, 08:00 pm",0
"Apr 25, 09:00 pm",0
"Apr 25, 10:00 pm",0
"Apr 25, 11:00 pm",0
"Apr 26, 12:00 am",0
"Apr 26, 01:00 am",0
"Apr 26, 02:00 am",0
"Apr 26, 03:00 am",0
"Apr 26, 04:00 am",0
"Apr 26, 05:00 am",0
"Apr 26, 06:00 am",5.30205
"Apr 26, 07:00 am",11.4546
"Apr 26, 08:00 am",14.5168
"Apr 26, 09:00 am",15.8073
"Apr 26, 10:00 am",15.5594
"Apr 26, 11:00 am",14.1121
"Apr 26, 12:00 pm",12.0979
"Apr 26, 01:00 pm",9.35037
"Apr 26, 02:00 pm",5.52852
"Apr 26, 03:00 pm",1.67897
"Apr 26, 04:00 pm",0.984852
"Apr 26, 05:00 pm",0.849826
"Apr 26, 06:00 pm",0.359493
"Apr 26, 07:00 pm",0
"Apr 26, 08:00 pm",0
"Apr 26, 09:00 pm",0
"Apr 26, 10:00 pm",0
"Apr 26, 11:00 pm",0
"Apr 27, 12:00 am",0
"Apr 27, 01:00 am",0
"Apr 27, 02:00 am",0
"Apr 27, 03:00 am",0
"Apr 27, 04:00 am",0
"Apr 27, 05:00 am",0
"Apr 27, 06:00 am",7.46491
"Apr 27, 07:00 am",12.5744
"Apr 27, 08:00 am",14.8988
"Apr 27, 09:00 am",15.7536
"Apr 27, 10:00 am",15.3926
"Apr 27, 11:00 am",14.0515
"Apr 27, 12:00 pm",11.9036
"Apr 27, 01:00 pm",9.15373
"Apr 27, 02:00 pm",5.4186
"Apr 27, 03:00 pm",1.61179
"Apr 27, 04:00 pm",0.81523
"Apr 27, 05:00 pm",0.691101
"Apr 27, 06:00 pm",0.30883
"Apr 27, 07:00 pm",0
"Apr 27, 08:00 pm",0
"Apr 27, 09:00 pm",0
"Apr 27, 10:00 pm",0
"Apr 27, 11:00 pm",0
"Apr 28, 12:00 am",0
"Apr 28, 01:00 am",0
"Apr 28, 02:00 am",0
"Apr 28, 03:00 am",0
"Apr 28, 04:00 am",0
"Apr 28, 05:00 am",0
"Apr 28, 06:00 am",6.79548
"Apr 28, 07:00 am",11.5572
"Apr 28, 08:00 am",13.7647
"Apr 28, 09:00 am",14.4965
"Apr 28, 10:00 am",14.6514
"Apr 28, 11:00 am",13.4939
"Apr 28, 12:00 pm",11.5833
"Apr 28, 01:00 pm",8.90979
"Apr 28, 02:00 pm",5.32895
"Apr 28, 03:00 pm",1.78622
"Apr 28, 04:00 pm",1.292
"Apr 28, 05:00 pm",1.01355
"Apr 28, 06:00 pm",0.378679
"Apr 28, 07:00 pm",0
"Apr 28, 08:00 pm",0
"Apr 28, 09:00 pm",0
"Apr 28, 10:00 pm",0
"Apr 28, 11:00 pm",0
"Apr 29, 12:00 am",0
"Apr 29, 01:00 am",0
"Apr 29, 02:00 am",0
"Apr 29, 03:00 am",0
"Apr 29, 04:00 am",0
"Apr 29, 05:00 am",0
"Apr 29, 06:00 am",6.13257
"Apr 29, 07:00 am",11.5301
"Apr 29, 08:00 am",14.178
"Apr 29, 09:00 am",15.3452
"Apr 29, 10:00 am",15.1231
"Apr 29, 11:00 am",14.0744
"Apr 29, 12:00 pm",12.073
"Apr 29, 01:00 pm",9.30334
"Apr 29, 02:00 pm",5.55387
"Apr 29, 03:00 pm",1.65988
"Apr 29, 04:00 pm",1.01502
"Apr 29, 05:00 pm",0.790699
"Apr 29, 06:00 pm",0.401711
"Apr 29, 07:00 pm",0
"Apr 29, 08:00 pm",0
"Apr 29, 09:00 pm",0
"Apr 29, 10:00 pm",0
"Apr 29, 11:00 pm",0
"Apr 30, 12:00 am",0
"Apr 30, 01:00 am",0
"Apr 30, 02:00 am",0
"Apr 30, 03:00 am",0
"Apr 30, 04:00 am",0
"Apr 30, 05:00 am",0
"Apr 30, 06:00 am",6.42265
"Apr 30, 07:00 am",12.3262
"Apr 30, 08:00 am",15.1391
"Apr 30, 09:00 am",16.2851
"Apr 30, 10:00 am",16.1667
"Apr 30, 11:00 am",14.7655
"Apr 30, 12:00 pm",12.5431
"Apr 30, 01:00 pm",9.79562
"Apr 30, 02:00 pm",5.87577
"Apr 30, 03:00 pm",1.98016
"Apr 30, 04:00 pm",1.24256
"Apr 30, 05:00 pm",0.930663
"Apr 30, 06:00 pm",0.422606
"Apr 30, 07:00 pm",0
"Apr 30, 08:00 pm",0
"Apr 30, 09:00 pm",0
"Apr 30, 10:00 pm",0
"Apr 30, 11:00 pm",0
"May 1, 12:00 am",0
"May 1, 01:00 am",0
"May 1, 02:00 am",0
"May 1, 03:00 am",0
"May 1, 04:00 am",0
"May 1, 05:00 am",0
"May 1, 06:00 am",5.27108
"May 1, 07:00 am",10.6654
"May 1, 08:00 am",13.6262
"May 1, 09:00 am",14.7055
"May 1, 10:00 am",14.7499
"May 1, 11:00 am",13.6674
"May 1, 12:00 pm",11.7874
"May 1, 01:00 pm",9.19984
"May 1, 02:00 pm",5.5279
"May 1, 03:00 pm",1.83965
"May 1, 04:00 pm",1.04354
"May 1, 05:00 pm",0.918799
"May 1, 06:00 pm",0.445814
"May 1, 07:00 pm",0
"May 1, 08:00 pm",0
"May 1, 09:00 pm",0
"May 1, 10:00 pm",0
"May 1, 11:00 pm",0
"May 2, 12:00 am",0
"May 2, 01:00 am",0
"May 2, 02:00 am",0
"May 2, 03:00 am",0
"May 2, 04:00 am",0
"May 2, 05:00 am",0
"May 2, 06:00 am",6.31958
"May 2, 07:00 am",11.396
"May 2, 08:00 am",13.6767
"May 2, 09:00 am",14.4045
"May 2, 10:00 am",13.9214
"May 2, 11:00 am",12.9657
"May 2, 12:00 pm",11.1492
"May 2, 01:00 pm",8.69931
"May 2, 02:00 pm",5.40986
"May 2, 03:00 pm",1.82346
"May 2, 04:00 pm",1.10628
"May 2, 05:00 pm",0.940259
"May 2, 06:00 pm",0.461268
"May 2, 07:00 pm",0
"May 2, 08:00 pm",0
"May 2, 09:00 pm",0
"May 2, 10:00 pm",0
"May 2, 11:00 pm",0
"May 3, 12:00 am",0
"May 3, 01:00 am",0
"May 3, 02:00 am",0
"May 3, 03:00 am",0
"May 3, 04:00 am",0
"May 3, 05:00 am",0
"May 3, 06:00 am",3.84333
"May 3, 07:00 am",8.69776
"May 3, 08:00 am",15.0292
"May 3, 09:00 am",16.3102
"May 3, 10:00 am",16.0901
"May 3, 11:00 am",14.8567
"May 3, 12:00 pm",12.6905
"May 3, 01:00 pm",9.81647
"May 3, 02:00 pm",5.91164
"May 3, 03:00 pm",1.95815
"May 3, 04:00 pm",1.04743
"May 3, 05:00 pm",0.810635
"May 3, 06:00 pm",0.452714
"May 3, 07:00 pm",0
"May 3, 08:00 pm",0
"May 3, 09:00 pm",0
"May 3, 10:00 pm",0
"May 3, 11:00 pm",0
"May 4, 12:00 am",0
"May 4, 01:00 am",0
"May 4, 02:00 am",0
"May 4, 03:00 am",0
"May 4, 04:00 am",0
"May 4, 05:00 am",0
"May 4, 06:00 am",6.99783
"May 4, 07:00 am",12.0746
"May 4, 08:00 am",14.4961
"May 4, 09:00 am",15.4504
"May 4, 10:00 am",15.3254
"May 4, 11:00 am",14.2488
"May 4, 12:00 pm",12.223
"May 4, 01:00 pm",9.46904
"May 4, 02:00 pm",5.76132
"May 4, 03:00 pm",1.81292
"May 4, 04:00 pm",1.04133
"May 4, 05:00 pm",0.801409
"May 4, 06:00 pm",0.432232
"May 4, 07:00 pm",0
"May 4, 08:00 pm",0
"May 4, 09:00 pm",0
"May 4, 10:00 pm",0
"May 4, 11:00 pm",0
"May 5, 12:00 am",0
"May 5, 01:00 am",0
"May 5, 02:00 am",0
"May 5, 03:00 am",0
"May 5, 04:00 am",0
"May 5, 05:00 am",0
"May 5, 06:00 am",6.99819
"May 5, 07:00 am",11.545
"May 5, 08:00 am",13.8142
"May 5, 09:00 am",14.8371
"May 5, 10:00 am",14.9862
"May 5, 11:00 am",14.0793
"May 5, 12:00 pm",12.1871
"May 5, 01:00 pm",9.45308
"May 5, 02:00 pm",5.71463
"May 5, 03:00 pm",1.91915
"May 5, 04:00 pm",1.00511
"May 5, 05:00 pm",0.767758
"May 5, 06:00 pm",0.441909
"May 5, 07:00 pm",0
"May 5, 08:00 pm",0
"May 5, 09:00 pm",0
"May 5, 10:00 pm",0
"May 5, 11:00 pm",0
"May 6, 12:00 am",0
"May 6, 01:00 am",0
"May 6, 02:00 am",0
"May 6, 03:00 am",0
"May 6, 04:00 am",0
"May 6, 05:00 am",0
"May 6, 06:00 am",5.52678
"May 6, 07:00 am",10.8743
"May 6, 08:00 am",13.6914
"May 6, 09:00 am",14.5132
"May 6, 10:00 am",14.5451
"May 6, 11:00 am",13.7809
"May 6, 12:00 pm",11.9029
"May 6, 01:00 pm",9.25399
"May 6, 02:00 pm",5.62863
"May 6, 03:00 pm",1.89463
"May 6, 04:00 pm",0.981688
"May 6, 05:00 pm",0.78302
"May 6, 06:00 pm",0.457192
"May 6, 07:00 pm",0
"May 6, 08:00 pm",0
"May 6, 09:00 pm",0
"May 6, 10:00 pm",0
"May 6, 11:00 pm",0
"May 7, 12:00 am",0
"May 7, 01:00 am",0
"May 7, 02:00 am",0
"May 7, 03:00 am",0
"May 7, 04:00 am",0
"May 7, 05:00 am",0
"May 7, 06:00 am",5.91306
"May 7, 07:00 am",10.8997
"May 7, 08:00 am",13.5874
"May 7, 09:00 am",14.1677
"May 7, 10:00 am",13.8662
"May 7, 11:00 am",12.9999
"May 7, 12:00 pm",11.256
"May 7, 01:00 pm",8.80583
"May 7, 02:00 pm",5.43067
"May 7, 03:00 pm",1.72736
"May 7, 04:00 pm",0.939919
"May 7, 05:00 pm",0.734103
"May 7, 06:00 pm",0.422369
"May 7, 07:00 pm",0
"May 7, 08:00 pm",0
"May 7, 09:00 pm",0
"May 7, 10:00 pm",0
"May 7, 11:00 pm",0
"May 8, 12:00 am",0
"May 8, 01:00 am",0
"May 8, 02:00 am",0
"May 8, 03:00 am",0
"May 8, 04:00 am",0
"May 8, 05:00 am",0
"May 8, 06:00 am",6.86315
"May 8, 07:00 am",11.5801
"May 8, 08:00 am",13.702
"May 8, 09:00 am",14.4019
"May 8, 10:00 am",14.0094
"May 8, 11:00 am",12.6391
"May 8, 12:00 pm",10.786
"May 8, 01:00 pm",8.63515
"May 8, 02:00 pm",5.41905
"May 8, 03:00 pm",1.86573
"May 8, 04:00 pm",0.916869
"May 8, 05:00 pm",0.727727
"May 8, 06:00 pm",0.428375
"May 8, 07:00 pm",0
"May 8, 08:00 pm",0
"May 8, 09:00 pm",0
"May 8, 10:00 pm",0
"May 8, 11:00 pm",0
"May 9, 12:00 am",0
"May 9, 01:00 am",0
"May 9, 02:00 am",0
"May 9, 03:00 am",0
"May 9, 04:00 am",0
"May 9, 05:00 am",0
"May 9, 06:00 am",6.45458
"May 9, 07:00 am",10.858
"May 9, 08:00 am",12.6764
"May 9, 09:00 am",13.5986
"May 9, 10:00 am",13.7422
"May 9, 11:00 am",13.0038
"May 9, 12:00 pm",11.3618
"May 9, 01:00 pm",8.92221
"May 9, 02:00 pm",5.54516
"May 9, 03:00 pm",1.87827
"May 9, 04:00 pm",0.951202
"May 9, 05:00 pm",0.8526
"May 9, 06:00 pm",0.46529
"May 9, 07:00 pm",0
"May 9, 08:00 pm",0
"May 9, 09:00 pm",0
"May 9, 10:00 pm",0
"May 9, 11:00 pm",0
"May 10, 12:00 am",0
"May 10, 01:00 am",0
"May 10, 02:00 am",0
"May 10, 03:00 am",0
"May 10, 04:00 am",0
"May 10, 05:00 am",0
"May 10, 06:00 am",6.10687
"May 10, 07:00 am",10.9283
"May 10, 08:00 am",13.3666
"May 10, 09:00 am",14.2641
"May 10, 10:00 am",14.2124
"May 10, 11:00 am",13.3556
"May 10, 12:00 pm",11.5596
"May 10, 01:00 pm",9.0226
"May 10, 02:00 pm",5.59219
"May 10, 03:00 pm",1.92646
"May 10, 04:00 pm",0.972572
"May 10, 05:00 pm",0.843994
"May 10, 06:00 pm",0.4551
"May 10, 07:00 pm",0
"May 10, 08:00 pm",0
"May 10, 09:00 pm",0
"May 10, 10:00 pm",0
"May 10, 11:00 pm",0
"May 11, 12:00 am",0
"May 11, 01:00 am",0
"May 11, 02:00 am",0
"May 11, 03:00 am",0
"May 11, 04:00 am",0
"May 11, 05:00 am",0
"May 11, 06:00 am",6.41384
"May 11, 07:00 am",11.1977
"May 11, 08:00 am",13.6388
"May 11, 09:00 am",14.5938
"May 11, 10:00 am",14.3496
"May 11, 11:00 am",13.3528
"May 11, 12:00 pm",11.5475
"May 11, 01:00 pm",9.04403
"May 11, 02:00 pm",5.63655
"May 11, 03:00 pm",1.94294
"May 11, 04:00 pm",0.957601
"May 11, 05:00 pm",0.861223
"May 11, 06:00 pm",0.474943
"May 11, 07:00 pm",0
"May 11, 08:00 pm",0
"May 11, 09:00 pm",0
"May 11, 10:00 pm",0
"May 11, 11:00 pm",0
"May 12, 12:00 am",0
"May 12, 01:00 am",0
"May 12, 02:00 am",0
"May 12, 03:00 am",0
"May 12, 04:00 am",0
"May 12, 05:00 am",-0
"May 12, 06:00 am",5.29177
"May 12, 07:00 am",10.5844
"May 12, 08:00 am",13.3004
"May 12, 09:00 am",14.2787
"May 12, 10:00 am",14.2825
"May 12, 11:00 am",13.2228
"May 12, 12:00 pm",11.3801
"May 12, 01:00 pm",8.86562
"May 12, 02:00 pm",5.59061
"May 12, 03:00 pm",2.18581
"May 12, 04:00 pm",2.19871
"May 12, 05:00 pm",1.51661
"May 12, 06:00 pm",0.227536
"May 12, 07:00 pm",0
"May 12, 08:00 pm",0
"May 12, 09:00 pm",0
"May 12, 10:00 pm",0
"May 12, 11:00 pm",0
"May 13, 12:00 am",0
"May 13, 01:00 am",0
"May 13, 02:00 am",0
"May 13, 03:00 am",0
"May 13, 04:00 am",0
"May 13, 05:00 am",-0
"May 13, 06:00 am",4.73025
"May 13, 07:00 am",10.2965
"May 13, 08:00 am",12.795
"May 13, 09:00 am",13.635
"May 13, 10:00 am",13.4467
"May 13, 11:00 am",8.58339
"May 13, 12:00 pm",10.8026
"May 13, 01:00 pm",8.53733
"May 13, 02:00 pm",5.56911
"May 13, 03:00 pm",2.72455
"May 13, 04:00 pm",1.01926
"May 13, 05:00 pm",1.41131
"May 13, 06:00 pm",0.56477
"May 13, 07:00 pm",0
"May 13, 08:00 pm",0
"May 13, 09:00 pm",0
"May 13, 10:00 pm",0
"May 13, 11:00 pm",0
"May 14, 12:00 am",0
"May 14, 01:00 am",0
"May 14, 02:00 am",0
"May 14, 03:00 am",0
"May 14, 04:00 am",0
"May 14, 05:00 am",-0
"May 14, 06:00 am",6.14275
"May 14, 07:00 am",10.6903
"May 14, 08:00 am",13.3015
"May 14, 09:00 am",14.2425
"May 14, 10:00 am",14.1883
"May 14, 11:00 am",13.3171
"May 14, 12:00 pm",11.5773
"May 14, 01:00 pm",9.12272
"May 14, 02:00 pm",5.68101
"May 14, 03:00 pm",1.92527
"May 14, 04:00 pm",0.973307
"May 14, 05:00 pm",0.655952
"May 14, 06:00 pm",0.564084
"May 14, 07:00 pm",0
"May 14, 08:00 pm",0
"May 14, 09:00 pm",0
"May 14, 10:00 pm",0
"May 14, 11:00 pm",0
"May 15, 12:00 am",0
"May 15, 01:00 am",0
"May 15, 02:00 am",0
"May 15, 03:00 am",0
"May 15, 04:00 am",0
"May 15, 05:00 am",-0
"May 15, 06:00 am",7.15444
"May 15, 07:00 am",11.4904
"May 15, 08:00 am",13.7099
"May 15, 09:00 am",14.622
"May 15, 10:00 am",14.6574
"May 15, 11:00 am",13.7424
"May 15, 12:00 pm",11.9221
"May 15, 01:00 pm",9.35498
"May 15, 02:00 pm",5.78848
"May 15, 03:00 pm",1.97808
"May 15, 04:00 pm",0.808185
"May 15, 05:00 pm",0.706369
"May 15, 06:00 pm",0.562061
"May 15, 07:00 pm",0
"May 15, 08:00 pm",0
"May 15, 09:00 pm",0
"May 15, 10:00 pm",0
"May 15, 11:00 pm",0
"May 16, 12:00 am",0
"May 16, 01:00 am",0
"May 16, 02:00 am",0
"May 16, 03:00 am",0
"May 16, 04:00 am",0
"May 16, 05:00 am",-0
"May 16, 06:00 am",7.8469
"May 16, 07:00 am",12.0115
"May 16, 08:00 am",13.9908
"May 16, 09:00 am",14.5592
"May 16, 10:00 am",14.4099
"May 16, 11:00 am",13.467
"May 16, 12:00 pm",11.7521
"May 16, 01:00 pm",9.26827
"May 16, 02:00 pm",5.77352
"May 16, 03:00 pm",1.97662
"May 16, 04:00 pm",0.917637
"May 16, 05:00 pm",0.668674
"May 16, 06:00 pm",0.398288
"May 16, 07:00 pm",0
"May 16, 08:00 pm",0
"May 16, 09:00 pm",0
"May 16, 10:00 pm",0
"May 16, 11:00 pm",0
"May 17, 12:00 am",0
"May 17, 01:00 am",0
"May 17, 02:00 am",0
"May 17, 03:00 am",0
"May 17, 04:00 am",0
"May 17, 05:00 am",-0
"May 17, 06:00 am",7.29752
"May 17, 07:00 am",11.5112
"May 17, 08:00 am",13.461
"May 17, 09:00 am",11.6457
"May 17, 10:00 am",13.3727
"May 17, 11:00 am",12.131
"May 17, 12:00 pm",8.45531
"May 17, 01:00 pm",8.96882
"May 17, 02:00 pm",5.66766
"May 17, 03:00 pm",2.0518
"May 17, 04:00 pm",0.902529
"May 17, 05:00 pm",0.687861
"May 17, 06:00 pm",0.440458
"May 17, 07:00 pm",0
"May 17, 08:00 pm",0
"May 17, 09:00 pm",0
"May 17, 10:00 pm",0
"May 17, 11:00 pm",0
"May 18, 12:00 am",0
"May 18, 01:00 am",0
"May 18, 02:00 am",0
"May 18, 03:00 am",0
"May 18, 04:00 am",0
"May 18, 05:00 am",-0
"May 18, 06:00 am",6.99172
"May 18, 07:00 am",11.1688
"May 18, 08:00 am",12.6588
"May 18, 09:00 am",3.99811
"May 18, 10:00 am",13.9656
"May 18, 11:00 am",13.1392
"May 18, 12:00 pm",9.33073
"May 18, 01:00 pm",7.18975
"May 18, 02:00 pm",5.50484
"May 18, 03:00 pm",0.339534
"May 18, 04:00 pm",2.12267
"May 18, 05:00 pm",1.58342
"May 18, 06:00 pm",0.594914
"May 18, 07:00 pm",0
"May 18, 08:00 pm",0
"May 18, 09:00 pm",0
"May 18, 10:00 pm",0
"May 18, 11:00 pm",0
"May 19, 12:00 am",0
"May 19, 01:00 am",0
"May 19, 02:00 am",0
"May 19, 03:00 am",0
"May 19, 04:00 am",0
"May 19, 05:00 am",-0
"May 19, 06:00 am",-0
"May 19, 07:00 am",1.12077
"May 19, 08:00 am",1.60595
"May 19, 09:00 am",8.77202
"May 19, 10:00 am",12.1809
"May 19, 11:00 am",5.03818
"May 19, 12:00 pm",8.41441
"May 19, 01:00 pm",7.60296
"May 19, 02:00 pm",5.78064
"May 19, 03:00 pm",3.32376
"May 19, 04:00 pm",1.95274
"May 19, 05:00 pm",-0
"May 19, 06:00 pm",0.474962
"May 19, 07:00 pm",0
"May 19, 08:00 pm",0
"May 19, 09:00 pm",0
"May 19, 10:00 pm",0
"May 19, 11:00 pm",0
"May 20, 12:00 am",0
"May 20, 01:00 am",0
"May 20, 02:00 am",0
"May 20, 03:00 am",0
"May 20, 04:00 am",0
"May 20, 05:00 am",-0
"May 20, 06:00 am",6.82897
"May 20, 07:00 am",11.0371
"May 20, 08:00 am",13.3323
"May 20, 09:00 am",14.1527
"May 20, 10:00 am",13.9866
"May 20, 11:00 am",12.9725
"May 20, 12:00 pm",11.1251
"May 20, 01:00 pm",8.77138
"May 20, 02:00 pm",5.59846
"May 20, 03:00 pm",2.03595
"May 20, 04:00 pm",1.01079
"May 20, 05:00 pm",0.8008
"May 20, 06:00 pm",0.508195
"May 20, 07:00 pm",0
"May 20, 08:00 pm",0
"May 20, 09:00 pm",0
"May 20, 10:00 pm",0
"May 20, 11:00 pm",0
"May 21, 12:00 am",0
"May 21, 01:00 am",0
"May 21, 02:00 am",0
"May 21, 03:00 am",0
"May 21, 04:00 am",0
"May 21, 05:00 am",-0
"May 21, 06:00 am",7.34903
"May 21, 07:00 am",11.6287
"May 21, 08:00 am",13.84
"May 21, 09:00 am",14.2783
"May 21, 10:00 am",13.8179
"May 21, 11:00 am",12.6822
"May 21, 12:00 pm",10.8562
"May 21, 01:00 pm",8.63042
"May 21, 02:00 pm",5.53843
"May 21, 03:00 pm",2.05907
"May 21, 04:00 pm",0.829247
"May 21, 05:00 pm",0.72065
"May 21, 06:00 pm",0.423669
"May 21, 07:00 pm",0
"May 21, 08:00 pm",0
"May 21, 09:00 pm",0
"May 21, 10:00 pm",0
"May 21, 11:00 pm",0
"May 22, 12:00 am",0
"May 22, 01:00 am",0
"May 22, 02:00 am",0
"May 22, 03:00 am",0
"May 22, 04:00 am",0
"May 22, 05:00 am",-0
"May 22, 06:00 am",8.07518
"May 22, 07:00 am",11.9603
"May 22, 08:00 am",13.7197
"May 22, 09:00 am",14.2181
"May 22, 10:00 am",13.889
"May 22, 11:00 am",12.8144
"May 22, 12:00 pm",11.104
"May 22, 01:00 pm",8.84119
"May 22, 02:00 pm",5.66098
"May 22, 03:00 pm",2.07135
"May 22, 04:00 pm",0.790426
"May 22, 05:00 pm",0.695768
"May 22, 06:00 pm",0.406663
"May 22, 07:00 pm",0
"May 22, 08:00 pm",0
"May 22, 09:00 pm",0
"May 22, 10:00 pm",0
"May 22, 11:00 pm",0
"May 23, 12:00 am",0
"May 23, 01:00 am",0
"May 23, 02:00 am",0
"May 23, 03:00 am",0
"May 23, 04:00 am",0
"May 23, 05:00 am",-0
"May 23, 06:00 am",8.30696
"May 23, 07:00 am",12.1428
"May 23, 08:00 am",13.7365
"May 23, 09:00 am",14.2265
"May 23, 10:00 am",13.7795
"May 23, 11:00 am",12.7871
"May 23, 12:00 pm",11.2284
"May 23, 01:00 pm",8.94616
"May 23, 02:00 pm",5.68793
"May 23, 03:00 pm",2.05791
"May 23, 04:00 pm",0.883494
"May 23, 05:00 pm",0.677119
"May 23, 06:00 pm",0.407476
"May 23, 07:00 pm",0
"May 23, 08:00 pm",0
"May 23, 09:00 pm",0
"May 23, 10:00 pm",0
"May 23, 11:00 pm",0
"May 24, 12:00 am",0
"May 24, 01:00 am",0
"May 24, 02:00 am",0
"May 24, 03:00 am",0
"May 24, 04:00 am",0
"May 24, 05:00 am",-0
"May 24, 06:00 am",8.01442
"May 24, 07:00 am",11.6771
"May 24, 08:00 am",13.2834
"May 24, 09:00 am",13.5153
"May 24, 10:00 am",13.5458
"May 24, 11:00 am",13.0399
"May 24, 12:00 pm",11.4935
"May 24, 01:00 pm",9.10254
"May 24, 02:00 pm",5.77788
"May 24, 03:00 pm",2.13045
"May 24, 04:00 pm",0.82054
"May 24, 05:00 pm",0.733934
"May 24, 06:00 pm",0.452488
"May 24, 07:00 pm",0
"May 24, 08:00 pm",0
"May 24, 09:00 pm",0
"May 24, 10:00 pm",0
"May 24, 11:00 pm",0
"May 25, 12:00 am",0
"May 25, 01:00 am",0
"May 25, 02:00 am",0
"May 25, 03:00 am",0
"May 25, 04:00 am",0
"May 25, 05:00 am",-0
"May 25, 06:00 am",7.42433
"May 25, 07:00 am",11.3711
"May 25, 08:00 am",13.2106
"May 25, 09:00 am",14.0799
"May 25, 10:00 am",14.1719
"May 25, 11:00 am",13.2993
"May 25, 12:00 pm",11.5936
"May 25, 01:00 pm",9.20797
"May 25, 02:00 pm",5.86564
"May 25, 03:00 pm",2.20491
"May 25, 04:00 pm",0.865294
"May 25, 05:00 pm",0.701518
"May 25, 06:00 pm",0.490662
"May 25, 07:00 pm",0
"May 25, 08:00 pm",0
"May 25, 09:00 pm",0
"May 25, 10:00 pm",0
"May 25, 11:00 pm",0
"May 26, 12:00 am",0
"May 26, 01:00 am",0
"May 26, 02:00 am",0
"May 26, 03:00 am",0
"May 26, 04:00 am",0
"May 26, 05:00 am",-0
"May 26, 06:00 am",7.41922
"May 26, 07:00 am",3.78331
"May 26, 08:00 am",13.2819
"May 26, 09:00 am",14.1411
"May 26, 10:00 am",14.1486
"May 26, 11:00 am",12.7026
"May 26, 12:00 pm",10.9986
"May 26, 01:00 pm",9.00883
"May 26, 02:00 pm",5.80072
"May 26, 03:00 pm",2.2343
"May 26, 04:00 pm",0.877258
"May 26, 05:00 pm",1.12978
"May 26, 06:00 pm",0.463934
"May 26, 07:00 pm",0
"May 26, 08:00 pm",0
"May 26, 09:00 pm",0
"May 26, 10:00 pm",0
"May 26, 11:00 pm",0
"May 27, 12:00 am",0
"May 27, 01:00 am",0
"May 27, 02:00 am",0
"May 27, 03:00 am",0
"May 27, 04:00 am",0
"May 27, 05:00 am",-0
"May 27, 06:00 am",7.50498
"May 27, 07:00 am",10.5902
"May 27, 08:00 am",8.84712
"May 27, 09:00 am",11.8711
"May 27, 10:00 am",12.0496
"May 27, 11:00 am",11.6704
"May 27, 12:00 pm",10.4771
"May 27, 01:00 pm",8.46254
"May 27, 02:00 pm",5.34716
"May 27, 03:00 pm",2.93786
"May 27, 04:00 pm",2.56405
"May 27, 05:00 pm",1.66614
"May 27, 06:00 pm",0.044211
"May 27, 07:00 pm",0
"May 27, 08:00 pm",0
"May 27, 09:00 pm",0
"May 27, 10:00 pm",0
"May 27, 11:00 pm",0
"May 28, 12:00 am",0
"May 28, 01:00 am",0
"May 28, 02:00 am",0
"May 28, 03:00 am",0
"May 28, 04:00 am",0
"May 28, 05:00 am",-0
"May 28, 06:00 am",7.35369
"May 28, 07:00 am",11.9431
"May 28, 08:00 am",14.1867
"May 28, 09:00 am",15.053
"May 28, 10:00 am",14.6445
"May 28, 11:00 am",13.5812
"May 28, 12:00 pm",11.8123
"May 28, 01:00 pm",9.35815
"May 28, 02:00 pm",6.01983
"May 28, 03:00 pm",2.32993
"May 28, 04:00 pm",0.904997
"May 28, 05:00 pm",0.718479
"May 28, 06:00 pm",0.488106
"May 28, 07:00 pm",-0
"May 28, 08:00 pm",0
"May 28, 09:00 pm",0
"May 28, 10:00 pm",0
"May 28, 11:00 pm",0
"May 29, 12:00 am",0
"May 29, 01:00 am",0
"May 29, 02:00 am",0
"May 29, 03:00 am",0
"May 29, 04:00 am",0
"May 29, 05:00 am",0.131857
"May 29, 06:00 am",7.5019
"May 29, 07:00 am",11.5997
"May 29, 08:00 am",13.4141
"May 29, 09:00 am",13.8417
"May 29, 10:00 am",13.7945
"May 29, 11:00 am",13.0838
"May 29, 12:00 pm",11.4291
"May 29, 01:00 pm",9.07531
"May 29, 02:00 pm",5.90363
"May 29, 03:00 pm",2.25316
"May 29, 04:00 pm",1.68069
"May 29, 05:00 pm",1.03154
"May 29, 06:00 pm",0.627669
"May 29, 07:00 pm",-0
"May 29, 08:00 pm",0
"May 29, 09:00 pm",0
"May 29, 10:00 pm",0
"May 29, 11:00 pm",0
"May 30, 12:00 am",0
"May 30, 01:00 am",0
"May 30, 02:00 am",0
"May 30, 03:00 am",0
"May 30, 04:00 am",0
"May 30, 05:00 am",0.176984
"May 30, 06:00 am",7.49642
"May 30, 07:00 am",11.513
"May 30, 08:00 am",13.6251
"May 30, 09:00 am",14.4455
"May 30, 10:00 am",14.1097
"May 30, 11:00 am",13.1622
"May 30, 12:00 pm",11.4458
"May 30, 01:00 pm",9.05774
"May 30, 02:00 pm",5.86127
"May 30, 03:00 pm",2.24322
"May 30, 04:00 pm",0.994344
"May 30, 05:00 pm",0.798328
"May 30, 06:00 pm",0.560771
"May 30, 07:00 pm",-0
"May 30, 08:00 pm",0
"May 30, 09:00 pm",0
"May 30, 10:00 pm",0
"May 30, 11:00 pm",0
"May 31, 12:00 am",0
"May 31, 01:00 am",0
"May 31, 02:00 am",0
"May 31, 03:00 am",0
"May 31, 04:00 am",0
"May 31, 05:00 am",0.210153
"May 31, 06:00 am",7.52686
"May 31, 07:00 am",11.5125
"May 31, 08:00 am",13.3804
"May 31, 09:00 am",13.9093
"May 31, 10:00 am",13.7966
"May 31, 11:00 am",12.9829
"May 31, 12:00 pm",11.3957
"May 31, 01:00 pm",9.09215
"May 31, 02:00 pm",5.89777
"May 31, 03:00 pm",2.30002
"May 31, 04:00 pm",0.858981
"May 31, 05:00 pm",0.743021
"May 31, 06:00 pm",0.52874
"May 31, 07:00 pm",-0
"May 31, 08:00 pm",0
"May 31, 09:00 pm",0
"May 31, 10:00 pm",0
"May 31, 11:00 pm",0
"Jun 1, 12:00 am",0
"Jun 1, 01:00 am",0
"Jun 1, 02:00 am",0
"Jun 1, 03:00 am",0
"Jun 1, 04:00 am",0
"Jun 1, 05:00 am",0.293159
"Jun 1, 06:00 am",7.78517
"Jun 1, 07:00 am",11.4274
"Jun 1, 08:00 am",13.2652
"Jun 1, 09:00 am",13.6606
"Jun 1, 10:00 am",13.4052
"Jun 1, 11:00 am",12.6423
"Jun 1, 12:00 pm",11.1568
"Jun 1, 01:00 pm",8.39933
"Jun 1, 02:00 pm",5.89617
"Jun 1, 03:00 pm",2.38838
"Jun 1, 04:00 pm",0.923037
"Jun 1, 05:00 pm",0.781322
"Jun 1, 06:00 pm",0.535004
"Jun 1, 07:00 pm",-0
"Jun 1, 08:00 pm",0
"Jun 1, 09:00 pm",0
"Jun 1, 10:00 pm",0
"Jun 1, 11:00 pm",0
"Jun 2, 12:00 am",0
"Jun 2, 01:00 am",0
"Jun 2, 02:00 am",0
"Jun 2, 03:00 am",0
"Jun 2, 04:00 am",0
"Jun 2, 05:00 am",0.176802
"Jun 2, 06:00 am",7.12795
"Jun 2, 07:00 am",11.2341
"Jun 2, 08:00 am",13.3407
"Jun 2, 09:00 am",14.344
"Jun 2, 10:00 am",14.1298
"Jun 2, 11:00 am",13.2247
"Jun 2, 12:00 pm",11.5063
"Jun 2, 01:00 pm",9.1613
"Jun 2, 02:00 pm",5.97863
"Jun 2, 03:00 pm",2.35647
"Jun 2, 04:00 pm",1.02147
"Jun 2, 05:00 pm",0.838284
"Jun 2, 06:00 pm",0.570463
"Jun 2, 07:00 pm",-0
"Jun 2, 08:00 pm",0
"Jun 2, 09:00 pm",0
"Jun 2, 10:00 pm",0
"Jun 2, 11:00 pm",0
"Jun 3, 12:00 am",0
"Jun 3, 01:00 am",0
"Jun 3, 02:00 am",0
"Jun 3, 03:00 am",0
"Jun 3, 04:00 am",0
"Jun 3, 05:00 am",0.507116
"Jun 3, 06:00 am",8.0453
"Jun 3, 07:00 am",11.6399
"Jun 3, 08:00 am",13.6127
"Jun 3, 09:00 am",14.4351
"Jun 3, 10:00 am",14.3641
"Jun 3, 11:00 am",13.41
"Jun 3, 12:00 pm",11.6708
"Jun 3, 01:00 pm",9.27945
"Jun 3, 02:00 pm",6.04146
"Jun 3, 03:00 pm",2.43739
"Jun 3, 04:00 pm",0.92112
"Jun 3, 05:00 pm",0.782676
"Jun 3, 06:00 pm",0.56411
"Jun 3, 07:00 pm",-0
"Jun 3, 08:00 pm",0
"Jun 3, 09:00 pm",0
"Jun 3, 10:00 pm",0
"Jun 3, 11:00 pm",0
"Jun 4, 12:00 am",0
"Jun 4, 01:00 am",0
"Jun 4, 02:00 am",0
"Jun 4, 03:00 am",0
"Jun 4, 04:00 am",0
"Jun 4, 05:00 am",0.0212754
"Jun 4, 06:00 am",7.69324
"Jun 4, 07:00 am",11.2323
"Jun 4, 08:00 am",13.0876
"Jun 4, 09:00 am",13.6929
"Jun 4, 10:00 am",13.7371
"Jun 4, 11:00 am",12.9317
"Jun 4, 12:00 pm",11.3358
"Jun 4, 01:00 pm",9.08789
"Jun 4, 02:00 pm",5.95753
"Jun 4, 03:00 pm",2.4299
"Jun 4, 04:00 pm",0.992836
"Jun 4, 05:00 pm",0.961023
"Jun 4, 06:00 pm",0.635331
"Jun 4, 07:00 pm",-0
"Jun 4, 08:00 pm",0
"Jun 4, 09:00 pm",0
"Jun 4, 10:00 pm",0
"Jun 4, 11:00 pm",0
"Jun 5, 12:00 am",0
"Jun 5, 01:00 am",0
"Jun 5, 02:00 am",0
"Jun 5, 03:00 am",0
"Jun 5, 04:00 am",0
"Jun 5, 05:00 am",0.101367
"Jun 5, 06:00 am",6.71979
"Jun 5, 07:00 am",10.9926
"Jun 5, 08:00 am",13.2441
"Jun 5, 09:00 am",13.9483
"Jun 5, 10:00 am",13.621
"Jun 5, 11:00 am",12.4897
"Jun 5, 12:00 pm",11.0799
"Jun 5, 01:00 pm",9.00548
"Jun 5, 02:00 pm",5.9726
"Jun 5, 03:00 pm",2.44398
"Jun 5, 04:00 pm",0.876001
"Jun 5, 05:00 pm",0.735332
"Jun 5, 06:00 pm",0.522625
"Jun 5, 07:00 pm",-0
"Jun 5, 08:00 pm",0
"Jun 5, 09:00 pm",0
"Jun 5, 10:00 pm",0
"Jun 5, 11:00 pm",0
"Jun 6, 12:00 am",0
"Jun 6, 01:00 am",0
"Jun 6, 02:00 am",0
"Jun 6, 03:00 am",0
"Jun 6, 04:00 am",0
"Jun 6, 05:00 am",0.356431
"Jun 6, 06:00 am",7.82127
"Jun 6, 07:00 am",11.6255
"Jun 6, 08:00 am",13.5155
"Jun 6, 09:00 am",13.9438
"Jun 6, 10:00 am",13.4882
"Jun 6, 11:00 am",12.4051
"Jun 6, 12:00 pm",10.9995
"Jun 6, 01:00 pm",8.96038
"Jun 6, 02:00 pm",5.89031
"Jun 6, 03:00 pm",2.51903
"Jun 6, 04:00 pm",1.06196
"Jun 6, 05:00 pm",1.04869
"Jun 6, 06:00 pm",0.692038
"Jun 6, 07:00 pm",-0
"Jun 6, 08:00 pm",0
"Jun 6, 09:00 pm",0
"Jun 6, 10:00 pm",0
"Jun 6, 11:00 pm",0
"Jun 7, 12:00 am",0
"Jun 7, 01:00 am",0
"Jun 7, 02:00 am",0
"Jun 7, 03:00 am",0
"Jun 7, 04:00 am",0
"Jun 7, 05:00 am",0.102284
"Jun 7, 06:00 am",6.48662
"Jun 7, 07:00 am",10.5721
"Jun 7, 08:00 am",12.688
"Jun 7, 09:00 am",13.2087
"Jun 7, 10:00 am",13.1501
"Jun 7, 11:00 am",12.5112
"Jun 7, 12:00 pm",11.1463
"Jun 7, 01:00 pm",8.98876
"Jun 7, 02:00 pm",5.97815
"Jun 7, 03:00 pm",2.47375
"Jun 7, 04:00 pm",0.896544
"Jun 7, 05:00 pm",0.751142
"Jun 7, 06:00 pm",0.548247
"Jun 7, 07:00 pm",-0
"Jun 7, 08:00 pm",0
"Jun 7, 09:00 pm",0
"Jun 7, 10:00 pm",0
"Jun 7, 11:00 pm",0
"Jun 8, 12:00 am",0
"Jun 8, 01:00 am",0
"Jun 8, 02:00 am",0
"Jun 8, 03:00 am",0
"Jun 8, 04:00 am",0
"Jun 8, 05:00 am",0.247962
"Jun 8, 06:00 am",7.56571
"Jun 8, 07:00 am",11.6861
"Jun 8, 08:00 am",13.8377
"Jun 8, 09:00 am",14.7264
"Jun 8, 10:00 am",14.6882
"Jun 8, 11:00 am",13.7935
"Jun 8, 12:00 pm",11.9287
"Jun 8, 01:00 pm",9.4016
"Jun 8, 02:00 pm",6.14425
"Jun 8, 03:00 pm",2.51909
"Jun 8, 04:00 pm",1.03683
"Jun 8, 05:00 pm",1.03449
"Jun 8, 06:00 pm",0.696591
"Jun 8, 07:00 pm",-0
"Jun 8, 08:00 pm",0
"Jun 8, 09:00 pm",0
"Jun 8, 10:00 pm",0
"Jun 8, 11:00 pm",0
"Jun 9, 12:00 am",0
"Jun 9, 01:00 am",0
"Jun 9, 02:00 am",0
"Jun 9, 03:00 am",0
"Jun 9, 04:00 am",0
"Jun 9, 05:00 am",0.209374
"Jun 9, 06:00 am",7.18438
"Jun 9, 07:00 am",11.2798
"Jun 9, 08:00 am",13.413
"Jun 9, 09:00 am",14.2702
"Jun 9, 10:00 am",13.9734
"Jun 9, 11:00 am",13.0522
"Jun 9, 12:00 pm",11.5086
"Jun 9, 01:00 pm",9.24228
"Jun 9, 02:00 pm",6.09767
"Jun 9, 03:00 pm",2.44563
"Jun 9, 04:00 pm",0.788148
"Jun 9, 05:00 pm",0.745312
"Jun 9, 06:00 pm",0.494082
"Jun 9, 07:00 pm",-0
"Jun 9, 08:00 pm",0
"Jun 9, 09:00 pm",0
"Jun 9, 10:00 pm",0
"Jun 9, 11:00 pm",0
"Jun 10, 12:00 am",0
"Jun 10, 01:00 am",0
"Jun 10, 02:00 am",0
"Jun 10, 03:00 am",0
"Jun 10, 04:00 am",0
"Jun 10, 05:00 am",0.463111
"Jun 10, 06:00 am",7.96896
"Jun 10, 07:00 am",11.6737
"Jun 10, 08:00 am",13.4618
"Jun 10, 09:00 am",14.0749
"Jun 10, 10:00 am",14.1329
"Jun 10, 11:00 am",12.1218
"Jun 10, 12:00 pm",11.7195
"Jun 10, 01:00 pm",9.35676
"Jun 10, 02:00 pm",6.1692
"Jun 10, 03:00 pm",2.51939
"Jun 10, 04:00 pm",0.959873
"Jun 10, 05:00 pm",0.927808
"Jun 10, 06:00 pm",0.620478
"Jun 10, 07:00 pm",-0
"Jun 10, 08:00 pm",0
"Jun 10, 09:00 pm",0
"Jun 10, 10:00 pm",0
"Jun 10, 11:00 pm",0
"Jun 11, 12:00 am",0
"Jun 11, 01:00 am",0
"Jun 11, 02:00 am",0
"Jun 11, 03:00 am",0
"Jun 11, 04:00 am",0
"Jun 11, 05:00 am",0.150456
"Jun 11, 06:00 am",7.19108
"Jun 11, 07:00 am",11.2289
"Jun 11, 08:00 am",13.0648
"Jun 11, 09:00 am",13.3235
"Jun 11, 10:00 am",12.7679
"Jun 11, 11:00 am",12.2608
"Jun 11, 12:00 pm",10.8305
"Jun 11, 01:00 pm",8.74336
"Jun 11, 02:00 pm",5.93712
"Jun 11, 03:00 pm",2.53397
"Jun 11, 04:00 pm",0.966131
"Jun 11, 05:00 pm",0.890145
"Jun 11, 06:00 pm",0.599748
"Jun 11, 07:00 pm",-0
"Jun 11, 08:00 pm",0
"Jun 11, 09:00 pm",0
"Jun 11, 10:00 pm",0
"Jun 11, 11:00 pm",0
"Jun 12, 12:00 am",0
"Jun 12, 01:00 am",0
"Jun 12, 02:00 am",0
"Jun 12, 03:00 am",0
"Jun 12, 04:00 am",0
"Jun 12, 05:00 am",0.354935
"Jun 12, 06:00 am",7.1286
"Jun 12, 07:00 am",10.9253
"Jun 12, 08:00 am",12.9909
"Jun 12, 09:00 am",13.8946
"Jun 12, 10:00 am",12.7551
"Jun 12, 11:00 am",11.4553
"Jun 12, 12:00 pm",10.9731
"Jun 12, 01:00 pm",8.94182
"Jun 12, 02:00 pm",6.01906
"Jun 12, 03:00 pm",2.67808
"Jun 12, 04:00 pm",1.10767
"Jun 12, 05:00 pm",1.02301
"Jun 12, 06:00 pm",0.648369
"Jun 12, 07:00 pm",-0
"Jun 12, 08:00 pm",0
"Jun 12, 09:00 pm",0
"Jun 12, 10:00 pm",0
"Jun 12, 11:00 pm",0
"Jun 13, 12:00 am",0
"Jun 13, 01:00 am",0
"Jun 13, 02:00 am",0
"Jun 13, 03:00 am",0
"Jun 13, 04:00 am",0
"Jun 13, 05:00 am",0.0442759
"Jun 13, 06:00 am",5.75729
"Jun 13, 07:00 am",10.0279
"Jun 13, 08:00 am",12.6122
"Jun 13, 09:00 am",7.85647
"Jun 13, 10:00 am",10.2705
"Jun 13, 11:00 am",12.0924
"Jun 13, 12:00 pm",10.6317
"Jun 13, 01:00 pm",8.47683
"Jun 13, 02:00 pm",5.79279
"Jun 13, 03:00 pm",2.67481
"Jun 13, 04:00 pm",1.14409
"Jun 13, 05:00 pm",1.06542
"Jun 13, 06:00 pm",0.671372
"Jun 13, 07:00 pm",-0
"Jun 13, 08:00 pm",0
"Jun 13, 09:00 pm",0
"Jun 13, 10:00 pm",0
"Jun 13, 11:00 pm",0
"Jun 14, 12:00 am",0
"Jun 14, 01:00 am",0
"Jun 14, 02:00 am",0
"Jun 14, 03:00 am",0
"Jun 14, 04:00 am",0
"Jun 14, 05:00 am",0.0344452
"Jun 14, 06:00 am",5.17627
"Jun 14, 07:00 am",9.50776
"Jun 14, 08:00 am",11.9279
"Jun 14, 09:00 am",12.9689
"Jun 14, 10:00 am",13.2751
"Jun 14, 11:00 am",12.8522
"Jun 14, 12:00 pm",11.3494
"Jun 14, 01:00 pm",9.13826
"Jun 14, 02:00 pm",6.09895
"Jun 14, 03:00 pm",2.51576
"Jun 14, 04:00 pm",0.964148
"Jun 14, 05:00 pm",0.789744
"Jun 14, 06:00 pm",0.563583
"Jun 14, 07:00 pm",-0
"Jun 14, 08:00 pm",0
"Jun 14, 09:00 pm",0
"Jun 14, 10:00 pm",0
"Jun 14, 11:00 pm",0
"Jun 15, 12:00 am",0
"Jun 15, 01:00 am",0
"Jun 15, 02:00 am",0
"Jun 15, 03:00 am",0
"Jun 15, 04:00 am",0
"Jun 15, 05:00 am",0.179885
"Jun 15, 06:00 am",6.55758
"Jun 15, 07:00 am",10.5219
"Jun 15, 08:00 am",12.5594
"Jun 15, 09:00 am",13.3592
"Jun 15, 10:00 am",13.2871
"Jun 15, 11:00 am",12.4582
"Jun 15, 12:00 pm",10.9814
"Jun 15, 01:00 pm",8.84383
"Jun 15, 02:00 pm",5.96797
"Jun 15, 03:00 pm",2.64663
"Jun 15, 04:00 pm",1.18796
"Jun 15, 05:00 pm",1.11036
"Jun 15, 06:00 pm",0.713987
"Jun 15, 07:00 pm",-0
"Jun 15, 08:00 pm",0
"Jun 15, 09:00 pm",0
"Jun 15, 10:00 pm",0
"Jun 15, 11:00 pm",0
"Jun 16, 12:00 am",0
"Jun 16, 01:00 am",0
"Jun 16, 02:00 am",0
"Jun 16, 03:00 am",0
"Jun 16, 04:00 am",0
"Jun 16, 05:00 am",0.18111
"Jun 16, 06:00 am",6.8977
"Jun 16, 07:00 am",11.0325
"Jun 16, 08:00 am",13.1141
"Jun 16, 09:00 am",13.9342
"Jun 16, 10:00 am",13.4394
"Jun 16, 11:00 am",12.1886
"Jun 16, 12:00 pm",10.8423
"Jun 16, 01:00 pm",8.90134
"Jun 16, 02:00 pm",6.05232
"Jun 16, 03:00 pm",2.5483
"Jun 16, 04:00 pm",0.980445
"Jun 16, 05:00 pm",0.828801
"Jun 16, 06:00 pm",0.598561
"Jun 16, 07:00 pm",-0
"Jun 16, 08:00 pm",0
"Jun 16, 09:00 pm",0
"Jun 16, 10:00 pm",0
"Jun 16, 11:00 pm",0
"Jun 17, 12:00 am",0
"Jun 17, 01:00 am",0
"Jun 17, 02:00 am",0
"Jun 17, 03:00 am",0
"Jun 17, 04:00 am",0
"Jun 17, 05:00 am",0.561863
"Jun 17, 06:00 am",8.20895
"Jun 17, 07:00 am",11.9789
"Jun 17, 08:00 am",13.8025
"Jun 17, 09:00 am",14.2121
"Jun 17, 10:00 am",13.5308
"Jun 17, 11:00 am",12.7145
"Jun 17, 12:00 pm",11.4724
"Jun 17, 01:00 pm",9.3049
"Jun 17, 02:00 pm",6.23268
"Jun 17, 03:00 pm",2.63464
"Jun 17, 04:00 pm",0.840259
"Jun 17, 05:00 pm",0.788994
"Jun 17, 06:00 pm",0.529594
"Jun 17, 07:00 pm",-0
"Jun 17, 08:00 pm",0
"Jun 17, 09:00 pm",0
"Jun 17, 10:00 pm",0
"Jun 17, 11:00 pm",0
"Jun 18, 12:00 am",0
"Jun 18, 01:00 am",0
"Jun 18, 02:00 am",0
"Jun 18, 03:00 am",0
"Jun 18, 04:00 am",0
"Jun 18, 05:00 am",0.357586
"Jun 18, 06:00 am",7.71359
"Jun 18, 07:00 am",11.4837
"Jun 18, 08:00 am",13.379
"Jun 18, 09:00 am",13.7209
"Jun 18, 10:00 am",13.7338
"Jun 18, 11:00 am",13.1629
"Jun 18, 12:00 pm",11.6307
"Jun 18, 01:00 pm",9.37541
"Jun 18, 02:00 pm",6.2979
"Jun 18, 03:00 pm",2.62434
"Jun 18, 04:00 pm",0.929331
"Jun 18, 05:00 pm",0.746057
"Jun 18, 06:00 pm",0.5063
"Jun 18, 07:00 pm",0.000348673
"Jun 18, 08:00 pm",0
"Jun 18, 09:00 pm",0
"Jun 18, 10:00 pm",0
"Jun 18, 11:00 pm",0
"Jun 19, 12:00 am",0
"Jun 19, 01:00 am",0
"Jun 19, 02:00 am",0
"Jun 19, 03:00 am",0
"Jun 19, 04:00 am",0
"Jun 19, 05:00 am",0.315049
"Jun 19, 06:00 am",7.69906
"Jun 19, 07:00 am",11.7846
"Jun 19, 08:00 am",13.8788
"Jun 19, 09:00 am",14.5238
"Jun 19, 10:00 am",14.1534
"Jun 19, 11:00 am",13.0693
"Jun 19, 12:00 pm",11.3208
"Jun 19, 01:00 pm",9.05135
"Jun 19, 02:00 pm",6.13467
"Jun 19, 03:00 pm",2.62184
"Jun 19, 04:00 pm",1.05596
"Jun 19, 05:00 pm",0.908702
"Jun 19, 06:00 pm",0.66186
"Jun 19, 07:00 pm",-0
"Jun 19, 08:00 pm",0
"Jun 19, 09:00 pm",0
"Jun 19, 10:00 pm",0
"Jun 19, 11:00 pm",0
"Jun 20, 12:00 am",0
"Jun 20, 01:00 am",0
"Jun 20, 02:00 am",0
"Jun 20, 03:00 am",0
"Jun 20, 04:00 am",0
"Jun 20, 05:00 am",0.289892
"Jun 20, 06:00 am",7.70621
"Jun 20, 07:00 am",11.5663
"Jun 20, 08:00 am",13.5178
"Jun 20, 09:00 am",13.8302
"Jun 20, 10:00 am",13.4217
"Jun 20, 11:00 am",12.7462
"Jun 20, 12:00 pm",11.4135
"Jun 20, 01:00 pm",9.32714
"Jun 20, 02:00 pm",6.27587
"Jun 20, 03:00 pm",2.75583
"Jun 20, 04:00 pm",1.00276
"Jun 20, 05:00 pm",0.866107
"Jun 20, 06:00 pm",0.630462
"Jun 20, 07:00 pm",-0
"Jun 20, 08:00 pm",0
"Jun 20, 09:00 pm",0
"Jun 20, 10:00 pm",0
"Jun 20, 11:00 pm",0
"Jun 21, 12:00 am",0
"Jun 21, 01:00 am",0
"Jun 21, 02:00 am",0
"Jun 21, 03:00 am",0
"Jun 21, 04:00 am",0
"Jun 21, 05:00 am",0.253273
"Jun 21, 06:00 am",7.41948
"Jun 21, 07:00 am",11.3577
"Jun 21, 08:00 am",13.3063
"Jun 21, 09:00 am",12.4011
"Jun 21, 10:00 am",12.5403
"Jun 21, 11:00 am",12.4607
"Jun 21, 12:00 pm",10.6072
"Jun 21, 01:00 pm",6.95374
"Jun 21, 02:00 pm",6.31439
"Jun 21, 03:00 pm",2.69883
"Jun 21, 04:00 pm",0.996818
"Jun 21, 05:00 pm",0.994537
"Jun 21, 06:00 pm",0.688996
"Jun 21, 07:00 pm",-0
"Jun 21, 08:00 pm",0
"Jun 21, 09:00 pm",0
"Jun 21, 10:00 pm",0
"Jun 21, 11:00 pm",0
"Jun 22, 12:00 am",0
"Jun 22, 01:00 am",0
"Jun 22, 02:00 am",0
"Jun 22, 03:00 am",0
"Jun 22, 04:00 am",0
"Jun 22, 05:00 am",0.216991
"Jun 22, 06:00 am",7.36895
"Jun 22, 07:00 am",11.0633
"Jun 22, 08:00 am",10.9832
"Jun 22, 09:00 am",13.9637
"Jun 22, 10:00 am",10.9272
"Jun 22, 11:00 am",10.1158
"Jun 22, 12:00 pm",8.85711
"Jun 22, 01:00 pm",8.53516
"Jun 22, 02:00 pm",6.25557
"Jun 22, 03:00 pm",2.76797
"Jun 22, 04:00 pm",0.984541
"Jun 22, 05:00 pm",0.84191
"Jun 22, 06:00 pm",0.63834
"Jun 22, 07:00 pm",-0
"Jun 22, 08:00 pm",0
"Jun 22, 09:00 pm",0
"Jun 22, 10:00 pm",0
"Jun 22, 11:00 pm",0
"Jun 23, 12:00 am",0
"Jun 23, 01:00 am",0
"Jun 23, 02:00 am",0
"Jun 23, 03:00 am",0
"Jun 23, 04:00 am",0
"Jun 23, 05:00 am",0.164416
"Jun 23, 06:00 am",7.01819
"Jun 23, 07:00 am",11.0156
"Jun 23, 08:00 am",12.8596
"Jun 23, 09:00 am",13.5928
"Jun 23, 10:00 am",13.7581
"Jun 23, 11:00 am",13.2412
"Jun 23, 12:00 pm",11.7418
"Jun 23, 01:00 pm",9.46042
"Jun 23, 02:00 pm",6.36815
"Jun 23, 03:00 pm",2.75954
"Jun 23, 04:00 pm",0.962792
"Jun 23, 05:00 pm",0.843423
"Jun 23, 06:00 pm",0.625452
"Jun 23, 07:00 pm",0.00035805
"Jun 23, 08:00 pm",0
"Jun 23, 09:00 pm",0
"Jun 23, 10:00 pm",0
"Jun 23, 11:00 pm",0
"Jun 24, 12:00 am",0
"Jun 24, 01:00 am",0
"Jun 24, 02:00 am",0
"Jun 24, 03:00 am",0
"Jun 24, 04:00 am",0
"Jun 24, 05:00 am",0.211579
"Jun 24, 06:00 am",7.51052
"Jun 24, 07:00 am",11.3469
"Jun 24, 08:00 am",13.0638
"Jun 24, 09:00 am",13.3906
"Jun 24, 10:00 am",13.1783
"Jun 24, 11:00 am",11.6985
"Jun 24, 12:00 pm",11.2619
"Jun 24, 01:00 pm",8.59495
"Jun 24, 02:00 pm",5.90633
"Jun 24, 03:00 pm",2.75205
"Jun 24, 04:00 pm",1.02351
"Jun 24, 05:00 pm",0.957482
"Jun 24, 06:00 pm",0.656358
"Jun 24, 07:00 pm",0.000348673
"Jun 24, 08:00 pm",0
"Jun 24, 09:00 pm",0
"Jun 24, 10:00 pm",0
"Jun 24, 11:00 pm",0
"Jun 25, 12:00 am",0
"Jun 25, 01:00 am",0
"Jun 25, 02:00 am",0
"Jun 25, 03:00 am",0
"Jun 25, 04:00 am",0
"Jun 25, 05:00 am",0.00407364
"Jun 25, 06:00 am",7.761
"Jun 25, 07:00 am",11.6749
"Jun 25, 08:00 am",13.6714
"Jun 25, 09:00 am",14.1312
"Jun 25, 10:00 am",13.6685
"Jun 25, 11:00 am",12.3642
"Jun 25, 12:00 pm",10.8096
"Jun 25, 01:00 pm",8.84943
"Jun 25, 02:00 pm",6.1262
"Jun 25, 03:00 pm",2.66164
"Jun 25, 04:00 pm",1.01866
"Jun 25, 05:00 pm",0.883748
"Jun 25, 06:00 pm",0.650729
"Jun 25, 07:00 pm",-0
"Jun 25, 08:00 pm",0
"Jun 25, 09:00 pm",0
"Jun 25, 10:00 pm",0
"Jun 25, 11:00 pm",0
"Jun 26, 12:00 am",0
"Jun 26, 01:00 am",0
"Jun 26, 02:00 am",0
"Jun 26, 03:00 am",0
"Jun 26, 04:00 am",0
"Jun 26, 05:00 am",0.326153
"Jun 26, 06:00 am",7.85275
"Jun 26, 07:00 am",11.6862
"Jun 26, 08:00 am",13.7468
"Jun 26, 09:00 am",14.6669
"Jun 26, 10:00 am",14.768
"Jun 26, 11:00 am",13.8838
"Jun 26, 12:00 pm",12.1533
"Jun 26, 01:00 pm",9.70399
"Jun 26, 02:00 pm",6.46895
"Jun 26, 03:00 pm",2.78936
"Jun 26, 04:00 pm",0.898577
"Jun 26, 05:00 pm",0.749219
"Jun 26, 06:00 pm",0.550673
"Jun 26, 07:00 pm",-0
"Jun 26, 08:00 pm",0
"Jun 26, 09:00 pm",0
"Jun 26, 10:00 pm",0
"Jun 26, 11:00 pm",0
"Jun 27, 12:00 am",0
"Jun 27, 01:00 am",0
"Jun 27, 02:00 am",0
"Jun 27, 03:00 am",0
"Jun 27, 04:00 am",0
"Jun 27, 05:00 am",-0
"Jun 27, 06:00 am",7.38474
"Jun 27, 07:00 am",11.2612
"Jun 27, 08:00 am",12.9739
"Jun 27, 09:00 am",13.5586
"Jun 27, 10:00 am",13.5138
"Jun 27, 11:00 am",12.8146
"Jun 27, 12:00 pm",11.3277
"Jun 27, 01:00 pm",9.13344
"Jun 27, 02:00 pm",6.25276
"Jun 27, 03:00 pm",2.81494
"Jun 27, 04:00 pm",1.17036
"Jun 27, 05:00 pm",1.03975
"Jun 27, 06:00 pm",0.64914
"Jun 27, 07:00 pm",-0
"Jun 27, 08:00 pm",0
"Jun 27, 09:00 pm",0
"Jun 27, 10:00 pm",0
"Jun 27, 11:00 pm",0
"Jun 28, 12:00 am",0
"Jun 28, 01:00 am",0
"Jun 28, 02:00 am",0
"Jun 28, 03:00 am",0
"Jun 28, 04:00 am",0
"Jun 28, 05:00 am",-0
"Jun 28, 06:00 am",6.30253
"Jun 28, 07:00 am",10.6171
"Jun 28, 08:00 am",13.0118
"Jun 28, 09:00 am",13.8759
"Jun 28, 10:00 am",13.564
"Jun 28, 11:00 am",12.5213
"Jun 28, 12:00 pm",10.8925
"Jun 28, 01:00 pm",8.76537
"Jun 28, 02:00 pm",5.94577
"Jun 28, 03:00 pm",2.94034
"Jun 28, 04:00 pm",1.33505
"Jun 28, 05:00 pm",1.10906
"Jun 28, 06:00 pm",0.579032
"Jun 28, 07:00 pm",-0
"Jun 28, 08:00 pm",0
"Jun 28, 09:00 pm",0
"Jun 28, 10:00 pm",0
"Jun 28, 11:00 pm",0
"Jun 29, 12:00 am",0
"Jun 29, 01:00 am",0
"Jun 29, 02:00 am",0
"Jun 29, 03:00 am",0
"Jun 29, 04:00 am",0
"Jun 29, 05:00 am",-0
"Jun 29, 06:00 am",0.152778
"Jun 29, 07:00 am",6.22544
"Jun 29, 08:00 am",11.3726
"Jun 29, 09:00 am",7.38097
"Jun 29, 10:00 am",12.9951
"Jun 29, 11:00 am",12.0887
"Jun 29, 12:00 pm",10.7536
"Jun 29, 01:00 pm",8.74024
"Jun 29, 02:00 pm",6.11109
"Jun 29, 03:00 pm",3.14646
"Jun 29, 04:00 pm",1.62784
"Jun 29, 05:00 pm",1.38028
"Jun 29, 06:00 pm",0.691148
"Jun 29, 07:00 pm",-0
"Jun 29, 08:00 pm",0
"Jun 29, 09:00 pm",0
"Jun 29, 10:00 pm",0
"Jun 29, 11:00 pm",0
"Jun 30, 12:00 am",0
"Jun 30, 01:00 am",0
"Jun 30, 02:00 am",0
"Jun 30, 03:00 am",0
"Jun 30, 04:00 am",0
"Jun 30, 05:00 am",-0
"Jun 30, 06:00 am",4.73423
"Jun 30, 07:00 am",8.08057
"Jun 30, 08:00 am",10.9944
"Jun 30, 09:00 am",12.4095
"Jun 30, 10:00 am",12.8898
"Jun 30, 11:00 am",12.5867
"Jun 30, 12:00 pm",11.0571
"Jun 30, 01:00 pm",8.88452
"Jun 30, 02:00 pm",6.10668
"Jun 30, 03:00 pm",3.16141
"Jun 30, 04:00 pm",2.5124
"Jun 30, 05:00 pm",0.749979
"Jun 30, 06:00 pm",0.556179
"Jun 30, 07:00 pm",-0
"Jun 30, 08:00 pm",0
"Jun 30, 09:00 pm",0
"Jun 30, 10:00 pm",0
"Jun 30, 11:00 pm",0
"Jul 1, 12:00 am",0
"Jul 1, 01:00 am",0
"Jul 1, 02:00 am",0
"Jul 1, 03:00 am",0
"Jul 1, 04:00 am",0
"Jul 1, 05:00 am",-0
"Jul 1, 06:00 am",7.07122
"Jul 1, 07:00 am",11.301
"Jul 1, 08:00 am",13.4711
"Jul 1, 09:00 am",14.2897
"Jul 1, 10:00 am",14.3172
"Jul 1, 11:00 am",13.5176
"Jul 1, 12:00 pm",11.8475
"Jul 1, 01:00 pm",9.5214
"Jul 1, 02:00 pm",6.33959
"Jul 1, 03:00 pm",2.75696
"Jul 1, 04:00 pm",0.892876
"Jul 1, 05:00 pm",0.756585
"Jul 1, 06:00 pm",0.556437
"Jul 1, 07:00 pm",-0
"Jul 1, 08:00 pm",0
"Jul 1, 09:00 pm",0
"Jul 1, 10:00 pm",0
"Jul 1, 11:00 pm",0
"Jul 2, 12:00 am",0
"Jul 2, 01:00 am",0
"Jul 2, 02:00 am",0
"Jul 2, 03:00 am",0
"Jul 2, 04:00 am",0
"Jul 2, 05:00 am",-0
"Jul 2, 06:00 am",7.32859
"Jul 2, 07:00 am",11.3155
"Jul 2, 08:00 am",13.3246
"Jul 2, 09:00 am",14.0454
"Jul 2, 10:00 am",13.9327
"Jul 2, 11:00 am",12.8821
"Jul 2, 12:00 pm",11.2171
"Jul 2, 01:00 pm",9.00635
"Jul 2, 02:00 pm",6.1086
"Jul 2, 03:00 pm",2.69264
"Jul 2, 04:00 pm",0.894438
"Jul 2, 05:00 pm",0.751691
"Jul 2, 06:00 pm",0.551307
"Jul 2, 07:00 pm",-0
"Jul 2, 08:00 pm",0
"Jul 2, 09:00 pm",0
"Jul 2, 10:00 pm",0
"Jul 2, 11:00 pm",0
"Jul 3, 12:00 am",0
"Jul 3, 01:00 am",0
"Jul 3, 02:00 am",0
"Jul 3, 03:00 am",0
"Jul 3, 04:00 am",0
"Jul 3, 05:00 am",-0
"Jul 3, 06:00 am",6.14784
"Jul 3, 07:00 am",10.2853
"Jul 3, 08:00 am",12.6076
"Jul 3, 09:00 am",13.6856
"Jul 3, 10:00 am",13.6247
"Jul 3, 11:00 am",12.9954
"Jul 3, 12:00 pm",11.4256
"Jul 3, 01:00 pm",9.16986
"Jul 3, 02:00 pm",6.19381
"Jul 3, 03:00 pm",2.63494
"Jul 3, 04:00 pm",0.969523
"Jul 3, 05:00 pm",0.810099
"Jul 3, 06:00 pm",0.592728
"Jul 3, 07:00 pm",-0
"Jul 3, 08:00 pm",0
"Jul 3, 09:00 pm",0
"Jul 3, 10:00 pm",0
"Jul 3, 11:00 pm",0
"Jul 4, 12:00 am",0
"Jul 4, 01:00 am",0
"Jul 4, 02:00 am",0
"Jul 4, 03:00 am",0
"Jul 4, 04:00 am",0
"Jul 4, 05:00 am",-0
"Jul 4, 06:00 am",6.67725
"Jul 4, 07:00 am",10.7302
"Jul 4, 08:00 am",12.8977
"Jul 4, 09:00 am",13.9194
"Jul 4, 10:00 am",13.8212
"Jul 4, 11:00 am",13.0553
"Jul 4, 12:00 pm",11.5096
"Jul 4, 01:00 pm",9.27186
"Jul 4, 02:00 pm",6.26987
"Jul 4, 03:00 pm",2.73214
"Jul 4, 04:00 pm",0.86995
"Jul 4, 05:00 pm",0.723422
"Jul 4, 06:00 pm",0.530009
"Jul 4, 07:00 pm",-0
"Jul 4, 08:00 pm",0
"Jul 4, 09:00 pm",0
"Jul 4, 10:00 pm",0
"Jul 4, 11:00 pm",0
"Jul 5, 12:00 am",0
"Jul 5, 01:00 am",0
"Jul 5, 02:00 am",0
"Jul 5, 03:00 am",0
"Jul 5, 04:00 am",0
"Jul 5, 05:00 am",-0
"Jul 5, 06:00 am",5.67226
"Jul 5, 07:00 am",10.0862
"Jul 5, 08:00 am",12.6227
"Jul 5, 09:00 am",13.7162
"Jul 5, 10:00 am",13.8378
"Jul 5, 11:00 am",13.0689
"Jul 5, 12:00 pm",11.5134
"Jul 5, 01:00 pm",9.26083
"Jul 5, 02:00 pm",6.22995
"Jul 5, 03:00 pm",2.76781
"Jul 5, 04:00 pm",0.922317
"Jul 5, 05:00 pm",0.759693
"Jul 5, 06:00 pm",0.575499
"Jul 5, 07:00 pm",-0
"Jul 5, 08:00 pm",0
"Jul 5, 09:00 pm",0
"Jul 5, 10:00 pm",0
"Jul 5, 11:00 pm",0
"Jul 6, 12:00 am",0
"Jul 6, 01:00 am",0
"Jul 6, 02:00 am",0
"Jul 6, 03:00 am",0
"Jul 6, 04:00 am",0
"Jul 6, 05:00 am",-0
"Jul 6, 06:00 am",5.96347
"Jul 6, 07:00 am",10.0435
"Jul 6, 08:00 am",12.1978
"Jul 6, 09:00 am",13.1595
"Jul 6, 10:00 am",13.199
"Jul 6, 11:00 am",12.4464
"Jul 6, 12:00 pm",10.9164
"Jul 6, 01:00 pm",8.90099
"Jul 6, 02:00 pm",6.10465
"Jul 6, 03:00 pm",2.71768
"Jul 6, 04:00 pm",0.908884
"Jul 6, 05:00 pm",0.816848
"Jul 6, 06:00 pm",0.647206
"Jul 6, 07:00 pm",-0
"Jul 6, 08:00 pm",0
"Jul 6, 09:00 pm",0
"Jul 6, 10:00 pm",0
"Jul 6, 11:00 pm",0
"Jul 7, 12:00 am",0
"Jul 7, 01:00 am",0
"Jul 7, 02:00 am",0
"Jul 7, 03:00 am",0
"Jul 7, 04:00 am",0
"Jul 7, 05:00 am",-0
"Jul 7, 06:00 am",5.196
"Jul 7, 07:00 am",9.61297
"Jul 7, 08:00 am",12.3465
"Jul 7, 09:00 am",13.4847
"Jul 7, 10:00 am",13.4169
"Jul 7, 11:00 am",12.5167
"Jul 7, 12:00 pm",10.7293
"Jul 7, 01:00 pm",8.701
"Jul 7, 02:00 pm",5.89635
"Jul 7, 03:00 pm",2.65649
"Jul 7, 04:00 pm",1.39471
"Jul 7, 05:00 pm",1.1459
"Jul 7, 06:00 pm",0.807151
"Jul 7, 07:00 pm",-0
"Jul 7, 08:00 pm",0
"Jul 7, 09:00 pm",0
"Jul 7, 10:00 pm",0
"Jul 7, 11:00 pm",0
"Jul 8, 12:00 am",0
"Jul 8, 01:00 am",0
"Jul 8, 02:00 am",0
"Jul 8, 03:00 am",0
"Jul 8, 04:00 am",0
"Jul 8, 05:00 am",-0
"Jul 8, 06:00 am",5.58688
"Jul 8, 07:00 am",9.92014
"Jul 8, 08:00 am",12.4668
"Jul 8, 09:00 am",8.18824
"Jul 8, 10:00 am",13.5144
"Jul 8, 11:00 am",12.5636
"Jul 8, 12:00 pm",10.9903
"Jul 8, 01:00 pm",8.84265
"Jul 8, 02:00 pm",5.99785
"Jul 8, 03:00 pm",3.33242
"Jul 8, 04:00 pm",2.26038
"Jul 8, 05:00 pm",1.72685
"Jul 8, 06:00 pm",0.837281
"Jul 8, 07:00 pm",-0
"Jul 8, 08:00 pm",0
"Jul 8, 09:00 pm",0
"Jul 8, 10:00 pm",0
"Jul 8, 11:00 pm",0
"Jul 9, 12:00 am",0
"Jul 9, 01:00 am",0
"Jul 9, 02:00 am",0
"Jul 9, 03:00 am",0
"Jul 9, 04:00 am",0
"Jul 9, 05:00 am",-0
"Jul 9, 06:00 am",4.86196
"Jul 9, 07:00 am",9.13758
"Jul 9, 08:00 am",11.838
"Jul 9, 09:00 am",13.0251
"Jul 9, 10:00 am",13.3225
"Jul 9, 11:00 am",12.8036
"Jul 9, 12:00 pm",11.1361
"Jul 9, 01:00 pm",9.00536
"Jul 9, 02:00 pm",6.04455
"Jul 9, 03:00 pm",2.70164
"Jul 9, 04:00 pm",0.972662
"Jul 9, 05:00 pm",0.902882
"Jul 9, 06:00 pm",0.602315
"Jul 9, 07:00 pm",-0
"Jul 9, 08:00 pm",0
"Jul 9, 09:00 pm",0
"Jul 9, 10:00 pm",0
"Jul 9, 11:00 pm",0
"Jul 10, 12:00 am",0
"Jul 10, 01:00 am",0
"Jul 10, 02:00 am",0
"Jul 10, 03:00 am",0
"Jul 10, 04:00 am",0
"Jul 10, 05:00 am",-0
"Jul 10, 06:00 am",5.94176
"Jul 10, 07:00 am",10.546
"Jul 10, 08:00 am",13.1105
"Jul 10, 09:00 am",14.0209
"Jul 10, 10:00 am",13.613
"Jul 10, 11:00 am",12.8072
"Jul 10, 12:00 pm",11.3925
"Jul 10, 01:00 pm",9.21324
"Jul 10, 02:00 pm",6.18891
"Jul 10, 03:00 pm",2.71157
"Jul 10, 04:00 pm",0.907476
"Jul 10, 05:00 pm",0.762338
"Jul 10, 06:00 pm",0.568473
"Jul 10, 07:00 pm",-0
"Jul 10, 08:00 pm",0
"Jul 10, 09:00 pm",0
"Jul 10, 10:00 pm",0
"Jul 10, 11:00 pm",0
"Jul 11, 12:00 am",0
"Jul 11, 01:00 am",0
"Jul 11, 02:00 am",0
"Jul 11, 03:00 am",0
"Jul 11, 04:00 am",0
"Jul 11, 05:00 am",-0
"Jul 11, 06:00 am",4.17076
"Jul 11, 07:00 am",7.97602
"Jul 11, 08:00 am",6.04757
"Jul 11, 09:00 am",9.49788
"Jul 11, 10:00 am",12.2226
"Jul 11, 11:00 am",9.70808
"Jul 11, 12:00 pm",7.51113
"Jul 11, 01:00 pm",8.97268
"Jul 11, 02:00 pm",6.09913
"Jul 11, 03:00 pm",2.59145
"Jul 11, 04:00 pm",1.77779
"Jul 11, 05:00 pm",1.31342
"Jul 11, 06:00 pm",0.56959
"Jul 11, 07:00 pm",-0
"Jul 11, 08:00 pm",0
"Jul 11, 09:00 pm",0
"Jul 11, 10:00 pm",0
"Jul 11, 11:00 pm",0
"Jul 12, 12:00 am",0
"Jul 12, 01:00 am",0
"Jul 12, 02:00 am",0
"Jul 12, 03:00 am",0
"Jul 12, 04:00 am",0
"Jul 12, 05:00 am",-0
"Jul 12, 06:00 am",5.3188
"Jul 12, 07:00 am",9.50832
"Jul 12, 08:00 am",11.8864
"Jul 12, 09:00 am",12.9639
"Jul 12, 10:00 am",13.1881
"Jul 12, 11:00 am",12.5644
"Jul 12, 12:00 pm",11.1307
"Jul 12, 01:00 pm",8.95805
"Jul 12, 02:00 pm",6.06012
"Jul 12, 03:00 pm",2.59845
"Jul 12, 04:00 pm",1.0157
"Jul 12, 05:00 pm",0.869645
"Jul 12, 06:00 pm",0.614402
"Jul 12, 07:00 pm",-0
"Jul 12, 08:00 pm",0
"Jul 12, 09:00 pm",0
"Jul 12, 10:00 pm",0
"Jul 12, 11:00 pm",0
"Jul 13, 12:00 am",0
"Jul 13, 01:00 am",0
"Jul 13, 02:00 am",0
"Jul 13, 03:00 am",0
"Jul 13, 04:00 am",0
"Jul 13, 05:00 am",-0
"Jul 13, 06:00 am",5.48696
"Jul 13, 07:00 am",9.8285
"Jul 13, 08:00 am",12.0446
"Jul 13, 09:00 am",13.03
"Jul 13, 10:00 am",13.3922
"Jul 13, 11:00 am",12.7459
"Jul 13, 12:00 pm",11.2379
"Jul 13, 01:00 pm",9.03428
"Jul 13, 02:00 pm",6.06578
"Jul 13, 03:00 pm",2.54513
"Jul 13, 04:00 pm",0.958383
"Jul 13, 05:00 pm",0.828294
"Jul 13, 06:00 pm",0.60704
"Jul 13, 07:00 pm",-0
"Jul 13, 08:00 pm",0
"Jul 13, 09:00 pm",0
"Jul 13, 10:00 pm",0
"Jul 13, 11:00 pm",0
"Jul 14, 12:00 am",0
"Jul 14, 01:00 am",0
"Jul 14, 02:00 am",0
"Jul 14, 03:00 am",0
"Jul 14, 04:00 am",0
"Jul 14, 05:00 am",-0
"Jul 14, 06:00 am",5.2961
"Jul 14, 07:00 am",9.79775
"Jul 14, 08:00 am",12.3148
"Jul 14, 09:00 am",13.3214
"Jul 14, 10:00 am",13.3023
"Jul 14, 11:00 am",12.5324
"Jul 14, 12:00 pm",11.0629
"Jul 14, 01:00 pm",8.91749
"Jul 14, 02:00 pm",5.97426
"Jul 14, 03:00 pm",2.55026
"Jul 14, 04:00 pm",0.920872
"Jul 14, 05:00 pm",1.3477
"Jul 14, 06:00 pm",0.737075
"Jul 14, 07:00 pm",-0
"Jul 14, 08:00 pm",0
"Jul 14, 09:00 pm",0
"Jul 14, 10:00 pm",0
"Jul 14, 11:00 pm",0
"Jul 15, 12:00 am",0
"Jul 15, 01:00 am",0
"Jul 15, 02:00 am",0
"Jul 15, 03:00 am",0
"Jul 15, 04:00 am",0
"Jul 15, 05:00 am",-0
"Jul 15, 06:00 am",3.97561
"Jul 15, 07:00 am",7.97717
"Jul 15, 08:00 am",11.9123
"Jul 15, 09:00 am",13.0315
"Jul 15, 10:00 am",12.9906
"Jul 15, 11:00 am",12.1947
"Jul 15, 12:00 pm",10.773
"Jul 15, 01:00 pm",8.72016
"Jul 15, 02:00 pm",5.92981
"Jul 15, 03:00 pm",2.55634
"Jul 15, 04:00 pm",1.1228
"Jul 15, 05:00 pm",1.6797
"Jul 15, 06:00 pm",0.802039
"Jul 15, 07:00 pm",-0
"Jul 15, 08:00 pm",0
"Jul 15, 09:00 pm",0
"Jul 15, 10:00 pm",0
"Jul 15, 11:00 pm",0
"Jul 16, 12:00 am",0
"Jul 16, 01:00 am",0
"Jul 16, 02:00 am",0
"Jul 16, 03:00 am",0
"Jul 16, 04:00 am",0
"Jul 16, 05:00 am",-0
"Jul 16, 06:00 am",0.376415
"Jul 16, 07:00 am",1.25999
"Jul 16, 08:00 am",7.04462
"Jul 16, 09:00 am",12.5916
"Jul 16, 10:00 am",12.734
"Jul 16, 11:00 am",12.1941
"Jul 16, 12:00 pm",10.8662
"Jul 16, 01:00 pm",8.86585
"Jul 16, 02:00 pm",6.00105
"Jul 16, 03:00 pm",2.74209
"Jul 16, 04:00 pm",1.05343
"Jul 16, 05:00 pm",0.952262
"Jul 16, 06:00 pm",0.608597
"Jul 16, 07:00 pm",-0
"Jul 16, 08:00 pm",0
"Jul 16, 09:00 pm",0
"Jul 16, 10:00 pm",0
"Jul 16, 11:00 pm",0
"Jul 17, 12:00 am",0
"Jul 17, 01:00 am",0
"Jul 17, 02:00 am",0
"Jul 17, 03:00 am",0
"Jul 17, 04:00 am",0
"Jul 17, 05:00 am",0
"Jul 17, 06:00 am",0.559331
"Jul 17, 07:00 am",2.02432
"Jul 17, 08:00 am",0.812853
"Jul 17, 09:00 am",6.59864
"Jul 17, 10:00 am",10.4206
"Jul 17, 11:00 am",10.6523
"Jul 17, 12:00 pm",10.5586
"Jul 17, 01:00 pm",9.19485
"Jul 17, 02:00 pm",6.16311
"Jul 17, 03:00 pm",2.61055
"Jul 17, 04:00 pm",1.01488
"Jul 17, 05:00 pm",1.57471
"Jul 17, 06:00 pm",0.770538
"Jul 17, 07:00 pm",-0
"Jul 17, 08:00 pm",0
"Jul 17, 09:00 pm",0
"Jul 17, 10:00 pm",0
"Jul 17, 11:00 pm",0
"Jul 18, 12:00 am",0
"Jul 18, 01:00 am",0
"Jul 18, 02:00 am",0
"Jul 18, 03:00 am",0
"Jul 18, 04:00 am",0
"Jul 18, 05:00 am",0
"Jul 18, 06:00 am",4.92159
"Jul 18, 07:00 am",9.23833
"Jul 18, 08:00 am",11.9633
"Jul 18, 09:00 am",13.2306
"Jul 18, 10:00 am",13.4308
"Jul 18, 11:00 am",12.8204
"Jul 18, 12:00 pm",11.2463
"Jul 18, 01:00 pm",8.94111
"Jul 18, 02:00 pm",5.99067
"Jul 18, 03:00 pm",2.8156
"Jul 18, 04:00 pm",0.137199
"Jul 18, 05:00 pm",0.103728
"Jul 18, 06:00 pm",-0
"Jul 18, 07:00 pm",-0
"Jul 18, 08:00 pm",0
"Jul 18, 09:00 pm",0
"Jul 18, 10:00 pm",0
"Jul 18, 11:00 pm",0
"Jul 19, 12:00 am",0
"Jul 19, 01:00 am",0
"Jul 19, 02:00 am",0
"Jul 19, 03:00 am",0
"Jul 19, 04:00 am",0
"Jul 19, 05:00 am",0
"Jul 19, 06:00 am",4.30685
"Jul 19, 07:00 am",9.07169
"Jul 19, 08:00 am",12.0299
"Jul 19, 09:00 am",13.3682
"Jul 19, 10:00 am",13.3378
"Jul 19, 11:00 am",12.6517
"Jul 19, 12:00 pm",11.0155
"Jul 19, 01:00 pm",8.01416
"Jul 19, 02:00 pm",6.01152
"Jul 19, 03:00 pm",3.35607
"Jul 19, 04:00 pm",2.3431
"Jul 19, 05:00 pm",1.78387
"Jul 19, 06:00 pm",0.79324
"Jul 19, 07:00 pm",-0
"Jul 19, 08:00 pm",0
"Jul 19, 09:00 pm",0
"Jul 19, 10:00 pm",0
"Jul 19, 11:00 pm",0
"Jul 20, 12:00 am",0
"Jul 20, 01:00 am",0
"Jul 20, 02:00 am",0
"Jul 20, 03:00 am",0
"Jul 20, 04:00 am",0
"Jul 20, 05:00 am",0
"Jul 20, 06:00 am",1.54091
"Jul 20, 07:00 am",4.39142
"Jul 20, 08:00 am",7.39787
"Jul 20, 09:00 am",5.99162
"Jul 20, 10:00 am",3.57586
"Jul 20, 11:00 am",11.8328
"Jul 20, 12:00 pm",10.4069
"Jul 20, 01:00 pm",8.50994
"Jul 20, 02:00 pm",5.82927
"Jul 20, 03:00 pm",2.58538
"Jul 20, 04:00 pm",1.01817
"Jul 20, 05:00 pm",0.965301
"Jul 20, 06:00 pm",0.618423
"Jul 20, 07:00 pm",-0
"Jul 20, 08:00 pm",0
"Jul 20, 09:00 pm",0
"Jul 20, 10:00 pm",0
"Jul 20, 11:00 pm",0
"Jul 21, 12:00 am",0
"Jul 21, 01:00 am",0
"Jul 21, 02:00 am",0
"Jul 21, 03:00 am",0
"Jul 21, 04:00 am",0
"Jul 21, 05:00 am",0
"Jul 21, 06:00 am",4.56506
"Jul 21, 07:00 am",9.23405
"Jul 21, 08:00 am",9.26667
"Jul 21, 09:00 am",13.3836
"Jul 21, 10:00 am",13.6496
"Jul 21, 11:00 am",12.9253
"Jul 21, 12:00 pm",11.3415
"Jul 21, 01:00 pm",9.05831
"Jul 21, 02:00 pm",5.97857
"Jul 21, 03:00 pm",2.53848
"Jul 21, 04:00 pm",0.909676
"Jul 21, 05:00 pm",0.854798
"Jul 21, 06:00 pm",0.569192
"Jul 21, 07:00 pm",-0
"Jul 21, 08:00 pm",0
"Jul 21, 09:00 pm",0
"Jul 21, 10:00 pm",0
"Jul 21, 11:00 pm",0
"Jul 22, 12:00 am",0
"Jul 22, 01:00 am",0
"Jul 22, 02:00 am",0
"Jul 22, 03:00 am",0
"Jul 22, 04:00 am",0
"Jul 22, 05:00 am",0
"Jul 22, 06:00 am",4.98545
"Jul 22, 07:00 am",3.47971
"Jul 22, 08:00 am",8.47036
"Jul 22, 09:00 am",7.61355
"Jul 22, 10:00 am",13.5555
"Jul 22, 11:00 am",12.713
"Jul 22, 12:00 pm",11.1624
"Jul 22, 01:00 pm",8.9325
"Jul 22, 02:00 pm",5.92633
"Jul 22, 03:00 pm",2.59093
"Jul 22, 04:00 pm",1.5202
"Jul 22, 05:00 pm",1.74026
"Jul 22, 06:00 pm",0.761303
"Jul 22, 07:00 pm",-0
"Jul 22, 08:00 pm",0
"Jul 22, 09:00 pm",0
"Jul 22, 10:00 pm",0
"Jul 22, 11:00 pm",0
"Jul 23, 12:00 am",0
"Jul 23, 01:00 am",0
"Jul 23, 02:00 am",0
"Jul 23, 03:00 am",0
"Jul 23, 04:00 am",0
"Jul 23, 05:00 am",0
"Jul 23, 06:00 am",3.71416
"Jul 23, 07:00 am",7.77528
"Jul 23, 08:00 am",4.81022
"Jul 23, 09:00 am",13.1039
"Jul 23, 10:00 am",13.1904
"Jul 23, 11:00 am",12.5015
"Jul 23, 12:00 pm",10.9095
"Jul 23, 01:00 pm",8.84606
"Jul 23, 02:00 pm",5.9172
"Jul 23, 03:00 pm",2.45897
"Jul 23, 04:00 pm",0.907033
"Jul 23, 05:00 pm",0.851181
"Jul 23, 06:00 pm",0.570374
"Jul 23, 07:00 pm",-0
"Jul 23, 08:00 pm",0
"Jul 23, 09:00 pm",0
"Jul 23, 10:00 pm",0
"Jul 23, 11:00 pm",0
"Jul 24, 12:00 am",0
"Jul 24, 01:00 am",0
"Jul 24, 02:00 am",0
"Jul 24, 03:00 am",0
"Jul 24, 04:00 am",0
"Jul 24, 05:00 am",0
"Jul 24, 06:00 am",3.10389
"Jul 24, 07:00 am",7.21396
"Jul 24, 08:00 am",2.80827
"Jul 24, 09:00 am",0.246594
"Jul 24, 10:00 am",0.451163
"Jul 24, 11:00 am",6.79231
"Jul 24, 12:00 pm",8.45174
"Jul 24, 01:00 pm",9.09546
"Jul 24, 02:00 pm",5.6786
"Jul 24, 03:00 pm",3.79437
"Jul 24, 04:00 pm",1.94828
"Jul 24, 05:00 pm",1.04818
"Jul 24, 06:00 pm",0.608257
"Jul 24, 07:00 pm",-0
"Jul 24, 08:00 pm",0
"Jul 24, 09:00 pm",0
"Jul 24, 10:00 pm",0
"Jul 24, 11:00 pm",0
"Jul 25, 12:00 am",0
"Jul 25, 01:00 am",0
"Jul 25, 02:00 am",0
"Jul 25, 03:00 am",0
"Jul 25, 04:00 am",0
"Jul 25, 05:00 am",0
"Jul 25, 06:00 am",5.0424
"Jul 25, 07:00 am",9.80309
"Jul 25, 08:00 am",12.2879
"Jul 25, 09:00 am",13.3925
"Jul 25, 10:00 am",8.50325
"Jul 25, 11:00 am",12.0716
"Jul 25, 12:00 pm",11.0168
"Jul 25, 01:00 pm",8.84562
"Jul 25, 02:00 pm",5.83457
"Jul 25, 03:00 pm",3.18149
"Jul 25, 04:00 pm",0.990991
"Jul 25, 05:00 pm",0.808292
"Jul 25, 06:00 pm",0.557268
"Jul 25, 07:00 pm",-0
"Jul 25, 08:00 pm",0
"Jul 25, 09:00 pm",0
"Jul 25, 10:00 pm",0
"Jul 25, 11:00 pm",0
"Jul 26, 12:00 am",0
"Jul 26, 01:00 am",0
"Jul 26, 02:00 am",0
"Jul 26, 03:00 am",0
"Jul 26, 04:00 am",0
"Jul 26, 05:00 am",0
"Jul 26, 06:00 am",5.66721
"Jul 26, 07:00 am",7.97363
"Jul 26, 08:00 am",11.9167
"Jul 26, 09:00 am",12.9522
"Jul 26, 10:00 am",13.1827
"Jul 26, 11:00 am",12.674
"Jul 26, 12:00 pm",11.226
"Jul 26, 01:00 pm",9.01652
"Jul 26, 02:00 pm",5.9711
"Jul 26, 03:00 pm",2.46489
"Jul 26, 04:00 pm",0.868157
"Jul 26, 05:00 pm",0.985027
"Jul 26, 06:00 pm",0.538867
"Jul 26, 07:00 pm",-0
"Jul 26, 08:00 pm",0
"Jul 26, 09:00 pm",0
"Jul 26, 10:00 pm",0
"Jul 26, 11:00 pm",0
"Jul 27, 12:00 am",0
"Jul 27, 01:00 am",0
"Jul 27, 02:00 am",0
"Jul 27, 03:00 am",0
"Jul 27, 04:00 am",0
"Jul 27, 05:00 am",0
"Jul 27, 06:00 am",5.51084
"Jul 27, 07:00 am",10.022
"Jul 27, 08:00 am",12.254
"Jul 27, 09:00 am",13.2518
"Jul 27, 10:00 am",13.2412
"Jul 27, 11:00 am",12.5053
"Jul 27, 12:00 pm",10.9965
"Jul 27, 01:00 pm",8.81326
"Jul 27, 02:00 pm",5.82676
"Jul 27, 03:00 pm",2.34142
"Jul 27, 04:00 pm",1.85835
"Jul 27, 05:00 pm",0.870565
"Jul 27, 06:00 pm",0.273221
"Jul 27, 07:00 pm",-0
"Jul 27, 08:00 pm",0
"Jul 27, 09:00 pm",0
"Jul 27, 10:00 pm",0
"Jul 27, 11:00 pm",0
"Jul 28, 12:00 am",0
"Jul 28, 01:00 am",0
"Jul 28, 02:00 am",0
"Jul 28, 03:00 am",0
"Jul 28, 04:00 am",0
"Jul 28, 05:00 am",0
"Jul 28, 06:00 am",1.36159
"Jul 28, 07:00 am",4.0954
"Jul 28, 08:00 am",0.323627
"Jul 28, 09:00 am",8.67589
"Jul 28, 10:00 am",4.20287
"Jul 28, 11:00 am",12.4539
"Jul 28, 12:00 pm",11.3802
"Jul 28, 01:00 pm",9.27207
"Jul 28, 02:00 pm",6.09674
"Jul 28, 03:00 pm",2.46197
"Jul 28, 04:00 pm",1.02565
"Jul 28, 05:00 pm",0.839974
"Jul 28, 06:00 pm",0.563017
"Jul 28, 07:00 pm",-0
"Jul 28, 08:00 pm",0
"Jul 28, 09:00 pm",0
"Jul 28, 10:00 pm",0
"Jul 28, 11:00 pm",0
"Jul 29, 12:00 am",0
"Jul 29, 01:00 am",0
"Jul 29, 02:00 am",0
"Jul 29, 03:00 am",0
"Jul 29, 04:00 am",0
"Jul 29, 05:00 am",0
"Jul 29, 06:00 am",2.92435
"Jul 29, 07:00 am",6.06618
"Jul 29, 08:00 am",8.30799
"Jul 29, 09:00 am",9.65157
"Jul 29, 10:00 am",11.5224
"Jul 29, 11:00 am",12.4899
"Jul 29, 12:00 pm",10.977
"Jul 29, 01:00 pm",3.73135
"Jul 29, 02:00 pm",4.79213
"Jul 29, 03:00 pm",3.13885
"Jul 29, 04:00 pm",2.55404
"Jul 29, 05:00 pm",1.72838
"Jul 29, 06:00 pm",0.710333
"Jul 29, 07:00 pm",0
"Jul 29, 08:00 pm",0
"Jul 29, 09:00 pm",0
"Jul 29, 10:00 pm",0
"Jul 29, 11:00 pm",0
"Jul 30, 12:00 am",0
"Jul 30, 01:00 am",0
"Jul 30, 02:00 am",0
"Jul 30, 03:00 am",0
"Jul 30, 04:00 am",0
"Jul 30, 05:00 am",0
"Jul 30, 06:00 am",0.647611
"Jul 30, 07:00 am",2.79967
"Jul 30, 08:00 am",5.08497
"Jul 30, 09:00 am",10.4615
"Jul 30, 10:00 am",11.5917
"Jul 30, 11:00 am",11.5568
"Jul 30, 12:00 pm",8.75224
"Jul 30, 01:00 pm",8.64516
"Jul 30, 02:00 pm",5.70759
"Jul 30, 03:00 pm",2.34275
"Jul 30, 04:00 pm",1.13522
"Jul 30, 05:00 pm",1.56113
"Jul 30, 06:00 pm",0.590758
"Jul 30, 07:00 pm",0
"Jul 30, 08:00 pm",0
"Jul 30, 09:00 pm",0
"Jul 30, 10:00 pm",0
"Jul 30, 11:00 pm",0
"Jul 31, 12:00 am",0
"Jul 31, 01:00 am",0
"Jul 31, 02:00 am",0
"Jul 31, 03:00 am",0
"Jul 31, 04:00 am",0
"Jul 31, 05:00 am",0
"Jul 31, 06:00 am",3.31157
"Jul 31, 07:00 am",6.47764
"Jul 31, 08:00 am",11.8708
"Jul 31, 09:00 am",10.1296
"Jul 31, 10:00 am",10.1574
"Jul 31, 11:00 am",12.3496
"Jul 31, 12:00 pm",10.8631
"Jul 31, 01:00 pm",8.65646
"Jul 31, 02:00 pm",5.65491
"Jul 31, 03:00 pm",2.18269
"Jul 31, 04:00 pm",0.899775
"Jul 31, 05:00 pm",1.01512
"Jul 31, 06:00 pm",0.684517
"Jul 31, 07:00 pm",0
"Jul 31, 08:00 pm",0
"Jul 31, 09:00 pm",0
"Jul 31, 10:00 pm",0
"Jul 31, 11:00 pm",0
"Aug 1, 12:00 am",0
"Aug 1, 01:00 am",0
"Aug 1, 02:00 am",0
"Aug 1, 03:00 am",0
"Aug 1, 04:00 am",0
"Aug 1, 05:00 am",0
"Aug 1, 06:00 am",4.70181
"Aug 1, 07:00 am",9.55934
"Aug 1, 08:00 am",11.9614
"Aug 1, 09:00 am",13.1623
"Aug 1, 10:00 am",13.343
"Aug 1, 11:00 am",12.6289
"Aug 1, 12:00 pm",11.0917
"Aug 1, 01:00 pm",8.84938
"Aug 1, 02:00 pm",5.82684
"Aug 1, 03:00 pm",2.344
"Aug 1, 04:00 pm",0.908085
"Aug 1, 05:00 pm",1.38917
"Aug 1, 06:00 pm",0.477748
"Aug 1, 07:00 pm",0
"Aug 1, 08:00 pm",0
"Aug 1, 09:00 pm",0
"Aug 1, 10:00 pm",0
"Aug 1, 11:00 pm",0
"Aug 2, 12:00 am",0
"Aug 2, 01:00 am",0
"Aug 2, 02:00 am",0
"Aug 2, 03:00 am",0
"Aug 2, 04:00 am",0
"Aug 2, 05:00 am",0
"Aug 2, 06:00 am",4.03569
"Aug 2, 07:00 am",0.834915
"Aug 2, 08:00 am",12.8189
"Aug 2, 09:00 am",13.6825
"Aug 2, 10:00 am",13.2929
"Aug 2, 11:00 am",12.2527
"Aug 2, 12:00 pm",10.8736
"Aug 2, 01:00 pm",8.8666
"Aug 2, 02:00 pm",5.82384
"Aug 2, 03:00 pm",2.2512
"Aug 2, 04:00 pm",0.789088
"Aug 2, 05:00 pm",0.692911
"Aug 2, 06:00 pm",0.404633
"Aug 2, 07:00 pm",0
"Aug 2, 08:00 pm",0
"Aug 2, 09:00 pm",0
"Aug 2, 10:00 pm",0
"Aug 2, 11:00 pm",0
"Aug 3, 12:00 am",0
"Aug 3, 01:00 am",0
"Aug 3, 02:00 am",0
"Aug 3, 03:00 am",0
"Aug 3, 04:00 am",0
"Aug 3, 05:00 am",0
"Aug 3, 06:00 am",5.38809
"Aug 3, 07:00 am",10.0358
"Aug 3, 08:00 am",12.1293
"Aug 3, 09:00 am",13.2078
"Aug 3, 10:00 am",13.4142
"Aug 3, 11:00 am",12.6704
"Aug 3, 12:00 pm",10.5961
"Aug 3, 01:00 pm",8.14724
"Aug 3, 02:00 pm",5.93739
"Aug 3, 03:00 pm",3.10962
"Aug 3, 04:00 pm",2.27967
"Aug 3, 05:00 pm",1.51804
"Aug 3, 06:00 pm",0.36748
"Aug 3, 07:00 pm",0
"Aug 3, 08:00 pm",0
"Aug 3, 09:00 pm",0
"Aug 3, 10:00 pm",0
"Aug 3, 11:00 pm",0
"Aug 4, 12:00 am",0
"Aug 4, 01:00 am",0
"Aug 4, 02:00 am",0
"Aug 4, 03:00 am",0
"Aug 4, 04:00 am",0
"Aug 4, 05:00 am",0
"Aug 4, 06:00 am",0.218373
"Aug 4, 07:00 am",1.45364
"Aug 4, 08:00 am",5.79156
"Aug 4, 09:00 am",1.7859
"Aug 4, 10:00 am",1.17103
"Aug 4, 11:00 am",2.0372
"Aug 4, 12:00 pm",6.90856
"Aug 4, 01:00 pm",7.57404
"Aug 4, 02:00 pm",5.88074
"Aug 4, 03:00 pm",2.26502
"Aug 4, 04:00 pm",0.879803
"Aug 4, 05:00 pm",0.683197
"Aug 4, 06:00 pm",0.432189
"Aug 4, 07:00 pm",0
"Aug 4, 08:00 pm",0
"Aug 4, 09:00 pm",0
"Aug 4, 10:00 pm",0
"Aug 4, 11:00 pm",0
"Aug 5, 12:00 am",0
"Aug 5, 01:00 am",0
"Aug 5, 02:00 am",0
"Aug 5, 03:00 am",0
"Aug 5, 04:00 am",0
"Aug 5, 05:00 am",0
"Aug 5, 06:00 am",5.22773
"Aug 5, 07:00 am",10.1178
"Aug 5, 08:00 am",12.4131
"Aug 5, 09:00 am",13.4313
"Aug 5, 10:00 am",13.6957
"Aug 5, 11:00 am",13.0186
"Aug 5, 12:00 pm",11.451
"Aug 5, 01:00 pm",9.15414
"Aug 5, 02:00 pm",5.86493
"Aug 5, 03:00 pm",2.18475
"Aug 5, 04:00 pm",0.777276
"Aug 5, 05:00 pm",0.698888
"Aug 5, 06:00 pm",0.397431
"Aug 5, 07:00 pm",0
"Aug 5, 08:00 pm",0
"Aug 5, 09:00 pm",0
"Aug 5, 10:00 pm",0
"Aug 5, 11:00 pm",0
"Aug 6, 12:00 am",0
"Aug 6, 01:00 am",0
"Aug 6, 02:00 am",0
"Aug 6, 03:00 am",0
"Aug 6, 04:00 am",0
"Aug 6, 05:00 am",0
"Aug 6, 06:00 am",5.60898
"Aug 6, 07:00 am",10.4717
"Aug 6, 08:00 am",12.8189
"Aug 6, 09:00 am",13.5749
"Aug 6, 10:00 am",12.9448
"Aug 6, 11:00 am",12.0855
"Aug 6, 12:00 pm",10.8265
"Aug 6, 01:00 pm",8.7159
"Aug 6, 02:00 pm",5.60947
"Aug 6, 03:00 pm",2.14122
"Aug 6, 04:00 pm",0.832474
"Aug 6, 05:00 pm",0.68029
"Aug 6, 06:00 pm",0.427797
"Aug 6, 07:00 pm",0
"Aug 6, 08:00 pm",0
"Aug 6, 09:00 pm",0
"Aug 6, 10:00 pm",0
"Aug 6, 11:00 pm",0
"Aug 7, 12:00 am",0
"Aug 7, 01:00 am",0
"Aug 7, 02:00 am",0
"Aug 7, 03:00 am",0
"Aug 7, 04:00 am",0
"Aug 7, 05:00 am",0
"Aug 7, 06:00 am",4.16788
"Aug 7, 07:00 am",10.0844
"Aug 7, 08:00 am",12.5796
"Aug 7, 09:00 am",13.5813
"Aug 7, 10:00 am",13.0658
"Aug 7, 11:00 am",12.0022
"Aug 7, 12:00 pm",10.7924
"Aug 7, 01:00 pm",8.66448
"Aug 7, 02:00 pm",5.56064
"Aug 7, 03:00 pm",2.13323
"Aug 7, 04:00 pm",2.021
"Aug 7, 05:00 pm",1.44075
"Aug 7, 06:00 pm",0.600405
"Aug 7, 07:00 pm",0
"Aug 7, 08:00 pm",0
"Aug 7, 09:00 pm",0
"Aug 7, 10:00 pm",0
"Aug 7, 11:00 pm",0
"Aug 8, 12:00 am",0
"Aug 8, 01:00 am",0
"Aug 8, 02:00 am",0
"Aug 8, 03:00 am",0
"Aug 8, 04:00 am",0
"Aug 8, 05:00 am",0
"Aug 8, 06:00 am",3.8773
"Aug 8, 07:00 am",7.61028
"Aug 8, 08:00 am",9.16937
"Aug 8, 09:00 am",12.7479
"Aug 8, 10:00 am",12.6188
"Aug 8, 11:00 am",11.8905
"Aug 8, 12:00 pm",10.6558
"Aug 8, 01:00 pm",8.60254
"Aug 8, 02:00 pm",5.5104
"Aug 8, 03:00 pm",2.06783
"Aug 8, 04:00 pm",0.886145
"Aug 8, 05:00 pm",1.07354
"Aug 8, 06:00 pm",0.46308
"Aug 8, 07:00 pm",0
"Aug 8, 08:00 pm",0
"Aug 8, 09:00 pm",0
"Aug 8, 10:00 pm",0
"Aug 8, 11:00 pm",0
"Aug 9, 12:00 am",0
"Aug 9, 01:00 am",0
"Aug 9, 02:00 am",0
"Aug 9, 03:00 am",0
"Aug 9, 04:00 am",0
"Aug 9, 05:00 am",0
"Aug 9, 06:00 am",0.266271
"Aug 9, 07:00 am",1.86229
"Aug 9, 08:00 am",8.14517
"Aug 9, 09:00 am",10.1191
"Aug 9, 10:00 am",10.5522
"Aug 9, 11:00 am",10.1043
"Aug 9, 12:00 pm",10.3388
"Aug 9, 01:00 pm",7.72297
"Aug 9, 02:00 pm",5.84889
"Aug 9, 03:00 pm",2.5815
"Aug 9, 04:00 pm",1.59441
"Aug 9, 05:00 pm",1.02361
"Aug 9, 06:00 pm",0.549919
"Aug 9, 07:00 pm",0
"Aug 9, 08:00 pm",0
"Aug 9, 09:00 pm",0
"Aug 9, 10:00 pm",0
"Aug 9, 11:00 pm",0
"Aug 10, 12:00 am",0
"Aug 10, 01:00 am",0
"Aug 10, 02:00 am",0
"Aug 10, 03:00 am",0
"Aug 10, 04:00 am",0
"Aug 10, 05:00 am",0
"Aug 10, 06:00 am",0.928066
"Aug 10, 07:00 am",1.47244
"Aug 10, 08:00 am",3.1466
"Aug 10, 09:00 am",5.20749
"Aug 10, 10:00 am",10.9521
"Aug 10, 11:00 am",12.4808
"Aug 10, 12:00 pm",10.869
"Aug 10, 01:00 pm",8.58089
"Aug 10, 02:00 pm",5.48696
"Aug 10, 03:00 pm",2.07116
"Aug 10, 04:00 pm",1.07413
"Aug 10, 05:00 pm",0.942382
"Aug 10, 06:00 pm",0.419401
"Aug 10, 07:00 pm",0
"Aug 10, 08:00 pm",0
"Aug 10, 09:00 pm",0
"Aug 10, 10:00 pm",0
"Aug 10, 11:00 pm",0
"Aug 11, 12:00 am",0
"Aug 11, 01:00 am",0
"Aug 11, 02:00 am",0
"Aug 11, 03:00 am",0
"Aug 11, 04:00 am",0
"Aug 11, 05:00 am",0
"Aug 11, 06:00 am",4.38927
"Aug 11, 07:00 am",9.45542
"Aug 11, 08:00 am",11.9749
"Aug 11, 09:00 am",12.7134
"Aug 11, 10:00 am",11.7744
"Aug 11, 11:00 am",12.3551
"Aug 11, 12:00 pm",10.9653
"Aug 11, 01:00 pm",5.84656
"Aug 11, 02:00 pm",5.58751
"Aug 11, 03:00 pm",2.01766
"Aug 11, 04:00 pm",1.47627
"Aug 11, 05:00 pm",0.885217
"Aug 11, 06:00 pm",0.483203
"Aug 11, 07:00 pm",0
"Aug 11, 08:00 pm",0
"Aug 11, 09:00 pm",0
"Aug 11, 10:00 pm",0
"Aug 11, 11:00 pm",0
"Aug 12, 12:00 am",0
"Aug 12, 01:00 am",0
"Aug 12, 02:00 am",0
"Aug 12, 03:00 am",0
"Aug 12, 04:00 am",0
"Aug 12, 05:00 am",0
"Aug 12, 06:00 am",3.00522
"Aug 12, 07:00 am",7.44347
"Aug 12, 08:00 am",9.82325
"Aug 12, 09:00 am",10.5613
"Aug 12, 10:00 am",11.6974
"Aug 12, 11:00 am",12.3293
"Aug 12, 12:00 pm",10.394
"Aug 12, 01:00 pm",8.70082
"Aug 12, 02:00 pm",5.48829
"Aug 12, 03:00 pm",1.86019
"Aug 12, 04:00 pm",0.910596
"Aug 12, 05:00 pm",1.03029
"Aug 12, 06:00 pm",0.507655
"Aug 12, 07:00 pm",0
"Aug 12, 08:00 pm",0
"Aug 12, 09:00 pm",0
"Aug 12, 10:00 pm",0
"Aug 12, 11:00 pm",0
"Aug 13, 12:00 am",0
"Aug 13, 01:00 am",0
"Aug 13, 02:00 am",0
"Aug 13, 03:00 am",0
"Aug 13, 04:00 am",0
"Aug 13, 05:00 am",0
"Aug 13, 06:00 am",3.42984
"Aug 13, 07:00 am",7.75092
"Aug 13, 08:00 am",10.4524
"Aug 13, 09:00 am",9.57187
"Aug 13, 10:00 am",11.7555
"Aug 13, 11:00 am",12.4209
"Aug 13, 12:00 pm",10.9649
"Aug 13, 01:00 pm",8.72757
"Aug 13, 02:00 pm",5.80876
"Aug 13, 03:00 pm",2.01077
"Aug 13, 04:00 pm",1.45974
"Aug 13, 05:00 pm",0.870565
"Aug 13, 06:00 pm",0.51495
"Aug 13, 07:00 pm",0
"Aug 13, 08:00 pm",0
"Aug 13, 09:00 pm",0
"Aug 13, 10:00 pm",0
"Aug 13, 11:00 pm",0
"Aug 14, 12:00 am",0
"Aug 14, 01:00 am",0
"Aug 14, 02:00 am",0
"Aug 14, 03:00 am",0
"Aug 14, 04:00 am",0
"Aug 14, 05:00 am",0
"Aug 14, 06:00 am",3.54031
"Aug 14, 07:00 am",8.79994
"Aug 14, 08:00 am",11.8002
"Aug 14, 09:00 am",12.8935
"Aug 14, 10:00 am",12.662
"Aug 14, 11:00 am",11.8863
"Aug 14, 12:00 pm",10.5902
"Aug 14, 01:00 pm",8.49499
"Aug 14, 02:00 pm",5.38463
"Aug 14, 03:00 pm",1.9648
"Aug 14, 04:00 pm",1.59363
"Aug 14, 05:00 pm",1.07679
"Aug 14, 06:00 pm",0.112401
"Aug 14, 07:00 pm",0
"Aug 14, 08:00 pm",0
"Aug 14, 09:00 pm",0
"Aug 14, 10:00 pm",0
"Aug 14, 11:00 pm",0
"Aug 15, 12:00 am",0
"Aug 15, 01:00 am",0
"Aug 15, 02:00 am",0
"Aug 15, 03:00 am",0
"Aug 15, 04:00 am",0
"Aug 15, 05:00 am",0
"Aug 15, 06:00 am",0.279037
"Aug 15, 07:00 am",2.30891
"Aug 15, 08:00 am",10.202
"Aug 15, 09:00 am",10.2214
"Aug 15, 10:00 am",4.93026
"Aug 15, 11:00 am",7.17135
"Aug 15, 12:00 pm",7.51185
"Aug 15, 01:00 pm",7.2524
"Aug 15, 02:00 pm",5.3188
"Aug 15, 03:00 pm",1.89628
"Aug 15, 04:00 pm",0.916489
"Aug 15, 05:00 pm",1.11081
"Aug 15, 06:00 pm",0.427148
"Aug 15, 07:00 pm",0
"Aug 15, 08:00 pm",0
"Aug 15, 09:00 pm",0
"Aug 15, 10:00 pm",0
"Aug 15, 11:00 pm",0
"Aug 16, 12:00 am",0
"Aug 16, 01:00 am",0
"Aug 16, 02:00 am",0
"Aug 16, 03:00 am",0
"Aug 16, 04:00 am",0
"Aug 16, 05:00 am",0
"Aug 16, 06:00 am",0.557998
"Aug 16, 07:00 am",4.43299
"Aug 16, 08:00 am",7.01812
"Aug 16, 09:00 am",9.8341
"Aug 16, 10:00 am",13.0523
"Aug 16, 11:00 am",12.4443
"Aug 16, 12:00 pm",10.1675
"Aug 16, 01:00 pm",8.65117
"Aug 16, 02:00 pm",5.34068
"Aug 16, 03:00 pm",2.32006
"Aug 16, 04:00 pm",1.31362
"Aug 16, 05:00 pm",0.74974
"Aug 16, 06:00 pm",0.358197
"Aug 16, 07:00 pm",0
"Aug 16, 08:00 pm",0
"Aug 16, 09:00 pm",0
"Aug 16, 10:00 pm",0
"Aug 16, 11:00 pm",0
"Aug 17, 12:00 am",0
"Aug 17, 01:00 am",0
"Aug 17, 02:00 am",0
"Aug 17, 03:00 am",0
"Aug 17, 04:00 am",0
"Aug 17, 05:00 am",0
"Aug 17, 06:00 am",4.67033
"Aug 17, 07:00 am",9.91574
"Aug 17, 08:00 am",12.3337
"Aug 17, 09:00 am",12.912
"Aug 17, 10:00 am",12.7761
"Aug 17, 11:00 am",12.1684
"Aug 17, 12:00 pm",10.7356
"Aug 17, 01:00 pm",8.47326
"Aug 17, 02:00 pm",5.25431
"Aug 17, 03:00 pm",1.73993
"Aug 17, 04:00 pm",0.810146
"Aug 17, 05:00 pm",0.631535
"Aug 17, 06:00 pm",0.340183
"Aug 17, 07:00 pm",0
"Aug 17, 08:00 pm",0
"Aug 17, 09:00 pm",0
"Aug 17, 10:00 pm",0
"Aug 17, 11:00 pm",0
"Aug 18, 12:00 am",0
"Aug 18, 01:00 am",0
"Aug 18, 02:00 am",0
"Aug 18, 03:00 am",0
"Aug 18, 04:00 am",0
"Aug 18, 05:00 am",0
"Aug 18, 06:00 am",3.96474
"Aug 18, 07:00 am",7.94921
"Aug 18, 08:00 am",12.8206
"Aug 18, 09:00 am",13.6479
"Aug 18, 10:00 am",13.5152
"Aug 18, 11:00 am",12.4406
"Aug 18, 12:00 pm",10.6698
"Aug 18, 01:00 pm",8.32615
"Aug 18, 02:00 pm",5.13699
"Aug 18, 03:00 pm",1.71219
"Aug 18, 04:00 pm",0.835175
"Aug 18, 05:00 pm",0.681697
"Aug 18, 06:00 pm",0.349489
"Aug 18, 07:00 pm",0
"Aug 18, 08:00 pm",0
"Aug 18, 09:00 pm",0
"Aug 18, 10:00 pm",0
"Aug 18, 11:00 pm",0
"Aug 19, 12:00 am",0
"Aug 19, 01:00 am",0
"Aug 19, 02:00 am",0
"Aug 19, 03:00 am",0
"Aug 19, 04:00 am",0
"Aug 19, 05:00 am",0
"Aug 19, 06:00 am",3.17348
"Aug 19, 07:00 am",7.38143
"Aug 19, 08:00 am",12.7514
"Aug 19, 09:00 am",13.8132
"Aug 19, 10:00 am",13.6377
"Aug 19, 11:00 am",12.5502
"Aug 19, 12:00 pm",10.7254
"Aug 19, 01:00 pm",8.3247
"Aug 19, 02:00 pm",5.10993
"Aug 19, 03:00 pm",1.60478
"Aug 19, 04:00 pm",0.895906
"Aug 19, 05:00 pm",0.703906
"Aug 19, 06:00 pm",0.348836
"Aug 19, 07:00 pm",0
"Aug 19, 08:00 pm",0
"Aug 19, 09:00 pm",0
"Aug 19, 10:00 pm",0
"Aug 19, 11:00 pm",0
"Aug 20, 12:00 am",0
"Aug 20, 01:00 am",0
"Aug 20, 02:00 am",0
"Aug 20, 03:00 am",0
"Aug 20, 04:00 am",0
"Aug 20, 05:00 am",0
"Aug 20, 06:00 am",4.11744
"Aug 20, 07:00 am",9.65632
"Aug 20, 08:00 am",12.3581
"Aug 20, 09:00 am",13.3411
"Aug 20, 10:00 am",12.8495
"Aug 20, 11:00 am",11.1522
"Aug 20, 12:00 pm",10.0587
"Aug 20, 01:00 pm",8.07687
"Aug 20, 02:00 pm",5.34759
"Aug 20, 03:00 pm",3.08554
"Aug 20, 04:00 pm",2.0598
"Aug 20, 05:00 pm",0.72603
"Aug 20, 06:00 pm",0.364469
"Aug 20, 07:00 pm",0
"Aug 20, 08:00 pm",0
"Aug 20, 09:00 pm",0
"Aug 20, 10:00 pm",0
"Aug 20, 11:00 pm",0
"Aug 21, 12:00 am",0
"Aug 21, 01:00 am",0
"Aug 21, 02:00 am",0
"Aug 21, 03:00 am",0
"Aug 21, 04:00 am",0
"Aug 21, 05:00 am",0
"Aug 21, 06:00 am",3.92267
"Aug 21, 07:00 am",9.29742
"Aug 21, 08:00 am",11.7178
"Aug 21, 09:00 am",12.5491
"Aug 21, 10:00 am",12.7556
"Aug 21, 11:00 am",12.0221
"Aug 21, 12:00 pm",10.479
"Aug 21, 01:00 pm",8.2766
"Aug 21, 02:00 pm",5.00925
"Aug 21, 03:00 pm",2.37547
"Aug 21, 04:00 pm",1.94494
"Aug 21, 05:00 pm",1.1136
"Aug 21, 06:00 pm",0.289021
"Aug 21, 07:00 pm",0
"Aug 21, 08:00 pm",0
"Aug 21, 09:00 pm",0
"Aug 21, 10:00 pm",0
"Aug 21, 11:00 pm",0
"Aug 22, 12:00 am",0
"Aug 22, 01:00 am",0
"Aug 22, 02:00 am",0
"Aug 22, 03:00 am",0
"Aug 22, 04:00 am",0
"Aug 22, 05:00 am",0
"Aug 22, 06:00 am",1.16402
"Aug 22, 07:00 am",1.22771
"Aug 22, 08:00 am",0.907775
"Aug 22, 09:00 am",2.45198
"Aug 22, 10:00 am",10.6413
"Aug 22, 11:00 am",3.53208
"Aug 22, 12:00 pm",6.79535
"Aug 22, 01:00 pm",4.32273
"Aug 22, 02:00 pm",3.84381
"Aug 22, 03:00 pm",1.6789
"Aug 22, 04:00 pm",0.922978
"Aug 22, 05:00 pm",0.754613
"Aug 22, 06:00 pm",0.330717
"Aug 22, 07:00 pm",0
"Aug 22, 08:00 pm",0
"Aug 22, 09:00 pm",0
"Aug 22, 10:00 pm",0
"Aug 22, 11:00 pm",0
"Aug 23, 12:00 am",0
"Aug 23, 01:00 am",0
"Aug 23, 02:00 am",0
"Aug 23, 03:00 am",0
"Aug 23, 04:00 am",0
"Aug 23, 05:00 am",0
"Aug 23, 06:00 am",3.96609
"Aug 23, 07:00 am",9.50311
"Aug 23, 08:00 am",12.1179
"Aug 23, 09:00 am",13.1434
"Aug 23, 10:00 am",13.009
"Aug 23, 11:00 am",12.1582
"Aug 23, 12:00 pm",10.5071
"Aug 23, 01:00 pm",8.18516
"Aug 23, 02:00 pm",4.90928
"Aug 23, 03:00 pm",1.46575
"Aug 23, 04:00 pm",1.48132
"Aug 23, 05:00 pm",0.872348
"Aug 23, 06:00 pm",0.289307
"Aug 23, 07:00 pm",0
"Aug 23, 08:00 pm",0
"Aug 23, 09:00 pm",0
"Aug 23, 10:00 pm",0
"Aug 23, 11:00 pm",0
"Aug 24, 12:00 am",0
"Aug 24, 01:00 am",0
"Aug 24, 02:00 am",0
"Aug 24, 03:00 am",0
"Aug 24, 04:00 am",0
"Aug 24, 05:00 am",0
"Aug 24, 06:00 am",-0
"Aug 24, 07:00 am",1.45909
"Aug 24, 08:00 am",0.640204
"Aug 24, 09:00 am",2.10812
"Aug 24, 10:00 am",8.45114
"Aug 24, 11:00 am",9.93507
"Aug 24, 12:00 pm",9.52561
"Aug 24, 01:00 pm",7.77068
"Aug 24, 02:00 pm",5.24296
"Aug 24, 03:00 pm",1.59812
"Aug 24, 04:00 pm",0.966889
"Aug 24, 05:00 pm",0.834539
"Aug 24, 06:00 pm",0.293577
"Aug 24, 07:00 pm",0
"Aug 24, 08:00 pm",0
"Aug 24, 09:00 pm",0
"Aug 24, 10:00 pm",0
"Aug 24, 11:00 pm",0
"Aug 25, 12:00 am",0
"Aug 25, 01:00 am",0
"Aug 25, 02:00 am",0
"Aug 25, 03:00 am",0
"Aug 25, 04:00 am",0
"Aug 25, 05:00 am",0
"Aug 25, 06:00 am",-0
"Aug 25, 07:00 am",0.529924
"Aug 25, 08:00 am",2.97425
"Aug 25, 09:00 am",8.6641
"Aug 25, 10:00 am",6.74187
"Aug 25, 11:00 am",7.0738
"Aug 25, 12:00 pm",10.3674
"Aug 25, 01:00 pm",8.13464
"Aug 25, 02:00 pm",4.89975
"Aug 25, 03:00 pm",1.4503
"Aug 25, 04:00 pm",0.893496
"Aug 25, 05:00 pm",1.2157
"Aug 25, 06:00 pm",0.288688
"Aug 25, 07:00 pm",0
"Aug 25, 08:00 pm",0
"Aug 25, 09:00 pm",0
"Aug 25, 10:00 pm",0
"Aug 25, 11:00 pm",0
"Aug 26, 12:00 am",0
"Aug 26, 01:00 am",0
"Aug 26, 02:00 am",0
"Aug 26, 03:00 am",0
"Aug 26, 04:00 am",0
"Aug 26, 05:00 am",0
"Aug 26, 06:00 am",3.39742
"Aug 26, 07:00 am",9.29447
"Aug 26, 08:00 am",12.1427
"Aug 26, 09:00 am",13.0393
"Aug 26, 10:00 am",12.7027
"Aug 26, 11:00 am",11.7412
"Aug 26, 12:00 pm",10.3528
"Aug 26, 01:00 pm",8.16219
"Aug 26, 02:00 pm",4.83057
"Aug 26, 03:00 pm",1.55334
"Aug 26, 04:00 pm",1.00068
"Aug 26, 05:00 pm",0.856023
"Aug 26, 06:00 pm",0.271816
"Aug 26, 07:00 pm",0
"Aug 26, 08:00 pm",0
"Aug 26, 09:00 pm",0
"Aug 26, 10:00 pm",0
"Aug 26, 11:00 pm",0
"Aug 27, 12:00 am",0
"Aug 27, 01:00 am",0
"Aug 27, 02:00 am",0
"Aug 27, 03:00 am",0
"Aug 27, 04:00 am",0
"Aug 27, 05:00 am",0
"Aug 27, 06:00 am",4.29487
"Aug 27, 07:00 am",10.2841
"Aug 27, 08:00 am",12.9552
"Aug 27, 09:00 am",13.804
"Aug 27, 10:00 am",13.5957
"Aug 27, 11:00 am",12.5326
"Aug 27, 12:00 pm",10.7097
"Aug 27, 01:00 pm",8.31083
"Aug 27, 02:00 pm",4.85846
"Aug 27, 03:00 pm",1.37368
"Aug 27, 04:00 pm",0.789333
"Aug 27, 05:00 pm",0.601833
"Aug 27, 06:00 pm",0.22226
"Aug 27, 07:00 pm",0
"Aug 27, 08:00 pm",0
"Aug 27, 09:00 pm",0
"Aug 27, 10:00 pm",0
"Aug 27, 11:00 pm",0
"Aug 28, 12:00 am",0
"Aug 28, 01:00 am",0
"Aug 28, 02:00 am",0
"Aug 28, 03:00 am",0
"Aug 28, 04:00 am",0
"Aug 28, 05:00 am",0
"Aug 28, 06:00 am",4.50336
"Aug 28, 07:00 am",10.4735
"Aug 28, 08:00 am",12.94
"Aug 28, 09:00 am",13.4626
"Aug 28, 10:00 am",13.0903
"Aug 28, 11:00 am",12.0255
"Aug 28, 12:00 pm",10.3979
"Aug 28, 01:00 pm",8.08868
"Aug 28, 02:00 pm",4.72166
"Aug 28, 03:00 pm",1.32723
"Aug 28, 04:00 pm",0.78578
"Aug 28, 05:00 pm",0.589204
"Aug 28, 06:00 pm",0.204748
"Aug 28, 07:00 pm",0
"Aug 28, 08:00 pm",0
"Aug 28, 09:00 pm",0
"Aug 28, 10:00 pm",0
"Aug 28, 11:00 pm",0
"Aug 29, 12:00 am",0
"Aug 29, 01:00 am",0
"Aug 29, 02:00 am",0
"Aug 29, 03:00 am",0
"Aug 29, 04:00 am",0
"Aug 29, 05:00 am",0
"Aug 29, 06:00 am",3.69228
"Aug 29, 07:00 am",9.71262
"Aug 29, 08:00 am",12.6657
"Aug 29, 09:00 am",13.8711
"Aug 29, 10:00 am",13.7398
"Aug 29, 11:00 am",12.8774
"Aug 29, 12:00 pm",10.9837
"Aug 29, 01:00 pm",8.38757
"Aug 29, 02:00 pm",4.74698
"Aug 29, 03:00 pm",1.18785
"Aug 29, 04:00 pm",0.814619
"Aug 29, 05:00 pm",0.613329
"Aug 29, 06:00 pm",0.183691
"Aug 29, 07:00 pm",0
"Aug 29, 08:00 pm",0
"Aug 29, 09:00 pm",0
"Aug 29, 10:00 pm",0
"Aug 29, 11:00 pm",0
"Aug 30, 12:00 am",0
"Aug 30, 01:00 am",0
"Aug 30, 02:00 am",0
"Aug 30, 03:00 am",0
"Aug 30, 04:00 am",0
"Aug 30, 05:00 am",0
"Aug 30, 06:00 am",2.87147
"Aug 30, 07:00 am",8.80597
"Aug 30, 08:00 am",11.8183
"Aug 30, 09:00 am",13.0827
"Aug 30, 10:00 am",13.259
"Aug 30, 11:00 am",12.3251
"Aug 30, 12:00 pm",10.6252
"Aug 30, 01:00 pm",8.12611
"Aug 30, 02:00 pm",4.58177
"Aug 30, 03:00 pm",1.29892
"Aug 30, 04:00 pm",2.11551
"Aug 30, 05:00 pm",0.70175
"Aug 30, 06:00 pm",0.16808
"Aug 30, 07:00 pm",0
"Aug 30, 08:00 pm",0
"Aug 30, 09:00 pm",0
"Aug 30, 10:00 pm",0
"Aug 30, 11:00 pm",0
"Aug 31, 12:00 am",0
"Aug 31, 01:00 am",0
"Aug 31, 02:00 am",0
"Aug 31, 03:00 am",0
"Aug 31, 04:00 am",0
"Aug 31, 05:00 am",0
"Aug 31, 06:00 am",2.55993
"Aug 31, 07:00 am",8.26529
"Aug 31, 08:00 am",11.392
"Aug 31, 09:00 am",12.6973
"Aug 31, 10:00 am",12.7404
"Aug 31, 11:00 am",11.8727
"Aug 31, 12:00 pm",10.2112
"Aug 31, 01:00 pm",7.82059
"Aug 31, 02:00 pm",4.41936
"Aug 31, 03:00 pm",1.24308
"Aug 31, 04:00 pm",2.1564
"Aug 31, 05:00 pm",0.58706
"Aug 31, 06:00 pm",0.145157
"Aug 31, 07:00 pm",0
"Aug 31, 08:00 pm",0
"Aug 31, 09:00 pm",0
"Aug 31, 10:00 pm",0
"Aug 31, 11:00 pm",0
"Sep 1, 12:00 am",0
"Sep 1, 01:00 am",0
"Sep 1, 02:00 am",0
"Sep 1, 03:00 am",0
"Sep 1, 04:00 am",0
"Sep 1, 05:00 am",0
"Sep 1, 06:00 am",2.40625
"Sep 1, 07:00 am",8.62085
"Sep 1, 08:00 am",11.178
"Sep 1, 09:00 am",7.66127
"Sep 1, 10:00 am",9.96066
"Sep 1, 11:00 am",9.57951
"Sep 1, 12:00 pm",10.0627
"Sep 1, 01:00 pm",7.92482
"Sep 1, 02:00 pm",4.9647
"Sep 1, 03:00 pm",1.22351
"Sep 1, 04:00 pm",0.838424
"Sep 1, 05:00 pm",0.650956
"Sep 1, 06:00 pm",0.11054
"Sep 1, 07:00 pm",0
"Sep 1, 08:00 pm",0
"Sep 1, 09:00 pm",0
"Sep 1, 10:00 pm",0
"Sep 1, 11:00 pm",0
"Sep 2, 12:00 am",0
"Sep 2, 01:00 am",0
"Sep 2, 02:00 am",0
"Sep 2, 03:00 am",0
"Sep 2, 04:00 am",0
"Sep 2, 05:00 am",0
"Sep 2, 06:00 am",2.49383
"Sep 2, 07:00 am",7.38633
"Sep 2, 08:00 am",7.49903
"Sep 2, 09:00 am",12.3266
"Sep 2, 10:00 am",12.5295
"Sep 2, 11:00 am",10.728
"Sep 2, 12:00 pm",9.0518
"Sep 2, 01:00 pm",7.87824
"Sep 2, 02:00 pm",4.37772
"Sep 2, 03:00 pm",1.03718
"Sep 2, 04:00 pm",0.79882
"Sep 2, 05:00 pm",0.578473
"Sep 2, 06:00 pm",0.0885812
"Sep 2, 07:00 pm",0
"Sep 2, 08:00 pm",0
"Sep 2, 09:00 pm",0
"Sep 2, 10:00 pm",0
"Sep 2, 11:00 pm",0
"Sep 3, 12:00 am",0
"Sep 3, 01:00 am",0
"Sep 3, 02:00 am",0
"Sep 3, 03:00 am",0
"Sep 3, 04:00 am",0
"Sep 3, 05:00 am",0
"Sep 3, 06:00 am",3.68775
"Sep 3, 07:00 am",9.90193
"Sep 3, 08:00 am",12.4851
"Sep 3, 09:00 am",13.135
"Sep 3, 10:00 am",12.8121
"Sep 3, 11:00 am",11.5696
"Sep 3, 12:00 pm",9.99709
"Sep 3, 01:00 pm",7.71568
"Sep 3, 02:00 pm",4.30997
"Sep 3, 03:00 pm",1.00025
"Sep 3, 04:00 pm",0.787971
"Sep 3, 05:00 pm",0.578515
"Sep 3, 06:00 pm",0.0798813
"Sep 3, 07:00 pm",0
"Sep 3, 08:00 pm",0
"Sep 3, 09:00 pm",0
"Sep 3, 10:00 pm",0
"Sep 3, 11:00 pm",0
"Sep 4, 12:00 am",0
"Sep 4, 01:00 am",0
"Sep 4, 02:00 am",0
"Sep 4, 03:00 am",0
"Sep 4, 04:00 am",0
"Sep 4, 05:00 am",0
"Sep 4, 06:00 am",2.34112
"Sep 4, 07:00 am",8.68026
"Sep 4, 08:00 am",11.9281
"Sep 4, 09:00 am",13.3078
"Sep 4, 10:00 am",13.43
"Sep 4, 11:00 am",12.358
"Sep 4, 12:00 pm",10.529
"Sep 4, 01:00 pm",7.88832
"Sep 4, 02:00 pm",4.41582
"Sep 4, 03:00 pm",1.26494
"Sep 4, 04:00 pm",1.06008
"Sep 4, 05:00 pm",0.732057
"Sep 4, 06:00 pm",0.0706674
"Sep 4, 07:00 pm",0
"Sep 4, 08:00 pm",0
"Sep 4, 09:00 pm",0
"Sep 4, 10:00 pm",0
"Sep 4, 11:00 pm",0
"Sep 5, 12:00 am",0
"Sep 5, 01:00 am",0
"Sep 5, 02:00 am",0
"Sep 5, 03:00 am",0
"Sep 5, 04:00 am",0
"Sep 5, 05:00 am",0
"Sep 5, 06:00 am",0.0457572
"Sep 5, 07:00 am",0.853725
"Sep 5, 08:00 am",4.69156
"Sep 5, 09:00 am",7.42158
"Sep 5, 10:00 am",13.4475
"Sep 5, 11:00 am",12.4539
"Sep 5, 12:00 pm",10.5409
"Sep 5, 01:00 pm",7.86026
"Sep 5, 02:00 pm",4.29178
"Sep 5, 03:00 pm",0.988739
"Sep 5, 04:00 pm",0.808252
"Sep 5, 05:00 pm",0.559211
"Sep 5, 06:00 pm",0.0572531
"Sep 5, 07:00 pm",0
"Sep 5, 08:00 pm",0
"Sep 5, 09:00 pm",0
"Sep 5, 10:00 pm",0
"Sep 5, 11:00 pm",0
"Sep 6, 12:00 am",0
"Sep 6, 01:00 am",0
"Sep 6, 02:00 am",0
"Sep 6, 03:00 am",0
"Sep 6, 04:00 am",0
"Sep 6, 05:00 am",0
"Sep 6, 06:00 am",2.20128
"Sep 6, 07:00 am",8.66105
"Sep 6, 08:00 am",11.6007
"Sep 6, 09:00 am",12.5414
"Sep 6, 10:00 am",12.5047
"Sep 6, 11:00 am",11.787
"Sep 6, 12:00 pm",10.1581
"Sep 6, 01:00 pm",7.42755
"Sep 6, 02:00 pm",4.61128
"Sep 6, 03:00 pm",2.85165
"Sep 6, 04:00 pm",0.671697
"Sep 6, 05:00 pm",0.998726
"Sep 6, 06:00 pm",0.0917357
"Sep 6, 07:00 pm",0
"Sep 6, 08:00 pm",0
"Sep 6, 09:00 pm",0
"Sep 6, 10:00 pm",0
"Sep 6, 11:00 pm",0
"Sep 7, 12:00 am",0
"Sep 7, 01:00 am",0
"Sep 7, 02:00 am",0
"Sep 7, 03:00 am",0
"Sep 7, 04:00 am",0
"Sep 7, 05:00 am",0
"Sep 7, 06:00 am",0.705484
"Sep 7, 07:00 am",5.95361
"Sep 7, 08:00 am",4.66361
"Sep 7, 09:00 am",11.0181
"Sep 7, 10:00 am",12.2836
"Sep 7, 11:00 am",11.6189
"Sep 7, 12:00 pm",10.0777
"Sep 7, 01:00 pm",7.611
"Sep 7, 02:00 pm",4.06592
"Sep 7, 03:00 pm",1.04852
"Sep 7, 04:00 pm",0.832213
"Sep 7, 05:00 pm",0.597247
"Sep 7, 06:00 pm",0.0357627
"Sep 7, 07:00 pm",0
"Sep 7, 08:00 pm",0
"Sep 7, 09:00 pm",0
"Sep 7, 10:00 pm",0
"Sep 7, 11:00 pm",0
"Sep 8, 12:00 am",0
"Sep 8, 01:00 am",0
"Sep 8, 02:00 am",0
"Sep 8, 03:00 am",0
"Sep 8, 04:00 am",0
"Sep 8, 05:00 am",0
"Sep 8, 06:00 am",2.28381
"Sep 8, 07:00 am",9.07059
"Sep 8, 08:00 am",11.5455
"Sep 8, 09:00 am",12.5141
"Sep 8, 10:00 am",13.009
"Sep 8, 11:00 am",12.2746
"Sep 8, 12:00 pm",10.4677
"Sep 8, 01:00 pm",7.76259
"Sep 8, 02:00 pm",4.14582
"Sep 8, 03:00 pm",1.01636
"Sep 8, 04:00 pm",1.29584
"Sep 8, 05:00 pm",0.947401
"Sep 8, 06:00 pm",0.0087013
"Sep 8, 07:00 pm",0
"Sep 8, 08:00 pm",0
"Sep 8, 09:00 pm",0
"Sep 8, 10:00 pm",0
"Sep 8, 11:00 pm",0
"Sep 9, 12:00 am",0
"Sep 9, 01:00 am",0
"Sep 9, 02:00 am",0
"Sep 9, 03:00 am",0
"Sep 9, 04:00 am",0
"Sep 9, 05:00 am",0
"Sep 9, 06:00 am",1.70883
"Sep 9, 07:00 am",7.48236
"Sep 9, 08:00 am",9.24341
"Sep 9, 09:00 am",6.03215
"Sep 9, 10:00 am",12.9537
"Sep 9, 11:00 am",9.99007
"Sep 9, 12:00 pm",7.43829
"Sep 9, 01:00 pm",7.15627
"Sep 9, 02:00 pm",4.43028
"Sep 9, 03:00 pm",1.27951
"Sep 9, 04:00 pm",1.16328
"Sep 9, 05:00 pm",0.820349
"Sep 9, 06:00 pm",0.0281216
"Sep 9, 07:00 pm",0
"Sep 9, 08:00 pm",0
"Sep 9, 09:00 pm",0
"Sep 9, 10:00 pm",0
"Sep 9, 11:00 pm",0
"Sep 10, 12:00 am",0
"Sep 10, 01:00 am",0
"Sep 10, 02:00 am",0
"Sep 10, 03:00 am",0
"Sep 10, 04:00 am",0
"Sep 10, 05:00 am",0
"Sep 10, 06:00 am",1.27046
"Sep 10, 07:00 am",6.31993
"Sep 10, 08:00 am",5.75714
"Sep 10, 09:00 am",5.65445
"Sep 10, 10:00 am",12.9346
"Sep 10, 11:00 am",11.856
"Sep 10, 12:00 pm",10.0669
"Sep 10, 01:00 pm",7.4807
"Sep 10, 02:00 pm",3.94424
"Sep 10, 03:00 pm",0.911473
"Sep 10, 04:00 pm",0.8532
"Sep 10, 05:00 pm",0.495353
"Sep 10, 06:00 pm",0.0106587
"Sep 10, 07:00 pm",0
"Sep 10, 08:00 pm",0
"Sep 10, 09:00 pm",0
"Sep 10, 10:00 pm",0
"Sep 10, 11:00 pm",0
"Sep 11, 12:00 am",0
"Sep 11, 01:00 am",0
"Sep 11, 02:00 am",0
"Sep 11, 03:00 am",0
"Sep 11, 04:00 am",0
"Sep 11, 05:00 am",0
"Sep 11, 06:00 am",2.01461
"Sep 11, 07:00 am",9.38427
"Sep 11, 08:00 am",12.6526
"Sep 11, 09:00 am",13.5457
"Sep 11, 10:00 am",13.4838
"Sep 11, 11:00 am",12.3443
"Sep 11, 12:00 pm",10.381
"Sep 11, 01:00 pm",7.62914
"Sep 11, 02:00 pm",3.93852
"Sep 11, 03:00 pm",0.848062
"Sep 11, 04:00 pm",0.755719
"Sep 11, 05:00 pm",0.512662
"Sep 11, 06:00 pm",-0
"Sep 11, 07:00 pm",0
"Sep 11, 08:00 pm",0
"Sep 11, 09:00 pm",0
"Sep 11, 10:00 pm",0
"Sep 11, 11:00 pm",0
"Sep 12, 12:00 am",0
"Sep 12, 01:00 am",0
"Sep 12, 02:00 am",0
"Sep 12, 03:00 am",0
"Sep 12, 04:00 am",0
"Sep 12, 05:00 am",0
"Sep 12, 06:00 am",2.91123
"Sep 12, 07:00 am",10.4412
"Sep 12, 08:00 am",13.0288
"Sep 12, 09:00 am",13.9201
"Sep 12, 10:00 am",13.6239
"Sep 12, 11:00 am",12.4428
"Sep 12, 12:00 pm",10.4522
"Sep 12, 01:00 pm",7.63519
"Sep 12, 02:00 pm",3.8535
"Sep 12, 03:00 pm",0.916407
"Sep 12, 04:00 pm",0.711835
"Sep 12, 05:00 pm",0.482451
"Sep 12, 06:00 pm",-0
"Sep 12, 07:00 pm",0
"Sep 12, 08:00 pm",0
"Sep 12, 09:00 pm",0
"Sep 12, 10:00 pm",0
"Sep 12, 11:00 pm",0
"Sep 13, 12:00 am",0
"Sep 13, 01:00 am",0
"Sep 13, 02:00 am",0
"Sep 13, 03:00 am",0
"Sep 13, 04:00 am",0
"Sep 13, 05:00 am",0
"Sep 13, 06:00 am",2.25119
"Sep 13, 07:00 am",9.65275
"Sep 13, 08:00 am",12.5129
"Sep 13, 09:00 am",13.5598
"Sep 13, 10:00 am",13.2322
"Sep 13, 11:00 am",11.8765
"Sep 13, 12:00 pm",9.87884
"Sep 13, 01:00 pm",7.35345
"Sep 13, 02:00 pm",3.7758
"Sep 13, 03:00 pm",0.829899
"Sep 13, 04:00 pm",0.795097
"Sep 13, 05:00 pm",0.510227
"Sep 13, 06:00 pm",-0
"Sep 13, 07:00 pm",0
"Sep 13, 08:00 pm",0
"Sep 13, 09:00 pm",0
"Sep 13, 10:00 pm",0
"Sep 13, 11:00 pm",0
"Sep 14, 12:00 am",0
"Sep 14, 01:00 am",0
"Sep 14, 02:00 am",0
"Sep 14, 03:00 am",0
"Sep 14, 04:00 am",0
"Sep 14, 05:00 am",0
"Sep 14, 06:00 am",1.51239
"Sep 14, 07:00 am",9.06742
"Sep 14, 08:00 am",12.6251
"Sep 14, 09:00 am",13.3765
"Sep 14, 10:00 am",12.7971
"Sep 14, 11:00 am",11.8778
"Sep 14, 12:00 pm",10.2199
"Sep 14, 01:00 pm",7.46843
"Sep 14, 02:00 pm",3.70967
"Sep 14, 03:00 pm",0.923427
"Sep 14, 04:00 pm",0.718437
"Sep 14, 05:00 pm",0.479852
"Sep 14, 06:00 pm",-0
"Sep 14, 07:00 pm",0
"Sep 14, 08:00 pm",0
"Sep 14, 09:00 pm",0
"Sep 14, 10:00 pm",0
"Sep 14, 11:00 pm",0
"Sep 15, 12:00 am",0
"Sep 15, 01:00 am",0
"Sep 15, 02:00 am",0
"Sep 15, 03:00 am",0
"Sep 15, 04:00 am",0
"Sep 15, 05:00 am",0
"Sep 15, 06:00 am",2.02964
"Sep 15, 07:00 am",9.47045
"Sep 15, 08:00 am",12.0227
"Sep 15, 09:00 am",13.0631
"Sep 15, 10:00 am",13.2029
"Sep 15, 11:00 am",12.2845
"Sep 15, 12:00 pm",10.3768
"Sep 15, 01:00 pm",7.47942
"Sep 15, 02:00 pm",3.69634
"Sep 15, 03:00 pm",0.832837
"Sep 15, 04:00 pm",0.788174
"Sep 15, 05:00 pm",0.528803
"Sep 15, 06:00 pm",-0
"Sep 15, 07:00 pm",0
"Sep 15, 08:00 pm",0
"Sep 15, 09:00 pm",0
"Sep 15, 10:00 pm",0
"Sep 15, 11:00 pm",0
"Sep 16, 12:00 am",0
"Sep 16, 01:00 am",0
"Sep 16, 02:00 am",0
"Sep 16, 03:00 am",0
"Sep 16, 04:00 am",0
"Sep 16, 05:00 am",0
"Sep 16, 06:00 am",1.5812
"Sep 16, 07:00 am",9.05099
"Sep 16, 08:00 am",11.9526
"Sep 16, 09:00 am",12.9946
"Sep 16, 10:00 am",12.3911
"Sep 16, 11:00 am",11.4322
"Sep 16, 12:00 pm",9.8465
"Sep 16, 01:00 pm",7.2007
"Sep 16, 02:00 pm",3.53647
"Sep 16, 03:00 pm",0.895298
"Sep 16, 04:00 pm",0.69878
"Sep 16, 05:00 pm",0.457686
"Sep 16, 06:00 pm",-0
"Sep 16, 07:00 pm",0
"Sep 16, 08:00 pm",0
"Sep 16, 09:00 pm",0
"Sep 16, 10:00 pm",0
"Sep 16, 11:00 pm",0
"Sep 17, 12:00 am",0
"Sep 17, 01:00 am",0
"Sep 17, 02:00 am",0
"Sep 17, 03:00 am",0
"Sep 17, 04:00 am",0
"Sep 17, 05:00 am",0
"Sep 17, 06:00 am",1.68298
"Sep 17, 07:00 am",9.0308
"Sep 17, 08:00 am",11.9348
"Sep 17, 09:00 am",13.1684
"Sep 17, 10:00 am",13.2377
"Sep 17, 11:00 am",12.1326
"Sep 17, 12:00 pm",10.2161
"Sep 17, 01:00 pm",7.40245
"Sep 17, 02:00 pm",3.56064
"Sep 17, 03:00 pm",0.916264
"Sep 17, 04:00 pm",0.74178
"Sep 17, 05:00 pm",0.477189
"Sep 17, 06:00 pm",-0
"Sep 17, 07:00 pm",0
"Sep 17, 08:00 pm",0
"Sep 17, 09:00 pm",0
"Sep 17, 10:00 pm",0
"Sep 17, 11:00 pm",0
"Sep 18, 12:00 am",0
"Sep 18, 01:00 am",0
"Sep 18, 02:00 am",0
"Sep 18, 03:00 am",0
"Sep 18, 04:00 am",0
"Sep 18, 05:00 am",0
"Sep 18, 06:00 am",1.82467
"Sep 18, 07:00 am",9.91413
"Sep 18, 08:00 am",12.9796
"Sep 18, 09:00 am",13.5741
"Sep 18, 10:00 am",12.8558
"Sep 18, 11:00 am",11.6615
"Sep 18, 12:00 pm",9.9499
"Sep 18, 01:00 pm",7.2157
"Sep 18, 02:00 pm",3.45542
"Sep 18, 03:00 pm",0.910085
"Sep 18, 04:00 pm",0.716451
"Sep 18, 05:00 pm",0.462001
"Sep 18, 06:00 pm",-0
"Sep 18, 07:00 pm",0
"Sep 18, 08:00 pm",0
"Sep 18, 09:00 pm",0
"Sep 18, 10:00 pm",0
"Sep 18, 11:00 pm",0
"Sep 19, 12:00 am",0
"Sep 19, 01:00 am",0
"Sep 19, 02:00 am",0
"Sep 19, 03:00 am",0
"Sep 19, 04:00 am",0
"Sep 19, 05:00 am",0
"Sep 19, 06:00 am",1.934
"Sep 19, 07:00 am",9.85759
"Sep 19, 08:00 am",12.5338
"Sep 19, 09:00 am",13.1951
"Sep 19, 10:00 am",12.7622
"Sep 19, 11:00 am",11.6036
"Sep 19, 12:00 pm",9.74634
"Sep 19, 01:00 pm",6.96023
"Sep 19, 02:00 pm",3.33172
"Sep 19, 03:00 pm",0.792169
"Sep 19, 04:00 pm",0.738079
"Sep 19, 05:00 pm",0.427538
"Sep 19, 06:00 pm",0
"Sep 19, 07:00 pm",0
"Sep 19, 08:00 pm",0
"Sep 19, 09:00 pm",0
"Sep 19, 10:00 pm",0
"Sep 19, 11:00 pm",0
"Sep 20, 12:00 am",0
"Sep 20, 01:00 am",0
"Sep 20, 02:00 am",0
"Sep 20, 03:00 am",0
"Sep 20, 04:00 am",0
"Sep 20, 05:00 am",0
"Sep 20, 06:00 am",1.66489
"Sep 20, 07:00 am",9.43586
"Sep 20, 08:00 am",12.3957
"Sep 20, 09:00 am",12.9782
"Sep 20, 10:00 am",12.5528
"Sep 20, 11:00 am",11.6033
"Sep 20, 12:00 pm",9.8742
"Sep 20, 01:00 pm",7.05985
"Sep 20, 02:00 pm",3.3665
"Sep 20, 03:00 pm",0.865467
"Sep 20, 04:00 pm",0.815262
"Sep 20, 05:00 pm",0.429333
"Sep 20, 06:00 pm",0
"Sep 20, 07:00 pm",0
"Sep 20, 08:00 pm",0
"Sep 20, 09:00 pm",0
"Sep 20, 10:00 pm",0
"Sep 20, 11:00 pm",0
"Sep 21, 12:00 am",0
"Sep 21, 01:00 am",0
"Sep 21, 02:00 am",0
"Sep 21, 03:00 am",0
"Sep 21, 04:00 am",0
"Sep 21, 05:00 am",0
"Sep 21, 06:00 am",1.85972
"Sep 21, 07:00 am",9.92654
"Sep 21, 08:00 am",12.8136
"Sep 21, 09:00 am",13.3364
"Sep 21, 10:00 am",12.7643
"Sep 21, 11:00 am",11.4565
"Sep 21, 12:00 pm",9.5918
"Sep 21, 01:00 pm",6.86958
"Sep 21, 02:00 pm",3.20852
"Sep 21, 03:00 pm",0.888174
"Sep 21, 04:00 pm",0.68344
"Sep 21, 05:00 pm",0.426753
"Sep 21, 06:00 pm",0
"Sep 21, 07:00 pm",0
"Sep 21, 08:00 pm",0
"Sep 21, 09:00 pm",0
"Sep 21, 10:00 pm",0
"Sep 21, 11:00 pm",0
"Sep 22, 12:00 am",0
"Sep 22, 01:00 am",0
"Sep 22, 02:00 am",0
"Sep 22, 03:00 am",0
"Sep 22, 04:00 am",0
"Sep 22, 05:00 am",0
"Sep 22, 06:00 am",1.32914
"Sep 22, 07:00 am",9.59474
"Sep 22, 08:00 am",12.3044
"Sep 22, 09:00 am",12.9238
"Sep 22, 10:00 am",12.6482
"Sep 22, 11:00 am",11.5628
"Sep 22, 12:00 pm",9.68248
"Sep 22, 01:00 pm",5.76969
"Sep 22, 02:00 pm",3.61176
"Sep 22, 03:00 pm",2.12643
"Sep 22, 04:00 pm",1.62904
"Sep 22, 05:00 pm",0.610652
"Sep 22, 06:00 pm",0
"Sep 22, 07:00 pm",0
"Sep 22, 08:00 pm",0
"Sep 22, 09:00 pm",0
"Sep 22, 10:00 pm",0
"Sep 22, 11:00 pm",0
"Sep 23, 12:00 am",0
"Sep 23, 01:00 am",0
"Sep 23, 02:00 am",0
"Sep 23, 03:00 am",0
"Sep 23, 04:00 am",0
"Sep 23, 05:00 am",0
"Sep 23, 06:00 am",-0
"Sep 23, 07:00 am",0.905474
"Sep 23, 08:00 am",3.59412
"Sep 23, 09:00 am",7.71426
"Sep 23, 10:00 am",9.47099
"Sep 23, 11:00 am",7.28402
"Sep 23, 12:00 pm",7.33099
"Sep 23, 01:00 pm",5.29458
"Sep 23, 02:00 pm",3.99114
"Sep 23, 03:00 pm",2.41025
"Sep 23, 04:00 pm",1.58659
"Sep 23, 05:00 pm",0.118054
"Sep 23, 06:00 pm",0
"Sep 23, 07:00 pm",0
"Sep 23, 08:00 pm",0
"Sep 23, 09:00 pm",0
"Sep 23, 10:00 pm",0
"Sep 23, 11:00 pm",0
"Sep 24, 12:00 am",0
"Sep 24, 01:00 am",0
"Sep 24, 02:00 am",0
"Sep 24, 03:00 am",0
"Sep 24, 04:00 am",0
"Sep 24, 05:00 am",0
"Sep 24, 06:00 am",-0
"Sep 24, 07:00 am",2.12029
"Sep 24, 08:00 am",6.38273
"Sep 24, 09:00 am",1.8695
"Sep 24, 10:00 am",2.94627
"Sep 24, 11:00 am",3.66369
"Sep 24, 12:00 pm",3.56947
"Sep 24, 01:00 pm",2.04833
"Sep 24, 02:00 pm",0.901945
"Sep 24, 03:00 pm",0.963001
"Sep 24, 04:00 pm",1.54368
"Sep 24, 05:00 pm",-0
"Sep 24, 06:00 pm",0
"Sep 24, 07:00 pm",0
"Sep 24, 08:00 pm",0
"Sep 24, 09:00 pm",0
"Sep 24, 10:00 pm",0
"Sep 24, 11:00 pm",0
"Sep 25, 12:00 am",0
"Sep 25, 01:00 am",0
"Sep 25, 02:00 am",0
"Sep 25, 03:00 am",0
"Sep 25, 04:00 am",0
"Sep 25, 05:00 am",0
"Sep 25, 06:00 am",-0
"Sep 25, 07:00 am",0.694847
"Sep 25, 08:00 am",5.93015
"Sep 25, 09:00 am",10.7058
"Sep 25, 10:00 am",10.9132
"Sep 25, 11:00 am",8.75085
"Sep 25, 12:00 pm",9.39718
"Sep 25, 01:00 pm",6.54842
"Sep 25, 02:00 pm",2.9318
"Sep 25, 03:00 pm",0.825485
"Sep 25, 04:00 pm",1.5024
"Sep 25, 05:00 pm",0.388029
"Sep 25, 06:00 pm",0
"Sep 25, 07:00 pm",0
"Sep 25, 08:00 pm",0
"Sep 25, 09:00 pm",0
"Sep 25, 10:00 pm",0
"Sep 25, 11:00 pm",0
"Sep 26, 12:00 am",0
"Sep 26, 01:00 am",0
"Sep 26, 02:00 am",0
"Sep 26, 03:00 am",0
"Sep 26, 04:00 am",0
"Sep 26, 05:00 am",0
"Sep 26, 06:00 am",0.854778
"Sep 26, 07:00 am",8.92693
"Sep 26, 08:00 am",11.994
"Sep 26, 09:00 am",12.8926
"Sep 26, 10:00 am",12.6386
"Sep 26, 11:00 am",11.5241
"Sep 26, 12:00 pm",9.52137
"Sep 26, 01:00 pm",6.58212
"Sep 26, 02:00 pm",2.87969
"Sep 26, 03:00 pm",0.801678
"Sep 26, 04:00 pm",0.723794
"Sep 26, 05:00 pm",0.385882
"Sep 26, 06:00 pm",0
"Sep 26, 07:00 pm",0
"Sep 26, 08:00 pm",0
"Sep 26, 09:00 pm",0
"Sep 26, 10:00 pm",0
"Sep 26, 11:00 pm",0
"Sep 27, 12:00 am",0
"Sep 27, 01:00 am",0
"Sep 27, 02:00 am",0
"Sep 27, 03:00 am",0
"Sep 27, 04:00 am",0
"Sep 27, 05:00 am",0
"Sep 27, 06:00 am",0.766124
"Sep 27, 07:00 am",8.94593
"Sep 27, 08:00 am",12.2107
"Sep 27, 09:00 am",13.2576
"Sep 27, 10:00 am",13.0576
"Sep 27, 11:00 am",11.8113
"Sep 27, 12:00 pm",9.73145
"Sep 27, 01:00 pm",6.67183
"Sep 27, 02:00 pm",2.87334
"Sep 27, 03:00 pm",0.858478
"Sep 27, 04:00 pm",0.694218
"Sep 27, 05:00 pm",0.387277
"Sep 27, 06:00 pm",0
"Sep 27, 07:00 pm",0
"Sep 27, 08:00 pm",0
"Sep 27, 09:00 pm",0
"Sep 27, 10:00 pm",0
"Sep 27, 11:00 pm",0
"Sep 28, 12:00 am",0
"Sep 28, 01:00 am",0
"Sep 28, 02:00 am",0
"Sep 28, 03:00 am",0
"Sep 28, 04:00 am",0
"Sep 28, 05:00 am",0
"Sep 28, 06:00 am",0.501321
"Sep 28, 07:00 am",8.57493
"Sep 28, 08:00 am",11.9601
"Sep 28, 09:00 am",12.7993
"Sep 28, 10:00 am",12.5822
"Sep 28, 11:00 am",11.4751
"Sep 28, 12:00 pm",9.4775
"Sep 28, 01:00 pm",6.49697
"Sep 28, 02:00 pm",2.77199
"Sep 28, 03:00 pm",0.825841
"Sep 28, 04:00 pm",0.670958
"Sep 28, 05:00 pm",0.361182
"Sep 28, 06:00 pm",0
"Sep 28, 07:00 pm",0
"Sep 28, 08:00 pm",0
"Sep 28, 09:00 pm",0
"Sep 28, 10:00 pm",0
"Sep 28, 11:00 pm",0
"Sep 29, 12:00 am",0
"Sep 29, 01:00 am",0
"Sep 29, 02:00 am",0
"Sep 29, 03:00 am",0
"Sep 29, 04:00 am",0
"Sep 29, 05:00 am",0
"Sep 29, 06:00 am",0.739881
"Sep 29, 07:00 am",8.8042
"Sep 29, 08:00 am",11.7987
"Sep 29, 09:00 am",12.6254
"Sep 29, 10:00 am",12.4391
"Sep 29, 11:00 am",11.3258
"Sep 29, 12:00 pm",9.37719
"Sep 29, 01:00 pm",6.40978
"Sep 29, 02:00 pm",2.67861
"Sep 29, 03:00 pm",0.824474
"Sep 29, 04:00 pm",0.662128
"Sep 29, 05:00 pm",0.346958
"Sep 29, 06:00 pm",0
"Sep 29, 07:00 pm",0
"Sep 29, 08:00 pm",0
"Sep 29, 09:00 pm",0
"Sep 29, 10:00 pm",0
"Sep 29, 11:00 pm",0
"Sep 30, 12:00 am",0
"Sep 30, 01:00 am",0
"Sep 30, 02:00 am",0
"Sep 30, 03:00 am",0
"Sep 30, 04:00 am",0
"Sep 30, 05:00 am",0
"Sep 30, 06:00 am",-0
"Sep 30, 07:00 am",8.23467
"Sep 30, 08:00 am",11.5696
"Sep 30, 09:00 am",12.5939
"Sep 30, 10:00 am",12.3497
"Sep 30, 11:00 am",11.2598
"Sep 30, 12:00 pm",9.30366
"Sep 30, 01:00 pm",6.31679
"Sep 30, 02:00 pm",2.59151
"Sep 30, 03:00 pm",0.785444
"Sep 30, 04:00 pm",0.687675
"Sep 30, 05:00 pm",0.380387
"Sep 30, 06:00 pm",0
"Sep 30, 07:00 pm",0
"Sep 30, 08:00 pm",0
"Sep 30, 09:00 pm",0
"Sep 30, 10:00 pm",0
"Sep 30, 11:00 pm",0
"Oct 1, 12:00 am",0
"Oct 1, 01:00 am",0
"Oct 1, 02:00 am",0
"Oct 1, 03:00 am",0
"Oct 1, 04:00 am",0
"Oct 1, 05:00 am",0
"Oct 1, 06:00 am",-0
"Oct 1, 07:00 am",7.63253
"Oct 1, 08:00 am",10.9042
"Oct 1, 09:00 am",9.7218
"Oct 1, 10:00 am",10.4293
"Oct 1, 11:00 am",10.8575
"Oct 1, 12:00 pm",9.11446
"Oct 1, 01:00 pm",6.21445
"Oct 1, 02:00 pm",2.47796
"Oct 1, 03:00 pm",0.893124
"Oct 1, 04:00 pm",0.691893
"Oct 1, 05:00 pm",0.382525
"Oct 1, 06:00 pm",0
"Oct 1, 07:00 pm",0
"Oct 1, 08:00 pm",0
"Oct 1, 09:00 pm",0
"Oct 1, 10:00 pm",0
"Oct 1, 11:00 pm",0
"Oct 2, 12:00 am",0
"Oct 2, 01:00 am",0
"Oct 2, 02:00 am",0
"Oct 2, 03:00 am",0
"Oct 2, 04:00 am",0
"Oct 2, 05:00 am",0
"Oct 2, 06:00 am",-0
"Oct 2, 07:00 am",3.97084
"Oct 2, 08:00 am",5.9474
"Oct 2, 09:00 am",9.00332
"Oct 2, 10:00 am",0.687286
"Oct 2, 11:00 am",9.55095
"Oct 2, 12:00 pm",7.66507
"Oct 2, 01:00 pm",3.61237
"Oct 2, 02:00 pm",0.264468
"Oct 2, 03:00 pm",0.294686
"Oct 2, 04:00 pm",1.10153
"Oct 2, 05:00 pm",0.494419
"Oct 2, 06:00 pm",0
"Oct 2, 07:00 pm",0
"Oct 2, 08:00 pm",0
"Oct 2, 09:00 pm",0
"Oct 2, 10:00 pm",0
"Oct 2, 11:00 pm",0
"Oct 3, 12:00 am",0
"Oct 3, 01:00 am",0
"Oct 3, 02:00 am",0
"Oct 3, 03:00 am",0
"Oct 3, 04:00 am",0
"Oct 3, 05:00 am",0
"Oct 3, 06:00 am",-0
"Oct 3, 07:00 am",8.91332
"Oct 3, 08:00 am",12.5117
"Oct 3, 09:00 am",13.7891
"Oct 3, 10:00 am",13.5161
"Oct 3, 11:00 am",12.1672
"Oct 3, 12:00 pm",9.93738
"Oct 3, 01:00 pm",6.57271
"Oct 3, 02:00 pm",2.50442
"Oct 3, 03:00 pm",0.896975
"Oct 3, 04:00 pm",0.669452
"Oct 3, 05:00 pm",0.324416
"Oct 3, 06:00 pm",0
"Oct 3, 07:00 pm",0
"Oct 3, 08:00 pm",0
"Oct 3, 09:00 pm",0
"Oct 3, 10:00 pm",0
"Oct 3, 11:00 pm",0
"Oct 4, 12:00 am",0
"Oct 4, 01:00 am",0
"Oct 4, 02:00 am",0
"Oct 4, 03:00 am",0
"Oct 4, 04:00 am",0
"Oct 4, 05:00 am",0
"Oct 4, 06:00 am",-0
"Oct 4, 07:00 am",9.2009
"Oct 4, 08:00 am",12.5667
"Oct 4, 09:00 am",13.5305
"Oct 4, 10:00 am",13.1805
"Oct 4, 11:00 am",11.7907
"Oct 4, 12:00 pm",9.57112
"Oct 4, 01:00 pm",6.35047
"Oct 4, 02:00 pm",2.46066
"Oct 4, 03:00 pm",0.860476
"Oct 4, 04:00 pm",0.691408
"Oct 4, 05:00 pm",0.34434
"Oct 4, 06:00 pm",0
"Oct 4, 07:00 pm",0
"Oct 4, 08:00 pm",0
"Oct 4, 09:00 pm",0
"Oct 4, 10:00 pm",0
"Oct 4, 11:00 pm",0
"Oct 5, 12:00 am",0
"Oct 5, 01:00 am",0
"Oct 5, 02:00 am",0
"Oct 5, 03:00 am",0
"Oct 5, 04:00 am",0
"Oct 5, 05:00 am",0
"Oct 5, 06:00 am",-0
"Oct 5, 07:00 am",7.85018
"Oct 5, 08:00 am",11.6242
"Oct 5, 09:00 am",12.8216
"Oct 5, 10:00 am",12.5705
"Oct 5, 11:00 am",11.3675
"Oct 5, 12:00 pm",9.34898
"Oct 5, 01:00 pm",6.20066
"Oct 5, 02:00 pm",2.36345
"Oct 5, 03:00 pm",0.854412
"Oct 5, 04:00 pm",1.13773
"Oct 5, 05:00 pm",0.35116
"Oct 5, 06:00 pm",0
"Oct 5, 07:00 pm",0
"Oct 5, 08:00 pm",0
"Oct 5, 09:00 pm",0
"Oct 5, 10:00 pm",0
"Oct 5, 11:00 pm",0
"Oct 6, 12:00 am",0
"Oct 6, 01:00 am",0
"Oct 6, 02:00 am",0
"Oct 6, 03:00 am",0
"Oct 6, 04:00 am",0
"Oct 6, 05:00 am",0
"Oct 6, 06:00 am",-0
"Oct 6, 07:00 am",8.08886
"Oct 6, 08:00 am",11.5756
"Oct 6, 09:00 am",10.3865
"Oct 6, 10:00 am",12.8261
"Oct 6, 11:00 am",11.4119
"Oct 6, 12:00 pm",9.28897
"Oct 6, 01:00 pm",6.1124
"Oct 6, 02:00 pm",2.28908
"Oct 6, 03:00 pm",0.800872
"Oct 6, 04:00 pm",0.690646
"Oct 6, 05:00 pm",0.27832
"Oct 6, 06:00 pm",0
"Oct 6, 07:00 pm",0
"Oct 6, 08:00 pm",0
"Oct 6, 09:00 pm",0
"Oct 6, 10:00 pm",0
"Oct 6, 11:00 pm",0
"Oct 7, 12:00 am",0
"Oct 7, 01:00 am",0
"Oct 7, 02:00 am",0
"Oct 7, 03:00 am",0
"Oct 7, 04:00 am",0
"Oct 7, 05:00 am",0
"Oct 7, 06:00 am",-0
"Oct 7, 07:00 am",8.97883
"Oct 7, 08:00 am",12.3712
"Oct 7, 09:00 am",13.1651
"Oct 7, 10:00 am",12.7065
"Oct 7, 11:00 am",11.375
"Oct 7, 12:00 pm",9.19316
"Oct 7, 01:00 pm",5.93881
"Oct 7, 02:00 pm",2.1384
"Oct 7, 03:00 pm",0.752124
"Oct 7, 04:00 pm",0.662745
"Oct 7, 05:00 pm",0.269006
"Oct 7, 06:00 pm",0
"Oct 7, 07:00 pm",0
"Oct 7, 08:00 pm",0
"Oct 7, 09:00 pm",0
"Oct 7, 10:00 pm",0
"Oct 7, 11:00 pm",0
"Oct 8, 12:00 am",0
"Oct 8, 01:00 am",0
"Oct 8, 02:00 am",0
"Oct 8, 03:00 am",0
"Oct 8, 04:00 am",0
"Oct 8, 05:00 am",0
"Oct 8, 06:00 am",-0
"Oct 8, 07:00 am",4.39437
"Oct 8, 08:00 am",8.18098
"Oct 8, 09:00 am",11.0524
"Oct 8, 10:00 am",10.671
"Oct 8, 11:00 am",10.5831
"Oct 8, 12:00 pm",8.47861
"Oct 8, 01:00 pm",5.6016
"Oct 8, 02:00 pm",2.06027
"Oct 8, 03:00 pm",0.909438
"Oct 8, 04:00 pm",0.708729
"Oct 8, 05:00 pm",0.292091
"Oct 8, 06:00 pm",0
"Oct 8, 07:00 pm",0
"Oct 8, 08:00 pm",0
"Oct 8, 09:00 pm",0
"Oct 8, 10:00 pm",0
"Oct 8, 11:00 pm",0
"Oct 9, 12:00 am",0
"Oct 9, 01:00 am",0
"Oct 9, 02:00 am",0
"Oct 9, 03:00 am",0
"Oct 9, 04:00 am",0
"Oct 9, 05:00 am",0
"Oct 9, 06:00 am",-0
"Oct 9, 07:00 am",7.15598
"Oct 9, 08:00 am",10.5419
"Oct 9, 09:00 am",11.7419
"Oct 9, 10:00 am",11.8737
"Oct 9, 11:00 am",10.7599
"Oct 9, 12:00 pm",8.81518
"Oct 9, 01:00 pm",5.71007
"Oct 9, 02:00 pm",1.97709
"Oct 9, 03:00 pm",0.83942
"Oct 9, 04:00 pm",0.628412
"Oct 9, 05:00 pm",0.238795
"Oct 9, 06:00 pm",0
"Oct 9, 07:00 pm",0
"Oct 9, 08:00 pm",0
"Oct 9, 09:00 pm",0
"Oct 9, 10:00 pm",0
"Oct 9, 11:00 pm",0
"Oct 10, 12:00 am",0
"Oct 10, 01:00 am",0
"Oct 10, 02:00 am",0
"Oct 10, 03:00 am",0
"Oct 10, 04:00 am",0
"Oct 10, 05:00 am",0
"Oct 10, 06:00 am",-0
"Oct 10, 07:00 am",7.29495
"Oct 10, 08:00 am",11.0662
"Oct 10, 09:00 am",12.2972
"Oct 10, 10:00 am",12.169
"Oct 10, 11:00 am",11.0458
"Oct 10, 12:00 pm",8.94485
"Oct 10, 01:00 pm",5.73851
"Oct 10, 02:00 pm",1.93169
"Oct 10, 03:00 pm",0.849302
"Oct 10, 04:00 pm",0.639031
"Oct 10, 05:00 pm",0.237821
"Oct 10, 06:00 pm",0
"Oct 10, 07:00 pm",0
"Oct 10, 08:00 pm",0
"Oct 10, 09:00 pm",0
"Oct 10, 10:00 pm",0
"Oct 10, 11:00 pm",0
"Oct 11, 12:00 am",0
"Oct 11, 01:00 am",0
"Oct 11, 02:00 am",0
"Oct 11, 03:00 am",0
"Oct 11, 04:00 am",0
"Oct 11, 05:00 am",0
"Oct 11, 06:00 am",-0
"Oct 11, 07:00 am",8.36425
"Oct 11, 08:00 am",11.6321
"Oct 11, 09:00 am",12.5494
"Oct 11, 10:00 am",12.2609
"Oct 11, 11:00 am",10.9117
"Oct 11, 12:00 pm",8.78789
"Oct 11, 01:00 pm",5.5866
"Oct 11, 02:00 pm",1.93816
"Oct 11, 03:00 pm",0.845827
"Oct 11, 04:00 pm",0.671
"Oct 11, 05:00 pm",0.232442
"Oct 11, 06:00 pm",0
"Oct 11, 07:00 pm",0
"Oct 11, 08:00 pm",0
"Oct 11, 09:00 pm",0
"Oct 11, 10:00 pm",0
"Oct 11, 11:00 pm",0
"Oct 12, 12:00 am",0
"Oct 12, 01:00 am",0
"Oct 12, 02:00 am",0
"Oct 12, 03:00 am",0
"Oct 12, 04:00 am",0
"Oct 12, 05:00 am",0
"Oct 12, 06:00 am",0
"Oct 12, 07:00 am",7.49678
"Oct 12, 08:00 am",11.0455
"Oct 12, 09:00 am",12.0534
"Oct 12, 10:00 am",9.30726
"Oct 12, 11:00 am",10.6991
"Oct 12, 12:00 pm",5.62984
"Oct 12, 01:00 pm",5.20727
"Oct 12, 02:00 pm",1.8634
"Oct 12, 03:00 pm",0.79012
"Oct 12, 04:00 pm",0.553083
"Oct 12, 05:00 pm",0.183118
"Oct 12, 06:00 pm",0
"Oct 12, 07:00 pm",0
"Oct 12, 08:00 pm",0
"Oct 12, 09:00 pm",0
"Oct 12, 10:00 pm",0
"Oct 12, 11:00 pm",0
"Oct 13, 12:00 am",0
"Oct 13, 01:00 am",0
"Oct 13, 02:00 am",0
"Oct 13, 03:00 am",0
"Oct 13, 04:00 am",0
"Oct 13, 05:00 am",0
"Oct 13, 06:00 am",0
"Oct 13, 07:00 am",8.23688
"Oct 13, 08:00 am",11.696
"Oct 13, 09:00 am",12.7583
"Oct 13, 10:00 am",12.2617
"Oct 13, 11:00 am",10.8072
"Oct 13, 12:00 pm",8.71551
"Oct 13, 01:00 pm",5.52582
"Oct 13, 02:00 pm",1.82683
"Oct 13, 03:00 pm",0.740707
"Oct 13, 04:00 pm",0.617796
"Oct 13, 05:00 pm",0.161758
"Oct 13, 06:00 pm",0
"Oct 13, 07:00 pm",0
"Oct 13, 08:00 pm",0
"Oct 13, 09:00 pm",0
"Oct 13, 10:00 pm",0
"Oct 13, 11:00 pm",0
"Oct 14, 12:00 am",0
"Oct 14, 01:00 am",0
"Oct 14, 02:00 am",0
"Oct 14, 03:00 am",0
"Oct 14, 04:00 am",0
"Oct 14, 05:00 am",0
"Oct 14, 06:00 am",0
"Oct 14, 07:00 am",7.93772
"Oct 14, 08:00 am",11.2446
"Oct 14, 09:00 am",12.2458
"Oct 14, 10:00 am",11.9867
"Oct 14, 11:00 am",10.7076
"Oct 14, 12:00 pm",8.61238
"Oct 14, 01:00 pm",5.42597
"Oct 14, 02:00 pm",1.77399
"Oct 14, 03:00 pm",0.749932
"Oct 14, 04:00 pm",0.616367
"Oct 14, 05:00 pm",0.138843
"Oct 14, 06:00 pm",0
"Oct 14, 07:00 pm",0
"Oct 14, 08:00 pm",0
"Oct 14, 09:00 pm",0
"Oct 14, 10:00 pm",0
"Oct 14, 11:00 pm",0
"Oct 15, 12:00 am",0
"Oct 15, 01:00 am",0
"Oct 15, 02:00 am",0
"Oct 15, 03:00 am",0
"Oct 15, 04:00 am",0
"Oct 15, 05:00 am",0
"Oct 15, 06:00 am",0
"Oct 15, 07:00 am",8.01383
"Oct 15, 08:00 am",11.3167
"Oct 15, 09:00 am",12.2928
"Oct 15, 10:00 am",11.9121
"Oct 15, 11:00 am",10.5489
"Oct 15, 12:00 pm",8.65513
"Oct 15, 01:00 pm",5.38975
"Oct 15, 02:00 pm",1.72698
"Oct 15, 03:00 pm",0.763979
"Oct 15, 04:00 pm",0.578979
"Oct 15, 05:00 pm",0.12488
"Oct 15, 06:00 pm",0
"Oct 15, 07:00 pm",0
"Oct 15, 08:00 pm",0
"Oct 15, 09:00 pm",0
"Oct 15, 10:00 pm",0
"Oct 15, 11:00 pm",0
"Oct 16, 12:00 am",0
"Oct 16, 01:00 am",0
"Oct 16, 02:00 am",0
"Oct 16, 03:00 am",0
"Oct 16, 04:00 am",0
"Oct 16, 05:00 am",0
"Oct 16, 06:00 am",0
"Oct 16, 07:00 am",7.87604
"Oct 16, 08:00 am",11.3724
"Oct 16, 09:00 am",12.5535
"Oct 16, 10:00 am",12.1399
"Oct 16, 11:00 am",9.18616
"Oct 16, 12:00 pm",8.49652
"Oct 16, 01:00 pm",5.03038
"Oct 16, 02:00 pm",2.30031
"Oct 16, 03:00 pm",0.809516
"Oct 16, 04:00 pm",0.96842
"Oct 16, 05:00 pm",0.0935576
"Oct 16, 06:00 pm",0
"Oct 16, 07:00 pm",0
"Oct 16, 08:00 pm",0
"Oct 16, 09:00 pm",0
"Oct 16, 10:00 pm",0
"Oct 16, 11:00 pm",0
"Oct 17, 12:00 am",0
"Oct 17, 01:00 am",0
"Oct 17, 02:00 am",0
"Oct 17, 03:00 am",0
"Oct 17, 04:00 am",0
"Oct 17, 05:00 am",0
"Oct 17, 06:00 am",0
"Oct 17, 07:00 am",7.66693
"Oct 17, 08:00 am",11.4437
"Oct 17, 09:00 am",12.7212
"Oct 17, 10:00 am",12.4339
"Oct 17, 11:00 am",11.061
"Oct 17, 12:00 pm",8.76867
"Oct 17, 01:00 pm",5.33575
"Oct 17, 02:00 pm",1.6091
"Oct 17, 03:00 pm",0.709609
"Oct 17, 04:00 pm",0.587388
"Oct 17, 05:00 pm",0.0879676
"Oct 17, 06:00 pm",0
"Oct 17, 07:00 pm",0
"Oct 17, 08:00 pm",0
"Oct 17, 09:00 pm",0
"Oct 17, 10:00 pm",0
"Oct 17, 11:00 pm",0
"Oct 18, 12:00 am",0
"Oct 18, 01:00 am",0
"Oct 18, 02:00 am",0
"Oct 18, 03:00 am",0
"Oct 18, 04:00 am",0
"Oct 18, 05:00 am",0
"Oct 18, 06:00 am",0
"Oct 18, 07:00 am",7.55937
"Oct 18, 08:00 am",11.1823
"Oct 18, 09:00 am",12.2869
"Oct 18, 10:00 am",11.8393
"Oct 18, 11:00 am",10.5131
"Oct 18, 12:00 pm",8.41856
"Oct 18, 01:00 pm",5.14336
"Oct 18, 02:00 pm",1.49202
"Oct 18, 03:00 pm",0.806997
"Oct 18, 04:00 pm",0.610405
"Oct 18, 05:00 pm",0.0884061
"Oct 18, 06:00 pm",0
"Oct 18, 07:00 pm",0
"Oct 18, 08:00 pm",0
"Oct 18, 09:00 pm",0
"Oct 18, 10:00 pm",0
"Oct 18, 11:00 pm",0
"Oct 19, 12:00 am",0
"Oct 19, 01:00 am",0
"Oct 19, 02:00 am",0
"Oct 19, 03:00 am",0
"Oct 19, 04:00 am",0
"Oct 19, 05:00 am",0
"Oct 19, 06:00 am",0
"Oct 19, 07:00 am",7.1199
"Oct 19, 08:00 am",11.1676
"Oct 19, 09:00 am",12.5084
"Oct 19, 10:00 am",12.2429
"Oct 19, 11:00 am",10.894
"Oct 19, 12:00 pm",8.67727
"Oct 19, 01:00 pm",5.24361
"Oct 19, 02:00 pm",1.53515
"Oct 19, 03:00 pm",0.70545
"Oct 19, 04:00 pm",0.559875
"Oct 19, 05:00 pm",0.0707091
"Oct 19, 06:00 pm",0
"Oct 19, 07:00 pm",0
"Oct 19, 08:00 pm",0
"Oct 19, 09:00 pm",0
"Oct 19, 10:00 pm",0
"Oct 19, 11:00 pm",0
"Oct 20, 12:00 am",0
"Oct 20, 01:00 am",0
"Oct 20, 02:00 am",0
"Oct 20, 03:00 am",0
"Oct 20, 04:00 am",0
"Oct 20, 05:00 am",0
"Oct 20, 06:00 am",0
"Oct 20, 07:00 am",8.309
"Oct 20, 08:00 am",11.9189
"Oct 20, 09:00 am",12.7288
"Oct 20, 10:00 am",12.3335
"Oct 20, 11:00 am",10.8942
"Oct 20, 12:00 pm",8.57437
"Oct 20, 01:00 pm",5.10674
"Oct 20, 02:00 pm",1.43175
"Oct 20, 03:00 pm",0.77602
"Oct 20, 04:00 pm",0.558232
"Oct 20, 05:00 pm",0.061005
"Oct 20, 06:00 pm",0
"Oct 20, 07:00 pm",0
"Oct 20, 08:00 pm",0
"Oct 20, 09:00 pm",0
"Oct 20, 10:00 pm",0
"Oct 20, 11:00 pm",0
"Oct 21, 12:00 am",0
"Oct 21, 01:00 am",0
"Oct 21, 02:00 am",0
"Oct 21, 03:00 am",0
"Oct 21, 04:00 am",0
"Oct 21, 05:00 am",0
"Oct 21, 06:00 am",0
"Oct 21, 07:00 am",6.86742
"Oct 21, 08:00 am",10.5595
"Oct 21, 09:00 am",11.5826
"Oct 21, 10:00 am",11.3036
"Oct 21, 11:00 am",10.112
"Oct 21, 12:00 pm",8.06082
"Oct 21, 01:00 pm",4.89238
"Oct 21, 02:00 pm",1.39575
"Oct 21, 03:00 pm",0.684852
"Oct 21, 04:00 pm",0.552875
"Oct 21, 05:00 pm",0.0506741
"Oct 21, 06:00 pm",0
"Oct 21, 07:00 pm",0
"Oct 21, 08:00 pm",0
"Oct 21, 09:00 pm",0
"Oct 21, 10:00 pm",0
"Oct 21, 11:00 pm",0
"Oct 22, 12:00 am",0
"Oct 22, 01:00 am",0
"Oct 22, 02:00 am",0
"Oct 22, 03:00 am",0
"Oct 22, 04:00 am",0
"Oct 22, 05:00 am",0
"Oct 22, 06:00 am",0
"Oct 22, 07:00 am",6.476
"Oct 22, 08:00 am",10.1106
"Oct 22, 09:00 am",11.2951
"Oct 22, 10:00 am",11.0392
"Oct 22, 11:00 am",9.80843
"Oct 22, 12:00 pm",7.85547
"Oct 22, 01:00 pm",4.7259
"Oct 22, 02:00 pm",1.41005
"Oct 22, 03:00 pm",0.798718
"Oct 22, 04:00 pm",0.652385
"Oct 22, 05:00 pm",0.0453257
"Oct 22, 06:00 pm",0
"Oct 22, 07:00 pm",0
"Oct 22, 08:00 pm",0
"Oct 22, 09:00 pm",0
"Oct 22, 10:00 pm",0
"Oct 22, 11:00 pm",0
"Oct 23, 12:00 am",0
"Oct 23, 01:00 am",0
"Oct 23, 02:00 am",0
"Oct 23, 03:00 am",0
"Oct 23, 04:00 am",0
"Oct 23, 05:00 am",0
"Oct 23, 06:00 am",0
"Oct 23, 07:00 am",6.48166
"Oct 23, 08:00 am",9.73008
"Oct 23, 09:00 am",10.417
"Oct 23, 10:00 am",10.1409
"Oct 23, 11:00 am",8.46148
"Oct 23, 12:00 pm",7.89755
"Oct 23, 01:00 pm",4.74216
"Oct 23, 02:00 pm",1.27301
"Oct 23, 03:00 pm",0.752713
"Oct 23, 04:00 pm",0.524719
"Oct 23, 05:00 pm",0.0447567
"Oct 23, 06:00 pm",0
"Oct 23, 07:00 pm",0
"Oct 23, 08:00 pm",0
"Oct 23, 09:00 pm",0
"Oct 23, 10:00 pm",0
"Oct 23, 11:00 pm",0
"Oct 24, 12:00 am",0
"Oct 24, 01:00 am",0
"Oct 24, 02:00 am",0
"Oct 24, 03:00 am",0
"Oct 24, 04:00 am",0
"Oct 24, 05:00 am",0
"Oct 24, 06:00 am",0
"Oct 24, 07:00 am",3.87142
"Oct 24, 08:00 am",7.72332
"Oct 24, 09:00 am",7.93816
"Oct 24, 10:00 am",6.31709
"Oct 24, 11:00 am",6.60619
"Oct 24, 12:00 pm",6.55953
"Oct 24, 01:00 pm",4.31902
"Oct 24, 02:00 pm",2.70688
"Oct 24, 03:00 pm",1.49814
"Oct 24, 04:00 pm",0.67942
"Oct 24, 05:00 pm",-0
"Oct 24, 06:00 pm",0
"Oct 24, 07:00 pm",0
"Oct 24, 08:00 pm",0
"Oct 24, 09:00 pm",0
"Oct 24, 10:00 pm",0
"Oct 24, 11:00 pm",0
"Oct 25, 12:00 am",0
"Oct 25, 01:00 am",0
"Oct 25, 02:00 am",0
"Oct 25, 03:00 am",0
"Oct 25, 04:00 am",0
"Oct 25, 05:00 am",0
"Oct 25, 06:00 am",0
"Oct 25, 07:00 am",5.81881
"Oct 25, 08:00 am",10.0576
"Oct 25, 09:00 am",11.4639
"Oct 25, 10:00 am",11.3297
"Oct 25, 11:00 am",9.99411
"Oct 25, 12:00 pm",7.82382
"Oct 25, 01:00 pm",4.63648
"Oct 25, 02:00 pm",1.27418
"Oct 25, 03:00 pm",0.798545
"Oct 25, 04:00 pm",0.544428
"Oct 25, 05:00 pm",0.0280448
"Oct 25, 06:00 pm",0
"Oct 25, 07:00 pm",0
"Oct 25, 08:00 pm",0
"Oct 25, 09:00 pm",0
"Oct 25, 10:00 pm",0
"Oct 25, 11:00 pm",0
"Oct 26, 12:00 am",0
"Oct 26, 01:00 am",0
"Oct 26, 02:00 am",0
"Oct 26, 03:00 am",0
"Oct 26, 04:00 am",0
"Oct 26, 05:00 am",0
"Oct 26, 06:00 am",0
"Oct 26, 07:00 am",6.57887
"Oct 26, 08:00 am",10.3135
"Oct 26, 09:00 am",11.3127
"Oct 26, 10:00 am",10.8386
"Oct 26, 11:00 am",9.85205
"Oct 26, 12:00 pm",7.78421
"Oct 26, 01:00 pm",4.57732
"Oct 26, 02:00 pm",1.21327
"Oct 26, 03:00 pm",0.66798
"Oct 26, 04:00 pm",0.512628
"Oct 26, 05:00 pm",0.0190807
"Oct 26, 06:00 pm",0
"Oct 26, 07:00 pm",0
"Oct 26, 08:00 pm",0
"Oct 26, 09:00 pm",0
"Oct 26, 10:00 pm",0
"Oct 26, 11:00 pm",0
"Oct 27, 12:00 am",0
"Oct 27, 01:00 am",0
"Oct 27, 02:00 am",0
"Oct 27, 03:00 am",0
"Oct 27, 04:00 am",0
"Oct 27, 05:00 am",0
"Oct 27, 06:00 am",0
"Oct 27, 07:00 am",3.14962
"Oct 27, 08:00 am",5.86045
"Oct 27, 09:00 am",10.1622
"Oct 27, 10:00 am",9.48698
"Oct 27, 11:00 am",7.68658
"Oct 27, 12:00 pm",6.24721
"Oct 27, 01:00 pm",4.45518
"Oct 27, 02:00 pm",2.08175
"Oct 27, 03:00 pm",1.28175
"Oct 27, 04:00 pm",0.748539
"Oct 27, 05:00 pm",-0
"Oct 27, 06:00 pm",0
"Oct 27, 07:00 pm",0
"Oct 27, 08:00 pm",0
"Oct 27, 09:00 pm",0
"Oct 27, 10:00 pm",0
"Oct 27, 11:00 pm",0
"Oct 28, 12:00 am",0
"Oct 28, 01:00 am",0
"Oct 28, 02:00 am",0
"Oct 28, 03:00 am",0
"Oct 28, 04:00 am",0
"Oct 28, 05:00 am",0
"Oct 28, 06:00 am",0
"Oct 28, 07:00 am",4.28472
"Oct 28, 08:00 am",2.79545
"Oct 28, 09:00 am",7.41948
"Oct 28, 10:00 am",3.77305
"Oct 28, 11:00 am",7.63779
"Oct 28, 12:00 pm",6.89245
"Oct 28, 01:00 pm",4.45752
"Oct 28, 02:00 pm",1.1222
"Oct 28, 03:00 pm",1.61941
"Oct 28, 04:00 pm",0.844115
"Oct 28, 05:00 pm",-0
"Oct 28, 06:00 pm",0
"Oct 28, 07:00 pm",0
"Oct 28, 08:00 pm",0
"Oct 28, 09:00 pm",0
"Oct 28, 10:00 pm",0
"Oct 28, 11:00 pm",0
"Oct 29, 12:00 am",0
"Oct 29, 01:00 am",0
"Oct 29, 02:00 am",0
"Oct 29, 03:00 am",0
"Oct 29, 04:00 am",0
"Oct 29, 05:00 am",0
"Oct 29, 06:00 am",0
"Oct 29, 07:00 am",6.54197
"Oct 29, 08:00 am",10.214
"Oct 29, 09:00 am",11.3414
"Oct 29, 10:00 am",10.9187
"Oct 29, 11:00 am",9.65837
"Oct 29, 12:00 pm",7.56123
"Oct 29, 01:00 pm",4.38168
"Oct 29, 02:00 pm",1.07947
"Oct 29, 03:00 pm",0.730075
"Oct 29, 04:00 pm",0.498673
"Oct 29, 05:00 pm",-0
"Oct 29, 06:00 pm",0
"Oct 29, 07:00 pm",0
"Oct 29, 08:00 pm",0
"Oct 29, 09:00 pm",0
"Oct 29, 10:00 pm",0
"Oct 29, 11:00 pm",0
"Oct 30, 12:00 am",0
"Oct 30, 01:00 am",0
"Oct 30, 02:00 am",0
"Oct 30, 03:00 am",0
"Oct 30, 04:00 am",0
"Oct 30, 05:00 am",0
"Oct 30, 06:00 am",0
"Oct 30, 07:00 am",6.09086
"Oct 30, 08:00 am",7.20143
"Oct 30, 09:00 am",9.96296
"Oct 30, 10:00 am",9.71037
"Oct 30, 11:00 am",9.61286
"Oct 30, 12:00 pm",6.78911
"Oct 30, 01:00 pm",4.41595
"Oct 30, 02:00 pm",1.27524
"Oct 30, 03:00 pm",1.14343
"Oct 30, 04:00 pm",0.709937
"Oct 30, 05:00 pm",-0
"Oct 30, 06:00 pm",0
"Oct 30, 07:00 pm",0
"Oct 30, 08:00 pm",0
"Oct 30, 09:00 pm",0
"Oct 30, 10:00 pm",0
"Oct 30, 11:00 pm",0
"Oct 31, 12:00 am",0
"Oct 31, 01:00 am",0
"Oct 31, 02:00 am",0
"Oct 31, 03:00 am",0
"Oct 31, 04:00 am",0
"Oct 31, 05:00 am",0
"Oct 31, 06:00 am",0
"Oct 31, 07:00 am",5.86968
"Oct 31, 08:00 am",9.43764
"Oct 31, 09:00 am",10.7009
"Oct 31, 10:00 am",9.64576
"Oct 31, 11:00 am",8.09319
"Oct 31, 12:00 pm",6.00326
"Oct 31, 01:00 pm",4.48889
"Oct 31, 02:00 pm",1.10136
"Oct 31, 03:00 pm",1.61332
"Oct 31, 04:00 pm",0.823365
"Oct 31, 05:00 pm",-0
"Oct 31, 06:00 pm",0
"Oct 31, 07:00 pm",0
"Oct 31, 08:00 pm",0
"Oct 31, 09:00 pm",0
"Oct 31, 10:00 pm",0
"Oct 31, 11:00 pm",0
"Nov 1, 12:00 am",0
"Nov 1, 01:00 am",0
"Nov 1, 02:00 am",0
"Nov 1, 03:00 am",0
"Nov 1, 04:00 am",0
"Nov 1, 05:00 am",0
"Nov 1, 06:00 am",0
"Nov 1, 07:00 am",6.81957
"Nov 1, 08:00 am",10.9692
"Nov 1, 09:00 am",12.0747
"Nov 1, 10:00 am",11.6182
"Nov 1, 11:00 am",10.2741
"Nov 1, 12:00 pm",7.93317
"Nov 1, 01:00 pm",4.47233
"Nov 1, 02:00 pm",1.06445
"Nov 1, 03:00 pm",1.27757
"Nov 1, 04:00 pm",0.727509
"Nov 1, 05:00 pm",-0
"Nov 1, 06:00 pm",0
"Nov 1, 07:00 pm",0
"Nov 1, 08:00 pm",0
"Nov 1, 09:00 pm",0
"Nov 1, 10:00 pm",0
"Nov 1, 11:00 pm",0
"Nov 2, 12:00 am",0
"Nov 2, 01:00 am",0
"Nov 2, 02:00 am",0
"Nov 2, 03:00 am",0
"Nov 2, 04:00 am",0
"Nov 2, 05:00 am",0
"Nov 2, 06:00 am",0
"Nov 2, 07:00 am",2.82038
"Nov 2, 08:00 am",10.616
"Nov 2, 09:00 am",12.0585
"Nov 2, 10:00 am",8.88015
"Nov 2, 11:00 am",10.4639
"Nov 2, 12:00 pm",6.92757
"Nov 2, 01:00 pm",4.35367
"Nov 2, 02:00 pm",1.78357
"Nov 2, 03:00 pm",1.16204
"Nov 2, 04:00 pm",0.65714
"Nov 2, 05:00 pm",-0
"Nov 2, 06:00 pm",0
"Nov 2, 07:00 pm",0
"Nov 2, 08:00 pm",0
"Nov 2, 09:00 pm",0
"Nov 2, 10:00 pm",0
"Nov 2, 11:00 pm",0
"Nov 3, 12:00 am",0
"Nov 3, 01:00 am",0
"Nov 3, 02:00 am",0
"Nov 3, 03:00 am",0
"Nov 3, 04:00 am",0
"Nov 3, 05:00 am",0
"Nov 3, 06:00 am",0
"Nov 3, 07:00 am",-0
"Nov 3, 08:00 am",1.0554
"Nov 3, 09:00 am",1.91916
"Nov 3, 10:00 am",2.66181
"Nov 3, 11:00 am",3.22929
"Nov 3, 12:00 pm",4.50494
"Nov 3, 01:00 pm",4.20086
"Nov 3, 02:00 pm",2.31616
"Nov 3, 03:00 pm",0.837541
"Nov 3, 04:00 pm",0.603847
"Nov 3, 05:00 pm",-0
"Nov 3, 06:00 pm",0
"Nov 3, 07:00 pm",0
"Nov 3, 08:00 pm",0
"Nov 3, 09:00 pm",0
"Nov 3, 10:00 pm",0
"Nov 3, 11:00 pm",0
"Nov 4, 12:00 am",0
"Nov 4, 01:00 am",0
"Nov 4, 02:00 am",0
"Nov 4, 03:00 am",0
"Nov 4, 04:00 am",0
"Nov 4, 05:00 am",0
"Nov 4, 06:00 am",0
"Nov 4, 07:00 am",5.87797
"Nov 4, 08:00 am",10.3418
"Nov 4, 09:00 am",11.8235
"Nov 4, 10:00 am",11.6131
"Nov 4, 11:00 am",10.2743
"Nov 4, 12:00 pm",7.90679
"Nov 4, 01:00 pm",4.41422
"Nov 4, 02:00 pm",1.04869
"Nov 4, 03:00 pm",0.778037
"Nov 4, 04:00 pm",0.504394
"Nov 4, 05:00 pm",-0
"Nov 4, 06:00 pm",0
"Nov 4, 07:00 pm",0
"Nov 4, 08:00 pm",0
"Nov 4, 09:00 pm",0
"Nov 4, 10:00 pm",0
"Nov 4, 11:00 pm",0
"Nov 5, 12:00 am",0
"Nov 5, 01:00 am",0
"Nov 5, 02:00 am",0
"Nov 5, 03:00 am",0
"Nov 5, 04:00 am",0
"Nov 5, 05:00 am",0
"Nov 5, 06:00 am",0
"Nov 5, 07:00 am",6.36372
"Nov 5, 08:00 am",10.7782
"Nov 5, 09:00 am",12.129
"Nov 5, 10:00 am",11.6926
"Nov 5, 11:00 am",10.2721
"Nov 5, 12:00 pm",7.79604
"Nov 5, 01:00 pm",4.29831
"Nov 5, 02:00 pm",1.03124
"Nov 5, 03:00 pm",0.667603
"Nov 5, 04:00 pm",0.478098
"Nov 5, 05:00 pm",-0
"Nov 5, 06:00 pm",0
"Nov 5, 07:00 pm",0
"Nov 5, 08:00 pm",0
"Nov 5, 09:00 pm",0
"Nov 5, 10:00 pm",0
"Nov 5, 11:00 pm",0
"Nov 6, 12:00 am",0
"Nov 6, 01:00 am",0
"Nov 6, 02:00 am",0
"Nov 6, 03:00 am",0
"Nov 6, 04:00 am",0
"Nov 6, 05:00 am",0
"Nov 6, 06:00 am",0
"Nov 6, 07:00 am",6.30033
"Nov 6, 08:00 am",10.0763
"Nov 6, 09:00 am",9.19339
"Nov 6, 10:00 am",9.29571
"Nov 6, 11:00 am",8.06439
"Nov 6, 12:00 pm",6.99531
"Nov 6, 01:00 pm",4.16003
"Nov 6, 02:00 pm",0.963882
"Nov 6, 03:00 pm",1.54794
"Nov 6, 04:00 pm",0.502225
"Nov 6, 05:00 pm",-0
"Nov 6, 06:00 pm",0
"Nov 6, 07:00 pm",0
"Nov 6, 08:00 pm",0
"Nov 6, 09:00 pm",0
"Nov 6, 10:00 pm",0
"Nov 6, 11:00 pm",0
"Nov 7, 12:00 am",0
"Nov 7, 01:00 am",0
"Nov 7, 02:00 am",0
"Nov 7, 03:00 am",0
"Nov 7, 04:00 am",0
"Nov 7, 05:00 am",0
"Nov 7, 06:00 am",0
"Nov 7, 07:00 am",5.69825
"Nov 7, 08:00 am",10.0618
"Nov 7, 09:00 am",8.11349
"Nov 7, 10:00 am",9.65985
"Nov 7, 11:00 am",10.0277
"Nov 7, 12:00 pm",7.04209
"Nov 7, 01:00 pm",4.13466
"Nov 7, 02:00 pm",1.61568
"Nov 7, 03:00 pm",0.625468
"Nov 7, 04:00 pm",0.707777
"Nov 7, 05:00 pm",-0
"Nov 7, 06:00 pm",0
"Nov 7, 07:00 pm",0
"Nov 7, 08:00 pm",0
"Nov 7, 09:00 pm",0
"Nov 7, 10:00 pm",0
"Nov 7, 11:00 pm",0
"Nov 8, 12:00 am",0
"Nov 8, 01:00 am",0
"Nov 8, 02:00 am",0
"Nov 8, 03:00 am",0
"Nov 8, 04:00 am",0
"Nov 8, 05:00 am",0
"Nov 8, 06:00 am",0
"Nov 8, 07:00 am",2.6472
"Nov 8, 08:00 am",9.79625
"Nov 8, 09:00 am",8.12243
"Nov 8, 10:00 am",10.7823
"Nov 8, 11:00 am",8.89246
"Nov 8, 12:00 pm",7.42678
"Nov 8, 01:00 pm",4.0683
"Nov 8, 02:00 pm",1.30928
"Nov 8, 03:00 pm",1.18184
"Nov 8, 04:00 pm",0.543683
"Nov 8, 05:00 pm",0
"Nov 8, 06:00 pm",0
"Nov 8, 07:00 pm",0
"Nov 8, 08:00 pm",0
"Nov 8, 09:00 pm",0
"Nov 8, 10:00 pm",0
"Nov 8, 11:00 pm",0
"Nov 9, 12:00 am",0
"Nov 9, 01:00 am",0
"Nov 9, 02:00 am",0
"Nov 9, 03:00 am",0
"Nov 9, 04:00 am",0
"Nov 9, 05:00 am",0
"Nov 9, 06:00 am",0
"Nov 9, 07:00 am",3.18524
"Nov 9, 08:00 am",8.27134
"Nov 9, 09:00 am",9.61798
"Nov 9, 10:00 am",9.61282
"Nov 9, 11:00 am",8.47978
"Nov 9, 12:00 pm",5.8133
"Nov 9, 01:00 pm",4.00408
"Nov 9, 02:00 pm",1.98472
"Nov 9, 03:00 pm",1.22895
"Nov 9, 04:00 pm",0.635944
"Nov 9, 05:00 pm",0
"Nov 9, 06:00 pm",0
"Nov 9, 07:00 pm",0
"Nov 9, 08:00 pm",0
"Nov 9, 09:00 pm",0
"Nov 9, 10:00 pm",0
"Nov 9, 11:00 pm",0
"Nov 10, 12:00 am",0
"Nov 10, 01:00 am",0
"Nov 10, 02:00 am",0
"Nov 10, 03:00 am",0
"Nov 10, 04:00 am",0
"Nov 10, 05:00 am",0
"Nov 10, 06:00 am",0
"Nov 10, 07:00 am",1.34426
"Nov 10, 08:00 am",3.88895
"Nov 10, 09:00 am",5.63653
"Nov 10, 10:00 am",7.74272
"Nov 10, 11:00 am",4.26905
"Nov 10, 12:00 pm",4.19199
"Nov 10, 01:00 pm",2.4115
"Nov 10, 02:00 pm",2.23834
"Nov 10, 03:00 pm",1.65002
"Nov 10, 04:00 pm",0.673627
"Nov 10, 05:00 pm",0
"Nov 10, 06:00 pm",0
"Nov 10, 07:00 pm",0
"Nov 10, 08:00 pm",0
"Nov 10, 09:00 pm",0
"Nov 10, 10:00 pm",0
"Nov 10, 11:00 pm",0
"Nov 11, 12:00 am",0
"Nov 11, 01:00 am",0
"Nov 11, 02:00 am",0
"Nov 11, 03:00 am",0
"Nov 11, 04:00 am",0
"Nov 11, 05:00 am",0
"Nov 11, 06:00 am",0
"Nov 11, 07:00 am",4.28568
"Nov 11, 08:00 am",9.21439
"Nov 11, 09:00 am",11.0298
"Nov 11, 10:00 am",11.0941
"Nov 11, 11:00 am",9.83244
"Nov 11, 12:00 pm",7.52254
"Nov 11, 01:00 pm",4.06725
"Nov 11, 02:00 pm",1.04052
"Nov 11, 03:00 pm",0.757948
"Nov 11, 04:00 pm",0.506812
"Nov 11, 05:00 pm",0
"Nov 11, 06:00 pm",0
"Nov 11, 07:00 pm",0
"Nov 11, 08:00 pm",0
"Nov 11, 09:00 pm",0
"Nov 11, 10:00 pm",0
"Nov 11, 11:00 pm",0
"Nov 12, 12:00 am",0
"Nov 12, 01:00 am",0
"Nov 12, 02:00 am",0
"Nov 12, 03:00 am",0
"Nov 12, 04:00 am",0
"Nov 12, 05:00 am",0
"Nov 12, 06:00 am",0
"Nov 12, 07:00 am",4.88087
"Nov 12, 08:00 am",9.87142
"Nov 12, 09:00 am",11.3514
"Nov 12, 10:00 am",11.1694
"Nov 12, 11:00 am",9.88924
"Nov 12, 12:00 pm",7.51494
"Nov 12, 01:00 pm",4.04677
"Nov 12, 02:00 pm",0.867098
"Nov 12, 03:00 pm",0.684073
"Nov 12, 04:00 pm",0.459721
"Nov 12, 05:00 pm",0
"Nov 12, 06:00 pm",0
"Nov 12, 07:00 pm",0
"Nov 12, 08:00 pm",0
"Nov 12, 09:00 pm",0
"Nov 12, 10:00 pm",0
"Nov 12, 11:00 pm",0
"Nov 13, 12:00 am",0
"Nov 13, 01:00 am",0
"Nov 13, 02:00 am",0
"Nov 13, 03:00 am",0
"Nov 13, 04:00 am",0
"Nov 13, 05:00 am",0
"Nov 13, 06:00 am",0
"Nov 13, 07:00 am",5.5317
"Nov 13, 08:00 am",10.5086
"Nov 13, 09:00 am",11.8127
"Nov 13, 10:00 am",11.4858
"Nov 13, 11:00 am",10.0115
"Nov 13, 12:00 pm",7.51417
"Nov 13, 01:00 pm",3.97103
"Nov 13, 02:00 pm",0.900637
"Nov 13, 03:00 pm",0.627493
"Nov 13, 04:00 pm",0.430277
"Nov 13, 05:00 pm",0
"Nov 13, 06:00 pm",0
"Nov 13, 07:00 pm",0
"Nov 13, 08:00 pm",0
"Nov 13, 09:00 pm",0
"Nov 13, 10:00 pm",0
"Nov 13, 11:00 pm",0
"Nov 14, 12:00 am",0
"Nov 14, 01:00 am",0
"Nov 14, 02:00 am",0
"Nov 14, 03:00 am",0
"Nov 14, 04:00 am",0
"Nov 14, 05:00 am",0
"Nov 14, 06:00 am",0
"Nov 14, 07:00 am",5.02641
"Nov 14, 08:00 am",9.95168
"Nov 14, 09:00 am",11.2598
"Nov 14, 10:00 am",11.1195
"Nov 14, 11:00 am",9.77496
"Nov 14, 12:00 pm",7.34648
"Nov 14, 01:00 pm",3.87513
"Nov 14, 02:00 pm",0.882864
"Nov 14, 03:00 pm",0.628849
"Nov 14, 04:00 pm",0.429168
"Nov 14, 05:00 pm",0
"Nov 14, 06:00 pm",0
"Nov 14, 07:00 pm",0
"Nov 14, 08:00 pm",0
"Nov 14, 09:00 pm",0
"Nov 14, 10:00 pm",0
"Nov 14, 11:00 pm",0
"Nov 15, 12:00 am",0
"Nov 15, 01:00 am",0
"Nov 15, 02:00 am",0
"Nov 15, 03:00 am",0
"Nov 15, 04:00 am",0
"Nov 15, 05:00 am",0
"Nov 15, 06:00 am",0
"Nov 15, 07:00 am",4.91392
"Nov 15, 08:00 am",10.5313
"Nov 15, 09:00 am",12.1372
"Nov 15, 10:00 am",11.962
"Nov 15, 11:00 am",10.4599
"Nov 15, 12:00 pm",7.81598
"Nov 15, 01:00 pm",4.06773
"Nov 15, 02:00 pm",0.908775
"Nov 15, 03:00 pm",0.644044
"Nov 15, 04:00 pm",0.438945
"Nov 15, 05:00 pm",0
"Nov 15, 06:00 pm",0
"Nov 15, 07:00 pm",0
"Nov 15, 08:00 pm",0
"Nov 15, 09:00 pm",0
"Nov 15, 10:00 pm",0
"Nov 15, 11:00 pm",0
"Nov 16, 12:00 am",0
"Nov 16, 01:00 am",0
"Nov 16, 02:00 am",0
"Nov 16, 03:00 am",0
"Nov 16, 04:00 am",0
"Nov 16, 05:00 am",0
"Nov 16, 06:00 am",0
"Nov 16, 07:00 am",5.05144
"Nov 16, 08:00 am",10.5015
"Nov 16, 09:00 am",11.8892
"Nov 16, 10:00 am",11.6532
"Nov 16, 11:00 am",10.208
"Nov 16, 12:00 pm",7.62179
"Nov 16, 01:00 pm",3.97545
"Nov 16, 02:00 pm",0.92146
"Nov 16, 03:00 pm",0.660157
"Nov 16, 04:00 pm",0.43459
"Nov 16, 05:00 pm",0
"Nov 16, 06:00 pm",0
"Nov 16, 07:00 pm",0
"Nov 16, 08:00 pm",0
"Nov 16, 09:00 pm",0
"Nov 16, 10:00 pm",0
"Nov 16, 11:00 pm",0
"Nov 17, 12:00 am",0
"Nov 17, 01:00 am",0
"Nov 17, 02:00 am",0
"Nov 17, 03:00 am",0
"Nov 17, 04:00 am",0
"Nov 17, 05:00 am",0
"Nov 17, 06:00 am",0
"Nov 17, 07:00 am",4.44853
"Nov 17, 08:00 am",10.1371
"Nov 17, 09:00 am",11.6931
"Nov 17, 10:00 am",11.3895
"Nov 17, 11:00 am",10.0213
"Nov 17, 12:00 pm",7.525
"Nov 17, 01:00 pm",3.93813
"Nov 17, 02:00 pm",0.904394
"Nov 17, 03:00 pm",0.660088
"Nov 17, 04:00 pm",0.434529
"Nov 17, 05:00 pm",0
"Nov 17, 06:00 pm",0
"Nov 17, 07:00 pm",0
"Nov 17, 08:00 pm",0
"Nov 17, 09:00 pm",0
"Nov 17, 10:00 pm",0
"Nov 17, 11:00 pm",0
"Nov 18, 12:00 am",0
"Nov 18, 01:00 am",0
"Nov 18, 02:00 am",0
"Nov 18, 03:00 am",0
"Nov 18, 04:00 am",0
"Nov 18, 05:00 am",0
"Nov 18, 06:00 am",0
"Nov 18, 07:00 am",4.76942
"Nov 18, 08:00 am",10.5616
"Nov 18, 09:00 am",11.9495
"Nov 18, 10:00 am",11.7305
"Nov 18, 11:00 am",10.3018
"Nov 18, 12:00 pm",7.68919
"Nov 18, 01:00 pm",3.9768
"Nov 18, 02:00 pm",0.8877
"Nov 18, 03:00 pm",0.629499
"Nov 18, 04:00 pm",0.405763
"Nov 18, 05:00 pm",0
"Nov 18, 06:00 pm",0
"Nov 18, 07:00 pm",0
"Nov 18, 08:00 pm",0
"Nov 18, 09:00 pm",0
"Nov 18, 10:00 pm",0
"Nov 18, 11:00 pm",0
"Nov 19, 12:00 am",0
"Nov 19, 01:00 am",0
"Nov 19, 02:00 am",0
"Nov 19, 03:00 am",0
"Nov 19, 04:00 am",0
"Nov 19, 05:00 am",0
"Nov 19, 06:00 am",0
"Nov 19, 07:00 am",4.25865
"Nov 19, 08:00 am",10.1521
"Nov 19, 09:00 am",11.5522
"Nov 19, 10:00 am",11.3276
"Nov 19, 11:00 am",9.89963
"Nov 19, 12:00 pm",7.4032
"Nov 19, 01:00 pm",3.83167
"Nov 19, 02:00 pm",0.862893
"Nov 19, 03:00 pm",0.622951
"Nov 19, 04:00 pm",0.40607
"Nov 19, 05:00 pm",0
"Nov 19, 06:00 pm",0
"Nov 19, 07:00 pm",0
"Nov 19, 08:00 pm",0
"Nov 19, 09:00 pm",0
"Nov 19, 10:00 pm",0
"Nov 19, 11:00 pm",0
"Nov 20, 12:00 am",0
"Nov 20, 01:00 am",0
"Nov 20, 02:00 am",0
"Nov 20, 03:00 am",0
"Nov 20, 04:00 am",0
"Nov 20, 05:00 am",0
"Nov 20, 06:00 am",0
"Nov 20, 07:00 am",3.73901
"Nov 20, 08:00 am",9.97674
"Nov 20, 09:00 am",11.4818
"Nov 20, 10:00 am",11.3194
"Nov 20, 11:00 am",9.96356
"Nov 20, 12:00 pm",7.46617
"Nov 20, 01:00 pm",3.89073
"Nov 20, 02:00 pm",0.860017
"Nov 20, 03:00 pm",0.707585
"Nov 20, 04:00 pm",0.41587
"Nov 20, 05:00 pm",0
"Nov 20, 06:00 pm",0
"Nov 20, 07:00 pm",0
"Nov 20, 08:00 pm",0
"Nov 20, 09:00 pm",0
"Nov 20, 10:00 pm",0
"Nov 20, 11:00 pm",0
"Nov 21, 12:00 am",0
"Nov 21, 01:00 am",0
"Nov 21, 02:00 am",0
"Nov 21, 03:00 am",0
"Nov 21, 04:00 am",0
"Nov 21, 05:00 am",0
"Nov 21, 06:00 am",0
"Nov 21, 07:00 am",2.60972
"Nov 21, 08:00 am",8.35753
"Nov 21, 09:00 am",8.06818
"Nov 21, 10:00 am",8.92587
"Nov 21, 11:00 am",7.98378
"Nov 21, 12:00 pm",6.66194
"Nov 21, 01:00 pm",3.72319
"Nov 21, 02:00 pm",0.805573
"Nov 21, 03:00 pm",0.676329
"Nov 21, 04:00 pm",0.433816
"Nov 21, 05:00 pm",0
"Nov 21, 06:00 pm",0
"Nov 21, 07:00 pm",0
"Nov 21, 08:00 pm",0
"Nov 21, 09:00 pm",0
"Nov 21, 10:00 pm",0
"Nov 21, 11:00 pm",0
"Nov 22, 12:00 am",0
"Nov 22, 01:00 am",0
"Nov 22, 02:00 am",0
"Nov 22, 03:00 am",0
"Nov 22, 04:00 am",0
"Nov 22, 05:00 am",0
"Nov 22, 06:00 am",0
"Nov 22, 07:00 am",1.02846
"Nov 22, 08:00 am",9.58771
"Nov 22, 09:00 am",7.6232
"Nov 22, 10:00 am",7.29511
"Nov 22, 11:00 am",7.61784
"Nov 22, 12:00 pm",5.85802
"Nov 22, 01:00 pm",3.70515
"Nov 22, 02:00 pm",1.13132
"Nov 22, 03:00 pm",0.980779
"Nov 22, 04:00 pm",0.431541
"Nov 22, 05:00 pm",0
"Nov 22, 06:00 pm",0
"Nov 22, 07:00 pm",0
"Nov 22, 08:00 pm",0
"Nov 22, 09:00 pm",0
"Nov 22, 10:00 pm",0
"Nov 22, 11:00 pm",0
"Nov 23, 12:00 am",0
"Nov 23, 01:00 am",0
"Nov 23, 02:00 am",0
"Nov 23, 03:00 am",0
"Nov 23, 04:00 am",0
"Nov 23, 05:00 am",0
"Nov 23, 06:00 am",0
"Nov 23, 07:00 am",0.131317
"Nov 23, 08:00 am",3.19804
"Nov 23, 09:00 am",4.3586
"Nov 23, 10:00 am",5.57728
"Nov 23, 11:00 am",2.70197
"Nov 23, 12:00 pm",4.47601
"Nov 23, 01:00 pm",2.22324
"Nov 23, 02:00 pm",1.66797
"Nov 23, 03:00 pm",1.42316
"Nov 23, 04:00 pm",0.541953
"Nov 23, 05:00 pm",0
"Nov 23, 06:00 pm",0
"Nov 23, 07:00 pm",0
"Nov 23, 08:00 pm",0
"Nov 23, 09:00 pm",0
"Nov 23, 10:00 pm",0
"Nov 23, 11:00 pm",0
"Nov 24, 12:00 am",0
"Nov 24, 01:00 am",0
"Nov 24, 02:00 am",0
"Nov 24, 03:00 am",0
"Nov 24, 04:00 am",0
"Nov 24, 05:00 am",0
"Nov 24, 06:00 am",0
"Nov 24, 07:00 am",1.8907
"Nov 24, 08:00 am",8.14205
"Nov 24, 09:00 am",10.1711
"Nov 24, 10:00 am",10.2354
"Nov 24, 11:00 am",9.17478
"Nov 24, 12:00 pm",6.88882
"Nov 24, 01:00 pm",3.63488
"Nov 24, 02:00 pm",0.820242
"Nov 24, 03:00 pm",0.688957
"Nov 24, 04:00 pm",0.390358
"Nov 24, 05:00 pm",0
"Nov 24, 06:00 pm",0
"Nov 24, 07:00 pm",0
"Nov 24, 08:00 pm",0
"Nov 24, 09:00 pm",0
"Nov 24, 10:00 pm",0
"Nov 24, 11:00 pm",0
"Nov 25, 12:00 am",0
"Nov 25, 01:00 am",0
"Nov 25, 02:00 am",0
"Nov 25, 03:00 am",0
"Nov 25, 04:00 am",0
"Nov 25, 05:00 am",0
"Nov 25, 06:00 am",0
"Nov 25, 07:00 am",2.68683
"Nov 25, 08:00 am",9.19256
"Nov 25, 09:00 am",10.9411
"Nov 25, 10:00 am",10.725
"Nov 25, 11:00 am",9.48962
"Nov 25, 12:00 pm",7.11532
"Nov 25, 01:00 pm",3.71222
"Nov 25, 02:00 pm",0.862918
"Nov 25, 03:00 pm",0.676805
"Nov 25, 04:00 pm",0.414072
"Nov 25, 05:00 pm",0
"Nov 25, 06:00 pm",0
"Nov 25, 07:00 pm",0
"Nov 25, 08:00 pm",0
"Nov 25, 09:00 pm",0
"Nov 25, 10:00 pm",0
"Nov 25, 11:00 pm",0
"Nov 26, 12:00 am",0
"Nov 26, 01:00 am",0
"Nov 26, 02:00 am",0
"Nov 26, 03:00 am",0
"Nov 26, 04:00 am",0
"Nov 26, 05:00 am",0
"Nov 26, 06:00 am",0
"Nov 26, 07:00 am",-0
"Nov 26, 08:00 am",3.80315
"Nov 26, 09:00 am",8.94747
"Nov 26, 10:00 am",10.6158
"Nov 26, 11:00 am",9.26819
"Nov 26, 12:00 pm",6.26262
"Nov 26, 01:00 pm",3.81522
"Nov 26, 02:00 pm",0.880509
"Nov 26, 03:00 pm",0.777092
"Nov 26, 04:00 pm",0.467239
"Nov 26, 05:00 pm",0
"Nov 26, 06:00 pm",0
"Nov 26, 07:00 pm",0
"Nov 26, 08:00 pm",0
"Nov 26, 09:00 pm",0
"Nov 26, 10:00 pm",0
"Nov 26, 11:00 pm",0
"Nov 27, 12:00 am",0
"Nov 27, 01:00 am",0
"Nov 27, 02:00 am",0
"Nov 27, 03:00 am",0
"Nov 27, 04:00 am",0
"Nov 27, 05:00 am",0
"Nov 27, 06:00 am",0
"Nov 27, 07:00 am",0.145829
"Nov 27, 08:00 am",4.41339
"Nov 27, 09:00 am",7.51816
"Nov 27, 10:00 am",11.9747
"Nov 27, 11:00 am",10.5279
"Nov 27, 12:00 pm",7.78919
"Nov 27, 01:00 pm",3.99739
"Nov 27, 02:00 pm",0.911295
"Nov 27, 03:00 pm",0.672078
"Nov 27, 04:00 pm",0.41789
"Nov 27, 05:00 pm",0
"Nov 27, 06:00 pm",0
"Nov 27, 07:00 pm",0
"Nov 27, 08:00 pm",0
"Nov 27, 09:00 pm",0
"Nov 27, 10:00 pm",0
"Nov 27, 11:00 pm",0
"Nov 28, 12:00 am",0
"Nov 28, 01:00 am",0
"Nov 28, 02:00 am",0
"Nov 28, 03:00 am",0
"Nov 28, 04:00 am",0
"Nov 28, 05:00 am",0
"Nov 28, 06:00 am",0
"Nov 28, 07:00 am",3.20901
"Nov 28, 08:00 am",10.2598
"Nov 28, 09:00 am",11.8501
"Nov 28, 10:00 am",11.7652
"Nov 28, 11:00 am",10.3092
"Nov 28, 12:00 pm",7.61141
"Nov 28, 01:00 pm",3.86845
"Nov 28, 02:00 pm",0.893835
"Nov 28, 03:00 pm",0.64191
"Nov 28, 04:00 pm",0.402615
"Nov 28, 05:00 pm",0
"Nov 28, 06:00 pm",0
"Nov 28, 07:00 pm",0
"Nov 28, 08:00 pm",0
"Nov 28, 09:00 pm",0
"Nov 28, 10:00 pm",0
"Nov 28, 11:00 pm",0
"Nov 29, 12:00 am",0
"Nov 29, 01:00 am",0
"Nov 29, 02:00 am",0
"Nov 29, 03:00 am",0
"Nov 29, 04:00 am",0
"Nov 29, 05:00 am",0
"Nov 29, 06:00 am",0
"Nov 29, 07:00 am",2.3496
"Nov 29, 08:00 am",9.25317
"Nov 29, 09:00 am",11.093
"Nov 29, 10:00 am",10.9342
"Nov 29, 11:00 am",9.73241
"Nov 29, 12:00 pm",7.25044
"Nov 29, 01:00 pm",3.75623
"Nov 29, 02:00 pm",0.87873
"Nov 29, 03:00 pm",0.644733
"Nov 29, 04:00 pm",0.564828
"Nov 29, 05:00 pm",0
"Nov 29, 06:00 pm",0
"Nov 29, 07:00 pm",0
"Nov 29, 08:00 pm",0
"Nov 29, 09:00 pm",0
"Nov 29, 10:00 pm",0
"Nov 29, 11:00 pm",0
"Nov 30, 12:00 am",0
"Nov 30, 01:00 am",0
"Nov 30, 02:00 am",0
"Nov 30, 03:00 am",0
"Nov 30, 04:00 am",0
"Nov 30, 05:00 am",0
"Nov 30, 06:00 am",0
"Nov 30, 07:00 am",2.30916
"Nov 30, 08:00 am",9.21486
"Nov 30, 09:00 am",11.121
"Nov 30, 10:00 am",10.9482
"Nov 30, 11:00 am",9.72701
"Nov 30, 12:00 pm",7.22845
"Nov 30, 01:00 pm",3.72997
"Nov 30, 02:00 pm",0.857921
"Nov 30, 03:00 pm",0.624309
"Nov 30, 04:00 pm",0.393074
"Nov 30, 05:00 pm",0
"Nov 30, 06:00 pm",0
"Nov 30, 07:00 pm",0
"Nov 30, 08:00 pm",0
"Nov 30, 09:00 pm",0
"Nov 30, 10:00 pm",0
"Nov 30, 11:00 pm",0
"Dec 1, 12:00 am",0
"Dec 1, 01:00 am",0
"Dec 1, 02:00 am",0
"Dec 1, 03:00 am",0
"Dec 1, 04:00 am",0
"Dec 1, 05:00 am",0
"Dec 1, 06:00 am",0
"Dec 1, 07:00 am",1.05014
"Dec 1, 08:00 am",8.09364
"Dec 1, 09:00 am",10.2693
"Dec 1, 10:00 am",10.4311
"Dec 1, 11:00 am",9.25191
"Dec 1, 12:00 pm",6.90137
"Dec 1, 01:00 pm",3.55321
"Dec 1, 02:00 pm",0.951743
"Dec 1, 03:00 pm",0.724877
"Dec 1, 04:00 pm",0.444165
"Dec 1, 05:00 pm",0
"Dec 1, 06:00 pm",0
"Dec 1, 07:00 pm",0
"Dec 1, 08:00 pm",0
"Dec 1, 09:00 pm",0
"Dec 1, 10:00 pm",0
"Dec 1, 11:00 pm",0
"Dec 2, 12:00 am",0
"Dec 2, 01:00 am",0
"Dec 2, 02:00 am",0
"Dec 2, 03:00 am",0
"Dec 2, 04:00 am",0
"Dec 2, 05:00 am",0
"Dec 2, 06:00 am",0
"Dec 2, 07:00 am",0.960777
"Dec 2, 08:00 am",7.94705
"Dec 2, 09:00 am",10.0104
"Dec 2, 10:00 am",10.1207
"Dec 2, 11:00 am",8.86289
"Dec 2, 12:00 pm",6.62842
"Dec 2, 01:00 pm",3.51936
"Dec 2, 02:00 pm",0.784484
"Dec 2, 03:00 pm",0.561447
"Dec 2, 04:00 pm",0.440186
"Dec 2, 05:00 pm",0
"Dec 2, 06:00 pm",0
"Dec 2, 07:00 pm",0
"Dec 2, 08:00 pm",0
"Dec 2, 09:00 pm",0
"Dec 2, 10:00 pm",0
"Dec 2, 11:00 pm",0
"Dec 3, 12:00 am",0
"Dec 3, 01:00 am",0
"Dec 3, 02:00 am",0
"Dec 3, 03:00 am",0
"Dec 3, 04:00 am",0
"Dec 3, 05:00 am",0
"Dec 3, 06:00 am",0
"Dec 3, 07:00 am",1.34075
"Dec 3, 08:00 am",8.22334
"Dec 3, 09:00 am",7.58995
"Dec 3, 10:00 am",8.96691
"Dec 3, 11:00 am",9.04768
"Dec 3, 12:00 pm",6.73404
"Dec 3, 01:00 pm",3.52663
"Dec 3, 02:00 pm",0.870175
"Dec 3, 03:00 pm",0.677683
"Dec 3, 04:00 pm",0.404014
"Dec 3, 05:00 pm",0
"Dec 3, 06:00 pm",0
"Dec 3, 07:00 pm",0
"Dec 3, 08:00 pm",0
"Dec 3, 09:00 pm",0
"Dec 3, 10:00 pm",0
"Dec 3, 11:00 pm",0
"Dec 4, 12:00 am",0
"Dec 4, 01:00 am",0
"Dec 4, 02:00 am",0
"Dec 4, 03:00 am",0
"Dec 4, 04:00 am",0
"Dec 4, 05:00 am",0
"Dec 4, 06:00 am",0
"Dec 4, 07:00 am",0.0182889
"Dec 4, 08:00 am",3.45219
"Dec 4, 09:00 am",4.95718
"Dec 4, 10:00 am",10.1234
"Dec 4, 11:00 am",8.83628
"Dec 4, 12:00 pm",6.62841
"Dec 4, 01:00 pm",3.45385
"Dec 4, 02:00 pm",1.88002
"Dec 4, 03:00 pm",0.614779
"Dec 4, 04:00 pm",0.376614
"Dec 4, 05:00 pm",0
"Dec 4, 06:00 pm",0
"Dec 4, 07:00 pm",0
"Dec 4, 08:00 pm",0
"Dec 4, 09:00 pm",0
"Dec 4, 10:00 pm",0
"Dec 4, 11:00 pm",0
"Dec 5, 12:00 am",0
"Dec 5, 01:00 am",0
"Dec 5, 02:00 am",0
"Dec 5, 03:00 am",0
"Dec 5, 04:00 am",0
"Dec 5, 05:00 am",0
"Dec 5, 06:00 am",0
"Dec 5, 07:00 am",-0
"Dec 5, 08:00 am",2.32496
"Dec 5, 09:00 am",10.1679
"Dec 5, 10:00 am",6.87776
"Dec 5, 11:00 am",9.10678
"Dec 5, 12:00 pm",6.83073
"Dec 5, 01:00 pm",3.59691
"Dec 5, 02:00 pm",0.820447
"Dec 5, 03:00 pm",0.694756
"Dec 5, 04:00 pm",0.375572
"Dec 5, 05:00 pm",0
"Dec 5, 06:00 pm",0
"Dec 5, 07:00 pm",0
"Dec 5, 08:00 pm",0
"Dec 5, 09:00 pm",0
"Dec 5, 10:00 pm",0
"Dec 5, 11:00 pm",0
"Dec 6, 12:00 am",0
"Dec 6, 01:00 am",0
"Dec 6, 02:00 am",0
"Dec 6, 03:00 am",0
"Dec 6, 04:00 am",0
"Dec 6, 05:00 am",0
"Dec 6, 06:00 am",0
"Dec 6, 07:00 am",-0
"Dec 6, 08:00 am",3.42141
"Dec 6, 09:00 am",5.3094
"Dec 6, 10:00 am",6.8127
"Dec 6, 11:00 am",7.41654
"Dec 6, 12:00 pm",6.80729
"Dec 6, 01:00 pm",3.63788
"Dec 6, 02:00 pm",1.96872
"Dec 6, 03:00 pm",1.37853
"Dec 6, 04:00 pm",0.532043
"Dec 6, 05:00 pm",0
"Dec 6, 06:00 pm",0
"Dec 6, 07:00 pm",0
"Dec 6, 08:00 pm",0
"Dec 6, 09:00 pm",0
"Dec 6, 10:00 pm",0
"Dec 6, 11:00 pm",0
"Dec 7, 12:00 am",0
"Dec 7, 01:00 am",0
"Dec 7, 02:00 am",0
"Dec 7, 03:00 am",0
"Dec 7, 04:00 am",0
"Dec 7, 05:00 am",0
"Dec 7, 06:00 am",0
"Dec 7, 07:00 am",1.04837
"Dec 7, 08:00 am",8.07377
"Dec 7, 09:00 am",10.2346
"Dec 7, 10:00 am",10.3584
"Dec 7, 11:00 am",9.22227
"Dec 7, 12:00 pm",6.91465
"Dec 7, 01:00 pm",3.64642
"Dec 7, 02:00 pm",0.823779
"Dec 7, 03:00 pm",0.678
"Dec 7, 04:00 pm",0.36812
"Dec 7, 05:00 pm",0
"Dec 7, 06:00 pm",0
"Dec 7, 07:00 pm",0
"Dec 7, 08:00 pm",0
"Dec 7, 09:00 pm",0
"Dec 7, 10:00 pm",0
"Dec 7, 11:00 pm",0
"Dec 8, 12:00 am",0
"Dec 8, 01:00 am",0
"Dec 8, 02:00 am",0
"Dec 8, 03:00 am",0
"Dec 8, 04:00 am",0
"Dec 8, 05:00 am",0
"Dec 8, 06:00 am",0
"Dec 8, 07:00 am",0.834423
"Dec 8, 08:00 am",8.02419
"Dec 8, 09:00 am",10.2674
"Dec 8, 10:00 am",10.364
"Dec 8, 11:00 am",9.22282
"Dec 8, 12:00 pm",6.93173
"Dec 8, 01:00 pm",3.66375
"Dec 8, 02:00 pm",0.777128
"Dec 8, 03:00 pm",0.647081
"Dec 8, 04:00 pm",0.402956
"Dec 8, 05:00 pm",0
"Dec 8, 06:00 pm",0
"Dec 8, 07:00 pm",0
"Dec 8, 08:00 pm",0
"Dec 8, 09:00 pm",0
"Dec 8, 10:00 pm",0
"Dec 8, 11:00 pm",0
"Dec 9, 12:00 am",0
"Dec 9, 01:00 am",0
"Dec 9, 02:00 am",0
"Dec 9, 03:00 am",0
"Dec 9, 04:00 am",0
"Dec 9, 05:00 am",0
"Dec 9, 06:00 am",0
"Dec 9, 07:00 am",-0
"Dec 9, 08:00 am",7.90295
"Dec 9, 09:00 am",10.0085
"Dec 9, 10:00 am",10.3169
"Dec 9, 11:00 am",9.30966
"Dec 9, 12:00 pm",7.06014
"Dec 9, 01:00 pm",3.77454
"Dec 9, 02:00 pm",0.83983
"Dec 9, 03:00 pm",0.691059
"Dec 9, 04:00 pm",0.472097
"Dec 9, 05:00 pm",0
"Dec 9, 06:00 pm",0
"Dec 9, 07:00 pm",0
"Dec 9, 08:00 pm",0
"Dec 9, 09:00 pm",0
"Dec 9, 10:00 pm",0
"Dec 9, 11:00 pm",0
"Dec 10, 12:00 am",0
"Dec 10, 01:00 am",0
"Dec 10, 02:00 am",0
"Dec 10, 03:00 am",0
"Dec 10, 04:00 am",0
"Dec 10, 05:00 am",0
"Dec 10, 06:00 am",0
"Dec 10, 07:00 am",-0
"Dec 10, 08:00 am",9.13574
"Dec 10, 09:00 am",11.1268
"Dec 10, 10:00 am",11.2093
"Dec 10, 11:00 am",9.97917
"Dec 10, 12:00 pm",7.47011
"Dec 10, 01:00 pm",3.87203
"Dec 10, 02:00 pm",0.908055
"Dec 10, 03:00 pm",0.661687
"Dec 10, 04:00 pm",0.413752
"Dec 10, 05:00 pm",0
"Dec 10, 06:00 pm",0
"Dec 10, 07:00 pm",0
"Dec 10, 08:00 pm",0
"Dec 10, 09:00 pm",0
"Dec 10, 10:00 pm",0
"Dec 10, 11:00 pm",0
"Dec 11, 12:00 am",0
"Dec 11, 01:00 am",0
"Dec 11, 02:00 am",0
"Dec 11, 03:00 am",0
"Dec 11, 04:00 am",0
"Dec 11, 05:00 am",0
"Dec 11, 06:00 am",0
"Dec 11, 07:00 am",-0
"Dec 11, 08:00 am",8.77919
"Dec 11, 09:00 am",10.7678
"Dec 11, 10:00 am",10.7378
"Dec 11, 11:00 am",9.41507
"Dec 11, 12:00 pm",7.12862
"Dec 11, 01:00 pm",3.81124
"Dec 11, 02:00 pm",0.796706
"Dec 11, 03:00 pm",0.64131
"Dec 11, 04:00 pm",0.521855
"Dec 11, 05:00 pm",0
"Dec 11, 06:00 pm",0
"Dec 11, 07:00 pm",0
"Dec 11, 08:00 pm",0
"Dec 11, 09:00 pm",0
"Dec 11, 10:00 pm",0
"Dec 11, 11:00 pm",0
"Dec 12, 12:00 am",0
"Dec 12, 01:00 am",0
"Dec 12, 02:00 am",0
"Dec 12, 03:00 am",0
"Dec 12, 04:00 am",0
"Dec 12, 05:00 am",0
"Dec 12, 06:00 am",0
"Dec 12, 07:00 am",-0
"Dec 12, 08:00 am",8.34925
"Dec 12, 09:00 am",10.6179
"Dec 12, 10:00 am",6.59457
"Dec 12, 11:00 am",7.53779
"Dec 12, 12:00 pm",7.21025
"Dec 12, 01:00 pm",3.81489
"Dec 12, 02:00 pm",0.919698
"Dec 12, 03:00 pm",0.759078
"Dec 12, 04:00 pm",0.427567
"Dec 12, 05:00 pm",0
"Dec 12, 06:00 pm",0
"Dec 12, 07:00 pm",0
"Dec 12, 08:00 pm",0
"Dec 12, 09:00 pm",0
"Dec 12, 10:00 pm",0
"Dec 12, 11:00 pm",0
"Dec 13, 12:00 am",0
"Dec 13, 01:00 am",0
"Dec 13, 02:00 am",0
"Dec 13, 03:00 am",0
"Dec 13, 04:00 am",0
"Dec 13, 05:00 am",0
"Dec 13, 06:00 am",0
"Dec 13, 07:00 am",-0
"Dec 13, 08:00 am",7.20227
"Dec 13, 09:00 am",2.98324
"Dec 13, 10:00 am",6.62466
"Dec 13, 11:00 am",7.55265
"Dec 13, 12:00 pm",4.62909
"Dec 13, 01:00 pm",3.34803
"Dec 13, 02:00 pm",2.23719
"Dec 13, 03:00 pm",1.38929
"Dec 13, 04:00 pm",0.548355
"Dec 13, 05:00 pm",0
"Dec 13, 06:00 pm",0
"Dec 13, 07:00 pm",0
"Dec 13, 08:00 pm",0
"Dec 13, 09:00 pm",0
"Dec 13, 10:00 pm",0
"Dec 13, 11:00 pm",0
"Dec 14, 12:00 am",0
"Dec 14, 01:00 am",0
"Dec 14, 02:00 am",0
"Dec 14, 03:00 am",0
"Dec 14, 04:00 am",0
"Dec 14, 05:00 am",0
"Dec 14, 06:00 am",0
"Dec 14, 07:00 am",-0
"Dec 14, 08:00 am",7.70509
"Dec 14, 09:00 am",5.19275
"Dec 14, 10:00 am",10.7434
"Dec 14, 11:00 am",9.6773
"Dec 14, 12:00 pm",7.33134
"Dec 14, 01:00 pm",3.93787
"Dec 14, 02:00 pm",0.552234
"Dec 14, 03:00 pm",0.781596
"Dec 14, 04:00 pm",0.558695
"Dec 14, 05:00 pm",0
"Dec 14, 06:00 pm",0
"Dec 14, 07:00 pm",0
"Dec 14, 08:00 pm",0
"Dec 14, 09:00 pm",0
"Dec 14, 10:00 pm",0
"Dec 14, 11:00 pm",0
"Dec 15, 12:00 am",0
"Dec 15, 01:00 am",0
"Dec 15, 02:00 am",0
"Dec 15, 03:00 am",0
"Dec 15, 04:00 am",0
"Dec 15, 05:00 am",0
"Dec 15, 06:00 am",0
"Dec 15, 07:00 am",-0
"Dec 15, 08:00 am",0.813066
"Dec 15, 09:00 am",0.0191709
"Dec 15, 10:00 am",1.0157
"Dec 15, 11:00 am",2.1847
"Dec 15, 12:00 pm",3.26867
"Dec 15, 01:00 pm",2.39757
"Dec 15, 02:00 pm",2.26402
"Dec 15, 03:00 pm",0.251746
"Dec 15, 04:00 pm",-0
"Dec 15, 05:00 pm",0
"Dec 15, 06:00 pm",0
"Dec 15, 07:00 pm",0
"Dec 15, 08:00 pm",0
"Dec 15, 09:00 pm",0
"Dec 15, 10:00 pm",0
"Dec 15, 11:00 pm",0
"Dec 16, 12:00 am",0
"Dec 16, 01:00 am",0
"Dec 16, 02:00 am",0
"Dec 16, 03:00 am",0
"Dec 16, 04:00 am",0
"Dec 16, 05:00 am",0
"Dec 16, 06:00 am",0
"Dec 16, 07:00 am",-0
"Dec 16, 08:00 am",7.4554
"Dec 16, 09:00 am",9.90995
"Dec 16, 10:00 am",10.3501
"Dec 16, 11:00 am",9.24625
"Dec 16, 12:00 pm",7.09367
"Dec 16, 01:00 pm",3.91609
"Dec 16, 02:00 pm",0.982645
"Dec 16, 03:00 pm",0.766655
"Dec 16, 04:00 pm",0.574906
"Dec 16, 05:00 pm",0
"Dec 16, 06:00 pm",0
"Dec 16, 07:00 pm",0
"Dec 16, 08:00 pm",0
"Dec 16, 09:00 pm",0
"Dec 16, 10:00 pm",0
"Dec 16, 11:00 pm",0
"Dec 17, 12:00 am",0
"Dec 17, 01:00 am",0
"Dec 17, 02:00 am",0
"Dec 17, 03:00 am",0
"Dec 17, 04:00 am",0
"Dec 17, 05:00 am",0
"Dec 17, 06:00 am",0
"Dec 17, 07:00 am",-0
"Dec 17, 08:00 am",7.6058
"Dec 17, 09:00 am",10.0926
"Dec 17, 10:00 am",10.3655
"Dec 17, 11:00 am",9.27111
"Dec 17, 12:00 pm",7.08789
"Dec 17, 01:00 pm",3.89208
"Dec 17, 02:00 pm",1.00468
"Dec 17, 03:00 pm",0.719635
"Dec 17, 04:00 pm",0.450169
"Dec 17, 05:00 pm",0
"Dec 17, 06:00 pm",0
"Dec 17, 07:00 pm",0
"Dec 17, 08:00 pm",0
"Dec 17, 09:00 pm",0
"Dec 17, 10:00 pm",0
"Dec 17, 11:00 pm",0
"Dec 18, 12:00 am",0
"Dec 18, 01:00 am",0
"Dec 18, 02:00 am",0
"Dec 18, 03:00 am",0
"Dec 18, 04:00 am",0
"Dec 18, 05:00 am",0
"Dec 18, 06:00 am",0
"Dec 18, 07:00 am",-0
"Dec 18, 08:00 am",2.24963
"Dec 18, 09:00 am",9.95603
"Dec 18, 10:00 am",6.18078
"Dec 18, 11:00 am",6.32789
"Dec 18, 12:00 pm",5.67498
"Dec 18, 01:00 pm",2.7905
"Dec 18, 02:00 pm",1.30275
"Dec 18, 03:00 pm",1.13098
"Dec 18, 04:00 pm",0.279518
"Dec 18, 05:00 pm",0
"Dec 18, 06:00 pm",0
"Dec 18, 07:00 pm",0
"Dec 18, 08:00 pm",0
"Dec 18, 09:00 pm",0
"Dec 18, 10:00 pm",0
"Dec 18, 11:00 pm",0
"Dec 19, 12:00 am",0
"Dec 19, 01:00 am",0
"Dec 19, 02:00 am",0
"Dec 19, 03:00 am",0
"Dec 19, 04:00 am",0
"Dec 19, 05:00 am",0
"Dec 19, 06:00 am",0
"Dec 19, 07:00 am",-0
"Dec 19, 08:00 am",7.8823
"Dec 19, 09:00 am",10.7779
"Dec 19, 10:00 am",11.3119
"Dec 19, 11:00 am",10.2501
"Dec 19, 12:00 pm",7.79722
"Dec 19, 01:00 pm",4.20556
"Dec 19, 02:00 pm",1.0007
"Dec 19, 03:00 pm",0.680736
"Dec 19, 04:00 pm",0.437364
"Dec 19, 05:00 pm",0
"Dec 19, 06:00 pm",0
"Dec 19, 07:00 pm",0
"Dec 19, 08:00 pm",0
"Dec 19, 09:00 pm",0
"Dec 19, 10:00 pm",0
"Dec 19, 11:00 pm",0
"Dec 20, 12:00 am",0
"Dec 20, 01:00 am",0
"Dec 20, 02:00 am",0
"Dec 20, 03:00 am",0
"Dec 20, 04:00 am",0
"Dec 20, 05:00 am",0
"Dec 20, 06:00 am",0
"Dec 20, 07:00 am",-0
"Dec 20, 08:00 am",8.86061
"Dec 20, 09:00 am",11.2105
"Dec 20, 10:00 am",11.3916
"Dec 20, 11:00 am",10.1058
"Dec 20, 12:00 pm",7.67958
"Dec 20, 01:00 pm",4.18193
"Dec 20, 02:00 pm",1.01678
"Dec 20, 03:00 pm",1.11237
"Dec 20, 04:00 pm",0.615308
"Dec 20, 05:00 pm",0
"Dec 20, 06:00 pm",0
"Dec 20, 07:00 pm",0
"Dec 20, 08:00 pm",0
"Dec 20, 09:00 pm",0
"Dec 20, 10:00 pm",0
"Dec 20, 11:00 pm",0
"Dec 21, 12:00 am",0
"Dec 21, 01:00 am",0
"Dec 21, 02:00 am",0
"Dec 21, 03:00 am",0
"Dec 21, 04:00 am",0
"Dec 21, 05:00 am",0
"Dec 21, 06:00 am",0
"Dec 21, 07:00 am",-0
"Dec 21, 08:00 am",8.30965
"Dec 21, 09:00 am",10.8643
"Dec 21, 10:00 am",10.9687
"Dec 21, 11:00 am",9.82535
"Dec 21, 12:00 pm",7.49552
"Dec 21, 01:00 pm",4.15399
"Dec 21, 02:00 pm",0.978634
"Dec 21, 03:00 pm",1.2023
"Dec 21, 04:00 pm",0.592711
"Dec 21, 05:00 pm",0
"Dec 21, 06:00 pm",0
"Dec 21, 07:00 pm",0
"Dec 21, 08:00 pm",0
"Dec 21, 09:00 pm",0
"Dec 21, 10:00 pm",0
"Dec 21, 11:00 pm",0
"Dec 22, 12:00 am",0
"Dec 22, 01:00 am",0
"Dec 22, 02:00 am",0
"Dec 22, 03:00 am",0
"Dec 22, 04:00 am",0
"Dec 22, 05:00 am",0
"Dec 22, 06:00 am",0
"Dec 22, 07:00 am",-0
"Dec 22, 08:00 am",7.1559
"Dec 22, 09:00 am",9.77858
"Dec 22, 10:00 am",10.1787
"Dec 22, 11:00 am",8.95479
"Dec 22, 12:00 pm",6.99023
"Dec 22, 01:00 pm",3.76372
"Dec 22, 02:00 pm",1.74418
"Dec 22, 03:00 pm",1.42735
"Dec 22, 04:00 pm",0.418865
"Dec 22, 05:00 pm",0
"Dec 22, 06:00 pm",0
"Dec 22, 07:00 pm",0
"Dec 22, 08:00 pm",0
"Dec 22, 09:00 pm",0
"Dec 22, 10:00 pm",0
"Dec 22, 11:00 pm",0
"Dec 23, 12:00 am",0
"Dec 23, 01:00 am",0
"Dec 23, 02:00 am",0
"Dec 23, 03:00 am",0
"Dec 23, 04:00 am",0
"Dec 23, 05:00 am",0
"Dec 23, 06:00 am",0
"Dec 23, 07:00 am",-0
"Dec 23, 08:00 am",6.90943
"Dec 23, 09:00 am",9.89138
"Dec 23, 10:00 am",10.3864
"Dec 23, 11:00 am",9.46316
"Dec 23, 12:00 pm",7.28779
"Dec 23, 01:00 pm",4.12993
"Dec 23, 02:00 pm",1.02624
"Dec 23, 03:00 pm",1.46562
"Dec 23, 04:00 pm",0.617815
"Dec 23, 05:00 pm",0
"Dec 23, 06:00 pm",0
"Dec 23, 07:00 pm",0
"Dec 23, 08:00 pm",0
"Dec 23, 09:00 pm",0
"Dec 23, 10:00 pm",0
"Dec 23, 11:00 pm",0
"Dec 24, 12:00 am",0
"Dec 24, 01:00 am",0
"Dec 24, 02:00 am",0
"Dec 24, 03:00 am",0
"Dec 24, 04:00 am",0
"Dec 24, 05:00 am",0
"Dec 24, 06:00 am",0
"Dec 24, 07:00 am",-0
"Dec 24, 08:00 am",0.250077
"Dec 24, 09:00 am",9.803
"Dec 24, 10:00 am",10.4825
"Dec 24, 11:00 am",9.61298
"Dec 24, 12:00 pm",7.39033
"Dec 24, 01:00 pm",4.06301
"Dec 24, 02:00 pm",1.09998
"Dec 24, 03:00 pm",0.811176
"Dec 24, 04:00 pm",0.556534
"Dec 24, 05:00 pm",0
"Dec 24, 06:00 pm",0
"Dec 24, 07:00 pm",0
"Dec 24, 08:00 pm",0
"Dec 24, 09:00 pm",0
"Dec 24, 10:00 pm",0
"Dec 24, 11:00 pm",0
"Dec 25, 12:00 am",0
"Dec 25, 01:00 am",0
"Dec 25, 02:00 am",0
"Dec 25, 03:00 am",0
"Dec 25, 04:00 am",0
"Dec 25, 05:00 am",0
"Dec 25, 06:00 am",0
"Dec 25, 07:00 am",0
"Dec 25, 08:00 am",0.311751
"Dec 25, 09:00 am",5.1892
"Dec 25, 10:00 am",7.21797
"Dec 25, 11:00 am",5.70731
"Dec 25, 12:00 pm",3.81208
"Dec 25, 01:00 pm",4.04826
"Dec 25, 02:00 pm",2.27789
"Dec 25, 03:00 pm",1.51474
"Dec 25, 04:00 pm",0.652492
"Dec 25, 05:00 pm",0
"Dec 25, 06:00 pm",0
"Dec 25, 07:00 pm",0
"Dec 25, 08:00 pm",0
"Dec 25, 09:00 pm",0
"Dec 25, 10:00 pm",0
"Dec 25, 11:00 pm",0
"Dec 26, 12:00 am",0
"Dec 26, 01:00 am",0
"Dec 26, 02:00 am",0
"Dec 26, 03:00 am",0
"Dec 26, 04:00 am",0
"Dec 26, 05:00 am",0
"Dec 26, 06:00 am",0
"Dec 26, 07:00 am",0
"Dec 26, 08:00 am",0.528463
"Dec 26, 09:00 am",5.95719
"Dec 26, 10:00 am",7.61324
"Dec 26, 11:00 am",6.64644
"Dec 26, 12:00 pm",5.78205
"Dec 26, 01:00 pm",4.04134
"Dec 26, 02:00 pm",1.0532
"Dec 26, 03:00 pm",0.773687
"Dec 26, 04:00 pm",0.467011
"Dec 26, 05:00 pm",0
"Dec 26, 06:00 pm",0
"Dec 26, 07:00 pm",0
"Dec 26, 08:00 pm",0
"Dec 26, 09:00 pm",0
"Dec 26, 10:00 pm",0
"Dec 26, 11:00 pm",0
"Dec 27, 12:00 am",0
"Dec 27, 01:00 am",0
"Dec 27, 02:00 am",0
"Dec 27, 03:00 am",0
"Dec 27, 04:00 am",0
"Dec 27, 05:00 am",0
"Dec 27, 06:00 am",0
"Dec 27, 07:00 am",0
"Dec 27, 08:00 am",0.949595
"Dec 27, 09:00 am",4.5927
"Dec 27, 10:00 am",3.79294
"Dec 27, 11:00 am",7.38157
"Dec 27, 12:00 pm",7.59108
"Dec 27, 01:00 pm",3.98731
"Dec 27, 02:00 pm",1.15378
"Dec 27, 03:00 pm",0.768911
"Dec 27, 04:00 pm",0.443952
"Dec 27, 05:00 pm",0
"Dec 27, 06:00 pm",0
"Dec 27, 07:00 pm",0
"Dec 27, 08:00 pm",0
"Dec 27, 09:00 pm",0
"Dec 27, 10:00 pm",0
"Dec 27, 11:00 pm",0
"Dec 28, 12:00 am",0
"Dec 28, 01:00 am",0
"Dec 28, 02:00 am",0
"Dec 28, 03:00 am",0
"Dec 28, 04:00 am",0
"Dec 28, 05:00 am",0
"Dec 28, 06:00 am",0
"Dec 28, 07:00 am",0
"Dec 28, 08:00 am",8.09145
"Dec 28, 09:00 am",10.8172
"Dec 28, 10:00 am",11.0725
"Dec 28, 11:00 am",10.0205
"Dec 28, 12:00 pm",7.76971
"Dec 28, 01:00 pm",4.42203
"Dec 28, 02:00 pm",1.06082
"Dec 28, 03:00 pm",0.735192
"Dec 28, 04:00 pm",0.492928
"Dec 28, 05:00 pm",0
"Dec 28, 06:00 pm",0
"Dec 28, 07:00 pm",0
"Dec 28, 08:00 pm",0
"Dec 28, 09:00 pm",0
"Dec 28, 10:00 pm",0
"Dec 28, 11:00 pm",0
"Dec 29, 12:00 am",0
"Dec 29, 01:00 am",0
"Dec 29, 02:00 am",0
"Dec 29, 03:00 am",0
"Dec 29, 04:00 am",0
"Dec 29, 05:00 am",0
"Dec 29, 06:00 am",0
"Dec 29, 07:00 am",0
"Dec 29, 08:00 am",7.86226
"Dec 29, 09:00 am",10.6175
"Dec 29, 10:00 am",11.0122
"Dec 29, 11:00 am",9.81837
"Dec 29, 12:00 pm",7.57893
"Dec 29, 01:00 pm",3.92136
"Dec 29, 02:00 pm",2.13964
"Dec 29, 03:00 pm",1.40873
"Dec 29, 04:00 pm",0.665836
"Dec 29, 05:00 pm",0
"Dec 29, 06:00 pm",0
"Dec 29, 07:00 pm",0
"Dec 29, 08:00 pm",0
"Dec 29, 09:00 pm",0
"Dec 29, 10:00 pm",0
"Dec 29, 11:00 pm",0
"Dec 30, 12:00 am",0
"Dec 30, 01:00 am",0
"Dec 30, 02:00 am",0
"Dec 30, 03:00 am",0
"Dec 30, 04:00 am",0
"Dec 30, 05:00 am",0
"Dec 30, 06:00 am",0
"Dec 30, 07:00 am",0
"Dec 30, 08:00 am",0.0587856
"Dec 30, 09:00 am",1.64245
"Dec 30, 10:00 am",1.11351
"Dec 30, 11:00 am",3.04774
"Dec 30, 12:00 pm",4.59753
"Dec 30, 01:00 pm",2.80092
"Dec 30, 02:00 pm",2.2006
"Dec 30, 03:00 pm",1.48546
"Dec 30, 04:00 pm",0.178641
"Dec 30, 05:00 pm",-0
"Dec 30, 06:00 pm",0
"Dec 30, 07:00 pm",0
"Dec 30, 08:00 pm",0
"Dec 30, 09:00 pm",0
"Dec 30, 10:00 pm",0
"Dec 30, 11:00 pm",0
"Dec 31, 12:00 am",0
"Dec 31, 01:00 am",0
"Dec 31, 02:00 am",0
"Dec 31, 03:00 am",0
"Dec 31, 04:00 am",0
"Dec 31, 05:00 am",0
"Dec 31, 06:00 am",0
"Dec 31, 07:00 am",0
"Dec 31, 08:00 am",6.70535
"Dec 31, 09:00 am",9.96454
"Dec 31, 10:00 am",10.7874
"Dec 31, 11:00 am",9.93981
"Dec 31, 12:00 pm",7.82145
"Dec 31, 01:00 pm",4.61292
"Dec 31, 02:00 pm",2.25541
"Dec 31, 03:00 pm",0.792154
"Dec 31, 04:00 pm",0.522412
"Dec 31, 05:00 pm",-0
"Dec 31, 06:00 pm",0
"Dec 31, 07:00 pm",0
"Dec 31, 08:00 pm",0
"Dec 31, 09:00 pm",0
"Dec 31, 10:00 pm",0
"Dec 31, 11:00 pm",0
