"Time stamp","System power generated | (kW)"
"Jan 1, 12:00 am",0
"Jan 1, 01:00 am",0
"Jan 1, 02:00 am",0
"Jan 1, 03:00 am",0
"Jan 1, 04:00 am",0
"Jan 1, 05:00 am",0
"Jan 1, 06:00 am",0
"Jan 1, 07:00 am",0
"Jan 1, 08:00 am",0.422248
"Jan 1, 09:00 am",0.575763
"Jan 1, 10:00 am",2.43409
"Jan 1, 11:00 am",5.7912
"Jan 1, 12:00 pm",8.36937
"Jan 1, 01:00 pm",9.77618
"Jan 1, 02:00 pm",10.1518
"Jan 1, 03:00 pm",9.23358
"Jan 1, 04:00 pm",6.52671
"Jan 1, 05:00 pm",-0
"Jan 1, 06:00 pm",0
"Jan 1, 07:00 pm",0
"Jan 1, 08:00 pm",0
"Jan 1, 09:00 pm",0
"Jan 1, 10:00 pm",0
"Jan 1, 11:00 pm",0
"Jan 2, 12:00 am",0
"Jan 2, 01:00 am",0
"Jan 2, 02:00 am",0
"Jan 2, 03:00 am",0
"Jan 2, 04:00 am",0
"Jan 2, 05:00 am",0
"Jan 2, 06:00 am",0
"Jan 2, 07:00 am",0
"Jan 2, 08:00 am",0.450811
"Jan 2, 09:00 am",0.62591
"Jan 2, 10:00 am",2.45746
"Jan 2, 11:00 am",5.80315
"Jan 2, 12:00 pm",8.389
"Jan 2, 01:00 pm",9.78002
"Jan 2, 02:00 pm",10.0888
"Jan 2, 03:00 pm",9.09246
"Jan 2, 04:00 pm",6.48252
"Jan 2, 05:00 pm",-0
"Jan 2, 06:00 pm",0
"Jan 2, 07:00 pm",0
"Jan 2, 08:00 pm",0
"Jan 2, 09:00 pm",0
"Jan 2, 10:00 pm",0
"Jan 2, 11:00 pm",0
"Jan 3, 12:00 am",0
"Jan 3, 01:00 am",0
"Jan 3, 02:00 am",0
"Jan 3, 03:00 am",0
"Jan 3, 04:00 am",0
"Jan 3, 05:00 am",0
"Jan 3, 06:00 am",0
"Jan 3, 07:00 am",0
"Jan 3, 08:00 am",0.432354
"Jan 3, 09:00 am",0.610228
"Jan 3, 10:00 am",2.30929
"Jan 3, 11:00 am",5.64618
"Jan 3, 12:00 pm",6.75704
"Jan 3, 01:00 pm",1.9539
"Jan 3, 02:00 pm",3.93628
"Jan 3, 03:00 pm",9.17015
"Jan 3, 04:00 pm",6.57318
"Jan 3, 05:00 pm",-0
"Jan 3, 06:00 pm",0
"Jan 3, 07:00 pm",0
"Jan 3, 08:00 pm",0
"Jan 3, 09:00 pm",0
"Jan 3, 10:00 pm",0
"Jan 3, 11:00 pm",0
"Jan 4, 12:00 am",0
"Jan 4, 01:00 am",0
"Jan 4, 02:00 am",0
"Jan 4, 03:00 am",0
"Jan 4, 04:00 am",0
"Jan 4, 05:00 am",0
"Jan 4, 06:00 am",0
"Jan 4, 07:00 am",0
"Jan 4, 08:00 am",0.378776
"Jan 4, 09:00 am",0.611128
"Jan 4, 10:00 am",2.34909
"Jan 4, 11:00 am",5.76181
"Jan 4, 12:00 pm",8.33342
"Jan 4, 01:00 pm",9.76183
"Jan 4, 02:00 pm",10.0391
"Jan 4, 03:00 pm",9.2143
"Jan 4, 04:00 pm",6.65
"Jan 4, 05:00 pm",-0
"Jan 4, 06:00 pm",0
"Jan 4, 07:00 pm",0
"Jan 4, 08:00 pm",0
"Jan 4, 09:00 pm",0
"Jan 4, 10:00 pm",0
"Jan 4, 11:00 pm",0
"Jan 5, 12:00 am",0
"Jan 5, 01:00 am",0
"Jan 5, 02:00 am",0
"Jan 5, 03:00 am",0
"Jan 5, 04:00 am",0
"Jan 5, 05:00 am",0
"Jan 5, 06:00 am",0
"Jan 5, 07:00 am",0
"Jan 5, 08:00 am",0.435287
"Jan 5, 09:00 am",0.627937
"Jan 5, 10:00 am",2.41763
"Jan 5, 11:00 am",5.73331
"Jan 5, 12:00 pm",8.34477
"Jan 5, 01:00 pm",9.79904
"Jan 5, 02:00 pm",10.1182
"Jan 5, 03:00 pm",9.33571
"Jan 5, 04:00 pm",6.75648
"Jan 5, 05:00 pm",-0
"Jan 5, 06:00 pm",0
"Jan 5, 07:00 pm",0
"Jan 5, 08:00 pm",0
"Jan 5, 09:00 pm",0
"Jan 5, 10:00 pm",0
"Jan 5, 11:00 pm",0
"Jan 6, 12:00 am",0
"Jan 6, 01:00 am",0
"Jan 6, 02:00 am",0
"Jan 6, 03:00 am",0
"Jan 6, 04:00 am",0
"Jan 6, 05:00 am",0
"Jan 6, 06:00 am",0
"Jan 6, 07:00 am",0
"Jan 6, 08:00 am",0.432557
"Jan 6, 09:00 am",0.69499
"Jan 6, 10:00 am",2.36746
"Jan 6, 11:00 am",5.67965
"Jan 6, 12:00 pm",8.20855
"Jan 6, 01:00 pm",9.5707
"Jan 6, 02:00 pm",9.97965
"Jan 6, 03:00 pm",9.15808
"Jan 6, 04:00 pm",6.64815
"Jan 6, 05:00 pm",-0
"Jan 6, 06:00 pm",0
"Jan 6, 07:00 pm",0
"Jan 6, 08:00 pm",0
"Jan 6, 09:00 pm",0
"Jan 6, 10:00 pm",0
"Jan 6, 11:00 pm",0
"Jan 7, 12:00 am",0
"Jan 7, 01:00 am",0
"Jan 7, 02:00 am",0
"Jan 7, 03:00 am",0
"Jan 7, 04:00 am",0
"Jan 7, 05:00 am",0
"Jan 7, 06:00 am",0
"Jan 7, 07:00 am",0
"Jan 7, 08:00 am",0.446417
"Jan 7, 09:00 am",0.739618
"Jan 7, 10:00 am",2.41039
"Jan 7, 11:00 am",5.73991
"Jan 7, 12:00 pm",8.31759
"Jan 7, 01:00 pm",9.73946
"Jan 7, 02:00 pm",10.0681
"Jan 7, 03:00 pm",9.10894
"Jan 7, 04:00 pm",6.40575
"Jan 7, 05:00 pm",-0
"Jan 7, 06:00 pm",0
"Jan 7, 07:00 pm",0
"Jan 7, 08:00 pm",0
"Jan 7, 09:00 pm",0
"Jan 7, 10:00 pm",0
"Jan 7, 11:00 pm",0
"Jan 8, 12:00 am",0
"Jan 8, 01:00 am",0
"Jan 8, 02:00 am",0
"Jan 8, 03:00 am",0
"Jan 8, 04:00 am",0
"Jan 8, 05:00 am",0
"Jan 8, 06:00 am",0
"Jan 8, 07:00 am",0
"Jan 8, 08:00 am",0.527263
"Jan 8, 09:00 am",0.748638
"Jan 8, 10:00 am",2.49128
"Jan 8, 11:00 am",5.95507
"Jan 8, 12:00 pm",8.83605
"Jan 8, 01:00 pm",10.4845
"Jan 8, 02:00 pm",10.8734
"Jan 8, 03:00 pm",9.92278
"Jan 8, 04:00 pm",7.15804
"Jan 8, 05:00 pm",-0
"Jan 8, 06:00 pm",0
"Jan 8, 07:00 pm",0
"Jan 8, 08:00 pm",0
"Jan 8, 09:00 pm",0
"Jan 8, 10:00 pm",0
"Jan 8, 11:00 pm",0
"Jan 9, 12:00 am",0
"Jan 9, 01:00 am",0
"Jan 9, 02:00 am",0
"Jan 9, 03:00 am",0
"Jan 9, 04:00 am",0
"Jan 9, 05:00 am",0
"Jan 9, 06:00 am",0
"Jan 9, 07:00 am",0
"Jan 9, 08:00 am",0.718949
"Jan 9, 09:00 am",0.724263
"Jan 9, 10:00 am",2.40938
"Jan 9, 11:00 am",5.76746
"Jan 9, 12:00 pm",8.44146
"Jan 9, 01:00 pm",7.0216
"Jan 9, 02:00 pm",10.2377
"Jan 9, 03:00 pm",9.34983
"Jan 9, 04:00 pm",5.56684
"Jan 9, 05:00 pm",-0
"Jan 9, 06:00 pm",0
"Jan 9, 07:00 pm",0
"Jan 9, 08:00 pm",0
"Jan 9, 09:00 pm",0
"Jan 9, 10:00 pm",0
"Jan 9, 11:00 pm",0
"Jan 10, 12:00 am",0
"Jan 10, 01:00 am",0
"Jan 10, 02:00 am",0
"Jan 10, 03:00 am",0
"Jan 10, 04:00 am",0
"Jan 10, 05:00 am",0
"Jan 10, 06:00 am",0
"Jan 10, 07:00 am",0
"Jan 10, 08:00 am",0.438661
"Jan 10, 09:00 am",0.688567
"Jan 10, 10:00 am",2.37706
"Jan 10, 11:00 am",5.66326
"Jan 10, 12:00 pm",8.19324
"Jan 10, 01:00 pm",7.48387
"Jan 10, 02:00 pm",10.1803
"Jan 10, 03:00 pm",5.64337
"Jan 10, 04:00 pm",6.92592
"Jan 10, 05:00 pm",-0
"Jan 10, 06:00 pm",0
"Jan 10, 07:00 pm",0
"Jan 10, 08:00 pm",0
"Jan 10, 09:00 pm",0
"Jan 10, 10:00 pm",0
"Jan 10, 11:00 pm",0
"Jan 11, 12:00 am",0
"Jan 11, 01:00 am",0
"Jan 11, 02:00 am",0
"Jan 11, 03:00 am",0
"Jan 11, 04:00 am",0
"Jan 11, 05:00 am",0
"Jan 11, 06:00 am",0
"Jan 11, 07:00 am",0
"Jan 11, 08:00 am",0.724083
"Jan 11, 09:00 am",1.24508
"Jan 11, 10:00 am",2.87184
"Jan 11, 11:00 am",4.63058
"Jan 11, 12:00 pm",7.02871
"Jan 11, 01:00 pm",6.78392
"Jan 11, 02:00 pm",7.36509
"Jan 11, 03:00 pm",7.25682
"Jan 11, 04:00 pm",2.62168
"Jan 11, 05:00 pm",-0
"Jan 11, 06:00 pm",0
"Jan 11, 07:00 pm",0
"Jan 11, 08:00 pm",0
"Jan 11, 09:00 pm",0
"Jan 11, 10:00 pm",0
"Jan 11, 11:00 pm",0
"Jan 12, 12:00 am",0
"Jan 12, 01:00 am",0
"Jan 12, 02:00 am",0
"Jan 12, 03:00 am",0
"Jan 12, 04:00 am",0
"Jan 12, 05:00 am",0
"Jan 12, 06:00 am",0
"Jan 12, 07:00 am",0
"Jan 12, 08:00 am",-0
"Jan 12, 09:00 am",1.32155
"Jan 12, 10:00 am",2.91932
"Jan 12, 11:00 am",5.18275
"Jan 12, 12:00 pm",3.10385
"Jan 12, 01:00 pm",4.59935
"Jan 12, 02:00 pm",3.82014
"Jan 12, 03:00 pm",5.13217
"Jan 12, 04:00 pm",7.14744
"Jan 12, 05:00 pm",0.502356
"Jan 12, 06:00 pm",0
"Jan 12, 07:00 pm",0
"Jan 12, 08:00 pm",0
"Jan 12, 09:00 pm",0
"Jan 12, 10:00 pm",0
"Jan 12, 11:00 pm",0
"Jan 13, 12:00 am",0
"Jan 13, 01:00 am",0
"Jan 13, 02:00 am",0
"Jan 13, 03:00 am",0
"Jan 13, 04:00 am",0
"Jan 13, 05:00 am",0
"Jan 13, 06:00 am",0
"Jan 13, 07:00 am",0
"Jan 13, 08:00 am",0.402122
"Jan 13, 09:00 am",0.600164
"Jan 13, 10:00 am",2.44711
"Jan 13, 11:00 am",6.09372
"Jan 13, 12:00 pm",8.85403
"Jan 13, 01:00 pm",10.3854
"Jan 13, 02:00 pm",10.8421
"Jan 13, 03:00 pm",10.0936
"Jan 13, 04:00 pm",7.71198
"Jan 13, 05:00 pm",1.08397
"Jan 13, 06:00 pm",0
"Jan 13, 07:00 pm",0
"Jan 13, 08:00 pm",0
"Jan 13, 09:00 pm",0
"Jan 13, 10:00 pm",0
"Jan 13, 11:00 pm",0
"Jan 14, 12:00 am",0
"Jan 14, 01:00 am",0
"Jan 14, 02:00 am",0
"Jan 14, 03:00 am",0
"Jan 14, 04:00 am",0
"Jan 14, 05:00 am",0
"Jan 14, 06:00 am",0
"Jan 14, 07:00 am",0
"Jan 14, 08:00 am",0.726537
"Jan 14, 09:00 am",1.52608
"Jan 14, 10:00 am",2.49054
"Jan 14, 11:00 am",5.07333
"Jan 14, 12:00 pm",7.27629
"Jan 14, 01:00 pm",9.06155
"Jan 14, 02:00 pm",7.00647
"Jan 14, 03:00 pm",1.68462
"Jan 14, 04:00 pm",0.258803
"Jan 14, 05:00 pm",-0
"Jan 14, 06:00 pm",0
"Jan 14, 07:00 pm",0
"Jan 14, 08:00 pm",0
"Jan 14, 09:00 pm",0
"Jan 14, 10:00 pm",0
"Jan 14, 11:00 pm",0
"Jan 15, 12:00 am",0
"Jan 15, 01:00 am",0
"Jan 15, 02:00 am",0
"Jan 15, 03:00 am",0
"Jan 15, 04:00 am",0
"Jan 15, 05:00 am",0
"Jan 15, 06:00 am",0
"Jan 15, 07:00 am",0
"Jan 15, 08:00 am",0.00900982
"Jan 15, 09:00 am",1.49078
"Jan 15, 10:00 am",1.29908
"Jan 15, 11:00 am",2.8662
"Jan 15, 12:00 pm",1.02835
"Jan 15, 01:00 pm",3.92957
"Jan 15, 02:00 pm",2.61408
"Jan 15, 03:00 pm",1.94304
"Jan 15, 04:00 pm",0.353689
"Jan 15, 05:00 pm",-0
"Jan 15, 06:00 pm",0
"Jan 15, 07:00 pm",0
"Jan 15, 08:00 pm",0
"Jan 15, 09:00 pm",0
"Jan 15, 10:00 pm",0
"Jan 15, 11:00 pm",0
"Jan 16, 12:00 am",0
"Jan 16, 01:00 am",0
"Jan 16, 02:00 am",0
"Jan 16, 03:00 am",0
"Jan 16, 04:00 am",0
"Jan 16, 05:00 am",0
"Jan 16, 06:00 am",0
"Jan 16, 07:00 am",0
"Jan 16, 08:00 am",0.745674
"Jan 16, 09:00 am",0.75462
"Jan 16, 10:00 am",2.43909
"Jan 16, 11:00 am",4.94616
"Jan 16, 12:00 pm",7.05915
"Jan 16, 01:00 pm",7.32639
"Jan 16, 02:00 pm",6.57098
"Jan 16, 03:00 pm",9.26258
"Jan 16, 04:00 pm",6.56315
"Jan 16, 05:00 pm",0.500025
"Jan 16, 06:00 pm",0
"Jan 16, 07:00 pm",0
"Jan 16, 08:00 pm",0
"Jan 16, 09:00 pm",0
"Jan 16, 10:00 pm",0
"Jan 16, 11:00 pm",0
"Jan 17, 12:00 am",0
"Jan 17, 01:00 am",0
"Jan 17, 02:00 am",0
"Jan 17, 03:00 am",0
"Jan 17, 04:00 am",0
"Jan 17, 05:00 am",0
"Jan 17, 06:00 am",0
"Jan 17, 07:00 am",0
"Jan 17, 08:00 am",0.445596
"Jan 17, 09:00 am",0.694125
"Jan 17, 10:00 am",2.44981
"Jan 17, 11:00 am",5.90392
"Jan 17, 12:00 pm",8.56597
"Jan 17, 01:00 pm",10.0104
"Jan 17, 02:00 pm",10.2587
"Jan 17, 03:00 pm",9.52826
"Jan 17, 04:00 pm",7.00679
"Jan 17, 05:00 pm",0.698429
"Jan 17, 06:00 pm",0
"Jan 17, 07:00 pm",0
"Jan 17, 08:00 pm",0
"Jan 17, 09:00 pm",0
"Jan 17, 10:00 pm",0
"Jan 17, 11:00 pm",0
"Jan 18, 12:00 am",0
"Jan 18, 01:00 am",0
"Jan 18, 02:00 am",0
"Jan 18, 03:00 am",0
"Jan 18, 04:00 am",0
"Jan 18, 05:00 am",0
"Jan 18, 06:00 am",0
"Jan 18, 07:00 am",0
"Jan 18, 08:00 am",0.461599
"Jan 18, 09:00 am",0.695788
"Jan 18, 10:00 am",2.4755
"Jan 18, 11:00 am",5.89872
"Jan 18, 12:00 pm",8.49188
"Jan 18, 01:00 pm",9.8945
"Jan 18, 02:00 pm",10.3647
"Jan 18, 03:00 pm",9.57443
"Jan 18, 04:00 pm",7.21055
"Jan 18, 05:00 pm",0.902882
"Jan 18, 06:00 pm",0
"Jan 18, 07:00 pm",0
"Jan 18, 08:00 pm",0
"Jan 18, 09:00 pm",0
"Jan 18, 10:00 pm",0
"Jan 18, 11:00 pm",0
"Jan 19, 12:00 am",0
"Jan 19, 01:00 am",0
"Jan 19, 02:00 am",0
"Jan 19, 03:00 am",0
"Jan 19, 04:00 am",0
"Jan 19, 05:00 am",0
"Jan 19, 06:00 am",0
"Jan 19, 07:00 am",0
"Jan 19, 08:00 am",0.50135
"Jan 19, 09:00 am",0.774595
"Jan 19, 10:00 am",2.54176
"Jan 19, 11:00 am",5.94034
"Jan 19, 12:00 pm",8.4691
"Jan 19, 01:00 pm",9.76096
"Jan 19, 02:00 pm",10.2693
"Jan 19, 03:00 pm",9.70131
"Jan 19, 04:00 pm",7.60947
"Jan 19, 05:00 pm",1.49984
"Jan 19, 06:00 pm",0
"Jan 19, 07:00 pm",0
"Jan 19, 08:00 pm",0
"Jan 19, 09:00 pm",0
"Jan 19, 10:00 pm",0
"Jan 19, 11:00 pm",0
"Jan 20, 12:00 am",0
"Jan 20, 01:00 am",0
"Jan 20, 02:00 am",0
"Jan 20, 03:00 am",0
"Jan 20, 04:00 am",0
"Jan 20, 05:00 am",0
"Jan 20, 06:00 am",0
"Jan 20, 07:00 am",0
"Jan 20, 08:00 am",0.486413
"Jan 20, 09:00 am",0.745311
"Jan 20, 10:00 am",2.54503
"Jan 20, 11:00 am",5.91185
"Jan 20, 12:00 pm",8.52645
"Jan 20, 01:00 pm",9.96804
"Jan 20, 02:00 pm",10.5618
"Jan 20, 03:00 pm",9.79398
"Jan 20, 04:00 pm",7.49376
"Jan 20, 05:00 pm",1.57411
"Jan 20, 06:00 pm",0
"Jan 20, 07:00 pm",0
"Jan 20, 08:00 pm",0
"Jan 20, 09:00 pm",0
"Jan 20, 10:00 pm",0
"Jan 20, 11:00 pm",0
"Jan 21, 12:00 am",0
"Jan 21, 01:00 am",0
"Jan 21, 02:00 am",0
"Jan 21, 03:00 am",0
"Jan 21, 04:00 am",0
"Jan 21, 05:00 am",0
"Jan 21, 06:00 am",0
"Jan 21, 07:00 am",0
"Jan 21, 08:00 am",0.784592
"Jan 21, 09:00 am",1.77198
"Jan 21, 10:00 am",3.02195
"Jan 21, 11:00 am",3.04132
"Jan 21, 12:00 pm",3.21746
"Jan 21, 01:00 pm",2.68091
"Jan 21, 02:00 pm",7.89254
"Jan 21, 03:00 pm",9.58085
"Jan 21, 04:00 pm",6.59417
"Jan 21, 05:00 pm",0.12275
"Jan 21, 06:00 pm",0
"Jan 21, 07:00 pm",0
"Jan 21, 08:00 pm",0
"Jan 21, 09:00 pm",0
"Jan 21, 10:00 pm",0
"Jan 21, 11:00 pm",0
"Jan 22, 12:00 am",0
"Jan 22, 01:00 am",0
"Jan 22, 02:00 am",0
"Jan 22, 03:00 am",0
"Jan 22, 04:00 am",0
"Jan 22, 05:00 am",0
"Jan 22, 06:00 am",0
"Jan 22, 07:00 am",-0
"Jan 22, 08:00 am",0.50264
"Jan 22, 09:00 am",1.54378
"Jan 22, 10:00 am",3.08482
"Jan 22, 11:00 am",4.75552
"Jan 22, 12:00 pm",7.09044
"Jan 22, 01:00 pm",6.42529
"Jan 22, 02:00 pm",5.88474
"Jan 22, 03:00 pm",2.36254
"Jan 22, 04:00 pm",3.17253
"Jan 22, 05:00 pm",0.0499618
"Jan 22, 06:00 pm",0
"Jan 22, 07:00 pm",0
"Jan 22, 08:00 pm",0
"Jan 22, 09:00 pm",0
"Jan 22, 10:00 pm",0
"Jan 22, 11:00 pm",0
"Jan 23, 12:00 am",0
"Jan 23, 01:00 am",0
"Jan 23, 02:00 am",0
"Jan 23, 03:00 am",0
"Jan 23, 04:00 am",0
"Jan 23, 05:00 am",0
"Jan 23, 06:00 am",0
"Jan 23, 07:00 am",-0
"Jan 23, 08:00 am",0.763016
"Jan 23, 09:00 am",0.775107
"Jan 23, 10:00 am",3.10436
"Jan 23, 11:00 am",4.15398
"Jan 23, 12:00 pm",5.08669
"Jan 23, 01:00 pm",5.86203
"Jan 23, 02:00 pm",7.32499
"Jan 23, 03:00 pm",1.94536
"Jan 23, 04:00 pm",1.08963
"Jan 23, 05:00 pm",0.0518871
"Jan 23, 06:00 pm",0
"Jan 23, 07:00 pm",0
"Jan 23, 08:00 pm",0
"Jan 23, 09:00 pm",0
"Jan 23, 10:00 pm",0
"Jan 23, 11:00 pm",0
"Jan 24, 12:00 am",0
"Jan 24, 01:00 am",0
"Jan 24, 02:00 am",0
"Jan 24, 03:00 am",0
"Jan 24, 04:00 am",0
"Jan 24, 05:00 am",0
"Jan 24, 06:00 am",0
"Jan 24, 07:00 am",-0
"Jan 24, 08:00 am",0.459137
"Jan 24, 09:00 am",0.691952
"Jan 24, 10:00 am",2.62084
"Jan 24, 11:00 am",6.33063
"Jan 24, 12:00 pm",9.23746
"Jan 24, 01:00 pm",10.8864
"Jan 24, 02:00 pm",11.4122
"Jan 24, 03:00 pm",10.6739
"Jan 24, 04:00 pm",8.22293
"Jan 24, 05:00 pm",1.9891
"Jan 24, 06:00 pm",0
"Jan 24, 07:00 pm",0
"Jan 24, 08:00 pm",0
"Jan 24, 09:00 pm",0
"Jan 24, 10:00 pm",0
"Jan 24, 11:00 pm",0
"Jan 25, 12:00 am",0
"Jan 25, 01:00 am",0
"Jan 25, 02:00 am",0
"Jan 25, 03:00 am",0
"Jan 25, 04:00 am",0
"Jan 25, 05:00 am",0
"Jan 25, 06:00 am",0
"Jan 25, 07:00 am",-0
"Jan 25, 08:00 am",0.432928
"Jan 25, 09:00 am",0.676481
"Jan 25, 10:00 am",2.70474
"Jan 25, 11:00 am",6.42548
"Jan 25, 12:00 pm",9.38894
"Jan 25, 01:00 pm",11.0406
"Jan 25, 02:00 pm",11.5673
"Jan 25, 03:00 pm",10.8799
"Jan 25, 04:00 pm",8.47428
"Jan 25, 05:00 pm",2.34241
"Jan 25, 06:00 pm",0
"Jan 25, 07:00 pm",0
"Jan 25, 08:00 pm",0
"Jan 25, 09:00 pm",0
"Jan 25, 10:00 pm",0
"Jan 25, 11:00 pm",0
"Jan 26, 12:00 am",0
"Jan 26, 01:00 am",0
"Jan 26, 02:00 am",0
"Jan 26, 03:00 am",0
"Jan 26, 04:00 am",0
"Jan 26, 05:00 am",0
"Jan 26, 06:00 am",0
"Jan 26, 07:00 am",-0
"Jan 26, 08:00 am",0.494356
"Jan 26, 09:00 am",0.643364
"Jan 26, 10:00 am",2.69379
"Jan 26, 11:00 am",6.16609
"Jan 26, 12:00 pm",8.80852
"Jan 26, 01:00 pm",10.2615
"Jan 26, 02:00 pm",10.8144
"Jan 26, 03:00 pm",10.2311
"Jan 26, 04:00 pm",8.11221
"Jan 26, 05:00 pm",2.11192
"Jan 26, 06:00 pm",0
"Jan 26, 07:00 pm",0
"Jan 26, 08:00 pm",0
"Jan 26, 09:00 pm",0
"Jan 26, 10:00 pm",0
"Jan 26, 11:00 pm",0
"Jan 27, 12:00 am",0
"Jan 27, 01:00 am",0
"Jan 27, 02:00 am",0
"Jan 27, 03:00 am",0
"Jan 27, 04:00 am",0
"Jan 27, 05:00 am",0
"Jan 27, 06:00 am",0
"Jan 27, 07:00 am",-0
"Jan 27, 08:00 am",0.848562
"Jan 27, 09:00 am",1.36822
"Jan 27, 10:00 am",3.2043
"Jan 27, 11:00 am",4.90893
"Jan 27, 12:00 pm",4.80509
"Jan 27, 01:00 pm",6.45535
"Jan 27, 02:00 pm",7.53917
"Jan 27, 03:00 pm",5.40027
"Jan 27, 04:00 pm",1.47845
"Jan 27, 05:00 pm",0.0584907
"Jan 27, 06:00 pm",0
"Jan 27, 07:00 pm",0
"Jan 27, 08:00 pm",0
"Jan 27, 09:00 pm",0
"Jan 27, 10:00 pm",0
"Jan 27, 11:00 pm",0
"Jan 28, 12:00 am",0
"Jan 28, 01:00 am",0
"Jan 28, 02:00 am",0
"Jan 28, 03:00 am",0
"Jan 28, 04:00 am",0
"Jan 28, 05:00 am",0
"Jan 28, 06:00 am",0
"Jan 28, 07:00 am",-0
"Jan 28, 08:00 am",0.501632
"Jan 28, 09:00 am",0.659988
"Jan 28, 10:00 am",2.82534
"Jan 28, 11:00 am",6.50369
"Jan 28, 12:00 pm",9.40682
"Jan 28, 01:00 pm",11.0321
"Jan 28, 02:00 pm",11.5895
"Jan 28, 03:00 pm",10.9151
"Jan 28, 04:00 pm",8.68153
"Jan 28, 05:00 pm",2.84471
"Jan 28, 06:00 pm",0
"Jan 28, 07:00 pm",0
"Jan 28, 08:00 pm",0
"Jan 28, 09:00 pm",0
"Jan 28, 10:00 pm",0
"Jan 28, 11:00 pm",0
"Jan 29, 12:00 am",0
"Jan 29, 01:00 am",0
"Jan 29, 02:00 am",0
"Jan 29, 03:00 am",0
"Jan 29, 04:00 am",0
"Jan 29, 05:00 am",0
"Jan 29, 06:00 am",0
"Jan 29, 07:00 am",-0
"Jan 29, 08:00 am",0.549245
"Jan 29, 09:00 am",0.700183
"Jan 29, 10:00 am",2.8748
"Jan 29, 11:00 am",6.50286
"Jan 29, 12:00 pm",9.31533
"Jan 29, 01:00 pm",10.8635
"Jan 29, 02:00 pm",11.3488
"Jan 29, 03:00 pm",10.6383
"Jan 29, 04:00 pm",8.53566
"Jan 29, 05:00 pm",2.85056
"Jan 29, 06:00 pm",0
"Jan 29, 07:00 pm",0
"Jan 29, 08:00 pm",0
"Jan 29, 09:00 pm",0
"Jan 29, 10:00 pm",0
"Jan 29, 11:00 pm",0
"Jan 30, 12:00 am",0
"Jan 30, 01:00 am",0
"Jan 30, 02:00 am",0
"Jan 30, 03:00 am",0
"Jan 30, 04:00 am",0
"Jan 30, 05:00 am",0
"Jan 30, 06:00 am",0
"Jan 30, 07:00 am",-0
"Jan 30, 08:00 am",0.526031
"Jan 30, 09:00 am",0.689879
"Jan 30, 10:00 am",2.87629
"Jan 30, 11:00 am",6.38879
"Jan 30, 12:00 pm",9.01497
"Jan 30, 01:00 pm",10.3406
"Jan 30, 02:00 pm",10.9668
"Jan 30, 03:00 pm",10.6512
"Jan 30, 04:00 pm",8.56122
"Jan 30, 05:00 pm",3.07476
"Jan 30, 06:00 pm",0
"Jan 30, 07:00 pm",0
"Jan 30, 08:00 pm",0
"Jan 30, 09:00 pm",0
"Jan 30, 10:00 pm",0
"Jan 30, 11:00 pm",0
"Jan 31, 12:00 am",0
"Jan 31, 01:00 am",0
"Jan 31, 02:00 am",0
"Jan 31, 03:00 am",0
"Jan 31, 04:00 am",0
"Jan 31, 05:00 am",0
"Jan 31, 06:00 am",0
"Jan 31, 07:00 am",-0
"Jan 31, 08:00 am",0.853229
"Jan 31, 09:00 am",0.81985
"Jan 31, 10:00 am",3.0954
"Jan 31, 11:00 am",6.39599
"Jan 31, 12:00 pm",9.06696
"Jan 31, 01:00 pm",10.5764
"Jan 31, 02:00 pm",11.166
"Jan 31, 03:00 pm",10.5435
"Jan 31, 04:00 pm",8.38179
"Jan 31, 05:00 pm",1.71788
"Jan 31, 06:00 pm",0
"Jan 31, 07:00 pm",0
"Jan 31, 08:00 pm",0
"Jan 31, 09:00 pm",0
"Jan 31, 10:00 pm",0
"Jan 31, 11:00 pm",0
"Feb 1, 12:00 am",0
"Feb 1, 01:00 am",0
"Feb 1, 02:00 am",0
"Feb 1, 03:00 am",0
"Feb 1, 04:00 am",0
"Feb 1, 05:00 am",0
"Feb 1, 06:00 am",0
"Feb 1, 07:00 am",-0
"Feb 1, 08:00 am",0.479082
"Feb 1, 09:00 am",0.7087
"Feb 1, 10:00 am",3.08093
"Feb 1, 11:00 am",7.00284
"Feb 1, 12:00 pm",9.99849
"Feb 1, 01:00 pm",11.6512
"Feb 1, 02:00 pm",12.2636
"Feb 1, 03:00 pm",11.5933
"Feb 1, 04:00 pm",9.46006
"Feb 1, 05:00 pm",4.16917
"Feb 1, 06:00 pm",0
"Feb 1, 07:00 pm",0
"Feb 1, 08:00 pm",0
"Feb 1, 09:00 pm",0
"Feb 1, 10:00 pm",0
"Feb 1, 11:00 pm",0
"Feb 2, 12:00 am",0
"Feb 2, 01:00 am",0
"Feb 2, 02:00 am",0
"Feb 2, 03:00 am",0
"Feb 2, 04:00 am",0
"Feb 2, 05:00 am",0
"Feb 2, 06:00 am",0
"Feb 2, 07:00 am",-0
"Feb 2, 08:00 am",0.547507
"Feb 2, 09:00 am",0.698504
"Feb 2, 10:00 am",3.08587
"Feb 2, 11:00 am",6.68206
"Feb 2, 12:00 pm",9.47747
"Feb 2, 01:00 pm",11.0337
"Feb 2, 02:00 pm",11.6301
"Feb 2, 03:00 pm",11.0226
"Feb 2, 04:00 pm",8.84684
"Feb 2, 05:00 pm",3.90834
"Feb 2, 06:00 pm",0
"Feb 2, 07:00 pm",0
"Feb 2, 08:00 pm",0
"Feb 2, 09:00 pm",0
"Feb 2, 10:00 pm",0
"Feb 2, 11:00 pm",0
"Feb 3, 12:00 am",0
"Feb 3, 01:00 am",0
"Feb 3, 02:00 am",0
"Feb 3, 03:00 am",0
"Feb 3, 04:00 am",0
"Feb 3, 05:00 am",0
"Feb 3, 06:00 am",0
"Feb 3, 07:00 am",-0
"Feb 3, 08:00 am",0.511945
"Feb 3, 09:00 am",0.640403
"Feb 3, 10:00 am",3.04794
"Feb 3, 11:00 am",5.91733
"Feb 3, 12:00 pm",9.4386
"Feb 3, 01:00 pm",10.9873
"Feb 3, 02:00 pm",11.5183
"Feb 3, 03:00 pm",8.34792
"Feb 3, 04:00 pm",7.22371
"Feb 3, 05:00 pm",4.21231
"Feb 3, 06:00 pm",0
"Feb 3, 07:00 pm",0
"Feb 3, 08:00 pm",0
"Feb 3, 09:00 pm",0
"Feb 3, 10:00 pm",0
"Feb 3, 11:00 pm",0
"Feb 4, 12:00 am",0
"Feb 4, 01:00 am",0
"Feb 4, 02:00 am",0
"Feb 4, 03:00 am",0
"Feb 4, 04:00 am",0
"Feb 4, 05:00 am",0
"Feb 4, 06:00 am",0
"Feb 4, 07:00 am",-0
"Feb 4, 08:00 am",0.458822
"Feb 4, 09:00 am",0.684153
"Feb 4, 10:00 am",3.01077
"Feb 4, 11:00 am",6.61866
"Feb 4, 12:00 pm",9.30955
"Feb 4, 01:00 pm",10.7968
"Feb 4, 02:00 pm",11.3654
"Feb 4, 03:00 pm",10.7701
"Feb 4, 04:00 pm",8.9278
"Feb 4, 05:00 pm",4.63766
"Feb 4, 06:00 pm",0
"Feb 4, 07:00 pm",0
"Feb 4, 08:00 pm",0
"Feb 4, 09:00 pm",0
"Feb 4, 10:00 pm",0
"Feb 4, 11:00 pm",0
"Feb 5, 12:00 am",0
"Feb 5, 01:00 am",0
"Feb 5, 02:00 am",0
"Feb 5, 03:00 am",0
"Feb 5, 04:00 am",0
"Feb 5, 05:00 am",0
"Feb 5, 06:00 am",0
"Feb 5, 07:00 am",-0
"Feb 5, 08:00 am",0.464477
"Feb 5, 09:00 am",0.684108
"Feb 5, 10:00 am",3.04741
"Feb 5, 11:00 am",6.58724
"Feb 5, 12:00 pm",9.25929
"Feb 5, 01:00 pm",10.7923
"Feb 5, 02:00 pm",11.348
"Feb 5, 03:00 pm",10.7722
"Feb 5, 04:00 pm",9.07228
"Feb 5, 05:00 pm",4.6582
"Feb 5, 06:00 pm",0
"Feb 5, 07:00 pm",0
"Feb 5, 08:00 pm",0
"Feb 5, 09:00 pm",0
"Feb 5, 10:00 pm",0
"Feb 5, 11:00 pm",0
"Feb 6, 12:00 am",0
"Feb 6, 01:00 am",0
"Feb 6, 02:00 am",0
"Feb 6, 03:00 am",0
"Feb 6, 04:00 am",0
"Feb 6, 05:00 am",0
"Feb 6, 06:00 am",0
"Feb 6, 07:00 am",0.0144556
"Feb 6, 08:00 am",0.493452
"Feb 6, 09:00 am",0.633282
"Feb 6, 10:00 am",3.4529
"Feb 6, 11:00 am",6.74996
"Feb 6, 12:00 pm",9.48157
"Feb 6, 01:00 pm",9.65101
"Feb 6, 02:00 pm",11.6039
"Feb 6, 03:00 pm",9.43345
"Feb 6, 04:00 pm",6.78182
"Feb 6, 05:00 pm",2.62301
"Feb 6, 06:00 pm",0
"Feb 6, 07:00 pm",0
"Feb 6, 08:00 pm",0
"Feb 6, 09:00 pm",0
"Feb 6, 10:00 pm",0
"Feb 6, 11:00 pm",0
"Feb 7, 12:00 am",0
"Feb 7, 01:00 am",0
"Feb 7, 02:00 am",0
"Feb 7, 03:00 am",0
"Feb 7, 04:00 am",0
"Feb 7, 05:00 am",0
"Feb 7, 06:00 am",0
"Feb 7, 07:00 am",0.0359959
"Feb 7, 08:00 am",0.621533
"Feb 7, 09:00 am",0.804241
"Feb 7, 10:00 am",3.31182
"Feb 7, 11:00 am",6.95209
"Feb 7, 12:00 pm",9.7431
"Feb 7, 01:00 pm",11.2598
"Feb 7, 02:00 pm",11.8592
"Feb 7, 03:00 pm",11.1778
"Feb 7, 04:00 pm",8.6602
"Feb 7, 05:00 pm",3.51746
"Feb 7, 06:00 pm",0
"Feb 7, 07:00 pm",0
"Feb 7, 08:00 pm",0
"Feb 7, 09:00 pm",0
"Feb 7, 10:00 pm",0
"Feb 7, 11:00 pm",0
"Feb 8, 12:00 am",0
"Feb 8, 01:00 am",0
"Feb 8, 02:00 am",0
"Feb 8, 03:00 am",0
"Feb 8, 04:00 am",0
"Feb 8, 05:00 am",0
"Feb 8, 06:00 am",0
"Feb 8, 07:00 am",0.00780476
"Feb 8, 08:00 am",0.903489
"Feb 8, 09:00 am",1.87049
"Feb 8, 10:00 am",3.82059
"Feb 8, 11:00 am",7.40543
"Feb 8, 12:00 pm",10.335
"Feb 8, 01:00 pm",9.34786
"Feb 8, 02:00 pm",9.87714
"Feb 8, 03:00 pm",11.7794
"Feb 8, 04:00 pm",9.37793
"Feb 8, 05:00 pm",4.61557
"Feb 8, 06:00 pm",0
"Feb 8, 07:00 pm",0
"Feb 8, 08:00 pm",0
"Feb 8, 09:00 pm",0
"Feb 8, 10:00 pm",0
"Feb 8, 11:00 pm",0
"Feb 9, 12:00 am",0
"Feb 9, 01:00 am",0
"Feb 9, 02:00 am",0
"Feb 9, 03:00 am",0
"Feb 9, 04:00 am",0
"Feb 9, 05:00 am",0
"Feb 9, 06:00 am",0
"Feb 9, 07:00 am",0.0621291
"Feb 9, 08:00 am",0.62484
"Feb 9, 09:00 am",0.867371
"Feb 9, 10:00 am",3.54286
"Feb 9, 11:00 am",7.44599
"Feb 9, 12:00 pm",10.3219
"Feb 9, 01:00 pm",11.9881
"Feb 9, 02:00 pm",12.6835
"Feb 9, 03:00 pm",12.1917
"Feb 9, 04:00 pm",10.062
"Feb 9, 05:00 pm",5.29967
"Feb 9, 06:00 pm",0
"Feb 9, 07:00 pm",0
"Feb 9, 08:00 pm",0
"Feb 9, 09:00 pm",0
"Feb 9, 10:00 pm",0
"Feb 9, 11:00 pm",0
"Feb 10, 12:00 am",0
"Feb 10, 01:00 am",0
"Feb 10, 02:00 am",0
"Feb 10, 03:00 am",0
"Feb 10, 04:00 am",0
"Feb 10, 05:00 am",0
"Feb 10, 06:00 am",0
"Feb 10, 07:00 am",0.135248
"Feb 10, 08:00 am",0.572698
"Feb 10, 09:00 am",0.785742
"Feb 10, 10:00 am",3.56586
"Feb 10, 11:00 am",6.50491
"Feb 10, 12:00 pm",8.99528
"Feb 10, 01:00 pm",11.2653
"Feb 10, 02:00 pm",8.90254
"Feb 10, 03:00 pm",11.2504
"Feb 10, 04:00 pm",9.23716
"Feb 10, 05:00 pm",3.8823
"Feb 10, 06:00 pm",0
"Feb 10, 07:00 pm",0
"Feb 10, 08:00 pm",0
"Feb 10, 09:00 pm",0
"Feb 10, 10:00 pm",0
"Feb 10, 11:00 pm",0
"Feb 11, 12:00 am",0
"Feb 11, 01:00 am",0
"Feb 11, 02:00 am",0
"Feb 11, 03:00 am",0
"Feb 11, 04:00 am",0
"Feb 11, 05:00 am",0
"Feb 11, 06:00 am",0
"Feb 11, 07:00 am",0.0707358
"Feb 11, 08:00 am",0.619767
"Feb 11, 09:00 am",0.755799
"Feb 11, 10:00 am",3.579
"Feb 11, 11:00 am",7.20217
"Feb 11, 12:00 pm",9.79527
"Feb 11, 01:00 pm",11.3488
"Feb 11, 02:00 pm",12.0085
"Feb 11, 03:00 pm",11.7643
"Feb 11, 04:00 pm",9.9203
"Feb 11, 05:00 pm",5.45296
"Feb 11, 06:00 pm",0
"Feb 11, 07:00 pm",0
"Feb 11, 08:00 pm",0
"Feb 11, 09:00 pm",0
"Feb 11, 10:00 pm",0
"Feb 11, 11:00 pm",0
"Feb 12, 12:00 am",0
"Feb 12, 01:00 am",0
"Feb 12, 02:00 am",0
"Feb 12, 03:00 am",0
"Feb 12, 04:00 am",0
"Feb 12, 05:00 am",0
"Feb 12, 06:00 am",0
"Feb 12, 07:00 am",0.0700502
"Feb 12, 08:00 am",0.566719
"Feb 12, 09:00 am",0.695443
"Feb 12, 10:00 am",3.6195
"Feb 12, 11:00 am",7.43963
"Feb 12, 12:00 pm",10.2728
"Feb 12, 01:00 pm",11.9499
"Feb 12, 02:00 pm",12.5946
"Feb 12, 03:00 pm",12.0623
"Feb 12, 04:00 pm",10.1117
"Feb 12, 05:00 pm",5.54588
"Feb 12, 06:00 pm",0
"Feb 12, 07:00 pm",0
"Feb 12, 08:00 pm",0
"Feb 12, 09:00 pm",0
"Feb 12, 10:00 pm",0
"Feb 12, 11:00 pm",0
"Feb 13, 12:00 am",0
"Feb 13, 01:00 am",0
"Feb 13, 02:00 am",0
"Feb 13, 03:00 am",0
"Feb 13, 04:00 am",0
"Feb 13, 05:00 am",0
"Feb 13, 06:00 am",0
"Feb 13, 07:00 am",0.0665968
"Feb 13, 08:00 am",0.593179
"Feb 13, 09:00 am",0.720471
"Feb 13, 10:00 am",3.68085
"Feb 13, 11:00 am",6.6511
"Feb 13, 12:00 pm",6.73587
"Feb 13, 01:00 pm",2.60238
"Feb 13, 02:00 pm",1.0988
"Feb 13, 03:00 pm",9.77834
"Feb 13, 04:00 pm",6.06584
"Feb 13, 05:00 pm",1.65826
"Feb 13, 06:00 pm",0
"Feb 13, 07:00 pm",0
"Feb 13, 08:00 pm",0
"Feb 13, 09:00 pm",0
"Feb 13, 10:00 pm",0
"Feb 13, 11:00 pm",0
"Feb 14, 12:00 am",0
"Feb 14, 01:00 am",0
"Feb 14, 02:00 am",0
"Feb 14, 03:00 am",0
"Feb 14, 04:00 am",0
"Feb 14, 05:00 am",0
"Feb 14, 06:00 am",0
"Feb 14, 07:00 am",0.101383
"Feb 14, 08:00 am",0.455825
"Feb 14, 09:00 am",2.26611
"Feb 14, 10:00 am",3.8806
"Feb 14, 11:00 am",3.60081
"Feb 14, 12:00 pm",7.32006
"Feb 14, 01:00 pm",0.349062
"Feb 14, 02:00 pm",10.2296
"Feb 14, 03:00 pm",11.9759
"Feb 14, 04:00 pm",0.542317
"Feb 14, 05:00 pm",-0
"Feb 14, 06:00 pm",0
"Feb 14, 07:00 pm",0
"Feb 14, 08:00 pm",0
"Feb 14, 09:00 pm",0
"Feb 14, 10:00 pm",0
"Feb 14, 11:00 pm",0
"Feb 15, 12:00 am",0
"Feb 15, 01:00 am",0
"Feb 15, 02:00 am",0
"Feb 15, 03:00 am",0
"Feb 15, 04:00 am",0
"Feb 15, 05:00 am",0
"Feb 15, 06:00 am",0
"Feb 15, 07:00 am",0.0889907
"Feb 15, 08:00 am",0.632019
"Feb 15, 09:00 am",0.770594
"Feb 15, 10:00 am",3.89564
"Feb 15, 11:00 am",7.66727
"Feb 15, 12:00 pm",10.3084
"Feb 15, 01:00 pm",11.7819
"Feb 15, 02:00 pm",12.3905
"Feb 15, 03:00 pm",11.9168
"Feb 15, 04:00 pm",10.1369
"Feb 15, 05:00 pm",5.9695
"Feb 15, 06:00 pm",0
"Feb 15, 07:00 pm",0
"Feb 15, 08:00 pm",0
"Feb 15, 09:00 pm",0
"Feb 15, 10:00 pm",0
"Feb 15, 11:00 pm",0
"Feb 16, 12:00 am",0
"Feb 16, 01:00 am",0
"Feb 16, 02:00 am",0
"Feb 16, 03:00 am",0
"Feb 16, 04:00 am",0
"Feb 16, 05:00 am",0
"Feb 16, 06:00 am",0
"Feb 16, 07:00 am",0.104297
"Feb 16, 08:00 am",1.22355
"Feb 16, 09:00 am",2.0131
"Feb 16, 10:00 am",4.04884
"Feb 16, 11:00 am",6.41278
"Feb 16, 12:00 pm",8.27193
"Feb 16, 01:00 pm",10.4929
"Feb 16, 02:00 pm",12.6773
"Feb 16, 03:00 pm",12.3137
"Feb 16, 04:00 pm",10.3875
"Feb 16, 05:00 pm",6.26076
"Feb 16, 06:00 pm",0
"Feb 16, 07:00 pm",0
"Feb 16, 08:00 pm",0
"Feb 16, 09:00 pm",0
"Feb 16, 10:00 pm",0
"Feb 16, 11:00 pm",0
"Feb 17, 12:00 am",0
"Feb 17, 01:00 am",0
"Feb 17, 02:00 am",0
"Feb 17, 03:00 am",0
"Feb 17, 04:00 am",0
"Feb 17, 05:00 am",0
"Feb 17, 06:00 am",0
"Feb 17, 07:00 am",0.104197
"Feb 17, 08:00 am",0.789347
"Feb 17, 09:00 am",1.85453
"Feb 17, 10:00 am",3.9846
"Feb 17, 11:00 am",7.07649
"Feb 17, 12:00 pm",7.04398
"Feb 17, 01:00 pm",6.44261
"Feb 17, 02:00 pm",6.15622
"Feb 17, 03:00 pm",4.5093
"Feb 17, 04:00 pm",5.27019
"Feb 17, 05:00 pm",1.30929
"Feb 17, 06:00 pm",0
"Feb 17, 07:00 pm",0
"Feb 17, 08:00 pm",0
"Feb 17, 09:00 pm",0
"Feb 17, 10:00 pm",0
"Feb 17, 11:00 pm",0
"Feb 18, 12:00 am",0
"Feb 18, 01:00 am",0
"Feb 18, 02:00 am",0
"Feb 18, 03:00 am",0
"Feb 18, 04:00 am",0
"Feb 18, 05:00 am",0
"Feb 18, 06:00 am",0
"Feb 18, 07:00 am",0.10991
"Feb 18, 08:00 am",0.937879
"Feb 18, 09:00 am",0.839897
"Feb 18, 10:00 am",3.92916
"Feb 18, 11:00 am",7.51661
"Feb 18, 12:00 pm",10.0313
"Feb 18, 01:00 pm",11.6746
"Feb 18, 02:00 pm",12.3803
"Feb 18, 03:00 pm",12.0988
"Feb 18, 04:00 pm",10.2481
"Feb 18, 05:00 pm",6.08472
"Feb 18, 06:00 pm",0
"Feb 18, 07:00 pm",0
"Feb 18, 08:00 pm",0
"Feb 18, 09:00 pm",0
"Feb 18, 10:00 pm",0
"Feb 18, 11:00 pm",0
"Feb 19, 12:00 am",0
"Feb 19, 01:00 am",0
"Feb 19, 02:00 am",0
"Feb 19, 03:00 am",0
"Feb 19, 04:00 am",0
"Feb 19, 05:00 am",0
"Feb 19, 06:00 am",0
"Feb 19, 07:00 am",0.110931
"Feb 19, 08:00 am",0.618492
"Feb 19, 09:00 am",0.789142
"Feb 19, 10:00 am",4.10286
"Feb 19, 11:00 am",7.75909
"Feb 19, 12:00 pm",10.2155
"Feb 19, 01:00 pm",11.6204
"Feb 19, 02:00 pm",12.3421
"Feb 19, 03:00 pm",11.9089
"Feb 19, 04:00 pm",9.97981
"Feb 19, 05:00 pm",5.48491
"Feb 19, 06:00 pm",0
"Feb 19, 07:00 pm",0
"Feb 19, 08:00 pm",0
"Feb 19, 09:00 pm",0
"Feb 19, 10:00 pm",0
"Feb 19, 11:00 pm",0
"Feb 20, 12:00 am",0
"Feb 20, 01:00 am",0
"Feb 20, 02:00 am",0
"Feb 20, 03:00 am",0
"Feb 20, 04:00 am",0
"Feb 20, 05:00 am",0
"Feb 20, 06:00 am",0
"Feb 20, 07:00 am",0.169879
"Feb 20, 08:00 am",0.719007
"Feb 20, 09:00 am",0.922311
"Feb 20, 10:00 am",4.09829
"Feb 20, 11:00 am",7.70407
"Feb 20, 12:00 pm",10.1392
"Feb 20, 01:00 pm",11.5374
"Feb 20, 02:00 pm",12.1979
"Feb 20, 03:00 pm",12.0064
"Feb 20, 04:00 pm",10.2903
"Feb 20, 05:00 pm",6.2752
"Feb 20, 06:00 pm",0
"Feb 20, 07:00 pm",0
"Feb 20, 08:00 pm",0
"Feb 20, 09:00 pm",0
"Feb 20, 10:00 pm",0
"Feb 20, 11:00 pm",0
"Feb 21, 12:00 am",0
"Feb 21, 01:00 am",0
"Feb 21, 02:00 am",0
"Feb 21, 03:00 am",0
"Feb 21, 04:00 am",0
"Feb 21, 05:00 am",0
"Feb 21, 06:00 am",0
"Feb 21, 07:00 am",0.179026
"Feb 21, 08:00 am",0.661645
"Feb 21, 09:00 am",1.00119
"Feb 21, 10:00 am",4.18996
"Feb 21, 11:00 am",7.0846
"Feb 21, 12:00 pm",10.4256
"Feb 21, 01:00 pm",11.9361
"Feb 21, 02:00 pm",12.5645
"Feb 21, 03:00 pm",12.1208
"Feb 21, 04:00 pm",10.0426
"Feb 21, 05:00 pm",5.79374
"Feb 21, 06:00 pm",0
"Feb 21, 07:00 pm",0
"Feb 21, 08:00 pm",0
"Feb 21, 09:00 pm",0
"Feb 21, 10:00 pm",0
"Feb 21, 11:00 pm",0
"Feb 22, 12:00 am",0
"Feb 22, 01:00 am",0
"Feb 22, 02:00 am",0
"Feb 22, 03:00 am",0
"Feb 22, 04:00 am",0
"Feb 22, 05:00 am",0
"Feb 22, 06:00 am",0
"Feb 22, 07:00 am",0.2535
"Feb 22, 08:00 am",1.254
"Feb 22, 09:00 am",1.2162
"Feb 22, 10:00 am",4.17606
"Feb 22, 11:00 am",6.89856
"Feb 22, 12:00 pm",8.83189
"Feb 22, 01:00 pm",9.3719
"Feb 22, 02:00 pm",9.13205
"Feb 22, 03:00 pm",9.0357
"Feb 22, 04:00 pm",4.43523
"Feb 22, 05:00 pm",5.16649
"Feb 22, 06:00 pm",0
"Feb 22, 07:00 pm",0
"Feb 22, 08:00 pm",0
"Feb 22, 09:00 pm",0
"Feb 22, 10:00 pm",0
"Feb 22, 11:00 pm",0
"Feb 23, 12:00 am",0
"Feb 23, 01:00 am",0
"Feb 23, 02:00 am",0
"Feb 23, 03:00 am",0
"Feb 23, 04:00 am",0
"Feb 23, 05:00 am",0
"Feb 23, 06:00 am",0
"Feb 23, 07:00 am",-0
"Feb 23, 08:00 am",1.21189
"Feb 23, 09:00 am",1.06002
"Feb 23, 10:00 am",4.50812
"Feb 23, 11:00 am",8.42497
"Feb 23, 12:00 pm",11.2402
"Feb 23, 01:00 pm",13.0021
"Feb 23, 02:00 pm",13.6567
"Feb 23, 03:00 pm",13.1241
"Feb 23, 04:00 pm",8.22721
"Feb 23, 05:00 pm",5.96275
"Feb 23, 06:00 pm",0
"Feb 23, 07:00 pm",0
"Feb 23, 08:00 pm",0
"Feb 23, 09:00 pm",0
"Feb 23, 10:00 pm",0
"Feb 23, 11:00 pm",0
"Feb 24, 12:00 am",0
"Feb 24, 01:00 am",0
"Feb 24, 02:00 am",0
"Feb 24, 03:00 am",0
"Feb 24, 04:00 am",0
"Feb 24, 05:00 am",0
"Feb 24, 06:00 am",0
"Feb 24, 07:00 am",0.267203
"Feb 24, 08:00 am",0.682628
"Feb 24, 09:00 am",1.02358
"Feb 24, 10:00 am",4.56812
"Feb 24, 11:00 am",8.42274
"Feb 24, 12:00 pm",11.1338
"Feb 24, 01:00 pm",11.0128
"Feb 24, 02:00 pm",13.2391
"Feb 24, 03:00 pm",10.3537
"Feb 24, 04:00 pm",7.59046
"Feb 24, 05:00 pm",2.86764
"Feb 24, 06:00 pm",0
"Feb 24, 07:00 pm",0
"Feb 24, 08:00 pm",0
"Feb 24, 09:00 pm",0
"Feb 24, 10:00 pm",0
"Feb 24, 11:00 pm",0
"Feb 25, 12:00 am",0
"Feb 25, 01:00 am",0
"Feb 25, 02:00 am",0
"Feb 25, 03:00 am",0
"Feb 25, 04:00 am",0
"Feb 25, 05:00 am",0
"Feb 25, 06:00 am",0
"Feb 25, 07:00 am",0.0798519
"Feb 25, 08:00 am",1.37027
"Feb 25, 09:00 am",2.284
"Feb 25, 10:00 am",4.38762
"Feb 25, 11:00 am",7.22119
"Feb 25, 12:00 pm",8.52689
"Feb 25, 01:00 pm",7.56962
"Feb 25, 02:00 pm",7.35457
"Feb 25, 03:00 pm",4.84357
"Feb 25, 04:00 pm",2.15659
"Feb 25, 05:00 pm",0.413609
"Feb 25, 06:00 pm",0
"Feb 25, 07:00 pm",0
"Feb 25, 08:00 pm",0
"Feb 25, 09:00 pm",0
"Feb 25, 10:00 pm",0
"Feb 25, 11:00 pm",0
"Feb 26, 12:00 am",0
"Feb 26, 01:00 am",0
"Feb 26, 02:00 am",0
"Feb 26, 03:00 am",0
"Feb 26, 04:00 am",0
"Feb 26, 05:00 am",0
"Feb 26, 06:00 am",0
"Feb 26, 07:00 am",0.0693242
"Feb 26, 08:00 am",1.45083
"Feb 26, 09:00 am",1.11417
"Feb 26, 10:00 am",4.63983
"Feb 26, 11:00 am",6.97783
"Feb 26, 12:00 pm",9.41252
"Feb 26, 01:00 pm",3.75133
"Feb 26, 02:00 pm",7.07341
"Feb 26, 03:00 pm",12.6334
"Feb 26, 04:00 pm",10.6627
"Feb 26, 05:00 pm",6.75876
"Feb 26, 06:00 pm",0
"Feb 26, 07:00 pm",0
"Feb 26, 08:00 pm",0
"Feb 26, 09:00 pm",0
"Feb 26, 10:00 pm",0
"Feb 26, 11:00 pm",0
"Feb 27, 12:00 am",0
"Feb 27, 01:00 am",0
"Feb 27, 02:00 am",0
"Feb 27, 03:00 am",0
"Feb 27, 04:00 am",0
"Feb 27, 05:00 am",0
"Feb 27, 06:00 am",0
"Feb 27, 07:00 am",0.296821
"Feb 27, 08:00 am",0.672584
"Feb 27, 09:00 am",2.01752
"Feb 27, 10:00 am",4.569
"Feb 27, 11:00 am",7.72615
"Feb 27, 12:00 pm",7.10382
"Feb 27, 01:00 pm",7.88974
"Feb 27, 02:00 pm",0.535784
"Feb 27, 03:00 pm",3.86623
"Feb 27, 04:00 pm",2.20982
"Feb 27, 05:00 pm",0.503923
"Feb 27, 06:00 pm",0
"Feb 27, 07:00 pm",0
"Feb 27, 08:00 pm",0
"Feb 27, 09:00 pm",0
"Feb 27, 10:00 pm",0
"Feb 27, 11:00 pm",0
"Feb 28, 12:00 am",0
"Feb 28, 01:00 am",0
"Feb 28, 02:00 am",0
"Feb 28, 03:00 am",0
"Feb 28, 04:00 am",0
"Feb 28, 05:00 am",0
"Feb 28, 06:00 am",0
"Feb 28, 07:00 am",0.364245
"Feb 28, 08:00 am",1.15258
"Feb 28, 09:00 am",1.83763
"Feb 28, 10:00 am",3.11237
"Feb 28, 11:00 am",2.14468
"Feb 28, 12:00 pm",7.06684
"Feb 28, 01:00 pm",0.805172
"Feb 28, 02:00 pm",0.73109
"Feb 28, 03:00 pm",5.94746
"Feb 28, 04:00 pm",1.55635
"Feb 28, 05:00 pm",7.00112
"Feb 28, 06:00 pm",0
"Feb 28, 07:00 pm",0
"Feb 28, 08:00 pm",0
"Feb 28, 09:00 pm",0
"Feb 28, 10:00 pm",0
"Feb 28, 11:00 pm",0
"Mar 1, 12:00 am",0
"Mar 1, 01:00 am",0
"Mar 1, 02:00 am",0
"Mar 1, 03:00 am",0
"Mar 1, 04:00 am",0
"Mar 1, 05:00 am",0
"Mar 1, 06:00 am",0
"Mar 1, 07:00 am",0.375424
"Mar 1, 08:00 am",1.46285
"Mar 1, 09:00 am",2.04984
"Mar 1, 10:00 am",4.51936
"Mar 1, 11:00 am",8.17351
"Mar 1, 12:00 pm",10.6214
"Mar 1, 01:00 pm",11.1169
"Mar 1, 02:00 pm",11.4988
"Mar 1, 03:00 pm",12.2937
"Mar 1, 04:00 pm",10.4231
"Mar 1, 05:00 pm",6.44616
"Mar 1, 06:00 pm",0
"Mar 1, 07:00 pm",0
"Mar 1, 08:00 pm",0
"Mar 1, 09:00 pm",0
"Mar 1, 10:00 pm",0
"Mar 1, 11:00 pm",0
"Mar 2, 12:00 am",0
"Mar 2, 01:00 am",0
"Mar 2, 02:00 am",0
"Mar 2, 03:00 am",0
"Mar 2, 04:00 am",0
"Mar 2, 05:00 am",0
"Mar 2, 06:00 am",0
"Mar 2, 07:00 am",0.351416
"Mar 2, 08:00 am",0.747475
"Mar 2, 09:00 am",1.20525
"Mar 2, 10:00 am",4.85119
"Mar 2, 11:00 am",7.4108
"Mar 2, 12:00 pm",9.10381
"Mar 2, 01:00 pm",12.0875
"Mar 2, 02:00 pm",12.6372
"Mar 2, 03:00 pm",12.3009
"Mar 2, 04:00 pm",10.6457
"Mar 2, 05:00 pm",2.03024
"Mar 2, 06:00 pm",0
"Mar 2, 07:00 pm",0
"Mar 2, 08:00 pm",0
"Mar 2, 09:00 pm",0
"Mar 2, 10:00 pm",0
"Mar 2, 11:00 pm",0
"Mar 3, 12:00 am",0
"Mar 3, 01:00 am",0
"Mar 3, 02:00 am",0
"Mar 3, 03:00 am",0
"Mar 3, 04:00 am",0
"Mar 3, 05:00 am",0
"Mar 3, 06:00 am",0
"Mar 3, 07:00 am",0.317832
"Mar 3, 08:00 am",0.675692
"Mar 3, 09:00 am",1.14745
"Mar 3, 10:00 am",4.89565
"Mar 3, 11:00 am",8.57258
"Mar 3, 12:00 pm",11.0791
"Mar 3, 01:00 pm",12.6397
"Mar 3, 02:00 pm",13.3241
"Mar 3, 03:00 pm",13.024
"Mar 3, 04:00 pm",9.99421
"Mar 3, 05:00 pm",7.212
"Mar 3, 06:00 pm",0
"Mar 3, 07:00 pm",0
"Mar 3, 08:00 pm",0
"Mar 3, 09:00 pm",0
"Mar 3, 10:00 pm",0
"Mar 3, 11:00 pm",0
"Mar 4, 12:00 am",0
"Mar 4, 01:00 am",0
"Mar 4, 02:00 am",0
"Mar 4, 03:00 am",0
"Mar 4, 04:00 am",0
"Mar 4, 05:00 am",0
"Mar 4, 06:00 am",0
"Mar 4, 07:00 am",0.360348
"Mar 4, 08:00 am",1.33676
"Mar 4, 09:00 am",2.50722
"Mar 4, 10:00 am",4.95001
"Mar 4, 11:00 am",7.48344
"Mar 4, 12:00 pm",9.67021
"Mar 4, 01:00 pm",10.9955
"Mar 4, 02:00 pm",10.3493
"Mar 4, 03:00 pm",9.80557
"Mar 4, 04:00 pm",11.0239
"Mar 4, 05:00 pm",6.99524
"Mar 4, 06:00 pm",0
"Mar 4, 07:00 pm",0
"Mar 4, 08:00 pm",0
"Mar 4, 09:00 pm",0
"Mar 4, 10:00 pm",0
"Mar 4, 11:00 pm",0
"Mar 5, 12:00 am",0
"Mar 5, 01:00 am",0
"Mar 5, 02:00 am",0
"Mar 5, 03:00 am",0
"Mar 5, 04:00 am",0
"Mar 5, 05:00 am",0
"Mar 5, 06:00 am",0
"Mar 5, 07:00 am",0.405835
"Mar 5, 08:00 am",0.69463
"Mar 5, 09:00 am",1.32864
"Mar 5, 10:00 am",5.08008
"Mar 5, 11:00 am",8.59597
"Mar 5, 12:00 pm",10.8236
"Mar 5, 01:00 pm",11.9901
"Mar 5, 02:00 pm",12.5899
"Mar 5, 03:00 pm",12.38
"Mar 5, 04:00 pm",10.9122
"Mar 5, 05:00 pm",7.48621
"Mar 5, 06:00 pm",0
"Mar 5, 07:00 pm",0
"Mar 5, 08:00 pm",0
"Mar 5, 09:00 pm",0
"Mar 5, 10:00 pm",0
"Mar 5, 11:00 pm",0
"Mar 6, 12:00 am",0
"Mar 6, 01:00 am",0
"Mar 6, 02:00 am",0
"Mar 6, 03:00 am",0
"Mar 6, 04:00 am",0
"Mar 6, 05:00 am",0
"Mar 6, 06:00 am",0
"Mar 6, 07:00 am",0.370386
"Mar 6, 08:00 am",0.564526
"Mar 6, 09:00 am",1.29229
"Mar 6, 10:00 am",5.17666
"Mar 6, 11:00 am",8.8787
"Mar 6, 12:00 pm",11.4487
"Mar 6, 01:00 pm",13.0854
"Mar 6, 02:00 pm",13.7559
"Mar 6, 03:00 pm",13.3143
"Mar 6, 04:00 pm",11.6176
"Mar 6, 05:00 pm",7.66302
"Mar 6, 06:00 pm",0
"Mar 6, 07:00 pm",0
"Mar 6, 08:00 pm",0
"Mar 6, 09:00 pm",0
"Mar 6, 10:00 pm",0
"Mar 6, 11:00 pm",0
"Mar 7, 12:00 am",0
"Mar 7, 01:00 am",0
"Mar 7, 02:00 am",0
"Mar 7, 03:00 am",0
"Mar 7, 04:00 am",0
"Mar 7, 05:00 am",0
"Mar 7, 06:00 am",0
"Mar 7, 07:00 am",0.460126
"Mar 7, 08:00 am",0.728373
"Mar 7, 09:00 am",0.670691
"Mar 7, 10:00 am",1.87052
"Mar 7, 11:00 am",0.584567
"Mar 7, 12:00 pm",3.67989
"Mar 7, 01:00 pm",1.98543
"Mar 7, 02:00 pm",2.67771
"Mar 7, 03:00 pm",6.53547
"Mar 7, 04:00 pm",4.14155
"Mar 7, 05:00 pm",-0
"Mar 7, 06:00 pm",0
"Mar 7, 07:00 pm",0
"Mar 7, 08:00 pm",0
"Mar 7, 09:00 pm",0
"Mar 7, 10:00 pm",0
"Mar 7, 11:00 pm",0
"Mar 8, 12:00 am",0
"Mar 8, 01:00 am",0
"Mar 8, 02:00 am",0
"Mar 8, 03:00 am",0
"Mar 8, 04:00 am",0
"Mar 8, 05:00 am",0
"Mar 8, 06:00 am",0
"Mar 8, 07:00 am",0.529313
"Mar 8, 08:00 am",0.799298
"Mar 8, 09:00 am",1.56178
"Mar 8, 10:00 am",5.43661
"Mar 8, 11:00 am",9.12963
"Mar 8, 12:00 pm",11.6852
"Mar 8, 01:00 pm",13.2592
"Mar 8, 02:00 pm",13.8682
"Mar 8, 03:00 pm",13.3834
"Mar 8, 04:00 pm",11.6477
"Mar 8, 05:00 pm",4.04273
"Mar 8, 06:00 pm",-0
"Mar 8, 07:00 pm",0
"Mar 8, 08:00 pm",0
"Mar 8, 09:00 pm",0
"Mar 8, 10:00 pm",0
"Mar 8, 11:00 pm",0
"Mar 9, 12:00 am",0
"Mar 9, 01:00 am",0
"Mar 9, 02:00 am",0
"Mar 9, 03:00 am",0
"Mar 9, 04:00 am",0
"Mar 9, 05:00 am",0
"Mar 9, 06:00 am",0
"Mar 9, 07:00 am",0.411959
"Mar 9, 08:00 am",0.696033
"Mar 9, 09:00 am",1.54684
"Mar 9, 10:00 am",5.45595
"Mar 9, 11:00 am",9.10663
"Mar 9, 12:00 pm",11.5189
"Mar 9, 01:00 pm",13.0165
"Mar 9, 02:00 pm",13.5695
"Mar 9, 03:00 pm",13.161
"Mar 9, 04:00 pm",11.4804
"Mar 9, 05:00 pm",7.72067
"Mar 9, 06:00 pm",-0
"Mar 9, 07:00 pm",0
"Mar 9, 08:00 pm",0
"Mar 9, 09:00 pm",0
"Mar 9, 10:00 pm",0
"Mar 9, 11:00 pm",0
"Mar 10, 12:00 am",0
"Mar 10, 01:00 am",0
"Mar 10, 02:00 am",0
"Mar 10, 03:00 am",0
"Mar 10, 04:00 am",0
"Mar 10, 05:00 am",0
"Mar 10, 06:00 am",0
"Mar 10, 07:00 am",0.598507
"Mar 10, 08:00 am",1.27113
"Mar 10, 09:00 am",1.60465
"Mar 10, 10:00 am",5.59373
"Mar 10, 11:00 am",9.15524
"Mar 10, 12:00 pm",11.3965
"Mar 10, 01:00 pm",12.8306
"Mar 10, 02:00 pm",13.4107
"Mar 10, 03:00 pm",13.0338
"Mar 10, 04:00 pm",11.239
"Mar 10, 05:00 pm",7.59888
"Mar 10, 06:00 pm",-0
"Mar 10, 07:00 pm",0
"Mar 10, 08:00 pm",0
"Mar 10, 09:00 pm",0
"Mar 10, 10:00 pm",0
"Mar 10, 11:00 pm",0
"Mar 11, 12:00 am",0
"Mar 11, 01:00 am",0
"Mar 11, 02:00 am",0
"Mar 11, 03:00 am",0
"Mar 11, 04:00 am",0
"Mar 11, 05:00 am",0
"Mar 11, 06:00 am",0
"Mar 11, 07:00 am",0.542514
"Mar 11, 08:00 am",0.944574
"Mar 11, 09:00 am",1.79272
"Mar 11, 10:00 am",5.66545
"Mar 11, 11:00 am",9.30411
"Mar 11, 12:00 pm",11.7679
"Mar 11, 01:00 pm",13.4908
"Mar 11, 02:00 pm",14.0857
"Mar 11, 03:00 pm",13.3959
"Mar 11, 04:00 pm",9.78518
"Mar 11, 05:00 pm",5.92036
"Mar 11, 06:00 pm",-0
"Mar 11, 07:00 pm",0
"Mar 11, 08:00 pm",0
"Mar 11, 09:00 pm",0
"Mar 11, 10:00 pm",0
"Mar 11, 11:00 pm",0
"Mar 12, 12:00 am",0
"Mar 12, 01:00 am",0
"Mar 12, 02:00 am",0
"Mar 12, 03:00 am",0
"Mar 12, 04:00 am",0
"Mar 12, 05:00 am",0
"Mar 12, 06:00 am",0
"Mar 12, 07:00 am",0.51483
"Mar 12, 08:00 am",0.793848
"Mar 12, 09:00 am",1.80961
"Mar 12, 10:00 am",5.78538
"Mar 12, 11:00 am",9.63553
"Mar 12, 12:00 pm",12.1826
"Mar 12, 01:00 pm",13.7374
"Mar 12, 02:00 pm",14.2917
"Mar 12, 03:00 pm",13.734
"Mar 12, 04:00 pm",11.7235
"Mar 12, 05:00 pm",7.61795
"Mar 12, 06:00 pm",-0
"Mar 12, 07:00 pm",0
"Mar 12, 08:00 pm",0
"Mar 12, 09:00 pm",0
"Mar 12, 10:00 pm",0
"Mar 12, 11:00 pm",0
"Mar 13, 12:00 am",0
"Mar 13, 01:00 am",0
"Mar 13, 02:00 am",0
"Mar 13, 03:00 am",0
"Mar 13, 04:00 am",0
"Mar 13, 05:00 am",0
"Mar 13, 06:00 am",0
"Mar 13, 07:00 am",0.51206
"Mar 13, 08:00 am",0.834783
"Mar 13, 09:00 am",1.7855
"Mar 13, 10:00 am",5.7209
"Mar 13, 11:00 am",9.25966
"Mar 13, 12:00 pm",11.6867
"Mar 13, 01:00 pm",13.2013
"Mar 13, 02:00 pm",13.8331
"Mar 13, 03:00 pm",13.4479
"Mar 13, 04:00 pm",11.6065
"Mar 13, 05:00 pm",7.8285
"Mar 13, 06:00 pm",-0
"Mar 13, 07:00 pm",0
"Mar 13, 08:00 pm",0
"Mar 13, 09:00 pm",0
"Mar 13, 10:00 pm",0
"Mar 13, 11:00 pm",0
"Mar 14, 12:00 am",0
"Mar 14, 01:00 am",0
"Mar 14, 02:00 am",0
"Mar 14, 03:00 am",0
"Mar 14, 04:00 am",0
"Mar 14, 05:00 am",0
"Mar 14, 06:00 am",0
"Mar 14, 07:00 am",0.543896
"Mar 14, 08:00 am",0.863296
"Mar 14, 09:00 am",1.97153
"Mar 14, 10:00 am",5.83141
"Mar 14, 11:00 am",8.59474
"Mar 14, 12:00 pm",10.6599
"Mar 14, 01:00 pm",11.82
"Mar 14, 02:00 pm",9.46171
"Mar 14, 03:00 pm",10.4449
"Mar 14, 04:00 pm",0.498473
"Mar 14, 05:00 pm",2.64459
"Mar 14, 06:00 pm",-0
"Mar 14, 07:00 pm",0
"Mar 14, 08:00 pm",0
"Mar 14, 09:00 pm",0
"Mar 14, 10:00 pm",0
"Mar 14, 11:00 pm",0
"Mar 15, 12:00 am",0
"Mar 15, 01:00 am",0
"Mar 15, 02:00 am",0
"Mar 15, 03:00 am",0
"Mar 15, 04:00 am",0
"Mar 15, 05:00 am",0
"Mar 15, 06:00 am",0
"Mar 15, 07:00 am",0.707903
"Mar 15, 08:00 am",1.62707
"Mar 15, 09:00 am",3.12824
"Mar 15, 10:00 am",5.73967
"Mar 15, 11:00 am",9.79792
"Mar 15, 12:00 pm",12.2814
"Mar 15, 01:00 pm",13.814
"Mar 15, 02:00 pm",14.3902
"Mar 15, 03:00 pm",13.7538
"Mar 15, 04:00 pm",11.7533
"Mar 15, 05:00 pm",7.51535
"Mar 15, 06:00 pm",-0
"Mar 15, 07:00 pm",0
"Mar 15, 08:00 pm",0
"Mar 15, 09:00 pm",0
"Mar 15, 10:00 pm",0
"Mar 15, 11:00 pm",0
"Mar 16, 12:00 am",0
"Mar 16, 01:00 am",0
"Mar 16, 02:00 am",0
"Mar 16, 03:00 am",0
"Mar 16, 04:00 am",0
"Mar 16, 05:00 am",0
"Mar 16, 06:00 am",0
"Mar 16, 07:00 am",-0
"Mar 16, 08:00 am",1.88173
"Mar 16, 09:00 am",0.250779
"Mar 16, 10:00 am",1.76333
"Mar 16, 11:00 am",3.71829
"Mar 16, 12:00 pm",3.83739
"Mar 16, 01:00 pm",5.81666
"Mar 16, 02:00 pm",6.62102
"Mar 16, 03:00 pm",11.1456
"Mar 16, 04:00 pm",0.163914
"Mar 16, 05:00 pm",0.502515
"Mar 16, 06:00 pm",-0
"Mar 16, 07:00 pm",0
"Mar 16, 08:00 pm",0
"Mar 16, 09:00 pm",0
"Mar 16, 10:00 pm",0
"Mar 16, 11:00 pm",0
"Mar 17, 12:00 am",0
"Mar 17, 01:00 am",0
"Mar 17, 02:00 am",0
"Mar 17, 03:00 am",0
"Mar 17, 04:00 am",0
"Mar 17, 05:00 am",0
"Mar 17, 06:00 am",0
"Mar 17, 07:00 am",0.816909
"Mar 17, 08:00 am",1.86288
"Mar 17, 09:00 am",1.50085
"Mar 17, 10:00 am",3.93131
"Mar 17, 11:00 am",2.61301
"Mar 17, 12:00 pm",4.34994
"Mar 17, 01:00 pm",6.9926
"Mar 17, 02:00 pm",10.6837
"Mar 17, 03:00 pm",12.8311
"Mar 17, 04:00 pm",7.53593
"Mar 17, 05:00 pm",2.29065
"Mar 17, 06:00 pm",-0
"Mar 17, 07:00 pm",0
"Mar 17, 08:00 pm",0
"Mar 17, 09:00 pm",0
"Mar 17, 10:00 pm",0
"Mar 17, 11:00 pm",0
"Mar 18, 12:00 am",0
"Mar 18, 01:00 am",0
"Mar 18, 02:00 am",0
"Mar 18, 03:00 am",0
"Mar 18, 04:00 am",0
"Mar 18, 05:00 am",0
"Mar 18, 06:00 am",0
"Mar 18, 07:00 am",0.611229
"Mar 18, 08:00 am",0.861902
"Mar 18, 09:00 am",2.2247
"Mar 18, 10:00 am",6.14909
"Mar 18, 11:00 am",9.733
"Mar 18, 12:00 pm",12.1148
"Mar 18, 01:00 pm",13.583
"Mar 18, 02:00 pm",14.03
"Mar 18, 03:00 pm",13.5963
"Mar 18, 04:00 pm",11.7054
"Mar 18, 05:00 pm",7.71824
"Mar 18, 06:00 pm",-0
"Mar 18, 07:00 pm",0
"Mar 18, 08:00 pm",0
"Mar 18, 09:00 pm",0
"Mar 18, 10:00 pm",0
"Mar 18, 11:00 pm",0
"Mar 19, 12:00 am",0
"Mar 19, 01:00 am",0
"Mar 19, 02:00 am",0
"Mar 19, 03:00 am",0
"Mar 19, 04:00 am",0
"Mar 19, 05:00 am",0
"Mar 19, 06:00 am",0
"Mar 19, 07:00 am",0.572731
"Mar 19, 08:00 am",0.797862
"Mar 19, 09:00 am",2.20159
"Mar 19, 10:00 am",6.23384
"Mar 19, 11:00 am",9.67699
"Mar 19, 12:00 pm",12.0684
"Mar 19, 01:00 pm",13.5654
"Mar 19, 02:00 pm",14.129
"Mar 19, 03:00 pm",12.4466
"Mar 19, 04:00 pm",11.8479
"Mar 19, 05:00 pm",7.98566
"Mar 19, 06:00 pm",-0
"Mar 19, 07:00 pm",0
"Mar 19, 08:00 pm",0
"Mar 19, 09:00 pm",0
"Mar 19, 10:00 pm",0
"Mar 19, 11:00 pm",0
"Mar 20, 12:00 am",0
"Mar 20, 01:00 am",0
"Mar 20, 02:00 am",0
"Mar 20, 03:00 am",0
"Mar 20, 04:00 am",0
"Mar 20, 05:00 am",0
"Mar 20, 06:00 am",0
"Mar 20, 07:00 am",0.615594
"Mar 20, 08:00 am",1.28227
"Mar 20, 09:00 am",2.66766
"Mar 20, 10:00 am",6.13505
"Mar 20, 11:00 am",9.42784
"Mar 20, 12:00 pm",11.8082
"Mar 20, 01:00 pm",13.2994
"Mar 20, 02:00 pm",13.7814
"Mar 20, 03:00 pm",13.2724
"Mar 20, 04:00 pm",11.6823
"Mar 20, 05:00 pm",8.35831
"Mar 20, 06:00 pm",0.553544
"Mar 20, 07:00 pm",0
"Mar 20, 08:00 pm",0
"Mar 20, 09:00 pm",0
"Mar 20, 10:00 pm",0
"Mar 20, 11:00 pm",0
"Mar 21, 12:00 am",0
"Mar 21, 01:00 am",0
"Mar 21, 02:00 am",0
"Mar 21, 03:00 am",0
"Mar 21, 04:00 am",0
"Mar 21, 05:00 am",0
"Mar 21, 06:00 am",0
"Mar 21, 07:00 am",0.47635
"Mar 21, 08:00 am",0.721782
"Mar 21, 09:00 am",2.33295
"Mar 21, 10:00 am",6.4162
"Mar 21, 11:00 am",9.89755
"Mar 21, 12:00 pm",12.2108
"Mar 21, 01:00 pm",13.6116
"Mar 21, 02:00 pm",14.0355
"Mar 21, 03:00 pm",13.4792
"Mar 21, 04:00 pm",11.8014
"Mar 21, 05:00 pm",8.44077
"Mar 21, 06:00 pm",0.701589
"Mar 21, 07:00 pm",0
"Mar 21, 08:00 pm",0
"Mar 21, 09:00 pm",0
"Mar 21, 10:00 pm",0
"Mar 21, 11:00 pm",0
"Mar 22, 12:00 am",0
"Mar 22, 01:00 am",0
"Mar 22, 02:00 am",0
"Mar 22, 03:00 am",0
"Mar 22, 04:00 am",0
"Mar 22, 05:00 am",0
"Mar 22, 06:00 am",-0
"Mar 22, 07:00 am",0.517194
"Mar 22, 08:00 am",0.772704
"Mar 22, 09:00 am",2.44461
"Mar 22, 10:00 am",6.40485
"Mar 22, 11:00 am",9.59996
"Mar 22, 12:00 pm",11.8125
"Mar 22, 01:00 pm",13.3426
"Mar 22, 02:00 pm",13.9861
"Mar 22, 03:00 pm",13.691
"Mar 22, 04:00 pm",11.9328
"Mar 22, 05:00 pm",8.40279
"Mar 22, 06:00 pm",0.539389
"Mar 22, 07:00 pm",0
"Mar 22, 08:00 pm",0
"Mar 22, 09:00 pm",0
"Mar 22, 10:00 pm",0
"Mar 22, 11:00 pm",0
"Mar 23, 12:00 am",0
"Mar 23, 01:00 am",0
"Mar 23, 02:00 am",0
"Mar 23, 03:00 am",0
"Mar 23, 04:00 am",0
"Mar 23, 05:00 am",0
"Mar 23, 06:00 am",-0
"Mar 23, 07:00 am",0.770133
"Mar 23, 08:00 am",1.07983
"Mar 23, 09:00 am",2.65835
"Mar 23, 10:00 am",6.56303
"Mar 23, 11:00 am",9.93905
"Mar 23, 12:00 pm",12.2169
"Mar 23, 01:00 pm",13.7486
"Mar 23, 02:00 pm",14.1108
"Mar 23, 03:00 pm",13.5545
"Mar 23, 04:00 pm",11.626
"Mar 23, 05:00 pm",7.82807
"Mar 23, 06:00 pm",0.368852
"Mar 23, 07:00 pm",0
"Mar 23, 08:00 pm",0
"Mar 23, 09:00 pm",0
"Mar 23, 10:00 pm",0
"Mar 23, 11:00 pm",0
"Mar 24, 12:00 am",0
"Mar 24, 01:00 am",0
"Mar 24, 02:00 am",0
"Mar 24, 03:00 am",0
"Mar 24, 04:00 am",0
"Mar 24, 05:00 am",0
"Mar 24, 06:00 am",-0
"Mar 24, 07:00 am",0.618392
"Mar 24, 08:00 am",0.840011
"Mar 24, 09:00 am",2.5622
"Mar 24, 10:00 am",6.36927
"Mar 24, 11:00 am",9.48035
"Mar 24, 12:00 pm",11.6821
"Mar 24, 01:00 pm",13.0691
"Mar 24, 02:00 pm",13.5699
"Mar 24, 03:00 pm",13.181
"Mar 24, 04:00 pm",11.5107
"Mar 24, 05:00 pm",7.97461
"Mar 24, 06:00 pm",0.569702
"Mar 24, 07:00 pm",0
"Mar 24, 08:00 pm",0
"Mar 24, 09:00 pm",0
"Mar 24, 10:00 pm",0
"Mar 24, 11:00 pm",0
"Mar 25, 12:00 am",0
"Mar 25, 01:00 am",0
"Mar 25, 02:00 am",0
"Mar 25, 03:00 am",0
"Mar 25, 04:00 am",0
"Mar 25, 05:00 am",0
"Mar 25, 06:00 am",-0
"Mar 25, 07:00 am",0.673178
"Mar 25, 08:00 am",2.07328
"Mar 25, 09:00 am",2.92694
"Mar 25, 10:00 am",6.29486
"Mar 25, 11:00 am",9.07301
"Mar 25, 12:00 pm",12.1485
"Mar 25, 01:00 pm",12.0624
"Mar 25, 02:00 pm",9.62937
"Mar 25, 03:00 pm",4.10297
"Mar 25, 04:00 pm",1.96278
"Mar 25, 05:00 pm",2.93694
"Mar 25, 06:00 pm",-0
"Mar 25, 07:00 pm",0
"Mar 25, 08:00 pm",0
"Mar 25, 09:00 pm",0
"Mar 25, 10:00 pm",0
"Mar 25, 11:00 pm",0
"Mar 26, 12:00 am",0
"Mar 26, 01:00 am",0
"Mar 26, 02:00 am",0
"Mar 26, 03:00 am",0
"Mar 26, 04:00 am",0
"Mar 26, 05:00 am",0
"Mar 26, 06:00 am",-0
"Mar 26, 07:00 am",0.0630945
"Mar 26, 08:00 am",2.06548
"Mar 26, 09:00 am",3.33967
"Mar 26, 10:00 am",5.9241
"Mar 26, 11:00 am",7.66706
"Mar 26, 12:00 pm",7.07306
"Mar 26, 01:00 pm",5.44757
"Mar 26, 02:00 pm",3.03973
"Mar 26, 03:00 pm",7.56847
"Mar 26, 04:00 pm",6.5581
"Mar 26, 05:00 pm",7.69714
"Mar 26, 06:00 pm",0.0834841
"Mar 26, 07:00 pm",0
"Mar 26, 08:00 pm",0
"Mar 26, 09:00 pm",0
"Mar 26, 10:00 pm",0
"Mar 26, 11:00 pm",0
"Mar 27, 12:00 am",0
"Mar 27, 01:00 am",0
"Mar 27, 02:00 am",0
"Mar 27, 03:00 am",0
"Mar 27, 04:00 am",0
"Mar 27, 05:00 am",0
"Mar 27, 06:00 am",-0
"Mar 27, 07:00 am",0.806049
"Mar 27, 08:00 am",1.0057
"Mar 27, 09:00 am",2.93919
"Mar 27, 10:00 am",6.84087
"Mar 27, 11:00 am",10.0879
"Mar 27, 12:00 pm",12.3459
"Mar 27, 01:00 pm",13.7018
"Mar 27, 02:00 pm",14.1827
"Mar 27, 03:00 pm",13.5896
"Mar 27, 04:00 pm",11.7836
"Mar 27, 05:00 pm",8.1279
"Mar 27, 06:00 pm",0.529109
"Mar 27, 07:00 pm",0
"Mar 27, 08:00 pm",0
"Mar 27, 09:00 pm",0
"Mar 27, 10:00 pm",0
"Mar 27, 11:00 pm",0
"Mar 28, 12:00 am",0
"Mar 28, 01:00 am",0
"Mar 28, 02:00 am",0
"Mar 28, 03:00 am",0
"Mar 28, 04:00 am",0
"Mar 28, 05:00 am",0
"Mar 28, 06:00 am",-0
"Mar 28, 07:00 am",0.676779
"Mar 28, 08:00 am",0.836942
"Mar 28, 09:00 am",2.85396
"Mar 28, 10:00 am",6.86499
"Mar 28, 11:00 am",10.0558
"Mar 28, 12:00 pm",12.2102
"Mar 28, 01:00 pm",13.4183
"Mar 28, 02:00 pm",13.8555
"Mar 28, 03:00 pm",13.36
"Mar 28, 04:00 pm",11.7326
"Mar 28, 05:00 pm",8.05415
"Mar 28, 06:00 pm",0.822369
"Mar 28, 07:00 pm",0
"Mar 28, 08:00 pm",0
"Mar 28, 09:00 pm",0
"Mar 28, 10:00 pm",0
"Mar 28, 11:00 pm",0
"Mar 29, 12:00 am",0
"Mar 29, 01:00 am",0
"Mar 29, 02:00 am",0
"Mar 29, 03:00 am",0
"Mar 29, 04:00 am",0
"Mar 29, 05:00 am",0
"Mar 29, 06:00 am",0.0139796
"Mar 29, 07:00 am",0.821331
"Mar 29, 08:00 am",1.12348
"Mar 29, 09:00 am",3.0262
"Mar 29, 10:00 am",6.87232
"Mar 29, 11:00 am",10.0584
"Mar 29, 12:00 pm",12.3279
"Mar 29, 01:00 pm",13.6828
"Mar 29, 02:00 pm",14.0554
"Mar 29, 03:00 pm",13.4231
"Mar 29, 04:00 pm",11.2606
"Mar 29, 05:00 pm",7.05023
"Mar 29, 06:00 pm",0.254571
"Mar 29, 07:00 pm",0
"Mar 29, 08:00 pm",0
"Mar 29, 09:00 pm",0
"Mar 29, 10:00 pm",0
"Mar 29, 11:00 pm",0
"Mar 30, 12:00 am",0
"Mar 30, 01:00 am",0
"Mar 30, 02:00 am",0
"Mar 30, 03:00 am",0
"Mar 30, 04:00 am",0
"Mar 30, 05:00 am",0
"Mar 30, 06:00 am",0.0134692
"Mar 30, 07:00 am",0.860305
"Mar 30, 08:00 am",1.04579
"Mar 30, 09:00 am",3.12645
"Mar 30, 10:00 am",6.89476
"Mar 30, 11:00 am",9.90449
"Mar 30, 12:00 pm",12.0445
"Mar 30, 01:00 pm",13.3596
"Mar 30, 02:00 pm",13.6093
"Mar 30, 03:00 pm",13.1892
"Mar 30, 04:00 pm",11.5327
"Mar 30, 05:00 pm",7.55537
"Mar 30, 06:00 pm",0.652977
"Mar 30, 07:00 pm",0
"Mar 30, 08:00 pm",0
"Mar 30, 09:00 pm",0
"Mar 30, 10:00 pm",0
"Mar 30, 11:00 pm",0
"Mar 31, 12:00 am",0
"Mar 31, 01:00 am",0
"Mar 31, 02:00 am",0
"Mar 31, 03:00 am",0
"Mar 31, 04:00 am",0
"Mar 31, 05:00 am",0
"Mar 31, 06:00 am",0.0343001
"Mar 31, 07:00 am",0.91848
"Mar 31, 08:00 am",1.18786
"Mar 31, 09:00 am",3.27743
"Mar 31, 10:00 am",7.2968
"Mar 31, 11:00 am",10.4901
"Mar 31, 12:00 pm",12.7648
"Mar 31, 01:00 pm",14.1757
"Mar 31, 02:00 pm",14.6364
"Mar 31, 03:00 pm",13.935
"Mar 31, 04:00 pm",11.6367
"Mar 31, 05:00 pm",8.6739
"Mar 31, 06:00 pm",1.61906
"Mar 31, 07:00 pm",0
"Mar 31, 08:00 pm",0
"Mar 31, 09:00 pm",0
"Mar 31, 10:00 pm",0
"Mar 31, 11:00 pm",0
"Apr 1, 12:00 am",0
"Apr 1, 01:00 am",0
"Apr 1, 02:00 am",0
"Apr 1, 03:00 am",0
"Apr 1, 04:00 am",0
"Apr 1, 05:00 am",0
"Apr 1, 06:00 am",0.0622642
"Apr 1, 07:00 am",0.564433
"Apr 1, 08:00 am",0.756455
"Apr 1, 09:00 am",3.03937
"Apr 1, 10:00 am",6.80214
"Apr 1, 11:00 am",9.64383
"Apr 1, 12:00 pm",11.8284
"Apr 1, 01:00 pm",13.2761
"Apr 1, 02:00 pm",13.8795
"Apr 1, 03:00 pm",13.541
"Apr 1, 04:00 pm",11.7502
"Apr 1, 05:00 pm",8.44337
"Apr 1, 06:00 pm",1.38778
"Apr 1, 07:00 pm",0
"Apr 1, 08:00 pm",0
"Apr 1, 09:00 pm",0
"Apr 1, 10:00 pm",0
"Apr 1, 11:00 pm",0
"Apr 2, 12:00 am",0
"Apr 2, 01:00 am",0
"Apr 2, 02:00 am",0
"Apr 2, 03:00 am",0
"Apr 2, 04:00 am",0
"Apr 2, 05:00 am",0
"Apr 2, 06:00 am",0.0536584
"Apr 2, 07:00 am",0.80834
"Apr 2, 08:00 am",0.93303
"Apr 2, 09:00 am",3.13452
"Apr 2, 10:00 am",6.77872
"Apr 2, 11:00 am",9.64263
"Apr 2, 12:00 pm",11.5598
"Apr 2, 01:00 pm",11.3504
"Apr 2, 02:00 pm",9.11211
"Apr 2, 03:00 pm",7.84776
"Apr 2, 04:00 pm",10.0694
"Apr 2, 05:00 pm",2.35217
"Apr 2, 06:00 pm",0.627184
"Apr 2, 07:00 pm",0
"Apr 2, 08:00 pm",0
"Apr 2, 09:00 pm",0
"Apr 2, 10:00 pm",0
"Apr 2, 11:00 pm",0
"Apr 3, 12:00 am",0
"Apr 3, 01:00 am",0
"Apr 3, 02:00 am",0
"Apr 3, 03:00 am",0
"Apr 3, 04:00 am",0
"Apr 3, 05:00 am",0
"Apr 3, 06:00 am",0.108551
"Apr 3, 07:00 am",0.674263
"Apr 3, 08:00 am",0.892009
"Apr 3, 09:00 am",3.16755
"Apr 3, 10:00 am",7.11089
"Apr 3, 11:00 am",10.0759
"Apr 3, 12:00 pm",12.0864
"Apr 3, 01:00 pm",13.494
"Apr 3, 02:00 pm",14.1438
"Apr 3, 03:00 pm",13.6119
"Apr 3, 04:00 pm",11.5564
"Apr 3, 05:00 pm",7.42402
"Apr 3, 06:00 pm",0.583607
"Apr 3, 07:00 pm",0
"Apr 3, 08:00 pm",0
"Apr 3, 09:00 pm",0
"Apr 3, 10:00 pm",0
"Apr 3, 11:00 pm",0
"Apr 4, 12:00 am",0
"Apr 4, 01:00 am",0
"Apr 4, 02:00 am",0
"Apr 4, 03:00 am",0
"Apr 4, 04:00 am",0
"Apr 4, 05:00 am",0
"Apr 4, 06:00 am",0.103716
"Apr 4, 07:00 am",0.615805
"Apr 4, 08:00 am",0.742247
"Apr 4, 09:00 am",3.46067
"Apr 4, 10:00 am",7.73642
"Apr 4, 11:00 am",10.9537
"Apr 4, 12:00 pm",13.1191
"Apr 4, 01:00 pm",14.4376
"Apr 4, 02:00 pm",14.8422
"Apr 4, 03:00 pm",14.3112
"Apr 4, 04:00 pm",12.7673
"Apr 4, 05:00 pm",9.47263
"Apr 4, 06:00 pm",2.21416
"Apr 4, 07:00 pm",0
"Apr 4, 08:00 pm",0
"Apr 4, 09:00 pm",0
"Apr 4, 10:00 pm",0
"Apr 4, 11:00 pm",0
"Apr 5, 12:00 am",0
"Apr 5, 01:00 am",0
"Apr 5, 02:00 am",0
"Apr 5, 03:00 am",0
"Apr 5, 04:00 am",0
"Apr 5, 05:00 am",0
"Apr 5, 06:00 am",0.0997748
"Apr 5, 07:00 am",0.588082
"Apr 5, 08:00 am",0.745761
"Apr 5, 09:00 am",3.34987
"Apr 5, 10:00 am",7.17088
"Apr 5, 11:00 am",10.0947
"Apr 5, 12:00 pm",12.086
"Apr 5, 01:00 pm",12.2629
"Apr 5, 02:00 pm",12.2912
"Apr 5, 03:00 pm",12.8514
"Apr 5, 04:00 pm",9.13637
"Apr 5, 05:00 pm",6.05555
"Apr 5, 06:00 pm",0.323428
"Apr 5, 07:00 pm",0
"Apr 5, 08:00 pm",0
"Apr 5, 09:00 pm",0
"Apr 5, 10:00 pm",0
"Apr 5, 11:00 pm",0
"Apr 6, 12:00 am",0
"Apr 6, 01:00 am",0
"Apr 6, 02:00 am",0
"Apr 6, 03:00 am",0
"Apr 6, 04:00 am",0
"Apr 6, 05:00 am",0
"Apr 6, 06:00 am",0.0761092
"Apr 6, 07:00 am",0.371357
"Apr 6, 08:00 am",2.31218
"Apr 6, 09:00 am",3.93194
"Apr 6, 10:00 am",5.46096
"Apr 6, 11:00 am",2.78035
"Apr 6, 12:00 pm",2.26277
"Apr 6, 01:00 pm",4.65495
"Apr 6, 02:00 pm",0.25922
"Apr 6, 03:00 pm",7.66856
"Apr 6, 04:00 pm",0.433993
"Apr 6, 05:00 pm",3.22316
"Apr 6, 06:00 pm",0.0440811
"Apr 6, 07:00 pm",0
"Apr 6, 08:00 pm",0
"Apr 6, 09:00 pm",0
"Apr 6, 10:00 pm",0
"Apr 6, 11:00 pm",0
"Apr 7, 12:00 am",0
"Apr 7, 01:00 am",0
"Apr 7, 02:00 am",0
"Apr 7, 03:00 am",0
"Apr 7, 04:00 am",0
"Apr 7, 05:00 am",0
"Apr 7, 06:00 am",0.0387953
"Apr 7, 07:00 am",1.28021
"Apr 7, 08:00 am",0.870592
"Apr 7, 09:00 am",3.51094
"Apr 7, 10:00 am",7.50023
"Apr 7, 11:00 am",10.6107
"Apr 7, 12:00 pm",9.22236
"Apr 7, 01:00 pm",14.1549
"Apr 7, 02:00 pm",14.7743
"Apr 7, 03:00 pm",14.2037
"Apr 7, 04:00 pm",12.4252
"Apr 7, 05:00 pm",8.78111
"Apr 7, 06:00 pm",1.58043
"Apr 7, 07:00 pm",0
"Apr 7, 08:00 pm",0
"Apr 7, 09:00 pm",0
"Apr 7, 10:00 pm",0
"Apr 7, 11:00 pm",0
"Apr 8, 12:00 am",0
"Apr 8, 01:00 am",0
"Apr 8, 02:00 am",0
"Apr 8, 03:00 am",0
"Apr 8, 04:00 am",0
"Apr 8, 05:00 am",0
"Apr 8, 06:00 am",0.153224
"Apr 8, 07:00 am",1.36993
"Apr 8, 08:00 am",2.14816
"Apr 8, 09:00 am",4.32616
"Apr 8, 10:00 am",7.61309
"Apr 8, 11:00 am",9.03084
"Apr 8, 12:00 pm",11.3095
"Apr 8, 01:00 pm",13.8974
"Apr 8, 02:00 pm",12.0179
"Apr 8, 03:00 pm",10.2086
"Apr 8, 04:00 pm",8.3796
"Apr 8, 05:00 pm",2.18116
"Apr 8, 06:00 pm",1.10947
"Apr 8, 07:00 pm",0
"Apr 8, 08:00 pm",0
"Apr 8, 09:00 pm",0
"Apr 8, 10:00 pm",0
"Apr 8, 11:00 pm",0
"Apr 9, 12:00 am",0
"Apr 9, 01:00 am",0
"Apr 9, 02:00 am",0
"Apr 9, 03:00 am",0
"Apr 9, 04:00 am",0
"Apr 9, 05:00 am",0
"Apr 9, 06:00 am",-0
"Apr 9, 07:00 am",0.857642
"Apr 9, 08:00 am",0.156176
"Apr 9, 09:00 am",1.5532
"Apr 9, 10:00 am",4.0317
"Apr 9, 11:00 am",4.42992
"Apr 9, 12:00 pm",5.86724
"Apr 9, 01:00 pm",5.86144
"Apr 9, 02:00 pm",9.62557
"Apr 9, 03:00 pm",14.6215
"Apr 9, 04:00 pm",12.8521
"Apr 9, 05:00 pm",9.25527
"Apr 9, 06:00 pm",-0
"Apr 9, 07:00 pm",0
"Apr 9, 08:00 pm",0
"Apr 9, 09:00 pm",0
"Apr 9, 10:00 pm",0
"Apr 9, 11:00 pm",0
"Apr 10, 12:00 am",0
"Apr 10, 01:00 am",0
"Apr 10, 02:00 am",0
"Apr 10, 03:00 am",0
"Apr 10, 04:00 am",0
"Apr 10, 05:00 am",0
"Apr 10, 06:00 am",0.22796
"Apr 10, 07:00 am",0.709704
"Apr 10, 08:00 am",0.930809
"Apr 10, 09:00 am",3.93565
"Apr 10, 10:00 am",8.03925
"Apr 10, 11:00 am",10.9239
"Apr 10, 12:00 pm",13.1976
"Apr 10, 01:00 pm",14.5887
"Apr 10, 02:00 pm",14.9366
"Apr 10, 03:00 pm",14.2885
"Apr 10, 04:00 pm",12.443
"Apr 10, 05:00 pm",8.71464
"Apr 10, 06:00 pm",1.99668
"Apr 10, 07:00 pm",0
"Apr 10, 08:00 pm",0
"Apr 10, 09:00 pm",0
"Apr 10, 10:00 pm",0
"Apr 10, 11:00 pm",0
"Apr 11, 12:00 am",0
"Apr 11, 01:00 am",0
"Apr 11, 02:00 am",0
"Apr 11, 03:00 am",0
"Apr 11, 04:00 am",0
"Apr 11, 05:00 am",0
"Apr 11, 06:00 am",0.245659
"Apr 11, 07:00 am",0.693922
"Apr 11, 08:00 am",0.902147
"Apr 11, 09:00 am",3.94444
"Apr 11, 10:00 am",8.0194
"Apr 11, 11:00 am",10.8707
"Apr 11, 12:00 pm",11.876
"Apr 11, 01:00 pm",14.1135
"Apr 11, 02:00 pm",14.7109
"Apr 11, 03:00 pm",14.4638
"Apr 11, 04:00 pm",12.8524
"Apr 11, 05:00 pm",9.59235
"Apr 11, 06:00 pm",2.83743
"Apr 11, 07:00 pm",0
"Apr 11, 08:00 pm",0
"Apr 11, 09:00 pm",0
"Apr 11, 10:00 pm",0
"Apr 11, 11:00 pm",0
"Apr 12, 12:00 am",0
"Apr 12, 01:00 am",0
"Apr 12, 02:00 am",0
"Apr 12, 03:00 am",0
"Apr 12, 04:00 am",0
"Apr 12, 05:00 am",0
"Apr 12, 06:00 am",-0
"Apr 12, 07:00 am",0.595295
"Apr 12, 08:00 am",0.960136
"Apr 12, 09:00 am",3.90621
"Apr 12, 10:00 am",7.85124
"Apr 12, 11:00 am",10.5592
"Apr 12, 12:00 pm",12.2852
"Apr 12, 01:00 pm",13.2615
"Apr 12, 02:00 pm",13.6756
"Apr 12, 03:00 pm",13.1176
"Apr 12, 04:00 pm",11.439
"Apr 12, 05:00 pm",8.24293
"Apr 12, 06:00 pm",2.15145
"Apr 12, 07:00 pm",0
"Apr 12, 08:00 pm",0
"Apr 12, 09:00 pm",0
"Apr 12, 10:00 pm",0
"Apr 12, 11:00 pm",0
"Apr 13, 12:00 am",0
"Apr 13, 01:00 am",0
"Apr 13, 02:00 am",0
"Apr 13, 03:00 am",0
"Apr 13, 04:00 am",0
"Apr 13, 05:00 am",0
"Apr 13, 06:00 am",0.292642
"Apr 13, 07:00 am",0.917589
"Apr 13, 08:00 am",1.06708
"Apr 13, 09:00 am",4.08651
"Apr 13, 10:00 am",7.82396
"Apr 13, 11:00 am",10.6371
"Apr 13, 12:00 pm",12.6131
"Apr 13, 01:00 pm",14.0766
"Apr 13, 02:00 pm",14.9699
"Apr 13, 03:00 pm",14.4775
"Apr 13, 04:00 pm",12.5706
"Apr 13, 05:00 pm",8.55073
"Apr 13, 06:00 pm",1.83106
"Apr 13, 07:00 pm",0
"Apr 13, 08:00 pm",0
"Apr 13, 09:00 pm",0
"Apr 13, 10:00 pm",0
"Apr 13, 11:00 pm",0
"Apr 14, 12:00 am",0
"Apr 14, 01:00 am",0
"Apr 14, 02:00 am",0
"Apr 14, 03:00 am",0
"Apr 14, 04:00 am",0
"Apr 14, 05:00 am",0
"Apr 14, 06:00 am",0.363787
"Apr 14, 07:00 am",1.04369
"Apr 14, 08:00 am",1.12605
"Apr 14, 09:00 am",4.29533
"Apr 14, 10:00 am",8.32823
"Apr 14, 11:00 am",11.335
"Apr 14, 12:00 pm",13.5479
"Apr 14, 01:00 pm",14.8794
"Apr 14, 02:00 pm",15.2143
"Apr 14, 03:00 pm",14.4781
"Apr 14, 04:00 pm",12.5574
"Apr 14, 05:00 pm",8.78691
"Apr 14, 06:00 pm",2.29183
"Apr 14, 07:00 pm",0
"Apr 14, 08:00 pm",0
"Apr 14, 09:00 pm",0
"Apr 14, 10:00 pm",0
"Apr 14, 11:00 pm",0
"Apr 15, 12:00 am",0
"Apr 15, 01:00 am",0
"Apr 15, 02:00 am",0
"Apr 15, 03:00 am",0
"Apr 15, 04:00 am",0
"Apr 15, 05:00 am",0
"Apr 15, 06:00 am",0.349786
"Apr 15, 07:00 am",0.902129
"Apr 15, 08:00 am",1.04455
"Apr 15, 09:00 am",4.25321
"Apr 15, 10:00 am",8.20797
"Apr 15, 11:00 am",11.073
"Apr 15, 12:00 pm",13.1142
"Apr 15, 01:00 pm",14.3062
"Apr 15, 02:00 pm",14.6782
"Apr 15, 03:00 pm",14.1129
"Apr 15, 04:00 pm",12.3419
"Apr 15, 05:00 pm",9.00735
"Apr 15, 06:00 pm",2.93918
"Apr 15, 07:00 pm",0
"Apr 15, 08:00 pm",0
"Apr 15, 09:00 pm",0
"Apr 15, 10:00 pm",0
"Apr 15, 11:00 pm",0
"Apr 16, 12:00 am",0
"Apr 16, 01:00 am",0
"Apr 16, 02:00 am",0
"Apr 16, 03:00 am",0
"Apr 16, 04:00 am",0
"Apr 16, 05:00 am",0
"Apr 16, 06:00 am",0.342982
"Apr 16, 07:00 am",0.720264
"Apr 16, 08:00 am",0.941712
"Apr 16, 09:00 am",4.18426
"Apr 16, 10:00 am",7.98925
"Apr 16, 11:00 am",10.7845
"Apr 16, 12:00 pm",12.7817
"Apr 16, 01:00 pm",13.9916
"Apr 16, 02:00 pm",14.2162
"Apr 16, 03:00 pm",13.7509
"Apr 16, 04:00 pm",11.9835
"Apr 16, 05:00 pm",8.84071
"Apr 16, 06:00 pm",3.0002
"Apr 16, 07:00 pm",0
"Apr 16, 08:00 pm",0
"Apr 16, 09:00 pm",0
"Apr 16, 10:00 pm",0
"Apr 16, 11:00 pm",0
"Apr 17, 12:00 am",0
"Apr 17, 01:00 am",0
"Apr 17, 02:00 am",0
"Apr 17, 03:00 am",0
"Apr 17, 04:00 am",0
"Apr 17, 05:00 am",0
"Apr 17, 06:00 am",0.332253
"Apr 17, 07:00 am",0.804024
"Apr 17, 08:00 am",0.980668
"Apr 17, 09:00 am",4.11504
"Apr 17, 10:00 am",7.73586
"Apr 17, 11:00 am",10.4862
"Apr 17, 12:00 pm",12.5222
"Apr 17, 01:00 pm",13.765
"Apr 17, 02:00 pm",14.5797
"Apr 17, 03:00 pm",13.8357
"Apr 17, 04:00 pm",11.7791
"Apr 17, 05:00 pm",7.86743
"Apr 17, 06:00 pm",1.73341
"Apr 17, 07:00 pm",0
"Apr 17, 08:00 pm",0
"Apr 17, 09:00 pm",0
"Apr 17, 10:00 pm",0
"Apr 17, 11:00 pm",0
"Apr 18, 12:00 am",0
"Apr 18, 01:00 am",0
"Apr 18, 02:00 am",0
"Apr 18, 03:00 am",0
"Apr 18, 04:00 am",0
"Apr 18, 05:00 am",0
"Apr 18, 06:00 am",0.382762
"Apr 18, 07:00 am",1.08756
"Apr 18, 08:00 am",0.997204
"Apr 18, 09:00 am",4.19619
"Apr 18, 10:00 am",7.92294
"Apr 18, 11:00 am",10.6749
"Apr 18, 12:00 pm",12.6664
"Apr 18, 01:00 pm",13.8176
"Apr 18, 02:00 pm",14.1932
"Apr 18, 03:00 pm",13.8497
"Apr 18, 04:00 pm",7.41069
"Apr 18, 05:00 pm",4.12984
"Apr 18, 06:00 pm",-0
"Apr 18, 07:00 pm",0
"Apr 18, 08:00 pm",0
"Apr 18, 09:00 pm",0
"Apr 18, 10:00 pm",0
"Apr 18, 11:00 pm",0
"Apr 19, 12:00 am",0
"Apr 19, 01:00 am",0
"Apr 19, 02:00 am",0
"Apr 19, 03:00 am",0
"Apr 19, 04:00 am",0
"Apr 19, 05:00 am",0
"Apr 19, 06:00 am",0.4332
"Apr 19, 07:00 am",1.02037
"Apr 19, 08:00 am",1.26644
"Apr 19, 09:00 am",4.37919
"Apr 19, 10:00 am",7.91691
"Apr 19, 11:00 am",9.94466
"Apr 19, 12:00 pm",12.3179
"Apr 19, 01:00 pm",13.3304
"Apr 19, 02:00 pm",12.6969
"Apr 19, 03:00 pm",12.4412
"Apr 19, 04:00 pm",7.77403
"Apr 19, 05:00 pm",6.48753
"Apr 19, 06:00 pm",0.817795
"Apr 19, 07:00 pm",0
"Apr 19, 08:00 pm",0
"Apr 19, 09:00 pm",0
"Apr 19, 10:00 pm",0
"Apr 19, 11:00 pm",0
"Apr 20, 12:00 am",0
"Apr 20, 01:00 am",0
"Apr 20, 02:00 am",0
"Apr 20, 03:00 am",0
"Apr 20, 04:00 am",0
"Apr 20, 05:00 am",0
"Apr 20, 06:00 am",0.446482
"Apr 20, 07:00 am",0.962203
"Apr 20, 08:00 am",1.18094
"Apr 20, 09:00 am",4.36241
"Apr 20, 10:00 am",7.0755
"Apr 20, 11:00 am",10.2102
"Apr 20, 12:00 pm",11.1915
"Apr 20, 01:00 pm",11.6629
"Apr 20, 02:00 pm",13.6307
"Apr 20, 03:00 pm",13.4168
"Apr 20, 04:00 pm",12.0364
"Apr 20, 05:00 pm",9.16138
"Apr 20, 06:00 pm",3.44825
"Apr 20, 07:00 pm",0
"Apr 20, 08:00 pm",0
"Apr 20, 09:00 pm",0
"Apr 20, 10:00 pm",0
"Apr 20, 11:00 pm",0
"Apr 21, 12:00 am",0
"Apr 21, 01:00 am",0
"Apr 21, 02:00 am",0
"Apr 21, 03:00 am",0
"Apr 21, 04:00 am",0
"Apr 21, 05:00 am",0
"Apr 21, 06:00 am",0.407469
"Apr 21, 07:00 am",0.781959
"Apr 21, 08:00 am",1.16191
"Apr 21, 09:00 am",4.42037
"Apr 21, 10:00 am",8.26147
"Apr 21, 11:00 am",11.0347
"Apr 21, 12:00 pm",13.1115
"Apr 21, 01:00 pm",14.387
"Apr 21, 02:00 pm",14.7985
"Apr 21, 03:00 pm",14.1426
"Apr 21, 04:00 pm",12.3518
"Apr 21, 05:00 pm",8.85531
"Apr 21, 06:00 pm",2.92113
"Apr 21, 07:00 pm",0
"Apr 21, 08:00 pm",0
"Apr 21, 09:00 pm",0
"Apr 21, 10:00 pm",0
"Apr 21, 11:00 pm",0
"Apr 22, 12:00 am",0
"Apr 22, 01:00 am",0
"Apr 22, 02:00 am",0
"Apr 22, 03:00 am",0
"Apr 22, 04:00 am",0
"Apr 22, 05:00 am",0
"Apr 22, 06:00 am",0.414207
"Apr 22, 07:00 am",0.820725
"Apr 22, 08:00 am",1.20101
"Apr 22, 09:00 am",4.4633
"Apr 22, 10:00 am",8.20579
"Apr 22, 11:00 am",10.8771
"Apr 22, 12:00 pm",12.8307
"Apr 22, 01:00 pm",14.0184
"Apr 22, 02:00 pm",14.3695
"Apr 22, 03:00 pm",13.9388
"Apr 22, 04:00 pm",12.3333
"Apr 22, 05:00 pm",9.12589
"Apr 22, 06:00 pm",3.56754
"Apr 22, 07:00 pm",0
"Apr 22, 08:00 pm",0
"Apr 22, 09:00 pm",0
"Apr 22, 10:00 pm",0
"Apr 22, 11:00 pm",0
"Apr 23, 12:00 am",0
"Apr 23, 01:00 am",0
"Apr 23, 02:00 am",0
"Apr 23, 03:00 am",0
"Apr 23, 04:00 am",0
"Apr 23, 05:00 am",0
"Apr 23, 06:00 am",0.262795
"Apr 23, 07:00 am",0.910214
"Apr 23, 08:00 am",2.30287
"Apr 23, 09:00 am",4.58099
"Apr 23, 10:00 am",7.39566
"Apr 23, 11:00 am",10.4666
"Apr 23, 12:00 pm",11.8657
"Apr 23, 01:00 pm",11.2619
"Apr 23, 02:00 pm",11.6033
"Apr 23, 03:00 pm",11.0864
"Apr 23, 04:00 pm",8.28281
"Apr 23, 05:00 pm",6.66679
"Apr 23, 06:00 pm",0.770599
"Apr 23, 07:00 pm",0
"Apr 23, 08:00 pm",0
"Apr 23, 09:00 pm",0
"Apr 23, 10:00 pm",0
"Apr 23, 11:00 pm",0
"Apr 24, 12:00 am",0
"Apr 24, 01:00 am",0
"Apr 24, 02:00 am",0
"Apr 24, 03:00 am",0
"Apr 24, 04:00 am",0
"Apr 24, 05:00 am",0
"Apr 24, 06:00 am",0.527031
"Apr 24, 07:00 am",1.11052
"Apr 24, 08:00 am",1.5065
"Apr 24, 09:00 am",4.62762
"Apr 24, 10:00 am",8.32627
"Apr 24, 11:00 am",10.9594
"Apr 24, 12:00 pm",12.9995
"Apr 24, 01:00 pm",14.3355
"Apr 24, 02:00 pm",14.8223
"Apr 24, 03:00 pm",12.4905
"Apr 24, 04:00 pm",11.1523
"Apr 24, 05:00 pm",7.30958
"Apr 24, 06:00 pm",1.80526
"Apr 24, 07:00 pm",0
"Apr 24, 08:00 pm",0
"Apr 24, 09:00 pm",0
"Apr 24, 10:00 pm",0
"Apr 24, 11:00 pm",0
"Apr 25, 12:00 am",0
"Apr 25, 01:00 am",0
"Apr 25, 02:00 am",0
"Apr 25, 03:00 am",0
"Apr 25, 04:00 am",0
"Apr 25, 05:00 am",0
"Apr 25, 06:00 am",0.59872
"Apr 25, 07:00 am",1.16789
"Apr 25, 08:00 am",1.52257
"Apr 25, 09:00 am",4.69467
"Apr 25, 10:00 am",8.31103
"Apr 25, 11:00 am",10.9536
"Apr 25, 12:00 pm",12.8398
"Apr 25, 01:00 pm",13.96
"Apr 25, 02:00 pm",14.3029
"Apr 25, 03:00 pm",13.7914
"Apr 25, 04:00 pm",11.8622
"Apr 25, 05:00 pm",8.18987
"Apr 25, 06:00 pm",2.37333
"Apr 25, 07:00 pm",0
"Apr 25, 08:00 pm",0
"Apr 25, 09:00 pm",0
"Apr 25, 10:00 pm",0
"Apr 25, 11:00 pm",0
"Apr 26, 12:00 am",0
"Apr 26, 01:00 am",0
"Apr 26, 02:00 am",0
"Apr 26, 03:00 am",0
"Apr 26, 04:00 am",0
"Apr 26, 05:00 am",0
"Apr 26, 06:00 am",0.514048
"Apr 26, 07:00 am",0.925362
"Apr 26, 08:00 am",1.38477
"Apr 26, 09:00 am",4.82996
"Apr 26, 10:00 am",8.79865
"Apr 26, 11:00 am",11.5269
"Apr 26, 12:00 pm",13.6051
"Apr 26, 01:00 pm",14.895
"Apr 26, 02:00 pm",15.2182
"Apr 26, 03:00 pm",14.653
"Apr 26, 04:00 pm",12.8557
"Apr 26, 05:00 pm",9.61573
"Apr 26, 06:00 pm",3.92798
"Apr 26, 07:00 pm",0
"Apr 26, 08:00 pm",0
"Apr 26, 09:00 pm",0
"Apr 26, 10:00 pm",0
"Apr 26, 11:00 pm",0
"Apr 27, 12:00 am",0
"Apr 27, 01:00 am",0
"Apr 27, 02:00 am",0
"Apr 27, 03:00 am",0
"Apr 27, 04:00 am",0
"Apr 27, 05:00 am",0
"Apr 27, 06:00 am",0.377548
"Apr 27, 07:00 am",0.665261
"Apr 27, 08:00 am",1.2282
"Apr 27, 09:00 am",4.86626
"Apr 27, 10:00 am",8.73888
"Apr 27, 11:00 am",11.4983
"Apr 27, 12:00 pm",13.3598
"Apr 27, 01:00 pm",14.4062
"Apr 27, 02:00 pm",14.7363
"Apr 27, 03:00 pm",14.3311
"Apr 27, 04:00 pm",12.9941
"Apr 27, 05:00 pm",9.99995
"Apr 27, 06:00 pm",4.79813
"Apr 27, 07:00 pm",0
"Apr 27, 08:00 pm",0
"Apr 27, 09:00 pm",0
"Apr 27, 10:00 pm",0
"Apr 27, 11:00 pm",0
"Apr 28, 12:00 am",0
"Apr 28, 01:00 am",0
"Apr 28, 02:00 am",0
"Apr 28, 03:00 am",0
"Apr 28, 04:00 am",0
"Apr 28, 05:00 am",0
"Apr 28, 06:00 am",0.410004
"Apr 28, 07:00 am",0.737921
"Apr 28, 08:00 am",1.20592
"Apr 28, 09:00 am",4.8076
"Apr 28, 10:00 am",8.53176
"Apr 28, 11:00 am",11.1441
"Apr 28, 12:00 pm",12.9628
"Apr 28, 01:00 pm",13.8847
"Apr 28, 02:00 pm",13.944
"Apr 28, 03:00 pm",13.3036
"Apr 28, 04:00 pm",11.5993
"Apr 28, 05:00 pm",8.67347
"Apr 28, 06:00 pm",3.65151
"Apr 28, 07:00 pm",0
"Apr 28, 08:00 pm",0
"Apr 28, 09:00 pm",0
"Apr 28, 10:00 pm",0
"Apr 28, 11:00 pm",0
"Apr 29, 12:00 am",0
"Apr 29, 01:00 am",0
"Apr 29, 02:00 am",0
"Apr 29, 03:00 am",0
"Apr 29, 04:00 am",0
"Apr 29, 05:00 am",0
"Apr 29, 06:00 am",0.491521
"Apr 29, 07:00 am",0.804299
"Apr 29, 08:00 am",1.39028
"Apr 29, 09:00 am",4.86762
"Apr 29, 10:00 am",8.71075
"Apr 29, 11:00 am",11.5278
"Apr 29, 12:00 pm",13.621
"Apr 29, 01:00 pm",14.8797
"Apr 29, 02:00 pm",15.2548
"Apr 29, 03:00 pm",14.7123
"Apr 29, 04:00 pm",12.997
"Apr 29, 05:00 pm",9.89149
"Apr 29, 06:00 pm",4.3581
"Apr 29, 07:00 pm",0
"Apr 29, 08:00 pm",0
"Apr 29, 09:00 pm",0
"Apr 29, 10:00 pm",0
"Apr 29, 11:00 pm",0
"Apr 30, 12:00 am",0
"Apr 30, 01:00 am",0
"Apr 30, 02:00 am",0
"Apr 30, 03:00 am",0
"Apr 30, 04:00 am",0
"Apr 30, 05:00 am",0
"Apr 30, 06:00 am",0.579735
"Apr 30, 07:00 am",0.909874
"Apr 30, 08:00 am",1.55204
"Apr 30, 09:00 am",5.20529
"Apr 30, 10:00 am",9.18142
"Apr 30, 11:00 am",12.0711
"Apr 30, 12:00 pm",14.1374
"Apr 30, 01:00 pm",15.7356
"Apr 30, 02:00 pm",16.1066
"Apr 30, 03:00 pm",15.2921
"Apr 30, 04:00 pm",13.3508
"Apr 30, 05:00 pm",8.89647
"Apr 30, 06:00 pm",3.56307
"Apr 30, 07:00 pm",0
"Apr 30, 08:00 pm",0
"Apr 30, 09:00 pm",0
"Apr 30, 10:00 pm",0
"Apr 30, 11:00 pm",0
"May 1, 12:00 am",0
"May 1, 01:00 am",0
"May 1, 02:00 am",0
"May 1, 03:00 am",0
"May 1, 04:00 am",0
"May 1, 05:00 am",0
"May 1, 06:00 am",0.598749
"May 1, 07:00 am",1.04781
"May 1, 08:00 am",1.47417
"May 1, 09:00 am",4.9647
"May 1, 10:00 am",8.55884
"May 1, 11:00 am",11.2893
"May 1, 12:00 pm",13.3083
"May 1, 01:00 pm",14.6147
"May 1, 02:00 pm",15.1648
"May 1, 03:00 pm",14.4957
"May 1, 04:00 pm",12.7663
"May 1, 05:00 pm",9.50357
"May 1, 06:00 pm",3.89977
"May 1, 07:00 pm",0
"May 1, 08:00 pm",0
"May 1, 09:00 pm",0
"May 1, 10:00 pm",0
"May 1, 11:00 pm",0
"May 2, 12:00 am",0
"May 2, 01:00 am",0
"May 2, 02:00 am",0
"May 2, 03:00 am",0
"May 2, 04:00 am",0
"May 2, 05:00 am",0
"May 2, 06:00 am",0.571853
"May 2, 07:00 am",0.851255
"May 2, 08:00 am",1.51067
"May 2, 09:00 am",4.95785
"May 2, 10:00 am",8.42109
"May 2, 11:00 am",10.8411
"May 2, 12:00 pm",12.4936
"May 2, 01:00 pm",13.4032
"May 2, 02:00 pm",13.8659
"May 2, 03:00 pm",13.7897
"May 2, 04:00 pm",12.3366
"May 2, 05:00 pm",9.31037
"May 2, 06:00 pm",3.53851
"May 2, 07:00 pm",0
"May 2, 08:00 pm",0
"May 2, 09:00 pm",0
"May 2, 10:00 pm",0
"May 2, 11:00 pm",0
"May 3, 12:00 am",0
"May 3, 01:00 am",0
"May 3, 02:00 am",0
"May 3, 03:00 am",0
"May 3, 04:00 am",0
"May 3, 05:00 am",0
"May 3, 06:00 am",0.62035
"May 3, 07:00 am",1.31729
"May 3, 08:00 am",1.56067
"May 3, 09:00 am",5.32921
"May 3, 10:00 am",9.34124
"May 3, 11:00 am",12.2374
"May 3, 12:00 pm",14.3664
"May 3, 01:00 pm",15.6696
"May 3, 02:00 pm",16.0469
"May 3, 03:00 pm",15.3861
"May 3, 04:00 pm",13.647
"May 3, 05:00 pm",10.3735
"May 3, 06:00 pm",4.77354
"May 3, 07:00 pm",0
"May 3, 08:00 pm",0
"May 3, 09:00 pm",0
"May 3, 10:00 pm",0
"May 3, 11:00 pm",0
"May 4, 12:00 am",0
"May 4, 01:00 am",0
"May 4, 02:00 am",0
"May 4, 03:00 am",0
"May 4, 04:00 am",0
"May 4, 05:00 am",0
"May 4, 06:00 am",0.552622
"May 4, 07:00 am",0.822273
"May 4, 08:00 am",1.56591
"May 4, 09:00 am",5.33136
"May 4, 10:00 am",9.0652
"May 4, 11:00 am",11.8166
"May 4, 12:00 pm",13.7928
"May 4, 01:00 pm",14.9193
"May 4, 02:00 pm",15.2539
"May 4, 03:00 pm",14.8008
"May 4, 04:00 pm",12.9871
"May 4, 05:00 pm",9.91693
"May 4, 06:00 pm",4.66703
"May 4, 07:00 pm",0
"May 4, 08:00 pm",0
"May 4, 09:00 pm",0
"May 4, 10:00 pm",0
"May 4, 11:00 pm",0
"May 5, 12:00 am",0
"May 5, 01:00 am",0
"May 5, 02:00 am",0
"May 5, 03:00 am",0
"May 5, 04:00 am",0
"May 5, 05:00 am",0
"May 5, 06:00 am",0.532028
"May 5, 07:00 am",0.748954
"May 5, 08:00 am",1.47923
"May 5, 09:00 am",5.21799
"May 5, 10:00 am",8.91792
"May 5, 11:00 am",11.6814
"May 5, 12:00 pm",13.7806
"May 5, 01:00 pm",15.0015
"May 5, 02:00 pm",15.4001
"May 5, 03:00 pm",14.7972
"May 5, 04:00 pm",13.1617
"May 5, 05:00 pm",10.1912
"May 5, 06:00 pm",4.77909
"May 5, 07:00 pm",0
"May 5, 08:00 pm",0
"May 5, 09:00 pm",0
"May 5, 10:00 pm",0
"May 5, 11:00 pm",0
"May 6, 12:00 am",0
"May 6, 01:00 am",0
"May 6, 02:00 am",0
"May 6, 03:00 am",0
"May 6, 04:00 am",0
"May 6, 05:00 am",0
"May 6, 06:00 am",0.692335
"May 6, 07:00 am",1.08322
"May 6, 08:00 am",1.56112
"May 6, 09:00 am",5.08787
"May 6, 10:00 am",8.73758
"May 6, 11:00 am",11.4577
"May 6, 12:00 pm",13.4622
"May 6, 01:00 pm",14.6638
"May 6, 02:00 pm",15.0746
"May 6, 03:00 pm",14.3524
"May 6, 04:00 pm",12.7112
"May 6, 05:00 pm",9.69613
"May 6, 06:00 pm",4.48268
"May 6, 07:00 pm",0
"May 6, 08:00 pm",0
"May 6, 09:00 pm",0
"May 6, 10:00 pm",0
"May 6, 11:00 pm",0
"May 7, 12:00 am",0
"May 7, 01:00 am",0
"May 7, 02:00 am",0
"May 7, 03:00 am",0
"May 7, 04:00 am",0
"May 7, 05:00 am",0
"May 7, 06:00 am",0.649031
"May 7, 07:00 am",1.04462
"May 7, 08:00 am",1.61196
"May 7, 09:00 am",5.01392
"May 7, 10:00 am",8.44052
"May 7, 11:00 am",10.8998
"May 7, 12:00 pm",12.6663
"May 7, 01:00 pm",13.6673
"May 7, 02:00 pm",13.932
"May 7, 03:00 pm",13.4286
"May 7, 04:00 pm",11.9859
"May 7, 05:00 pm",9.42485
"May 7, 06:00 pm",4.65175
"May 7, 07:00 pm",0
"May 7, 08:00 pm",0
"May 7, 09:00 pm",0
"May 7, 10:00 pm",0
"May 7, 11:00 pm",0
"May 8, 12:00 am",0
"May 8, 01:00 am",0
"May 8, 02:00 am",0
"May 8, 03:00 am",0
"May 8, 04:00 am",0
"May 8, 05:00 am",0
"May 8, 06:00 am",0.548067
"May 8, 07:00 am",0.785404
"May 8, 08:00 am",1.58391
"May 8, 09:00 am",5.13183
"May 8, 10:00 am",8.45575
"May 8, 11:00 am",10.6382
"May 8, 12:00 pm",12.0751
"May 8, 01:00 pm",13.3106
"May 8, 02:00 pm",13.8934
"May 8, 03:00 pm",13.4914
"May 8, 04:00 pm",12.1773
"May 8, 05:00 pm",9.53374
"May 8, 06:00 pm",4.74695
"May 8, 07:00 pm",0
"May 8, 08:00 pm",0
"May 8, 09:00 pm",0
"May 8, 10:00 pm",0
"May 8, 11:00 pm",0
"May 9, 12:00 am",0
"May 9, 01:00 am",0
"May 9, 02:00 am",0
"May 9, 03:00 am",0
"May 9, 04:00 am",0
"May 9, 05:00 am",0
"May 9, 06:00 am",0.599236
"May 9, 07:00 am",0.85865
"May 9, 08:00 am",1.65826
"May 9, 09:00 am",4.9646
"May 9, 10:00 am",8.3622
"May 9, 11:00 am",10.8849
"May 9, 12:00 pm",12.848
"May 9, 01:00 pm",14.0588
"May 9, 02:00 pm",14.5047
"May 9, 03:00 pm",14.1067
"May 9, 04:00 pm",12.5159
"May 9, 05:00 pm",9.5577
"May 9, 06:00 pm",4.45513
"May 9, 07:00 pm",0
"May 9, 08:00 pm",0
"May 9, 09:00 pm",0
"May 9, 10:00 pm",0
"May 9, 11:00 pm",0
"May 10, 12:00 am",0
"May 10, 01:00 am",0
"May 10, 02:00 am",0
"May 10, 03:00 am",0
"May 10, 04:00 am",0
"May 10, 05:00 am",0
"May 10, 06:00 am",0.646996
"May 10, 07:00 am",0.97537
"May 10, 08:00 am",1.66862
"May 10, 09:00 am",5.10195
"May 10, 10:00 am",8.57353
"May 10, 11:00 am",11.1466
"May 10, 12:00 pm",13.0955
"May 10, 01:00 pm",14.2693
"May 10, 02:00 pm",14.661
"May 10, 03:00 pm",14.1908
"May 10, 04:00 pm",12.5263
"May 10, 05:00 pm",9.63098
"May 10, 06:00 pm",4.56652
"May 10, 07:00 pm",0
"May 10, 08:00 pm",0
"May 10, 09:00 pm",0
"May 10, 10:00 pm",0
"May 10, 11:00 pm",0
"May 11, 12:00 am",0
"May 11, 01:00 am",0
"May 11, 02:00 am",0
"May 11, 03:00 am",0
"May 11, 04:00 am",0
"May 11, 05:00 am",0
"May 11, 06:00 am",0.611579
"May 11, 07:00 am",0.917268
"May 11, 08:00 am",1.69047
"May 11, 09:00 am",5.19132
"May 11, 10:00 am",8.6419
"May 11, 11:00 am",11.1606
"May 11, 12:00 pm",13.0783
"May 11, 01:00 pm",14.2703
"May 11, 02:00 pm",14.6659
"May 11, 03:00 pm",14.178
"May 11, 04:00 pm",12.5608
"May 11, 05:00 pm",9.5763
"May 11, 06:00 pm",4.53103
"May 11, 07:00 pm",0
"May 11, 08:00 pm",0
"May 11, 09:00 pm",0
"May 11, 10:00 pm",0
"May 11, 11:00 pm",0
"May 12, 12:00 am",0
"May 12, 01:00 am",0
"May 12, 02:00 am",0
"May 12, 03:00 am",0
"May 12, 04:00 am",0
"May 12, 05:00 am",-0
"May 12, 06:00 am",0.729422
"May 12, 07:00 am",1.08663
"May 12, 08:00 am",1.82862
"May 12, 09:00 am",5.21017
"May 12, 10:00 am",8.5222
"May 12, 11:00 am",11.0001
"May 12, 12:00 pm",12.8664
"May 12, 01:00 pm",13.9608
"May 12, 02:00 pm",14.169
"May 12, 03:00 pm",13.446
"May 12, 04:00 pm",7.9303
"May 12, 05:00 pm",3.94125
"May 12, 06:00 pm",0.247205
"May 12, 07:00 pm",0
"May 12, 08:00 pm",0
"May 12, 09:00 pm",0
"May 12, 10:00 pm",0
"May 12, 11:00 pm",0
"May 13, 12:00 am",0
"May 13, 01:00 am",0
"May 13, 02:00 am",0
"May 13, 03:00 am",0
"May 13, 04:00 am",0
"May 13, 05:00 am",-0
"May 13, 06:00 am",0.65045
"May 13, 07:00 am",1.10744
"May 13, 08:00 am",1.89165
"May 13, 09:00 am",5.14453
"May 13, 10:00 am",8.2548
"May 13, 11:00 am",7.80242
"May 13, 12:00 pm",12.1343
"May 13, 01:00 pm",12.5699
"May 13, 02:00 pm",12.9672
"May 13, 03:00 pm",11.6069
"May 13, 04:00 pm",11.6805
"May 13, 05:00 pm",6.64672
"May 13, 06:00 pm",3.88588
"May 13, 07:00 pm",0
"May 13, 08:00 pm",0
"May 13, 09:00 pm",0
"May 13, 10:00 pm",0
"May 13, 11:00 pm",0
"May 14, 12:00 am",0
"May 14, 01:00 am",0
"May 14, 02:00 am",0
"May 14, 03:00 am",0
"May 14, 04:00 am",0
"May 14, 05:00 am",-0
"May 14, 06:00 am",0.725038
"May 14, 07:00 am",1.10368
"May 14, 08:00 am",1.82992
"May 14, 09:00 am",5.19944
"May 14, 10:00 am",8.62845
"May 14, 11:00 am",11.1572
"May 14, 12:00 pm",13.1066
"May 14, 01:00 pm",14.3783
"May 14, 02:00 pm",14.736
"May 14, 03:00 pm",14.3559
"May 14, 04:00 pm",12.7755
"May 14, 05:00 pm",9.86298
"May 14, 06:00 pm",1.29076
"May 14, 07:00 pm",0
"May 14, 08:00 pm",0
"May 14, 09:00 pm",0
"May 14, 10:00 pm",0
"May 14, 11:00 pm",0
"May 15, 12:00 am",0
"May 15, 01:00 am",0
"May 15, 02:00 am",0
"May 15, 03:00 am",0
"May 15, 04:00 am",0
"May 15, 05:00 am",-0
"May 15, 06:00 am",0.603448
"May 15, 07:00 am",0.802663
"May 15, 08:00 am",1.71278
"May 15, 09:00 am",5.37951
"May 15, 10:00 am",8.86672
"May 15, 11:00 am",11.4923
"May 15, 12:00 pm",13.4967
"May 15, 01:00 pm",14.7688
"May 15, 02:00 pm",15.1878
"May 15, 03:00 pm",14.6418
"May 15, 04:00 pm",13.225
"May 15, 05:00 pm",10.4898
"May 15, 06:00 pm",1.18076
"May 15, 07:00 pm",0
"May 15, 08:00 pm",0
"May 15, 09:00 pm",0
"May 15, 10:00 pm",0
"May 15, 11:00 pm",0
"May 16, 12:00 am",0
"May 16, 01:00 am",0
"May 16, 02:00 am",0
"May 16, 03:00 am",0
"May 16, 04:00 am",0
"May 16, 05:00 am",-0
"May 16, 06:00 am",0.523187
"May 16, 07:00 am",0.779389
"May 16, 08:00 am",1.6803
"May 16, 09:00 am",5.36305
"May 16, 10:00 am",8.78574
"May 16, 11:00 am",11.3155
"May 16, 12:00 pm",13.2749
"May 16, 01:00 pm",14.5367
"May 16, 02:00 pm",15.0824
"May 16, 03:00 pm",14.6807
"May 16, 04:00 pm",13.2143
"May 16, 05:00 pm",10.6897
"May 16, 06:00 pm",6.2521
"May 16, 07:00 pm",0
"May 16, 08:00 pm",0
"May 16, 09:00 pm",0
"May 16, 10:00 pm",0
"May 16, 11:00 pm",0
"May 17, 12:00 am",0
"May 17, 01:00 am",0
"May 17, 02:00 am",0
"May 17, 03:00 am",0
"May 17, 04:00 am",0
"May 17, 05:00 am",-0
"May 17, 06:00 am",0.478869
"May 17, 07:00 am",0.844758
"May 17, 08:00 am",1.68775
"May 17, 09:00 am",5.19543
"May 17, 10:00 am",8.41292
"May 17, 11:00 am",10.337
"May 17, 12:00 pm",9.27738
"May 17, 01:00 pm",13.8978
"May 17, 02:00 pm",14.4091
"May 17, 03:00 pm",13.9838
"May 17, 04:00 pm",12.6054
"May 17, 05:00 pm",9.99455
"May 17, 06:00 pm",5.36664
"May 17, 07:00 pm",0
"May 17, 08:00 pm",0
"May 17, 09:00 pm",0
"May 17, 10:00 pm",0
"May 17, 11:00 pm",0
"May 18, 12:00 am",0
"May 18, 01:00 am",0
"May 18, 02:00 am",0
"May 18, 03:00 am",0
"May 18, 04:00 am",0
"May 18, 05:00 am",-0
"May 18, 06:00 am",0.623475
"May 18, 07:00 am",0.813965
"May 18, 08:00 am",1.8537
"May 18, 09:00 am",3.55851
"May 18, 10:00 am",8.54011
"May 18, 11:00 am",11.0222
"May 18, 12:00 pm",10.3561
"May 18, 01:00 pm",9.68164
"May 18, 02:00 pm",10.1426
"May 18, 03:00 pm",0.365675
"May 18, 04:00 pm",8.65107
"May 18, 05:00 pm",3.19619
"May 18, 06:00 pm",1.39029
"May 18, 07:00 pm",0
"May 18, 08:00 pm",0
"May 18, 09:00 pm",0
"May 18, 10:00 pm",0
"May 18, 11:00 pm",0
"May 19, 12:00 am",0
"May 19, 01:00 am",0
"May 19, 02:00 am",0
"May 19, 03:00 am",0
"May 19, 04:00 am",0
"May 19, 05:00 am",-0
"May 19, 06:00 am",-0
"May 19, 07:00 am",1.15348
"May 19, 08:00 am",1.63661
"May 19, 09:00 am",5.22481
"May 19, 10:00 am",7.9862
"May 19, 11:00 am",5.07205
"May 19, 12:00 pm",9.23921
"May 19, 01:00 pm",10.3169
"May 19, 02:00 pm",12.1776
"May 19, 03:00 pm",5.25566
"May 19, 04:00 pm",2.35012
"May 19, 05:00 pm",-0
"May 19, 06:00 pm",0.546609
"May 19, 07:00 pm",0
"May 19, 08:00 pm",0
"May 19, 09:00 pm",0
"May 19, 10:00 pm",0
"May 19, 11:00 pm",0
"May 20, 12:00 am",0
"May 20, 01:00 am",0
"May 20, 02:00 am",0
"May 20, 03:00 am",0
"May 20, 04:00 am",0
"May 20, 05:00 am",-0
"May 20, 06:00 am",0.639291
"May 20, 07:00 am",0.860628
"May 20, 08:00 am",1.83974
"May 20, 09:00 am",5.39396
"May 20, 10:00 am",8.64776
"May 20, 11:00 am",10.9707
"May 20, 12:00 pm",12.4856
"May 20, 01:00 pm",13.3331
"May 20, 02:00 pm",13.5963
"May 20, 03:00 pm",13.3714
"May 20, 04:00 pm",11.9121
"May 20, 05:00 pm",9.40094
"May 20, 06:00 pm",4.74995
"May 20, 07:00 pm",0
"May 20, 08:00 pm",0
"May 20, 09:00 pm",0
"May 20, 10:00 pm",0
"May 20, 11:00 pm",0
"May 21, 12:00 am",0
"May 21, 01:00 am",0
"May 21, 02:00 am",0
"May 21, 03:00 am",0
"May 21, 04:00 am",0
"May 21, 05:00 am",-0
"May 21, 06:00 am",0.597811
"May 21, 07:00 am",0.800532
"May 21, 08:00 am",1.83016
"May 21, 09:00 am",5.41001
"May 21, 10:00 am",8.56429
"May 21, 11:00 am",10.756
"May 21, 12:00 pm",12.1477
"May 21, 01:00 pm",13.0398
"May 21, 02:00 pm",13.3466
"May 21, 03:00 pm",13.0207
"May 21, 04:00 pm",11.9586
"May 21, 05:00 pm",9.78789
"May 21, 06:00 pm",5.77276
"May 21, 07:00 pm",0
"May 21, 08:00 pm",0
"May 21, 09:00 pm",0
"May 21, 10:00 pm",0
"May 21, 11:00 pm",0
"May 22, 12:00 am",0
"May 22, 01:00 am",0
"May 22, 02:00 am",0
"May 22, 03:00 am",0
"May 22, 04:00 am",0
"May 22, 05:00 am",-0
"May 22, 06:00 am",0.513218
"May 22, 07:00 am",0.728956
"May 22, 08:00 am",1.7545
"May 22, 09:00 am",5.37413
"May 22, 10:00 am",8.59264
"May 22, 11:00 am",10.8456
"May 22, 12:00 pm",12.4489
"May 22, 01:00 pm",13.5134
"May 22, 02:00 pm",13.9966
"May 22, 03:00 pm",13.7198
"May 22, 04:00 pm",12.562
"May 22, 05:00 pm",10.1243
"May 22, 06:00 pm",5.97545
"May 22, 07:00 pm",0
"May 22, 08:00 pm",0
"May 22, 09:00 pm",0
"May 22, 10:00 pm",0
"May 22, 11:00 pm",0
"May 23, 12:00 am",0
"May 23, 01:00 am",0
"May 23, 02:00 am",0
"May 23, 03:00 am",0
"May 23, 04:00 am",0
"May 23, 05:00 am",-0
"May 23, 06:00 am",0.470716
"May 23, 07:00 am",0.688968
"May 23, 08:00 am",1.88358
"May 23, 09:00 am",5.36626
"May 23, 10:00 am",8.54369
"May 23, 11:00 am",10.8204
"May 23, 12:00 pm",12.608
"May 23, 01:00 pm",13.7862
"May 23, 02:00 pm",14.2064
"May 23, 03:00 pm",13.8324
"May 23, 04:00 pm",12.5512
"May 23, 05:00 pm",10.2052
"May 23, 06:00 pm",6.22083
"May 23, 07:00 pm",0
"May 23, 08:00 pm",0
"May 23, 09:00 pm",0
"May 23, 10:00 pm",0
"May 23, 11:00 pm",0
"May 24, 12:00 am",0
"May 24, 01:00 am",0
"May 24, 02:00 am",0
"May 24, 03:00 am",0
"May 24, 04:00 am",0
"May 24, 05:00 am",-0
"May 24, 06:00 am",0.503273
"May 24, 07:00 am",0.739689
"May 24, 08:00 am",1.78369
"May 24, 09:00 am",5.30785
"May 24, 10:00 am",8.46788
"May 24, 11:00 am",10.9961
"May 24, 12:00 pm",12.9492
"May 24, 01:00 pm",14.1589
"May 24, 02:00 pm",14.6067
"May 24, 03:00 pm",14.1357
"May 24, 04:00 pm",12.7611
"May 24, 05:00 pm",10.1082
"May 24, 06:00 pm",5.80922
"May 24, 07:00 pm",0
"May 24, 08:00 pm",0
"May 24, 09:00 pm",0
"May 24, 10:00 pm",0
"May 24, 11:00 pm",0
"May 25, 12:00 am",0
"May 25, 01:00 am",0
"May 25, 02:00 am",0
"May 25, 03:00 am",0
"May 25, 04:00 am",0
"May 25, 05:00 am",-0
"May 25, 06:00 am",0.588984
"May 25, 07:00 am",0.746698
"May 25, 08:00 am",1.85102
"May 25, 09:00 am",5.38554
"May 25, 10:00 am",8.68191
"May 25, 11:00 am",11.1637
"May 25, 12:00 pm",13.0817
"May 25, 01:00 pm",14.3855
"May 25, 02:00 pm",14.881
"May 25, 03:00 pm",14.4373
"May 25, 04:00 pm",13.0412
"May 25, 05:00 pm",10.3394
"May 25, 06:00 pm",5.83283
"May 25, 07:00 pm",0
"May 25, 08:00 pm",0
"May 25, 09:00 pm",0
"May 25, 10:00 pm",0
"May 25, 11:00 pm",0
"May 26, 12:00 am",0
"May 26, 01:00 am",0
"May 26, 02:00 am",0
"May 26, 03:00 am",0
"May 26, 04:00 am",0
"May 26, 05:00 am",-0
"May 26, 06:00 am",0.587543
"May 26, 07:00 am",1.91325
"May 26, 08:00 am",1.88331
"May 26, 09:00 am",5.41101
"May 26, 10:00 am",8.68699
"May 26, 11:00 am",10.6656
"May 26, 12:00 pm",12.312
"May 26, 01:00 pm",13.7073
"May 26, 02:00 pm",14.0991
"May 26, 03:00 pm",14.4133
"May 26, 04:00 pm",12.9791
"May 26, 05:00 pm",7.92148
"May 26, 06:00 pm",5.32537
"May 26, 07:00 pm",0
"May 26, 08:00 pm",0
"May 26, 09:00 pm",0
"May 26, 10:00 pm",0
"May 26, 11:00 pm",0
"May 27, 12:00 am",0
"May 27, 01:00 am",0
"May 27, 02:00 am",0
"May 27, 03:00 am",0
"May 27, 04:00 am",0
"May 27, 05:00 am",-0
"May 27, 06:00 am",0.457905
"May 27, 07:00 am",0.762624
"May 27, 08:00 am",2.99786
"May 27, 09:00 am",5.34674
"May 27, 10:00 am",7.99564
"May 27, 11:00 am",10.057
"May 27, 12:00 pm",11.5979
"May 27, 01:00 pm",12.391
"May 27, 02:00 pm",9.37963
"May 27, 03:00 pm",3.75751
"May 27, 04:00 pm",5.26406
"May 27, 05:00 pm",3.52501
"May 27, 06:00 pm",0.0524617
"May 27, 07:00 pm",0
"May 27, 08:00 pm",0
"May 27, 09:00 pm",0
"May 27, 10:00 pm",0
"May 27, 11:00 pm",0
"May 28, 12:00 am",0
"May 28, 01:00 am",0
"May 28, 02:00 am",0
"May 28, 03:00 am",0
"May 28, 04:00 am",0
"May 28, 05:00 am",-0
"May 28, 06:00 am",0.708621
"May 28, 07:00 am",0.944942
"May 28, 08:00 am",2.13678
"May 28, 09:00 am",5.65903
"May 28, 10:00 am",9.04424
"May 28, 11:00 am",11.4427
"May 28, 12:00 pm",13.2641
"May 28, 01:00 pm",14.3804
"May 28, 02:00 pm",14.7641
"May 28, 03:00 pm",14.2046
"May 28, 04:00 pm",12.8157
"May 28, 05:00 pm",10.273
"May 28, 06:00 pm",5.93751
"May 28, 07:00 pm",-0
"May 28, 08:00 pm",0
"May 28, 09:00 pm",0
"May 28, 10:00 pm",0
"May 28, 11:00 pm",0
"May 29, 12:00 am",0
"May 29, 01:00 am",0
"May 29, 02:00 am",0
"May 29, 03:00 am",0
"May 29, 04:00 am",0
"May 29, 05:00 am",-0
"May 29, 06:00 am",0.620642
"May 29, 07:00 am",0.819468
"May 29, 08:00 am",2.03399
"May 29, 09:00 am",5.40912
"May 29, 10:00 am",8.6482
"May 29, 11:00 am",11.0484
"May 29, 12:00 pm",12.8098
"May 29, 01:00 pm",13.8462
"May 29, 02:00 pm",14.1374
"May 29, 03:00 pm",13.6799
"May 29, 04:00 pm",10.0237
"May 29, 05:00 pm",8.49812
"May 29, 06:00 pm",4.40178
"May 29, 07:00 pm",-0
"May 29, 08:00 pm",0
"May 29, 09:00 pm",0
"May 29, 10:00 pm",0
"May 29, 11:00 pm",0
"May 30, 12:00 am",0
"May 30, 01:00 am",0
"May 30, 02:00 am",0
"May 30, 03:00 am",0
"May 30, 04:00 am",0
"May 30, 05:00 am",-0
"May 30, 06:00 am",0.639341
"May 30, 07:00 am",0.81482
"May 30, 08:00 am",2.00682
"May 30, 09:00 am",5.41516
"May 30, 10:00 am",8.67906
"May 30, 11:00 am",11.0525
"May 30, 12:00 pm",12.8638
"May 30, 01:00 pm",13.9618
"May 30, 02:00 pm",14.2906
"May 30, 03:00 pm",13.8636
"May 30, 04:00 pm",12.319
"May 30, 05:00 pm",9.7215
"May 30, 06:00 pm",5.44972
"May 30, 07:00 pm",-0
"May 30, 08:00 pm",0
"May 30, 09:00 pm",0
"May 30, 10:00 pm",0
"May 30, 11:00 pm",0
"May 31, 12:00 am",0
"May 31, 01:00 am",0
"May 31, 02:00 am",0
"May 31, 03:00 am",0
"May 31, 04:00 am",0
"May 31, 05:00 am",-0
"May 31, 06:00 am",0.6045
"May 31, 07:00 am",0.776469
"May 31, 08:00 am",1.9743
"May 31, 09:00 am",5.43571
"May 31, 10:00 am",8.5557
"May 31, 11:00 am",10.9215
"May 31, 12:00 pm",12.7829
"May 31, 01:00 pm",14.0214
"May 31, 02:00 pm",14.5722
"May 31, 03:00 pm",14.1458
"May 31, 04:00 pm",12.8344
"May 31, 05:00 pm",9.99142
"May 31, 06:00 pm",5.88145
"May 31, 07:00 pm",-0
"May 31, 08:00 pm",0
"May 31, 09:00 pm",0
"May 31, 10:00 pm",0
"May 31, 11:00 pm",0
"Jun 1, 12:00 am",0
"Jun 1, 01:00 am",0
"Jun 1, 02:00 am",0
"Jun 1, 03:00 am",0
"Jun 1, 04:00 am",0
"Jun 1, 05:00 am",0.00910357
"Jun 1, 06:00 am",0.550205
"Jun 1, 07:00 am",0.758215
"Jun 1, 08:00 am",1.89087
"Jun 1, 09:00 am",5.3719
"Jun 1, 10:00 am",8.42055
"Jun 1, 11:00 am",10.689
"Jun 1, 12:00 pm",12.4602
"Jun 1, 01:00 pm",12.0702
"Jun 1, 02:00 pm",14.0438
"Jun 1, 03:00 pm",13.5978
"Jun 1, 04:00 pm",12.3601
"Jun 1, 05:00 pm",9.93852
"Jun 1, 06:00 pm",5.79641
"Jun 1, 07:00 pm",-0
"Jun 1, 08:00 pm",0
"Jun 1, 09:00 pm",0
"Jun 1, 10:00 pm",0
"Jun 1, 11:00 pm",0
"Jun 2, 12:00 am",0
"Jun 2, 01:00 am",0
"Jun 2, 02:00 am",0
"Jun 2, 03:00 am",0
"Jun 2, 04:00 am",0
"Jun 2, 05:00 am",-0
"Jun 2, 06:00 am",0.665631
"Jun 2, 07:00 am",0.869379
"Jun 2, 08:00 am",2.09426
"Jun 2, 09:00 am",5.43169
"Jun 2, 10:00 am",8.6764
"Jun 2, 11:00 am",11.0207
"Jun 2, 12:00 pm",12.8914
"Jun 2, 01:00 pm",14.1692
"Jun 2, 02:00 pm",14.5233
"Jun 2, 03:00 pm",14.1835
"Jun 2, 04:00 pm",12.6483
"Jun 2, 05:00 pm",10.005
"Jun 2, 06:00 pm",5.72734
"Jun 2, 07:00 pm",-0
"Jun 2, 08:00 pm",0
"Jun 2, 09:00 pm",0
"Jun 2, 10:00 pm",0
"Jun 2, 11:00 pm",0
"Jun 3, 12:00 am",0
"Jun 3, 01:00 am",0
"Jun 3, 02:00 am",0
"Jun 3, 03:00 am",0
"Jun 3, 04:00 am",0
"Jun 3, 05:00 am",0.00862322
"Jun 3, 06:00 am",0.537229
"Jun 3, 07:00 am",0.762663
"Jun 3, 08:00 am",1.93561
"Jun 3, 09:00 am",5.53531
"Jun 3, 10:00 am",8.81376
"Jun 3, 11:00 am",11.2364
"Jun 3, 12:00 pm",13.067
"Jun 3, 01:00 pm",14.244
"Jun 3, 02:00 pm",14.6755
"Jun 3, 03:00 pm",14.2814
"Jun 3, 04:00 pm",12.9512
"Jun 3, 05:00 pm",10.3379
"Jun 3, 06:00 pm",6.03378
"Jun 3, 07:00 pm",-0
"Jun 3, 08:00 pm",0
"Jun 3, 09:00 pm",0
"Jun 3, 10:00 pm",0
"Jun 3, 11:00 pm",0
"Jun 4, 12:00 am",0
"Jun 4, 01:00 am",0
"Jun 4, 02:00 am",0
"Jun 4, 03:00 am",0
"Jun 4, 04:00 am",0
"Jun 4, 05:00 am",0.0273194
"Jun 4, 06:00 am",0.532656
"Jun 4, 07:00 am",0.756512
"Jun 4, 08:00 am",1.90176
"Jun 4, 09:00 am",5.37301
"Jun 4, 10:00 am",8.54947
"Jun 4, 11:00 am",10.883
"Jun 4, 12:00 pm",12.6398
"Jun 4, 01:00 pm",13.7447
"Jun 4, 02:00 pm",13.8924
"Jun 4, 03:00 pm",13.5087
"Jun 4, 04:00 pm",12.1591
"Jun 4, 05:00 pm",9.46372
"Jun 4, 06:00 pm",5.16032
"Jun 4, 07:00 pm",-0
"Jun 4, 08:00 pm",0
"Jun 4, 09:00 pm",0
"Jun 4, 10:00 pm",0
"Jun 4, 11:00 pm",0
"Jun 5, 12:00 am",0
"Jun 5, 01:00 am",0
"Jun 5, 02:00 am",0
"Jun 5, 03:00 am",0
"Jun 5, 04:00 am",0
"Jun 5, 05:00 am",-0
"Jun 5, 06:00 am",0.73789
"Jun 5, 07:00 am",1.02149
"Jun 5, 08:00 am",2.14418
"Jun 5, 09:00 am",5.48731
"Jun 5, 10:00 am",8.50976
"Jun 5, 11:00 am",10.6096
"Jun 5, 12:00 pm",12.2814
"Jun 5, 01:00 pm",13.4143
"Jun 5, 02:00 pm",13.7838
"Jun 5, 03:00 pm",13.3947
"Jun 5, 04:00 pm",12.2833
"Jun 5, 05:00 pm",9.93197
"Jun 5, 06:00 pm",6.06415
"Jun 5, 07:00 pm",-0
"Jun 5, 08:00 pm",0
"Jun 5, 09:00 pm",0
"Jun 5, 10:00 pm",0
"Jun 5, 11:00 pm",0
"Jun 6, 12:00 am",0
"Jun 6, 01:00 am",0
"Jun 6, 02:00 am",0
"Jun 6, 03:00 am",0
"Jun 6, 04:00 am",0
"Jun 6, 05:00 am",0.00815683
"Jun 6, 06:00 am",0.562653
"Jun 6, 07:00 am",0.717027
"Jun 6, 08:00 am",1.97583
"Jun 6, 09:00 am",5.43724
"Jun 6, 10:00 am",8.45347
"Jun 6, 11:00 am",10.5044
"Jun 6, 12:00 pm",12.2048
"Jun 6, 01:00 pm",13.4625
"Jun 6, 02:00 pm",13.8078
"Jun 6, 03:00 pm",13.4151
"Jun 6, 04:00 pm",12.0198
"Jun 6, 05:00 pm",9.16788
"Jun 6, 06:00 pm",4.76789
"Jun 6, 07:00 pm",-0
"Jun 6, 08:00 pm",0
"Jun 6, 09:00 pm",0
"Jun 6, 10:00 pm",0
"Jun 6, 11:00 pm",0
"Jun 7, 12:00 am",0
"Jun 7, 01:00 am",0
"Jun 7, 02:00 am",0
"Jun 7, 03:00 am",0
"Jun 7, 04:00 am",0
"Jun 7, 05:00 am",-0
"Jun 7, 06:00 am",0.740934
"Jun 7, 07:00 am",1.00408
"Jun 7, 08:00 am",2.09634
"Jun 7, 09:00 am",5.3108
"Jun 7, 10:00 am",8.23891
"Jun 7, 11:00 am",10.5583
"Jun 7, 12:00 pm",12.4036
"Jun 7, 01:00 pm",13.6062
"Jun 7, 02:00 pm",14.1839
"Jun 7, 03:00 pm",13.7974
"Jun 7, 04:00 pm",12.5801
"Jun 7, 05:00 pm",10.1016
"Jun 7, 06:00 pm",5.97094
"Jun 7, 07:00 pm",-0
"Jun 7, 08:00 pm",0
"Jun 7, 09:00 pm",0
"Jun 7, 10:00 pm",0
"Jun 7, 11:00 pm",0
"Jun 8, 12:00 am",0
"Jun 8, 01:00 am",0
"Jun 8, 02:00 am",0
"Jun 8, 03:00 am",0
"Jun 8, 04:00 am",0
"Jun 8, 05:00 am",0.00767524
"Jun 8, 06:00 am",0.596343
"Jun 8, 07:00 am",0.757692
"Jun 8, 08:00 am",1.99557
"Jun 8, 09:00 am",5.55656
"Jun 8, 10:00 am",8.87228
"Jun 8, 11:00 am",11.4453
"Jun 8, 12:00 pm",13.3455
"Jun 8, 01:00 pm",14.4866
"Jun 8, 02:00 pm",14.7583
"Jun 8, 03:00 pm",14.2054
"Jun 8, 04:00 pm",12.5651
"Jun 8, 05:00 pm",9.6839
"Jun 8, 06:00 pm",5.19783
"Jun 8, 07:00 pm",-0
"Jun 8, 08:00 pm",0
"Jun 8, 09:00 pm",0
"Jun 8, 10:00 pm",0
"Jun 8, 11:00 pm",0
"Jun 9, 12:00 am",0
"Jun 9, 01:00 am",0
"Jun 9, 02:00 am",0
"Jun 9, 03:00 am",0
"Jun 9, 04:00 am",0
"Jun 9, 05:00 am",0.00811747
"Jun 9, 06:00 am",0.651921
"Jun 9, 07:00 am",0.826378
"Jun 9, 08:00 am",2.0631
"Jun 9, 09:00 am",5.41232
"Jun 9, 10:00 am",8.62225
"Jun 9, 11:00 am",10.9454
"Jun 9, 12:00 pm",12.815
"Jun 9, 01:00 pm",14.0393
"Jun 9, 02:00 pm",14.7515
"Jun 9, 03:00 pm",14.3551
"Jun 9, 04:00 pm",13.0957
"Jun 9, 05:00 pm",10.6194
"Jun 9, 06:00 pm",6.60398
"Jun 9, 07:00 pm",-0
"Jun 9, 08:00 pm",0
"Jun 9, 09:00 pm",0
"Jun 9, 10:00 pm",0
"Jun 9, 11:00 pm",0
"Jun 10, 12:00 am",0
"Jun 10, 01:00 am",0
"Jun 10, 02:00 am",0
"Jun 10, 03:00 am",0
"Jun 10, 04:00 am",0
"Jun 10, 05:00 am",0.0171955
"Jun 10, 06:00 am",0.544096
"Jun 10, 07:00 am",0.767926
"Jun 10, 08:00 am",1.92666
"Jun 10, 09:00 am",5.43827
"Jun 10, 10:00 am",8.6679
"Jun 10, 11:00 am",10.2956
"Jun 10, 12:00 pm",13.0437
"Jun 10, 01:00 pm",14.264
"Jun 10, 02:00 pm",14.6152
"Jun 10, 03:00 pm",14.1481
"Jun 10, 04:00 pm",12.6135
"Jun 10, 05:00 pm",9.85659
"Jun 10, 06:00 pm",5.59364
"Jun 10, 07:00 pm",-0
"Jun 10, 08:00 pm",0
"Jun 10, 09:00 pm",0
"Jun 10, 10:00 pm",0
"Jun 10, 11:00 pm",0
"Jun 11, 12:00 am",0
"Jun 11, 01:00 am",0
"Jun 11, 02:00 am",0
"Jun 11, 03:00 am",0
"Jun 11, 04:00 am",0
"Jun 11, 05:00 am",0.00815231
"Jun 11, 06:00 am",0.663801
"Jun 11, 07:00 am",0.834478
"Jun 11, 08:00 am",2.04802
"Jun 11, 09:00 am",5.24816
"Jun 11, 10:00 am",8.1522
"Jun 11, 11:00 am",10.3684
"Jun 11, 12:00 pm",11.9548
"Jun 11, 01:00 pm",12.8787
"Jun 11, 02:00 pm",13.2614
"Jun 11, 03:00 pm",12.9541
"Jun 11, 04:00 pm",11.8929
"Jun 11, 05:00 pm",9.54405
"Jun 11, 06:00 pm",4.66269
"Jun 11, 07:00 pm",-0
"Jun 11, 08:00 pm",0
"Jun 11, 09:00 pm",0
"Jun 11, 10:00 pm",0
"Jun 11, 11:00 pm",0
"Jun 12, 12:00 am",0
"Jun 12, 01:00 am",0
"Jun 12, 02:00 am",0
"Jun 12, 03:00 am",0
"Jun 12, 04:00 am",0
"Jun 12, 05:00 am",0.0066615
"Jun 12, 06:00 am",0.618356
"Jun 12, 07:00 am",0.828918
"Jun 12, 08:00 am",2.0782
"Jun 12, 09:00 am",5.32199
"Jun 12, 10:00 am",8.21928
"Jun 12, 11:00 am",9.7903
"Jun 12, 12:00 pm",12.0896
"Jun 12, 01:00 pm",13.4247
"Jun 12, 02:00 pm",14.0619
"Jun 12, 03:00 pm",13.5321
"Jun 12, 04:00 pm",12.1201
"Jun 12, 05:00 pm",9.48788
"Jun 12, 06:00 pm",5.35165
"Jun 12, 07:00 pm",-0
"Jun 12, 08:00 pm",0
"Jun 12, 09:00 pm",0
"Jun 12, 10:00 pm",0
"Jun 12, 11:00 pm",0
"Jun 13, 12:00 am",0
"Jun 13, 01:00 am",0
"Jun 13, 02:00 am",0
"Jun 13, 03:00 am",0
"Jun 13, 04:00 am",0
"Jun 13, 05:00 am",-0
"Jun 13, 06:00 am",0.843204
"Jun 13, 07:00 am",1.2141
"Jun 13, 08:00 am",2.22388
"Jun 13, 09:00 am",4.86579
"Jun 13, 10:00 am",7.22032
"Jun 13, 11:00 am",10.2198
"Jun 13, 12:00 pm",11.6741
"Jun 13, 01:00 pm",12.2997
"Jun 13, 02:00 pm",12.5927
"Jun 13, 03:00 pm",12.2528
"Jun 13, 04:00 pm",11.2283
"Jun 13, 05:00 pm",9.00023
"Jun 13, 06:00 pm",5.13184
"Jun 13, 07:00 pm",-0
"Jun 13, 08:00 pm",0
"Jun 13, 09:00 pm",0
"Jun 13, 10:00 pm",0
"Jun 13, 11:00 pm",0
"Jun 14, 12:00 am",0
"Jun 14, 01:00 am",0
"Jun 14, 02:00 am",0
"Jun 14, 03:00 am",0
"Jun 14, 04:00 am",0
"Jun 14, 05:00 am",-0
"Jun 14, 06:00 am",0.902638
"Jun 14, 07:00 am",1.34278
"Jun 14, 08:00 am",2.40368
"Jun 14, 09:00 am",5.2891
"Jun 14, 10:00 am",8.1988
"Jun 14, 11:00 am",10.7289
"Jun 14, 12:00 pm",12.5653
"Jun 14, 01:00 pm",13.7615
"Jun 14, 02:00 pm",14.174
"Jun 14, 03:00 pm",13.9262
"Jun 14, 04:00 pm",12.58
"Jun 14, 05:00 pm",10.1636
"Jun 14, 06:00 pm",6.18896
"Jun 14, 07:00 pm",-0
"Jun 14, 08:00 pm",0
"Jun 14, 09:00 pm",0
"Jun 14, 10:00 pm",0
"Jun 14, 11:00 pm",0
"Jun 15, 12:00 am",0
"Jun 15, 01:00 am",0
"Jun 15, 02:00 am",0
"Jun 15, 03:00 am",0
"Jun 15, 04:00 am",0
"Jun 15, 05:00 am",0.00716624
"Jun 15, 06:00 am",0.691884
"Jun 15, 07:00 am",0.959292
"Jun 15, 08:00 am",2.03903
"Jun 15, 09:00 am",5.24114
"Jun 15, 10:00 am",8.17639
"Jun 15, 11:00 am",10.436
"Jun 15, 12:00 pm",12.1104
"Jun 15, 01:00 pm",13.1192
"Jun 15, 02:00 pm",13.4164
"Jun 15, 03:00 pm",12.9784
"Jun 15, 04:00 pm",11.5846
"Jun 15, 05:00 pm",9.02804
"Jun 15, 06:00 pm",5.01804
"Jun 15, 07:00 pm",-0
"Jun 15, 08:00 pm",0
"Jun 15, 09:00 pm",0
"Jun 15, 10:00 pm",0
"Jun 15, 11:00 pm",0
"Jun 16, 12:00 am",0
"Jun 16, 01:00 am",0
"Jun 16, 02:00 am",0
"Jun 16, 03:00 am",0
"Jun 16, 04:00 am",0
"Jun 16, 05:00 am",0.00766464
"Jun 16, 06:00 am",0.658634
"Jun 16, 07:00 am",0.854141
"Jun 16, 08:00 am",2.03001
"Jun 16, 09:00 am",5.26529
"Jun 16, 10:00 am",8.34748
"Jun 16, 11:00 am",10.2796
"Jun 16, 12:00 pm",11.9
"Jun 16, 01:00 pm",13.1115
"Jun 16, 02:00 pm",13.6222
"Jun 16, 03:00 pm",13.475
"Jun 16, 04:00 pm",12.2359
"Jun 16, 05:00 pm",9.90731
"Jun 16, 06:00 pm",6.02968
"Jun 16, 07:00 pm",-0
"Jun 16, 08:00 pm",0
"Jun 16, 09:00 pm",0
"Jun 16, 10:00 pm",0
"Jun 16, 11:00 pm",0
"Jun 17, 12:00 am",0
"Jun 17, 01:00 am",0
"Jun 17, 02:00 am",0
"Jun 17, 03:00 am",0
"Jun 17, 04:00 am",0
"Jun 17, 05:00 am",0.00717898
"Jun 17, 06:00 am",0.481439
"Jun 17, 07:00 am",0.69893
"Jun 17, 08:00 am",1.97157
"Jun 17, 09:00 am",5.3924
"Jun 17, 10:00 am",8.43727
"Jun 17, 11:00 am",10.6683
"Jun 17, 12:00 pm",12.6173
"Jun 17, 01:00 pm",13.8674
"Jun 17, 02:00 pm",14.3369
"Jun 17, 03:00 pm",13.9996
"Jun 17, 04:00 pm",12.8028
"Jun 17, 05:00 pm",10.432
"Jun 17, 06:00 pm",6.66936
"Jun 17, 07:00 pm",0.298115
"Jun 17, 08:00 pm",0
"Jun 17, 09:00 pm",0
"Jun 17, 10:00 pm",0
"Jun 17, 11:00 pm",0
"Jun 18, 12:00 am",0
"Jun 18, 01:00 am",0
"Jun 18, 02:00 am",0
"Jun 18, 03:00 am",0
"Jun 18, 04:00 am",0
"Jun 18, 05:00 am",0.00765421
"Jun 18, 06:00 am",0.587716
"Jun 18, 07:00 am",0.737995
"Jun 18, 08:00 am",1.95725
"Jun 18, 09:00 am",5.40252
"Jun 18, 10:00 am",8.53213
"Jun 18, 11:00 am",10.9707
"Jun 18, 12:00 pm",12.8022
"Jun 18, 01:00 pm",13.9526
"Jun 18, 02:00 pm",14.5817
"Jun 18, 03:00 pm",14.226
"Jun 18, 04:00 pm",12.9645
"Jun 18, 05:00 pm",10.7401
"Jun 18, 06:00 pm",6.96822
"Jun 18, 07:00 pm",0.36478
"Jun 18, 08:00 pm",0
"Jun 18, 09:00 pm",0
"Jun 18, 10:00 pm",0
"Jun 18, 11:00 pm",0
"Jun 19, 12:00 am",0
"Jun 19, 01:00 am",0
"Jun 19, 02:00 am",0
"Jun 19, 03:00 am",0
"Jun 19, 04:00 am",0
"Jun 19, 05:00 am",0.00863967
"Jun 19, 06:00 am",0.632982
"Jun 19, 07:00 am",0.810935
"Jun 19, 08:00 am",2.03043
"Jun 19, 09:00 am",5.53637
"Jun 19, 10:00 am",8.68247
"Jun 19, 11:00 am",10.8988
"Jun 19, 12:00 pm",12.4033
"Jun 19, 01:00 pm",13.1961
"Jun 19, 02:00 pm",13.4014
"Jun 19, 03:00 pm",13.0403
"Jun 19, 04:00 pm",11.7658
"Jun 19, 05:00 pm",9.48423
"Jun 19, 06:00 pm",5.79185
"Jun 19, 07:00 pm",0.109769
"Jun 19, 08:00 pm",0
"Jun 19, 09:00 pm",0
"Jun 19, 10:00 pm",0
"Jun 19, 11:00 pm",0
"Jun 20, 12:00 am",0
"Jun 20, 01:00 am",0
"Jun 20, 02:00 am",0
"Jun 20, 03:00 am",0
"Jun 20, 04:00 am",0
"Jun 20, 05:00 am",0.00911912
"Jun 20, 06:00 am",0.564786
"Jun 20, 07:00 am",0.721091
"Jun 20, 08:00 am",1.9033
"Jun 20, 09:00 am",5.35652
"Jun 20, 10:00 am",8.39551
"Jun 20, 11:00 am",10.6586
"Jun 20, 12:00 pm",12.5103
"Jun 20, 01:00 pm",13.8127
"Jun 20, 02:00 pm",14.2543
"Jun 20, 03:00 pm",13.9013
"Jun 20, 04:00 pm",12.7167
"Jun 20, 05:00 pm",10.2804
"Jun 20, 06:00 pm",6.22642
"Jun 20, 07:00 pm",0.168552
"Jun 20, 08:00 pm",0
"Jun 20, 09:00 pm",0
"Jun 20, 10:00 pm",0
"Jun 20, 11:00 pm",0
"Jun 21, 12:00 am",0
"Jun 21, 01:00 am",0
"Jun 21, 02:00 am",0
"Jun 21, 03:00 am",0
"Jun 21, 04:00 am",0
"Jun 21, 05:00 am",-0
"Jun 21, 06:00 am",0.618587
"Jun 21, 07:00 am",0.779628
"Jun 21, 08:00 am",1.9736
"Jun 21, 09:00 am",5.23584
"Jun 21, 10:00 am",8.04437
"Jun 21, 11:00 am",10.3961
"Jun 21, 12:00 pm",11.5218
"Jun 21, 01:00 pm",9.02361
"Jun 21, 02:00 pm",14.3629
"Jun 21, 03:00 pm",14.0638
"Jun 21, 04:00 pm",12.6569
"Jun 21, 05:00 pm",9.9453
"Jun 21, 06:00 pm",5.71959
"Jun 21, 07:00 pm",0.0900736
"Jun 21, 08:00 pm",0
"Jun 21, 09:00 pm",0
"Jun 21, 10:00 pm",0
"Jun 21, 11:00 pm",0
"Jun 22, 12:00 am",0
"Jun 22, 01:00 am",0
"Jun 22, 02:00 am",0
"Jun 22, 03:00 am",0
"Jun 22, 04:00 am",0
"Jun 22, 05:00 am",-0
"Jun 22, 06:00 am",0.605463
"Jun 22, 07:00 am",0.646882
"Jun 22, 08:00 am",2.56106
"Jun 22, 09:00 am",5.38813
"Jun 22, 10:00 am",7.31898
"Jun 22, 11:00 am",8.78496
"Jun 22, 12:00 pm",9.55175
"Jun 22, 01:00 pm",11.9423
"Jun 22, 02:00 pm",14.0167
"Jun 22, 03:00 pm",13.6644
"Jun 22, 04:00 pm",12.5558
"Jun 22, 05:00 pm",10.1329
"Jun 22, 06:00 pm",6.10188
"Jun 22, 07:00 pm",0.153266
"Jun 22, 08:00 pm",0
"Jun 22, 09:00 pm",0
"Jun 22, 10:00 pm",0
"Jun 22, 11:00 pm",0
"Jun 23, 12:00 am",0
"Jun 23, 01:00 am",0
"Jun 23, 02:00 am",0
"Jun 23, 03:00 am",0
"Jun 23, 04:00 am",0
"Jun 23, 05:00 am",-0
"Jun 23, 06:00 am",0.664088
"Jun 23, 07:00 am",0.847483
"Jun 23, 08:00 am",1.97591
"Jun 23, 09:00 am",5.23089
"Jun 23, 10:00 am",8.47999
"Jun 23, 11:00 am",10.9526
"Jun 23, 12:00 pm",12.8744
"Jun 23, 01:00 pm",14.0972
"Jun 23, 02:00 pm",14.6453
"Jun 23, 03:00 pm",14.1985
"Jun 23, 04:00 pm",12.8798
"Jun 23, 05:00 pm",10.3253
"Jun 23, 06:00 pm",6.22476
"Jun 23, 07:00 pm",0.00520532
"Jun 23, 08:00 pm",0
"Jun 23, 09:00 pm",0
"Jun 23, 10:00 pm",0
"Jun 23, 11:00 pm",0
"Jun 24, 12:00 am",0
"Jun 24, 01:00 am",0
"Jun 24, 02:00 am",0
"Jun 24, 03:00 am",0
"Jun 24, 04:00 am",0
"Jun 24, 05:00 am",-0
"Jun 24, 06:00 am",0.553195
"Jun 24, 07:00 am",0.704093
"Jun 24, 08:00 am",1.82955
"Jun 24, 09:00 am",5.22821
"Jun 24, 10:00 am",8.22307
"Jun 24, 11:00 am",9.85786
"Jun 24, 12:00 pm",12.2899
"Jun 24, 01:00 pm",12.0017
"Jun 24, 02:00 pm",11.2458
"Jun 24, 03:00 pm",13.1781
"Jun 24, 04:00 pm",11.8857
"Jun 24, 05:00 pm",9.43739
"Jun 24, 06:00 pm",5.64286
"Jun 24, 07:00 pm",0.0051949
"Jun 24, 08:00 pm",0
"Jun 24, 09:00 pm",0
"Jun 24, 10:00 pm",0
"Jun 24, 11:00 pm",0
"Jun 25, 12:00 am",0
"Jun 25, 01:00 am",0
"Jun 25, 02:00 am",0
"Jun 25, 03:00 am",0
"Jun 25, 04:00 am",0
"Jun 25, 05:00 am",0.00911912
"Jun 25, 06:00 am",0.501999
"Jun 25, 07:00 am",0.720895
"Jun 25, 08:00 am",1.76975
"Jun 25, 09:00 am",5.26155
"Jun 25, 10:00 am",8.36389
"Jun 25, 11:00 am",10.3386
"Jun 25, 12:00 pm",11.7353
"Jun 25, 01:00 pm",12.6929
"Jun 25, 02:00 pm",13.1807
"Jun 25, 03:00 pm",13.0212
"Jun 25, 04:00 pm",12.002
"Jun 25, 05:00 pm",9.9527
"Jun 25, 06:00 pm",6.13084
"Jun 25, 07:00 pm",0.216336
"Jun 25, 08:00 pm",0
"Jun 25, 09:00 pm",0
"Jun 25, 10:00 pm",0
"Jun 25, 11:00 pm",0
"Jun 26, 12:00 am",0
"Jun 26, 01:00 am",0
"Jun 26, 02:00 am",0
"Jun 26, 03:00 am",0
"Jun 26, 04:00 am",0
"Jun 26, 05:00 am",-0
"Jun 26, 06:00 am",0.529834
"Jun 26, 07:00 am",0.772012
"Jun 26, 08:00 am",1.81758
"Jun 26, 09:00 am",5.39609
"Jun 26, 10:00 am",8.78594
"Jun 26, 11:00 am",11.3498
"Jun 26, 12:00 pm",13.3195
"Jun 26, 01:00 pm",14.5532
"Jun 26, 02:00 pm",14.91
"Jun 26, 03:00 pm",14.3915
"Jun 26, 04:00 pm",13.1499
"Jun 26, 05:00 pm",10.7253
"Jun 26, 06:00 pm",6.79243
"Jun 26, 07:00 pm",0.381053
"Jun 26, 08:00 pm",0
"Jun 26, 09:00 pm",0
"Jun 26, 10:00 pm",0
"Jun 26, 11:00 pm",0
"Jun 27, 12:00 am",0
"Jun 27, 01:00 am",0
"Jun 27, 02:00 am",0
"Jun 27, 03:00 am",0
"Jun 27, 04:00 am",0
"Jun 27, 05:00 am",-0
"Jun 27, 06:00 am",0.563958
"Jun 27, 07:00 am",0.766472
"Jun 27, 08:00 am",1.92093
"Jun 27, 09:00 am",5.1638
"Jun 27, 10:00 am",8.22836
"Jun 27, 11:00 am",10.536
"Jun 27, 12:00 pm",12.3355
"Jun 27, 01:00 pm",13.425
"Jun 27, 02:00 pm",13.8985
"Jun 27, 03:00 pm",13.3434
"Jun 27, 04:00 pm",11.8574
"Jun 27, 05:00 pm",9.42275
"Jun 27, 06:00 pm",5.79419
"Jun 27, 07:00 pm",0.236446
"Jun 27, 08:00 pm",0
"Jun 27, 09:00 pm",0
"Jun 27, 10:00 pm",0
"Jun 27, 11:00 pm",0
"Jun 28, 12:00 am",0
"Jun 28, 01:00 am",0
"Jun 28, 02:00 am",0
"Jun 28, 03:00 am",0
"Jun 28, 04:00 am",0
"Jun 28, 05:00 am",-0
"Jun 28, 06:00 am",0.680787
"Jun 28, 07:00 am",0.929169
"Jun 28, 08:00 am",1.84543
"Jun 28, 09:00 am",5.06082
"Jun 28, 10:00 am",8.17028
"Jun 28, 11:00 am",10.253
"Jun 28, 12:00 pm",11.8365
"Jun 28, 01:00 pm",12.8172
"Jun 28, 02:00 pm",12.9815
"Jun 28, 03:00 pm",12.2323
"Jun 28, 04:00 pm",10.618
"Jun 28, 05:00 pm",8.95077
"Jun 28, 06:00 pm",5.2354
"Jun 28, 07:00 pm",0.0847131
"Jun 28, 08:00 pm",0
"Jun 28, 09:00 pm",0
"Jun 28, 10:00 pm",0
"Jun 28, 11:00 pm",0
"Jun 29, 12:00 am",0
"Jun 29, 01:00 am",0
"Jun 29, 02:00 am",0
"Jun 29, 03:00 am",0
"Jun 29, 04:00 am",0
"Jun 29, 05:00 am",-0
"Jun 29, 06:00 am",0.167832
"Jun 29, 07:00 am",1.62093
"Jun 29, 08:00 am",2.05168
"Jun 29, 09:00 am",4.54298
"Jun 29, 10:00 am",7.81762
"Jun 29, 11:00 am",9.95084
"Jun 29, 12:00 pm",11.678
"Jun 29, 01:00 pm",12.7491
"Jun 29, 02:00 pm",13.05
"Jun 29, 03:00 pm",12.4107
"Jun 29, 04:00 pm",10.7601
"Jun 29, 05:00 pm",8.12598
"Jun 29, 06:00 pm",4.24476
"Jun 29, 07:00 pm",0.00303887
"Jun 29, 08:00 pm",0
"Jun 29, 09:00 pm",0
"Jun 29, 10:00 pm",0
"Jun 29, 11:00 pm",0
"Jun 30, 12:00 am",0
"Jun 30, 01:00 am",0
"Jun 30, 02:00 am",0
"Jun 30, 03:00 am",0
"Jun 30, 04:00 am",0
"Jun 30, 05:00 am",-0
"Jun 30, 06:00 am",0.678854
"Jun 30, 07:00 am",1.66882
"Jun 30, 08:00 am",2.66482
"Jun 30, 09:00 am",5.26784
"Jun 30, 10:00 am",7.99215
"Jun 30, 11:00 am",10.2452
"Jun 30, 12:00 pm",12.0067
"Jun 30, 01:00 pm",13.143
"Jun 30, 02:00 pm",13.1897
"Jun 30, 03:00 pm",12.5623
"Jun 30, 04:00 pm",7.37288
"Jun 30, 05:00 pm",10.2295
"Jun 30, 06:00 pm",6.44405
"Jun 30, 07:00 pm",0.322501
"Jun 30, 08:00 pm",0
"Jun 30, 09:00 pm",0
"Jun 30, 10:00 pm",0
"Jun 30, 11:00 pm",0
"Jul 1, 12:00 am",0
"Jul 1, 01:00 am",0
"Jul 1, 02:00 am",0
"Jul 1, 03:00 am",0
"Jul 1, 04:00 am",0
"Jul 1, 05:00 am",-0
"Jul 1, 06:00 am",0.607229
"Jul 1, 07:00 am",0.804318
"Jul 1, 08:00 am",1.84017
"Jul 1, 09:00 am",5.26473
"Jul 1, 10:00 am",8.53436
"Jul 1, 11:00 am",11.0137
"Jul 1, 12:00 pm",12.9033
"Jul 1, 01:00 pm",14.1562
"Jul 1, 02:00 pm",14.4573
"Jul 1, 03:00 pm",14.0415
"Jul 1, 04:00 pm",12.792
"Jul 1, 05:00 pm",10.3091
"Jul 1, 06:00 pm",6.43956
"Jul 1, 07:00 pm",0.324856
"Jul 1, 08:00 pm",0
"Jul 1, 09:00 pm",0
"Jul 1, 10:00 pm",0
"Jul 1, 11:00 pm",0
"Jul 2, 12:00 am",0
"Jul 2, 01:00 am",0
"Jul 2, 02:00 am",0
"Jul 2, 03:00 am",0
"Jul 2, 04:00 am",0
"Jul 2, 05:00 am",-0
"Jul 2, 06:00 am",0.511791
"Jul 2, 07:00 am",0.690076
"Jul 2, 08:00 am",1.69202
"Jul 2, 09:00 am",5.0691
"Jul 2, 10:00 am",8.24515
"Jul 2, 11:00 am",10.5156
"Jul 2, 12:00 pm",12.2055
"Jul 2, 01:00 pm",13.33
"Jul 2, 02:00 pm",13.8176
"Jul 2, 03:00 pm",13.3803
"Jul 2, 04:00 pm",12.1953
"Jul 2, 05:00 pm",9.86777
"Jul 2, 06:00 pm",6.08245
"Jul 2, 07:00 pm",0.239099
"Jul 2, 08:00 pm",0
"Jul 2, 09:00 pm",0
"Jul 2, 10:00 pm",0
"Jul 2, 11:00 pm",0
"Jul 3, 12:00 am",0
"Jul 3, 01:00 am",0
"Jul 3, 02:00 am",0
"Jul 3, 03:00 am",0
"Jul 3, 04:00 am",0
"Jul 3, 05:00 am",-0
"Jul 3, 06:00 am",0.583978
"Jul 3, 07:00 am",0.8393
"Jul 3, 08:00 am",1.71239
"Jul 3, 09:00 am",4.93979
"Jul 3, 10:00 am",8.12296
"Jul 3, 11:00 am",10.5666
"Jul 3, 12:00 pm",12.4283
"Jul 3, 01:00 pm",13.62
"Jul 3, 02:00 pm",14.0552
"Jul 3, 03:00 pm",13.7313
"Jul 3, 04:00 pm",12.4142
"Jul 3, 05:00 pm",9.99878
"Jul 3, 06:00 pm",6.11299
"Jul 3, 07:00 pm",0.214648
"Jul 3, 08:00 pm",0
"Jul 3, 09:00 pm",0
"Jul 3, 10:00 pm",0
"Jul 3, 11:00 pm",0
"Jul 4, 12:00 am",0
"Jul 4, 01:00 am",0
"Jul 4, 02:00 am",0
"Jul 4, 03:00 am",0
"Jul 4, 04:00 am",0
"Jul 4, 05:00 am",-0
"Jul 4, 06:00 am",0.562271
"Jul 4, 07:00 am",0.775038
"Jul 4, 08:00 am",1.73993
"Jul 4, 09:00 am",4.94223
"Jul 4, 10:00 am",8.20934
"Jul 4, 11:00 am",10.6209
"Jul 4, 12:00 pm",12.4989
"Jul 4, 01:00 pm",13.7141
"Jul 4, 02:00 pm",14.2391
"Jul 4, 03:00 pm",13.8451
"Jul 4, 04:00 pm",12.6996
"Jul 4, 05:00 pm",10.3193
"Jul 4, 06:00 pm",6.48901
"Jul 4, 07:00 pm",0.298593
"Jul 4, 08:00 pm",0
"Jul 4, 09:00 pm",0
"Jul 4, 10:00 pm",0
"Jul 4, 11:00 pm",0
"Jul 5, 12:00 am",0
"Jul 5, 01:00 am",0
"Jul 5, 02:00 am",0
"Jul 5, 03:00 am",0
"Jul 5, 04:00 am",0
"Jul 5, 05:00 am",-0
"Jul 5, 06:00 am",0.7014
"Jul 5, 07:00 am",1.03327
"Jul 5, 08:00 am",1.83821
"Jul 5, 09:00 am",4.99002
"Jul 5, 10:00 am",8.12782
"Jul 5, 11:00 am",10.6115
"Jul 5, 12:00 pm",12.496
"Jul 5, 01:00 pm",13.7027
"Jul 5, 02:00 pm",14.1021
"Jul 5, 03:00 pm",13.7935
"Jul 5, 04:00 pm",12.6108
"Jul 5, 05:00 pm",10.218
"Jul 5, 06:00 pm",6.30543
"Jul 5, 07:00 pm",0.213208
"Jul 5, 08:00 pm",0
"Jul 5, 09:00 pm",0
"Jul 5, 10:00 pm",0
"Jul 5, 11:00 pm",0
"Jul 6, 12:00 am",0
"Jul 6, 01:00 am",0
"Jul 6, 02:00 am",0
"Jul 6, 03:00 am",0
"Jul 6, 04:00 am",0
"Jul 6, 05:00 am",-0
"Jul 6, 06:00 am",0.608977
"Jul 6, 07:00 am",0.961062
"Jul 6, 08:00 am",1.79411
"Jul 6, 09:00 am",4.86863
"Jul 6, 10:00 am",7.84902
"Jul 6, 11:00 am",10.112
"Jul 6, 12:00 pm",11.8086
"Jul 6, 01:00 pm",12.9741
"Jul 6, 02:00 pm",13.5509
"Jul 6, 03:00 pm",13.2495
"Jul 6, 04:00 pm",12.1653
"Jul 6, 05:00 pm",9.68155
"Jul 6, 06:00 pm",5.43759
"Jul 6, 07:00 pm",-0
"Jul 6, 08:00 pm",0
"Jul 6, 09:00 pm",0
"Jul 6, 10:00 pm",0
"Jul 6, 11:00 pm",0
"Jul 7, 12:00 am",0
"Jul 7, 01:00 am",0
"Jul 7, 02:00 am",0
"Jul 7, 03:00 am",0
"Jul 7, 04:00 am",0
"Jul 7, 05:00 am",-0
"Jul 7, 06:00 am",0.703126
"Jul 7, 07:00 am",1.11094
"Jul 7, 08:00 am",1.88253
"Jul 7, 09:00 am",4.8017
"Jul 7, 10:00 am",7.89641
"Jul 7, 11:00 am",10.1047
"Jul 7, 12:00 pm",11.6015
"Jul 7, 01:00 pm",12.7168
"Jul 7, 02:00 pm",13.1583
"Jul 7, 03:00 pm",12.852
"Jul 7, 04:00 pm",10.4681
"Jul 7, 05:00 pm",8.331
"Jul 7, 06:00 pm",4.30474
"Jul 7, 07:00 pm",-0
"Jul 7, 08:00 pm",0
"Jul 7, 09:00 pm",0
"Jul 7, 10:00 pm",0
"Jul 7, 11:00 pm",0
"Jul 8, 12:00 am",0
"Jul 8, 01:00 am",0
"Jul 8, 02:00 am",0
"Jul 8, 03:00 am",0
"Jul 8, 04:00 am",0
"Jul 8, 05:00 am",-0
"Jul 8, 06:00 am",0.628552
"Jul 8, 07:00 am",0.975739
"Jul 8, 08:00 am",1.74034
"Jul 8, 09:00 am",4.77707
"Jul 8, 10:00 am",7.8777
"Jul 8, 11:00 am",10.1316
"Jul 8, 12:00 pm",11.8606
"Jul 8, 01:00 pm",13.0221
"Jul 8, 02:00 pm",13.393
"Jul 8, 03:00 pm",11.7363
"Jul 8, 04:00 pm",8.21883
"Jul 8, 05:00 pm",5.11491
"Jul 8, 06:00 pm",2.30892
"Jul 8, 07:00 pm",-0
"Jul 8, 08:00 pm",0
"Jul 8, 09:00 pm",0
"Jul 8, 10:00 pm",0
"Jul 8, 11:00 pm",0
"Jul 9, 12:00 am",0
"Jul 9, 01:00 am",0
"Jul 9, 02:00 am",0
"Jul 9, 03:00 am",0
"Jul 9, 04:00 am",0
"Jul 9, 05:00 am",-0
"Jul 9, 06:00 am",0.689617
"Jul 9, 07:00 am",1.15136
"Jul 9, 08:00 am",1.97002
"Jul 9, 09:00 am",4.82307
"Jul 9, 10:00 am",7.8226
"Jul 9, 11:00 am",10.2766
"Jul 9, 12:00 pm",12.0573
"Jul 9, 01:00 pm",13.2797
"Jul 9, 02:00 pm",13.7373
"Jul 9, 03:00 pm",13.2715
"Jul 9, 04:00 pm",11.9705
"Jul 9, 05:00 pm",9.51923
"Jul 9, 06:00 pm",5.5757
"Jul 9, 07:00 pm",-0
"Jul 9, 08:00 pm",0
"Jul 9, 09:00 pm",0
"Jul 9, 10:00 pm",0
"Jul 9, 11:00 pm",0
"Jul 10, 12:00 am",0
"Jul 10, 01:00 am",0
"Jul 10, 02:00 am",0
"Jul 10, 03:00 am",0
"Jul 10, 04:00 am",0
"Jul 10, 05:00 am",-0
"Jul 10, 06:00 am",0.594508
"Jul 10, 07:00 am",0.880809
"Jul 10, 08:00 am",1.61691
"Jul 10, 09:00 am",4.84025
"Jul 10, 10:00 am",8.07503
"Jul 10, 11:00 am",10.3918
"Jul 10, 12:00 pm",12.3046
"Jul 10, 01:00 pm",13.5866
"Jul 10, 02:00 pm",13.9683
"Jul 10, 03:00 pm",13.5302
"Jul 10, 04:00 pm",12.3776
"Jul 10, 05:00 pm",9.9506
"Jul 10, 06:00 pm",6.01345
"Jul 10, 07:00 pm",0.142677
"Jul 10, 08:00 pm",0
"Jul 10, 09:00 pm",0
"Jul 10, 10:00 pm",0
"Jul 10, 11:00 pm",0
"Jul 11, 12:00 am",0
"Jul 11, 01:00 am",0
"Jul 11, 02:00 am",0
"Jul 11, 03:00 am",0
"Jul 11, 04:00 am",0
"Jul 11, 05:00 am",-0
"Jul 11, 06:00 am",0.714328
"Jul 11, 07:00 am",1.32249
"Jul 11, 08:00 am",2.89604
"Jul 11, 09:00 am",4.91822
"Jul 11, 10:00 am",7.74479
"Jul 11, 11:00 am",8.33914
"Jul 11, 12:00 pm",7.98379
"Jul 11, 01:00 pm",13.1563
"Jul 11, 02:00 pm",13.6485
"Jul 11, 03:00 pm",13.3488
"Jul 11, 04:00 pm",10.131
"Jul 11, 05:00 pm",7.65254
"Jul 11, 06:00 pm",5.77524
"Jul 11, 07:00 pm",-0
"Jul 11, 08:00 pm",0
"Jul 11, 09:00 pm",0
"Jul 11, 10:00 pm",0
"Jul 11, 11:00 pm",0
"Jul 12, 12:00 am",0
"Jul 12, 01:00 am",0
"Jul 12, 02:00 am",0
"Jul 12, 03:00 am",0
"Jul 12, 04:00 am",0
"Jul 12, 05:00 am",-0
"Jul 12, 06:00 am",0.620068
"Jul 12, 07:00 am",0.942907
"Jul 12, 08:00 am",1.6564
"Jul 12, 09:00 am",4.68588
"Jul 12, 10:00 am",7.74872
"Jul 12, 11:00 am",10.1573
"Jul 12, 12:00 pm",12.0109
"Jul 12, 01:00 pm",13.169
"Jul 12, 02:00 pm",13.5953
"Jul 12, 03:00 pm",13.2816
"Jul 12, 04:00 pm",11.8951
"Jul 12, 05:00 pm",9.42029
"Jul 12, 06:00 pm",5.41546
"Jul 12, 07:00 pm",-0
"Jul 12, 08:00 pm",0
"Jul 12, 09:00 pm",0
"Jul 12, 10:00 pm",0
"Jul 12, 11:00 pm",0
"Jul 13, 12:00 am",0
"Jul 13, 01:00 am",0
"Jul 13, 02:00 am",0
"Jul 13, 03:00 am",0
"Jul 13, 04:00 am",0
"Jul 13, 05:00 am",-0
"Jul 13, 06:00 am",0.586911
"Jul 13, 07:00 am",0.891414
"Jul 13, 08:00 am",1.56994
"Jul 13, 09:00 am",4.63819
"Jul 13, 10:00 am",7.77386
"Jul 13, 11:00 am",10.2642
"Jul 13, 12:00 pm",12.1393
"Jul 13, 01:00 pm",13.3546
"Jul 13, 02:00 pm",13.827
"Jul 13, 03:00 pm",13.5661
"Jul 13, 04:00 pm",12.1203
"Jul 13, 05:00 pm",9.51254
"Jul 13, 06:00 pm",5.30244
"Jul 13, 07:00 pm",-0
"Jul 13, 08:00 pm",0
"Jul 13, 09:00 pm",0
"Jul 13, 10:00 pm",0
"Jul 13, 11:00 pm",0
"Jul 14, 12:00 am",0
"Jul 14, 01:00 am",0
"Jul 14, 02:00 am",0
"Jul 14, 03:00 am",0
"Jul 14, 04:00 am",0
"Jul 14, 05:00 am",-0
"Jul 14, 06:00 am",0.599226
"Jul 14, 07:00 am",0.942617
"Jul 14, 08:00 am",1.61089
"Jul 14, 09:00 am",4.66923
"Jul 14, 10:00 am",7.72336
"Jul 14, 11:00 am",10.1084
"Jul 14, 12:00 pm",11.9204
"Jul 14, 01:00 pm",13.1005
"Jul 14, 02:00 pm",13.432
"Jul 14, 03:00 pm",13.0507
"Jul 14, 04:00 pm",11.5446
"Jul 14, 05:00 pm",7.10885
"Jul 14, 06:00 pm",3.82716
"Jul 14, 07:00 pm",-0
"Jul 14, 08:00 pm",0
"Jul 14, 09:00 pm",0
"Jul 14, 10:00 pm",0
"Jul 14, 11:00 pm",0
"Jul 15, 12:00 am",0
"Jul 15, 01:00 am",0
"Jul 15, 02:00 am",0
"Jul 15, 03:00 am",0
"Jul 15, 04:00 am",0
"Jul 15, 05:00 am",-0
"Jul 15, 06:00 am",0.689472
"Jul 15, 07:00 am",1.25495
"Jul 15, 08:00 am",1.69196
"Jul 15, 09:00 am",4.56181
"Jul 15, 10:00 am",7.62198
"Jul 15, 11:00 am",9.88729
"Jul 15, 12:00 pm",11.5817
"Jul 15, 01:00 pm",12.6725
"Jul 15, 02:00 pm",13.0474
"Jul 15, 03:00 pm",12.7177
"Jul 15, 04:00 pm",11.2737
"Jul 15, 05:00 pm",5.27089
"Jul 15, 06:00 pm",2.60129
"Jul 15, 07:00 pm",-0
"Jul 15, 08:00 pm",0
"Jul 15, 09:00 pm",0
"Jul 15, 10:00 pm",0
"Jul 15, 11:00 pm",0
"Jul 16, 12:00 am",0
"Jul 16, 01:00 am",0
"Jul 16, 02:00 am",0
"Jul 16, 03:00 am",0
"Jul 16, 04:00 am",0
"Jul 16, 05:00 am",-0
"Jul 16, 06:00 am",0.405132
"Jul 16, 07:00 am",1.23737
"Jul 16, 08:00 am",2.86177
"Jul 16, 09:00 am",4.55897
"Jul 16, 10:00 am",7.5868
"Jul 16, 11:00 am",9.90199
"Jul 16, 12:00 pm",11.6813
"Jul 16, 01:00 pm",12.9639
"Jul 16, 02:00 pm",13.319
"Jul 16, 03:00 pm",12.892
"Jul 16, 04:00 pm",11.5659
"Jul 16, 05:00 pm",9.12403
"Jul 16, 06:00 pm",5.2244
"Jul 16, 07:00 pm",-0
"Jul 16, 08:00 pm",0
"Jul 16, 09:00 pm",0
"Jul 16, 10:00 pm",0
"Jul 16, 11:00 pm",0
"Jul 17, 12:00 am",0
"Jul 17, 01:00 am",0
"Jul 17, 02:00 am",0
"Jul 17, 03:00 am",0
"Jul 17, 04:00 am",0
"Jul 17, 05:00 am",0
"Jul 17, 06:00 am",0.555137
"Jul 17, 07:00 am",1.65406
"Jul 17, 08:00 am",0.867362
"Jul 17, 09:00 am",4.50552
"Jul 17, 10:00 am",7.09471
"Jul 17, 11:00 am",9.04178
"Jul 17, 12:00 pm",11.2701
"Jul 17, 01:00 pm",13.4645
"Jul 17, 02:00 pm",13.6673
"Jul 17, 03:00 pm",13.2702
"Jul 17, 04:00 pm",11.8341
"Jul 17, 05:00 pm",6.44547
"Jul 17, 06:00 pm",3.48113
"Jul 17, 07:00 pm",-0
"Jul 17, 08:00 pm",0
"Jul 17, 09:00 pm",0
"Jul 17, 10:00 pm",0
"Jul 17, 11:00 pm",0
"Jul 18, 12:00 am",0
"Jul 18, 01:00 am",0
"Jul 18, 02:00 am",0
"Jul 18, 03:00 am",0
"Jul 18, 04:00 am",0
"Jul 18, 05:00 am",0
"Jul 18, 06:00 am",0.62063
"Jul 18, 07:00 am",1.04704
"Jul 18, 08:00 am",1.67948
"Jul 18, 09:00 am",4.59715
"Jul 18, 10:00 am",7.78791
"Jul 18, 11:00 am",10.2224
"Jul 18, 12:00 pm",12.0705
"Jul 18, 01:00 pm",13.0778
"Jul 18, 02:00 pm",13.1922
"Jul 18, 03:00 pm",12.56
"Jul 18, 04:00 pm",0.150979
"Jul 18, 05:00 pm",0.115599
"Jul 18, 06:00 pm",-0
"Jul 18, 07:00 pm",-0
"Jul 18, 08:00 pm",0
"Jul 18, 09:00 pm",0
"Jul 18, 10:00 pm",0
"Jul 18, 11:00 pm",0
"Jul 19, 12:00 am",0
"Jul 19, 01:00 am",0
"Jul 19, 02:00 am",0
"Jul 19, 03:00 am",0
"Jul 19, 04:00 am",0
"Jul 19, 05:00 am",0
"Jul 19, 06:00 am",0.687344
"Jul 19, 07:00 am",1.18069
"Jul 19, 08:00 am",1.79237
"Jul 19, 09:00 am",4.63811
"Jul 19, 10:00 am",7.76645
"Jul 19, 11:00 am",10.1127
"Jul 19, 12:00 pm",11.7977
"Jul 19, 01:00 pm",10.8281
"Jul 19, 02:00 pm",11.5001
"Jul 19, 03:00 pm",11.3233
"Jul 19, 04:00 pm",7.98082
"Jul 19, 05:00 pm",3.76958
"Jul 19, 06:00 pm",1.62241
"Jul 19, 07:00 pm",-0
"Jul 19, 08:00 pm",0
"Jul 19, 09:00 pm",0
"Jul 19, 10:00 pm",0
"Jul 19, 11:00 pm",0
"Jul 20, 12:00 am",0
"Jul 20, 01:00 am",0
"Jul 20, 02:00 am",0
"Jul 20, 03:00 am",0
"Jul 20, 04:00 am",0
"Jul 20, 05:00 am",0
"Jul 20, 06:00 am",0.717402
"Jul 20, 07:00 am",1.68392
"Jul 20, 08:00 am",2.80807
"Jul 20, 09:00 am",4.19588
"Jul 20, 10:00 am",3.45225
"Jul 20, 11:00 am",9.59077
"Jul 20, 12:00 pm",11.0922
"Jul 20, 01:00 pm",12.1675
"Jul 20, 02:00 pm",12.8101
"Jul 20, 03:00 pm",12.5346
"Jul 20, 04:00 pm",11.3899
"Jul 20, 05:00 pm",8.9368
"Jul 20, 06:00 pm",4.99604
"Jul 20, 07:00 pm",-0
"Jul 20, 08:00 pm",0
"Jul 20, 09:00 pm",0
"Jul 20, 10:00 pm",0
"Jul 20, 11:00 pm",0
"Jul 21, 12:00 am",0
"Jul 21, 01:00 am",0
"Jul 21, 02:00 am",0
"Jul 21, 03:00 am",0
"Jul 21, 04:00 am",0
"Jul 21, 05:00 am",0
"Jul 21, 06:00 am",0.645382
"Jul 21, 07:00 am",1.07267
"Jul 21, 08:00 am",2.51358
"Jul 21, 09:00 am",4.60109
"Jul 21, 10:00 am",7.77009
"Jul 21, 11:00 am",10.3167
"Jul 21, 12:00 pm",12.1986
"Jul 21, 01:00 pm",13.3677
"Jul 21, 02:00 pm",13.7101
"Jul 21, 03:00 pm",13.1869
"Jul 21, 04:00 pm",11.7464
"Jul 21, 05:00 pm",9.25291
"Jul 21, 06:00 pm",5.28305
"Jul 21, 07:00 pm",-0
"Jul 21, 08:00 pm",0
"Jul 21, 09:00 pm",0
"Jul 21, 10:00 pm",0
"Jul 21, 11:00 pm",0
"Jul 22, 12:00 am",0
"Jul 22, 01:00 am",0
"Jul 22, 02:00 am",0
"Jul 22, 03:00 am",0
"Jul 22, 04:00 am",0
"Jul 22, 05:00 am",0
"Jul 22, 06:00 am",0.572563
"Jul 22, 07:00 am",1.72545
"Jul 22, 08:00 am",2.59278
"Jul 22, 09:00 am",4.51591
"Jul 22, 10:00 am",7.67195
"Jul 22, 11:00 am",10.1585
"Jul 22, 12:00 pm",12.0035
"Jul 22, 01:00 pm",13.1555
"Jul 22, 02:00 pm",13.6173
"Jul 22, 03:00 pm",12.9788
"Jul 22, 04:00 pm",10.5733
"Jul 22, 05:00 pm",3.65812
"Jul 22, 06:00 pm",1.54061
"Jul 22, 07:00 pm",-0
"Jul 22, 08:00 pm",0
"Jul 22, 09:00 pm",0
"Jul 22, 10:00 pm",0
"Jul 22, 11:00 pm",0
"Jul 23, 12:00 am",0
"Jul 23, 01:00 am",0
"Jul 23, 02:00 am",0
"Jul 23, 03:00 am",0
"Jul 23, 04:00 am",0
"Jul 23, 05:00 am",0
"Jul 23, 06:00 am",0.614031
"Jul 23, 07:00 am",1.23794
"Jul 23, 08:00 am",2.7826
"Jul 23, 09:00 am",4.47595
"Jul 23, 10:00 am",7.58237
"Jul 23, 11:00 am",9.95901
"Jul 23, 12:00 pm",11.7083
"Jul 23, 01:00 pm",12.9793
"Jul 23, 02:00 pm",13.3463
"Jul 23, 03:00 pm",13.0311
"Jul 23, 04:00 pm",11.7387
"Jul 23, 05:00 pm",9.33581
"Jul 23, 06:00 pm",5.2982
"Jul 23, 07:00 pm",-0
"Jul 23, 08:00 pm",0
"Jul 23, 09:00 pm",0
"Jul 23, 10:00 pm",0
"Jul 23, 11:00 pm",0
"Jul 24, 12:00 am",0
"Jul 24, 01:00 am",0
"Jul 24, 02:00 am",0
"Jul 24, 03:00 am",0
"Jul 24, 04:00 am",0
"Jul 24, 05:00 am",0
"Jul 24, 06:00 am",0.687318
"Jul 24, 07:00 am",1.41866
"Jul 24, 08:00 am",2.41569
"Jul 24, 09:00 am",0.266836
"Jul 24, 10:00 am",0.483232
"Jul 24, 11:00 am",6.33301
"Jul 24, 12:00 pm",8.965
"Jul 24, 01:00 pm",12.6608
"Jul 24, 02:00 pm",8.94093
"Jul 24, 03:00 pm",9.38744
"Jul 24, 04:00 pm",9.51144
"Jul 24, 05:00 pm",8.85918
"Jul 24, 06:00 pm",5.02352
"Jul 24, 07:00 pm",-0
"Jul 24, 08:00 pm",0
"Jul 24, 09:00 pm",0
"Jul 24, 10:00 pm",0
"Jul 24, 11:00 pm",0
"Jul 25, 12:00 am",0
"Jul 25, 01:00 am",0
"Jul 25, 02:00 am",0
"Jul 25, 03:00 am",0
"Jul 25, 04:00 am",0
"Jul 25, 05:00 am",0
"Jul 25, 06:00 am",0.529344
"Jul 25, 07:00 am",0.891299
"Jul 25, 08:00 am",1.38843
"Jul 25, 09:00 am",4.44815
"Jul 25, 10:00 am",6.23514
"Jul 25, 11:00 am",9.68428
"Jul 25, 12:00 pm",11.7929
"Jul 25, 01:00 pm",12.948
"Jul 25, 02:00 pm",13.3192
"Jul 25, 03:00 pm",4.11825
"Jul 25, 04:00 pm",11.491
"Jul 25, 05:00 pm",9.16382
"Jul 25, 06:00 pm",5.28955
"Jul 25, 07:00 pm",-0
"Jul 25, 08:00 pm",0
"Jul 25, 09:00 pm",0
"Jul 25, 10:00 pm",0
"Jul 25, 11:00 pm",0
"Jul 26, 12:00 am",0
"Jul 26, 01:00 am",0
"Jul 26, 02:00 am",0
"Jul 26, 03:00 am",0
"Jul 26, 04:00 am",0
"Jul 26, 05:00 am",0
"Jul 26, 06:00 am",0.456955
"Jul 26, 07:00 am",1.15989
"Jul 26, 08:00 am",1.24158
"Jul 26, 09:00 am",4.23361
"Jul 26, 10:00 am",7.55943
"Jul 26, 11:00 am",10.083
"Jul 26, 12:00 pm",12.0584
"Jul 26, 01:00 pm",13.3743
"Jul 26, 02:00 pm",13.8511
"Jul 26, 03:00 pm",13.431
"Jul 26, 04:00 pm",12.1504
"Jul 26, 05:00 pm",8.78605
"Jul 26, 06:00 pm",5.08334
"Jul 26, 07:00 pm",-0
"Jul 26, 08:00 pm",0
"Jul 26, 09:00 pm",0
"Jul 26, 10:00 pm",0
"Jul 26, 11:00 pm",0
"Jul 27, 12:00 am",0
"Jul 27, 01:00 am",0
"Jul 27, 02:00 am",0
"Jul 27, 03:00 am",0
"Jul 27, 04:00 am",0
"Jul 27, 05:00 am",0
"Jul 27, 06:00 am",0.438793
"Jul 27, 07:00 am",0.681603
"Jul 27, 08:00 am",1.22276
"Jul 27, 09:00 am",4.22689
"Jul 27, 10:00 am",7.53902
"Jul 27, 11:00 am",9.95377
"Jul 27, 12:00 pm",11.8107
"Jul 27, 01:00 pm",13.0276
"Jul 27, 02:00 pm",13.4117
"Jul 27, 03:00 pm",13.119
"Jul 27, 04:00 pm",9.49099
"Jul 27, 05:00 pm",0.93378
"Jul 27, 06:00 pm",0.295685
"Jul 27, 07:00 pm",-0
"Jul 27, 08:00 pm",0
"Jul 27, 09:00 pm",0
"Jul 27, 10:00 pm",0
"Jul 27, 11:00 pm",0
"Jul 28, 12:00 am",0
"Jul 28, 01:00 am",0
"Jul 28, 02:00 am",0
"Jul 28, 03:00 am",0
"Jul 28, 04:00 am",0
"Jul 28, 05:00 am",0
"Jul 28, 06:00 am",0.629252
"Jul 28, 07:00 am",1.63036
"Jul 28, 08:00 am",0.348846
"Jul 28, 09:00 am",4.76324
"Jul 28, 10:00 am",3.98319
"Jul 28, 11:00 am",9.9741
"Jul 28, 12:00 pm",12.189
"Jul 28, 01:00 pm",13.7411
"Jul 28, 02:00 pm",14.3884
"Jul 28, 03:00 pm",13.8088
"Jul 28, 04:00 pm",12.1938
"Jul 28, 05:00 pm",9.45387
"Jul 28, 06:00 pm",5.26349
"Jul 28, 07:00 pm",-0
"Jul 28, 08:00 pm",0
"Jul 28, 09:00 pm",0
"Jul 28, 10:00 pm",0
"Jul 28, 11:00 pm",0
"Jul 29, 12:00 am",0
"Jul 29, 01:00 am",0
"Jul 29, 02:00 am",0
"Jul 29, 03:00 am",0
"Jul 29, 04:00 am",0
"Jul 29, 05:00 am",0
"Jul 29, 06:00 am",0.56677
"Jul 29, 07:00 am",1.46161
"Jul 29, 08:00 am",2.51056
"Jul 29, 09:00 am",4.70203
"Jul 29, 10:00 am",7.18913
"Jul 29, 11:00 am",9.92718
"Jul 29, 12:00 pm",11.7421
"Jul 29, 01:00 pm",4.16849
"Jul 29, 02:00 pm",6.76754
"Jul 29, 03:00 pm",11.9204
"Jul 29, 04:00 pm",6.76394
"Jul 29, 05:00 pm",3.5826
"Jul 29, 06:00 pm",1.33743
"Jul 29, 07:00 pm",0
"Jul 29, 08:00 pm",0
"Jul 29, 09:00 pm",0
"Jul 29, 10:00 pm",0
"Jul 29, 11:00 pm",0
"Jul 30, 12:00 am",0
"Jul 30, 01:00 am",0
"Jul 30, 02:00 am",0
"Jul 30, 03:00 am",0
"Jul 30, 04:00 am",0
"Jul 30, 05:00 am",0
"Jul 30, 06:00 am",0.566081
"Jul 30, 07:00 am",1.61361
"Jul 30, 08:00 am",2.77472
"Jul 30, 09:00 am",4.78414
"Jul 30, 10:00 am",7.20769
"Jul 30, 11:00 am",9.49582
"Jul 30, 12:00 pm",9.29085
"Jul 30, 01:00 pm",12.5815
"Jul 30, 02:00 pm",12.7639
"Jul 30, 03:00 pm",12.2405
"Jul 30, 04:00 pm",10.8348
"Jul 30, 05:00 pm",2.13377
"Jul 30, 06:00 pm",0.718056
"Jul 30, 07:00 pm",0
"Jul 30, 08:00 pm",0
"Jul 30, 09:00 pm",0
"Jul 30, 10:00 pm",0
"Jul 30, 11:00 pm",0
"Jul 31, 12:00 am",0
"Jul 31, 01:00 am",0
"Jul 31, 02:00 am",0
"Jul 31, 03:00 am",0
"Jul 31, 04:00 am",0
"Jul 31, 05:00 am",0
"Jul 31, 06:00 am",0.531129
"Jul 31, 07:00 am",1.38935
"Jul 31, 08:00 am",1.11159
"Jul 31, 09:00 am",4.6459
"Jul 31, 10:00 am",6.77752
"Jul 31, 11:00 am",9.84641
"Jul 31, 12:00 pm",11.651
"Jul 31, 01:00 pm",12.7168
"Jul 31, 02:00 pm",12.8033
"Jul 31, 03:00 pm",12.1724
"Jul 31, 04:00 pm",11.0588
"Jul 31, 05:00 pm",8.45497
"Jul 31, 06:00 pm",1.86088
"Jul 31, 07:00 pm",0
"Jul 31, 08:00 pm",0
"Jul 31, 09:00 pm",0
"Jul 31, 10:00 pm",0
"Jul 31, 11:00 pm",0
"Aug 1, 12:00 am",0
"Aug 1, 01:00 am",0
"Aug 1, 02:00 am",0
"Aug 1, 03:00 am",0
"Aug 1, 04:00 am",0
"Aug 1, 05:00 am",0
"Aug 1, 06:00 am",0.509041
"Aug 1, 07:00 am",0.881407
"Aug 1, 08:00 am",1.17716
"Aug 1, 09:00 am",4.2031
"Aug 1, 10:00 am",7.60684
"Aug 1, 11:00 am",10.0796
"Aug 1, 12:00 pm",11.8964
"Aug 1, 01:00 pm",12.9857
"Aug 1, 02:00 pm",13.4147
"Aug 1, 03:00 pm",13.0585
"Aug 1, 04:00 pm",11.9593
"Aug 1, 05:00 pm",1.675
"Aug 1, 06:00 pm",0.53599
"Aug 1, 07:00 pm",0
"Aug 1, 08:00 pm",0
"Aug 1, 09:00 pm",0
"Aug 1, 10:00 pm",0
"Aug 1, 11:00 pm",0
"Aug 2, 12:00 am",0
"Aug 2, 01:00 am",0
"Aug 2, 02:00 am",0
"Aug 2, 03:00 am",0
"Aug 2, 04:00 am",0
"Aug 2, 05:00 am",0
"Aug 2, 06:00 am",0.458457
"Aug 2, 07:00 am",0.887697
"Aug 2, 08:00 am",1.20044
"Aug 2, 09:00 am",4.22875
"Aug 2, 10:00 am",7.58252
"Aug 2, 11:00 am",9.85008
"Aug 2, 12:00 pm",11.642
"Aug 2, 01:00 pm",13.0501
"Aug 2, 02:00 pm",13.6441
"Aug 2, 03:00 pm",13.3598
"Aug 2, 04:00 pm",12.253
"Aug 2, 05:00 pm",9.91968
"Aug 2, 06:00 pm",5.85706
"Aug 2, 07:00 pm",0
"Aug 2, 08:00 pm",0
"Aug 2, 09:00 pm",0
"Aug 2, 10:00 pm",0
"Aug 2, 11:00 pm",0
"Aug 3, 12:00 am",0
"Aug 3, 01:00 am",0
"Aug 3, 02:00 am",0
"Aug 3, 03:00 am",0
"Aug 3, 04:00 am",0
"Aug 3, 05:00 am",0
"Aug 3, 06:00 am",0.397365
"Aug 3, 07:00 am",0.686882
"Aug 3, 08:00 am",1.15513
"Aug 3, 09:00 am",4.136
"Aug 3, 10:00 am",7.55647
"Aug 3, 11:00 am",10.0645
"Aug 3, 12:00 pm",11.3335
"Aug 3, 01:00 pm",11.456
"Aug 3, 02:00 pm",11.2315
"Aug 3, 03:00 pm",11.5867
"Aug 3, 04:00 pm",8.06034
"Aug 3, 05:00 pm",5.58042
"Aug 3, 06:00 pm",0.395773
"Aug 3, 07:00 pm",0
"Aug 3, 08:00 pm",0
"Aug 3, 09:00 pm",0
"Aug 3, 10:00 pm",0
"Aug 3, 11:00 pm",0
"Aug 4, 12:00 am",0
"Aug 4, 01:00 am",0
"Aug 4, 02:00 am",0
"Aug 4, 03:00 am",0
"Aug 4, 04:00 am",0
"Aug 4, 05:00 am",0
"Aug 4, 06:00 am",0.237455
"Aug 4, 07:00 am",1.34246
"Aug 4, 08:00 am",2.6185
"Aug 4, 09:00 am",1.82588
"Aug 4, 10:00 am",1.23797
"Aug 4, 11:00 am",2.10532
"Aug 4, 12:00 pm",7.33616
"Aug 4, 01:00 pm",9.98278
"Aug 4, 02:00 pm",14.3571
"Aug 4, 03:00 pm",13.8889
"Aug 4, 04:00 pm",12.5345
"Aug 4, 05:00 pm",9.93786
"Aug 4, 06:00 pm",5.46172
"Aug 4, 07:00 pm",0
"Aug 4, 08:00 pm",0
"Aug 4, 09:00 pm",0
"Aug 4, 10:00 pm",0
"Aug 4, 11:00 pm",0
"Aug 5, 12:00 am",0
"Aug 5, 01:00 am",0
"Aug 5, 02:00 am",0
"Aug 5, 03:00 am",0
"Aug 5, 04:00 am",0
"Aug 5, 05:00 am",0
"Aug 5, 06:00 am",0.429772
"Aug 5, 07:00 am",0.713865
"Aug 5, 08:00 am",1.14971
"Aug 5, 09:00 am",4.15583
"Aug 5, 10:00 am",7.67542
"Aug 5, 11:00 am",10.3202
"Aug 5, 12:00 pm",12.3281
"Aug 5, 01:00 pm",13.6995
"Aug 5, 02:00 pm",14.2302
"Aug 5, 03:00 pm",13.9243
"Aug 5, 04:00 pm",12.7175
"Aug 5, 05:00 pm",10.1806
"Aug 5, 06:00 pm",5.90558
"Aug 5, 07:00 pm",0
"Aug 5, 08:00 pm",0
"Aug 5, 09:00 pm",0
"Aug 5, 10:00 pm",0
"Aug 5, 11:00 pm",0
"Aug 6, 12:00 am",0
"Aug 6, 01:00 am",0
"Aug 6, 02:00 am",0
"Aug 6, 03:00 am",0
"Aug 6, 04:00 am",0
"Aug 6, 05:00 am",0
"Aug 6, 06:00 am",0.378414
"Aug 6, 07:00 am",0.650105
"Aug 6, 08:00 am",1.07472
"Aug 6, 09:00 am",4.10978
"Aug 6, 10:00 am",7.39527
"Aug 6, 11:00 am",9.70115
"Aug 6, 12:00 pm",11.6179
"Aug 6, 01:00 pm",12.8844
"Aug 6, 02:00 pm",13.218
"Aug 6, 03:00 pm",12.9159
"Aug 6, 04:00 pm",11.7925
"Aug 6, 05:00 pm",9.41595
"Aug 6, 06:00 pm",5.2454
"Aug 6, 07:00 pm",0
"Aug 6, 08:00 pm",0
"Aug 6, 09:00 pm",0
"Aug 6, 10:00 pm",0
"Aug 6, 11:00 pm",0
"Aug 7, 12:00 am",0
"Aug 7, 01:00 am",0
"Aug 7, 02:00 am",0
"Aug 7, 03:00 am",0
"Aug 7, 04:00 am",0
"Aug 7, 05:00 am",0
"Aug 7, 06:00 am",0.407603
"Aug 7, 07:00 am",0.686997
"Aug 7, 08:00 am",1.07382
"Aug 7, 09:00 am",4.03574
"Aug 7, 10:00 am",7.3622
"Aug 7, 11:00 am",9.62221
"Aug 7, 12:00 pm",11.6051
"Aug 7, 01:00 pm",12.9116
"Aug 7, 02:00 pm",13.4728
"Aug 7, 03:00 pm",13.1362
"Aug 7, 04:00 pm",8.92395
"Aug 7, 05:00 pm",5.53173
"Aug 7, 06:00 pm",2.23496
"Aug 7, 07:00 pm",0
"Aug 7, 08:00 pm",0
"Aug 7, 09:00 pm",0
"Aug 7, 10:00 pm",0
"Aug 7, 11:00 pm",0
"Aug 8, 12:00 am",0
"Aug 8, 01:00 am",0
"Aug 8, 02:00 am",0
"Aug 8, 03:00 am",0
"Aug 8, 04:00 am",0
"Aug 8, 05:00 am",0
"Aug 8, 06:00 am",0.404678
"Aug 8, 07:00 am",1.11933
"Aug 8, 08:00 am",2.15099
"Aug 8, 09:00 am",4.02202
"Aug 8, 10:00 am",7.16479
"Aug 8, 11:00 am",9.52899
"Aug 8, 12:00 pm",11.4679
"Aug 8, 01:00 pm",12.8338
"Aug 8, 02:00 pm",13.4622
"Aug 8, 03:00 pm",13.0342
"Aug 8, 04:00 pm",11.6596
"Aug 8, 05:00 pm",7.66017
"Aug 8, 06:00 pm",4.33185
"Aug 8, 07:00 pm",0
"Aug 8, 08:00 pm",0
"Aug 8, 09:00 pm",0
"Aug 8, 10:00 pm",0
"Aug 8, 11:00 pm",0
"Aug 9, 12:00 am",0
"Aug 9, 01:00 am",0
"Aug 9, 02:00 am",0
"Aug 9, 03:00 am",0
"Aug 9, 04:00 am",0
"Aug 9, 05:00 am",0
"Aug 9, 06:00 am",0.288288
"Aug 9, 07:00 am",1.47836
"Aug 9, 08:00 am",2.36888
"Aug 9, 09:00 am",4.60594
"Aug 9, 10:00 am",6.89099
"Aug 9, 11:00 am",8.52076
"Aug 9, 12:00 pm",11.0601
"Aug 9, 01:00 pm",10.5493
"Aug 9, 02:00 pm",12.1369
"Aug 9, 03:00 pm",12.0239
"Aug 9, 04:00 pm",10.3356
"Aug 9, 05:00 pm",8.13833
"Aug 9, 06:00 pm",1.54245
"Aug 9, 07:00 pm",0
"Aug 9, 08:00 pm",0
"Aug 9, 09:00 pm",0
"Aug 9, 10:00 pm",0
"Aug 9, 11:00 pm",0
"Aug 10, 12:00 am",0
"Aug 10, 01:00 am",0
"Aug 10, 02:00 am",0
"Aug 10, 03:00 am",0
"Aug 10, 04:00 am",0
"Aug 10, 05:00 am",0
"Aug 10, 06:00 am",0.472458
"Aug 10, 07:00 am",1.34047
"Aug 10, 08:00 am",2.46729
"Aug 10, 09:00 am",3.75535
"Aug 10, 10:00 am",7.01432
"Aug 10, 11:00 am",9.85569
"Aug 10, 12:00 pm",11.6869
"Aug 10, 01:00 pm",12.7764
"Aug 10, 02:00 pm",12.9272
"Aug 10, 03:00 pm",12.4893
"Aug 10, 04:00 pm",11.0361
"Aug 10, 05:00 pm",8.38465
"Aug 10, 06:00 pm",0.48401
"Aug 10, 07:00 pm",0
"Aug 10, 08:00 pm",0
"Aug 10, 09:00 pm",0
"Aug 10, 10:00 pm",0
"Aug 10, 11:00 pm",0
"Aug 11, 12:00 am",0
"Aug 11, 01:00 am",0
"Aug 11, 02:00 am",0
"Aug 11, 03:00 am",0
"Aug 11, 04:00 am",0
"Aug 11, 05:00 am",0
"Aug 11, 06:00 am",0.376579
"Aug 11, 07:00 am",0.752133
"Aug 11, 08:00 am",1.0006
"Aug 11, 09:00 am",3.95304
"Aug 11, 10:00 am",7.2165
"Aug 11, 11:00 am",9.84404
"Aug 11, 12:00 pm",11.8334
"Aug 11, 01:00 pm",7.15947
"Aug 11, 02:00 pm",13.6648
"Aug 11, 03:00 pm",13.3567
"Aug 11, 04:00 pm",10.501
"Aug 11, 05:00 pm",8.90827
"Aug 11, 06:00 pm",3.92955
"Aug 11, 07:00 pm",0
"Aug 11, 08:00 pm",0
"Aug 11, 09:00 pm",0
"Aug 11, 10:00 pm",0
"Aug 11, 11:00 pm",0
"Aug 12, 12:00 am",0
"Aug 12, 01:00 am",0
"Aug 12, 02:00 am",0
"Aug 12, 03:00 am",0
"Aug 12, 04:00 am",0
"Aug 12, 05:00 am",0
"Aug 12, 06:00 am",0.439156
"Aug 12, 07:00 am",1.13895
"Aug 12, 08:00 am",1.95753
"Aug 12, 09:00 am",4.56383
"Aug 12, 10:00 am",7.14235
"Aug 12, 11:00 am",9.82105
"Aug 12, 12:00 pm",11.1525
"Aug 12, 01:00 pm",13.101
"Aug 12, 02:00 pm",13.6216
"Aug 12, 03:00 pm",13.3988
"Aug 12, 04:00 pm",11.9542
"Aug 12, 05:00 pm",7.89766
"Aug 12, 06:00 pm",1.9241
"Aug 12, 07:00 pm",0
"Aug 12, 08:00 pm",0
"Aug 12, 09:00 pm",0
"Aug 12, 10:00 pm",0
"Aug 12, 11:00 pm",0
"Aug 13, 12:00 am",0
"Aug 13, 01:00 am",0
"Aug 13, 02:00 am",0
"Aug 13, 03:00 am",0
"Aug 13, 04:00 am",0
"Aug 13, 05:00 am",0
"Aug 13, 06:00 am",0.398917
"Aug 13, 07:00 am",1.0974
"Aug 13, 08:00 am",1.6365
"Aug 13, 09:00 am",4.41444
"Aug 13, 10:00 am",7.14128
"Aug 13, 11:00 am",9.8732
"Aug 13, 12:00 pm",11.8645
"Aug 13, 01:00 pm",13.2321
"Aug 13, 02:00 pm",12.4205
"Aug 13, 03:00 pm",13.2949
"Aug 13, 04:00 pm",10.5009
"Aug 13, 05:00 pm",8.91341
"Aug 13, 06:00 pm",1.83353
"Aug 13, 07:00 pm",0
"Aug 13, 08:00 pm",0
"Aug 13, 09:00 pm",0
"Aug 13, 10:00 pm",0
"Aug 13, 11:00 pm",0
"Aug 14, 12:00 am",0
"Aug 14, 01:00 am",0
"Aug 14, 02:00 am",0
"Aug 14, 03:00 am",0
"Aug 14, 04:00 am",0
"Aug 14, 05:00 am",0
"Aug 14, 06:00 am",0.434322
"Aug 14, 07:00 am",0.984808
"Aug 14, 08:00 am",1.25492
"Aug 14, 09:00 am",3.98266
"Aug 14, 10:00 am",7.18125
"Aug 14, 11:00 am",9.50445
"Aug 14, 12:00 pm",11.408
"Aug 14, 01:00 pm",12.7467
"Aug 14, 02:00 pm",13.2014
"Aug 14, 03:00 pm",12.8331
"Aug 14, 04:00 pm",10.0115
"Aug 14, 05:00 pm",7.37986
"Aug 14, 06:00 pm",0.124988
"Aug 14, 07:00 pm",0
"Aug 14, 08:00 pm",0
"Aug 14, 09:00 pm",0
"Aug 14, 10:00 pm",0
"Aug 14, 11:00 pm",0
"Aug 15, 12:00 am",0
"Aug 15, 01:00 am",0
"Aug 15, 02:00 am",0
"Aug 15, 03:00 am",0
"Aug 15, 04:00 am",0
"Aug 15, 05:00 am",0
"Aug 15, 06:00 am",0.301759
"Aug 15, 07:00 am",1.43514
"Aug 15, 08:00 am",1.83062
"Aug 15, 09:00 am",4.51539
"Aug 15, 10:00 am",4.21513
"Aug 15, 11:00 am",6.60066
"Aug 15, 12:00 pm",8.00053
"Aug 15, 01:00 pm",9.55328
"Aug 15, 02:00 pm",9.94446
"Aug 15, 03:00 pm",12.7534
"Aug 15, 04:00 pm",11.4589
"Aug 15, 05:00 pm",7.14842
"Aug 15, 06:00 pm",3.1706
"Aug 15, 07:00 pm",0
"Aug 15, 08:00 pm",0
"Aug 15, 09:00 pm",0
"Aug 15, 10:00 pm",0
"Aug 15, 11:00 pm",0
"Aug 16, 12:00 am",0
"Aug 16, 01:00 am",0
"Aug 16, 02:00 am",0
"Aug 16, 03:00 am",0
"Aug 16, 04:00 am",0
"Aug 16, 05:00 am",0
"Aug 16, 06:00 am",0.41882
"Aug 16, 07:00 am",1.4633
"Aug 16, 08:00 am",2.46271
"Aug 16, 09:00 am",4.33369
"Aug 16, 10:00 am",7.23363
"Aug 16, 11:00 am",9.85267
"Aug 16, 12:00 pm",10.9187
"Aug 16, 01:00 pm",13.1421
"Aug 16, 02:00 pm",13.7696
"Aug 16, 03:00 pm",12.106
"Aug 16, 04:00 pm",10.7272
"Aug 16, 05:00 pm",8.87563
"Aug 16, 06:00 pm",3.69569
"Aug 16, 07:00 pm",0
"Aug 16, 08:00 pm",0
"Aug 16, 09:00 pm",0
"Aug 16, 10:00 pm",0
"Aug 16, 11:00 pm",0
"Aug 17, 12:00 am",0
"Aug 17, 01:00 am",0
"Aug 17, 02:00 am",0
"Aug 17, 03:00 am",0
"Aug 17, 04:00 am",0
"Aug 17, 05:00 am",0
"Aug 17, 06:00 am",0.333065
"Aug 17, 07:00 am",0.640704
"Aug 17, 08:00 am",0.891076
"Aug 17, 09:00 am",3.85465
"Aug 17, 10:00 am",7.16812
"Aug 17, 11:00 am",9.71288
"Aug 17, 12:00 pm",11.627
"Aug 17, 01:00 pm",12.8157
"Aug 17, 02:00 pm",13.3251
"Aug 17, 03:00 pm",13.007
"Aug 17, 04:00 pm",11.8447
"Aug 17, 05:00 pm",9.28401
"Aug 17, 06:00 pm",4.5777
"Aug 17, 07:00 pm",0
"Aug 17, 08:00 pm",0
"Aug 17, 09:00 pm",0
"Aug 17, 10:00 pm",0
"Aug 17, 11:00 pm",0
"Aug 18, 12:00 am",0
"Aug 18, 01:00 am",0
"Aug 18, 02:00 am",0
"Aug 18, 03:00 am",0
"Aug 18, 04:00 am",0
"Aug 18, 05:00 am",0
"Aug 18, 06:00 am",0.319095
"Aug 18, 07:00 am",1.00564
"Aug 18, 08:00 am",0.871046
"Aug 18, 09:00 am",3.89642
"Aug 18, 10:00 am",7.36041
"Aug 18, 11:00 am",9.8709
"Aug 18, 12:00 pm",11.5668
"Aug 18, 01:00 pm",12.5386
"Aug 18, 02:00 pm",12.8675
"Aug 18, 03:00 pm",12.4894
"Aug 18, 04:00 pm",11.2766
"Aug 18, 05:00 pm",8.74021
"Aug 18, 06:00 pm",4.09657
"Aug 18, 07:00 pm",0
"Aug 18, 08:00 pm",0
"Aug 18, 09:00 pm",0
"Aug 18, 10:00 pm",0
"Aug 18, 11:00 pm",0
"Aug 19, 12:00 am",0
"Aug 19, 01:00 am",0
"Aug 19, 02:00 am",0
"Aug 19, 03:00 am",0
"Aug 19, 04:00 am",0
"Aug 19, 05:00 am",0
"Aug 19, 06:00 am",0.338962
"Aug 19, 07:00 am",1.06324
"Aug 19, 08:00 am",0.920367
"Aug 19, 09:00 am",3.7833
"Aug 19, 10:00 am",7.37688
"Aug 19, 11:00 am",9.93205
"Aug 19, 12:00 pm",11.6536
"Aug 19, 01:00 pm",12.5567
"Aug 19, 02:00 pm",12.63
"Aug 19, 03:00 pm",12.2439
"Aug 19, 04:00 pm",11.1825
"Aug 19, 05:00 pm",8.81537
"Aug 19, 06:00 pm",4.12871
"Aug 19, 07:00 pm",0
"Aug 19, 08:00 pm",0
"Aug 19, 09:00 pm",0
"Aug 19, 10:00 pm",0
"Aug 19, 11:00 pm",0
"Aug 20, 12:00 am",0
"Aug 20, 01:00 am",0
"Aug 20, 02:00 am",0
"Aug 20, 03:00 am",0
"Aug 20, 04:00 am",0
"Aug 20, 05:00 am",0
"Aug 20, 06:00 am",0.316564
"Aug 20, 07:00 am",0.739189
"Aug 20, 08:00 am",0.909769
"Aug 20, 09:00 am",3.79945
"Aug 20, 10:00 am",7.1597
"Aug 20, 11:00 am",9.17193
"Aug 20, 12:00 pm",10.8245
"Aug 20, 01:00 pm",11.5725
"Aug 20, 02:00 pm",11.4249
"Aug 20, 03:00 pm",9.52518
"Aug 20, 04:00 pm",7.78021
"Aug 20, 05:00 pm",8.56781
"Aug 20, 06:00 pm",2.22412
"Aug 20, 07:00 pm",0
"Aug 20, 08:00 pm",0
"Aug 20, 09:00 pm",0
"Aug 20, 10:00 pm",0
"Aug 20, 11:00 pm",0
"Aug 21, 12:00 am",0
"Aug 21, 01:00 am",0
"Aug 21, 02:00 am",0
"Aug 21, 03:00 am",0
"Aug 21, 04:00 am",0
"Aug 21, 05:00 am",0
"Aug 21, 06:00 am",0.311878
"Aug 21, 07:00 am",0.748086
"Aug 21, 08:00 am",0.923149
"Aug 21, 09:00 am",3.704
"Aug 21, 10:00 am",7.00295
"Aug 21, 11:00 am",9.59098
"Aug 21, 12:00 pm",11.4085
"Aug 21, 01:00 pm",12.6485
"Aug 21, 02:00 pm",13.2202
"Aug 21, 03:00 pm",11.4825
"Aug 21, 04:00 pm",8.40181
"Aug 21, 05:00 pm",1.32834
"Aug 21, 06:00 pm",0.3363
"Aug 21, 07:00 pm",0
"Aug 21, 08:00 pm",0
"Aug 21, 09:00 pm",0
"Aug 21, 10:00 pm",0
"Aug 21, 11:00 pm",0
"Aug 22, 12:00 am",0
"Aug 22, 01:00 am",0
"Aug 22, 02:00 am",0
"Aug 22, 03:00 am",0
"Aug 22, 04:00 am",0
"Aug 22, 05:00 am",0
"Aug 22, 06:00 am",0.349225
"Aug 22, 07:00 am",1.15027
"Aug 22, 08:00 am",0.968461
"Aug 22, 09:00 am",2.35521
"Aug 22, 10:00 am",6.81006
"Aug 22, 11:00 am",3.57783
"Aug 22, 12:00 pm",7.27458
"Aug 22, 01:00 pm",4.92499
"Aug 22, 02:00 pm",5.20214
"Aug 22, 03:00 pm",13.3167
"Aug 22, 04:00 pm",11.6772
"Aug 22, 05:00 pm",8.61093
"Aug 22, 06:00 pm",1.64021
"Aug 22, 07:00 pm",0
"Aug 22, 08:00 pm",0
"Aug 22, 09:00 pm",0
"Aug 22, 10:00 pm",0
"Aug 22, 11:00 pm",0
"Aug 23, 12:00 am",0
"Aug 23, 01:00 am",0
"Aug 23, 02:00 am",0
"Aug 23, 03:00 am",0
"Aug 23, 04:00 am",0
"Aug 23, 05:00 am",0
"Aug 23, 06:00 am",0.279891
"Aug 23, 07:00 am",0.682505
"Aug 23, 08:00 am",0.814865
"Aug 23, 09:00 am",3.62629
"Aug 23, 10:00 am",7.09206
"Aug 23, 11:00 am",9.648
"Aug 23, 12:00 pm",11.4843
"Aug 23, 01:00 pm",12.6295
"Aug 23, 02:00 pm",12.8728
"Aug 23, 03:00 pm",12.3376
"Aug 23, 04:00 pm",9.30102
"Aug 23, 05:00 pm",7.06985
"Aug 23, 06:00 pm",2.88817
"Aug 23, 07:00 pm",0
"Aug 23, 08:00 pm",0
"Aug 23, 09:00 pm",0
"Aug 23, 10:00 pm",0
"Aug 23, 11:00 pm",0
"Aug 24, 12:00 am",0
"Aug 24, 01:00 am",0
"Aug 24, 02:00 am",0
"Aug 24, 03:00 am",0
"Aug 24, 04:00 am",0
"Aug 24, 05:00 am",0
"Aug 24, 06:00 am",-0
"Aug 24, 07:00 am",1.27901
"Aug 24, 08:00 am",0.684784
"Aug 24, 09:00 am",2.0846
"Aug 24, 10:00 am",6.02639
"Aug 24, 11:00 am",8.39244
"Aug 24, 12:00 pm",10.2861
"Aug 24, 01:00 pm",11.1811
"Aug 24, 02:00 pm",11.5605
"Aug 24, 03:00 pm",12.5422
"Aug 24, 04:00 pm",11.1772
"Aug 24, 05:00 pm",8.13576
"Aug 24, 06:00 pm",2.81483
"Aug 24, 07:00 pm",0
"Aug 24, 08:00 pm",0
"Aug 24, 09:00 pm",0
"Aug 24, 10:00 pm",0
"Aug 24, 11:00 pm",0
"Aug 25, 12:00 am",0
"Aug 25, 01:00 am",0
"Aug 25, 02:00 am",0
"Aug 25, 03:00 am",0
"Aug 25, 04:00 am",0
"Aug 25, 05:00 am",0
"Aug 25, 06:00 am",-0
"Aug 25, 07:00 am",0.568207
"Aug 25, 08:00 am",2.31725
"Aug 25, 09:00 am",4.14441
"Aug 25, 10:00 am",5.29591
"Aug 25, 11:00 am",6.50879
"Aug 25, 12:00 pm",11.3099
"Aug 25, 01:00 pm",12.5608
"Aug 25, 02:00 pm",13.1283
"Aug 25, 03:00 pm",12.8413
"Aug 25, 04:00 pm",11.2997
"Aug 25, 05:00 pm",1.61369
"Aug 25, 06:00 pm",2.72919
"Aug 25, 07:00 pm",0
"Aug 25, 08:00 pm",0
"Aug 25, 09:00 pm",0
"Aug 25, 10:00 pm",0
"Aug 25, 11:00 pm",0
"Aug 26, 12:00 am",0
"Aug 26, 01:00 am",0
"Aug 26, 02:00 am",0
"Aug 26, 03:00 am",0
"Aug 26, 04:00 am",0
"Aug 26, 05:00 am",0
"Aug 26, 06:00 am",0.301782
"Aug 26, 07:00 am",0.782389
"Aug 26, 08:00 am",0.910045
"Aug 26, 09:00 am",3.68838
"Aug 26, 10:00 am",6.99552
"Aug 26, 11:00 am",9.45722
"Aug 26, 12:00 pm",11.3235
"Aug 26, 01:00 pm",12.5897
"Aug 26, 02:00 pm",13.025
"Aug 26, 03:00 pm",12.5191
"Aug 26, 04:00 pm",11.0319
"Aug 26, 05:00 pm",7.9506
"Aug 26, 06:00 pm",2.52838
"Aug 26, 07:00 pm",0
"Aug 26, 08:00 pm",0
"Aug 26, 09:00 pm",0
"Aug 26, 10:00 pm",0
"Aug 26, 11:00 pm",0
"Aug 27, 12:00 am",0
"Aug 27, 01:00 am",0
"Aug 27, 02:00 am",0
"Aug 27, 03:00 am",0
"Aug 27, 04:00 am",0
"Aug 27, 05:00 am",0
"Aug 27, 06:00 am",0.254047
"Aug 27, 07:00 am",0.610447
"Aug 27, 08:00 am",0.81408
"Aug 27, 09:00 am",3.7533
"Aug 27, 10:00 am",7.33217
"Aug 27, 11:00 am",9.97776
"Aug 27, 12:00 pm",11.746
"Aug 27, 01:00 pm",12.8947
"Aug 27, 02:00 pm",13.411
"Aug 27, 03:00 pm",13.098
"Aug 27, 04:00 pm",11.7976
"Aug 27, 05:00 pm",8.94232
"Aug 27, 06:00 pm",3.48593
"Aug 27, 07:00 pm",0
"Aug 27, 08:00 pm",0
"Aug 27, 09:00 pm",0
"Aug 27, 10:00 pm",0
"Aug 27, 11:00 pm",0
"Aug 28, 12:00 am",0
"Aug 28, 01:00 am",0
"Aug 28, 02:00 am",0
"Aug 28, 03:00 am",0
"Aug 28, 04:00 am",0
"Aug 28, 05:00 am",0
"Aug 28, 06:00 am",0.246451
"Aug 28, 07:00 am",0.597457
"Aug 28, 08:00 am",0.763093
"Aug 28, 09:00 am",3.68973
"Aug 28, 10:00 am",7.15922
"Aug 28, 11:00 am",9.65796
"Aug 28, 12:00 pm",11.3939
"Aug 28, 01:00 pm",12.4535
"Aug 28, 02:00 pm",12.9203
"Aug 28, 03:00 pm",12.6243
"Aug 28, 04:00 pm",11.4914
"Aug 28, 05:00 pm",8.78829
"Aug 28, 06:00 pm",3.30165
"Aug 28, 07:00 pm",0
"Aug 28, 08:00 pm",0
"Aug 28, 09:00 pm",0
"Aug 28, 10:00 pm",0
"Aug 28, 11:00 pm",0
"Aug 29, 12:00 am",0
"Aug 29, 01:00 am",0
"Aug 29, 02:00 am",0
"Aug 29, 03:00 am",0
"Aug 29, 04:00 am",0
"Aug 29, 05:00 am",0
"Aug 29, 06:00 am",0.252028
"Aug 29, 07:00 am",0.698793
"Aug 29, 08:00 am",0.838231
"Aug 29, 09:00 am",3.6259
"Aug 29, 10:00 am",7.26965
"Aug 29, 11:00 am",10.1101
"Aug 29, 12:00 pm",12.1756
"Aug 29, 01:00 pm",13.5407
"Aug 29, 02:00 pm",13.8805
"Aug 29, 03:00 pm",13.4993
"Aug 29, 04:00 pm",11.809
"Aug 29, 05:00 pm",8.69891
"Aug 29, 06:00 pm",2.77074
"Aug 29, 07:00 pm",0
"Aug 29, 08:00 pm",0
"Aug 29, 09:00 pm",0
"Aug 29, 10:00 pm",0
"Aug 29, 11:00 pm",0
"Aug 30, 12:00 am",0
"Aug 30, 01:00 am",0
"Aug 30, 02:00 am",0
"Aug 30, 03:00 am",0
"Aug 30, 04:00 am",0
"Aug 30, 05:00 am",0
"Aug 30, 06:00 am",0.244882
"Aug 30, 07:00 am",0.808538
"Aug 30, 08:00 am",0.955921
"Aug 30, 09:00 am",3.60022
"Aug 30, 10:00 am",7.02593
"Aug 30, 11:00 am",9.77255
"Aug 30, 12:00 pm",11.7727
"Aug 30, 01:00 pm",13.0148
"Aug 30, 02:00 pm",13.5215
"Aug 30, 03:00 pm",12.899
"Aug 30, 04:00 pm",6.08159
"Aug 30, 05:00 pm",0.76031
"Aug 30, 06:00 pm",1.03418
"Aug 30, 07:00 pm",0
"Aug 30, 08:00 pm",0
"Aug 30, 09:00 pm",0
"Aug 30, 10:00 pm",0
"Aug 30, 11:00 pm",0
"Aug 31, 12:00 am",0
"Aug 31, 01:00 am",0
"Aug 31, 02:00 am",0
"Aug 31, 03:00 am",0
"Aug 31, 04:00 am",0
"Aug 31, 05:00 am",0
"Aug 31, 06:00 am",0.241521
"Aug 31, 07:00 am",0.837278
"Aug 31, 08:00 am",0.982256
"Aug 31, 09:00 am",3.46688
"Aug 31, 10:00 am",6.85669
"Aug 31, 11:00 am",9.4702
"Aug 31, 12:00 pm",11.2905
"Aug 31, 01:00 pm",12.3749
"Aug 31, 02:00 pm",12.7332
"Aug 31, 03:00 pm",12.205
"Aug 31, 04:00 pm",4.43546
"Aug 31, 05:00 pm",8.2467
"Aug 31, 06:00 pm",2.26979
"Aug 31, 07:00 pm",0
"Aug 31, 08:00 pm",0
"Aug 31, 09:00 pm",0
"Aug 31, 10:00 pm",0
"Aug 31, 11:00 pm",0
"Sep 1, 12:00 am",0
"Sep 1, 01:00 am",0
"Sep 1, 02:00 am",0
"Sep 1, 03:00 am",0
"Sep 1, 04:00 am",0
"Sep 1, 05:00 am",0
"Sep 1, 06:00 am",0.223612
"Sep 1, 07:00 am",0.716305
"Sep 1, 08:00 am",0.941139
"Sep 1, 09:00 am",4.0345
"Sep 1, 10:00 am",6.41472
"Sep 1, 11:00 am",8.13555
"Sep 1, 12:00 pm",11.059
"Sep 1, 01:00 pm",12.0206
"Sep 1, 02:00 pm",12.1819
"Sep 1, 03:00 pm",12.7978
"Sep 1, 04:00 pm",10.9757
"Sep 1, 05:00 pm",7.77352
"Sep 1, 06:00 pm",1.30522
"Sep 1, 07:00 pm",0
"Sep 1, 08:00 pm",0
"Sep 1, 09:00 pm",0
"Sep 1, 10:00 pm",0
"Sep 1, 11:00 pm",0
"Sep 2, 12:00 am",0
"Sep 2, 01:00 am",0
"Sep 2, 02:00 am",0
"Sep 2, 03:00 am",0
"Sep 2, 04:00 am",0
"Sep 2, 05:00 am",0
"Sep 2, 06:00 am",0.201806
"Sep 2, 07:00 am",0.91893
"Sep 2, 08:00 am",1.97335
"Sep 2, 09:00 am",3.4251
"Sep 2, 10:00 am",6.76097
"Sep 2, 11:00 am",8.84251
"Sep 2, 12:00 pm",9.91525
"Sep 2, 01:00 pm",12.694
"Sep 2, 02:00 pm",13.0809
"Sep 2, 03:00 pm",12.6765
"Sep 2, 04:00 pm",11.0689
"Sep 2, 05:00 pm",8.01869
"Sep 2, 06:00 pm",1.79062
"Sep 2, 07:00 pm",0
"Sep 2, 08:00 pm",0
"Sep 2, 09:00 pm",0
"Sep 2, 10:00 pm",0
"Sep 2, 11:00 pm",0
"Sep 3, 12:00 am",0
"Sep 3, 01:00 am",0
"Sep 3, 02:00 am",0
"Sep 3, 03:00 am",0
"Sep 3, 04:00 am",0
"Sep 3, 05:00 am",0
"Sep 3, 06:00 am",0.175535
"Sep 3, 07:00 am",0.538797
"Sep 3, 08:00 am",0.691263
"Sep 3, 09:00 am",3.40903
"Sep 3, 10:00 am",6.86726
"Sep 3, 11:00 am",9.29167
"Sep 3, 12:00 pm",11.0854
"Sep 3, 01:00 pm",12.4103
"Sep 3, 02:00 pm",12.9574
"Sep 3, 03:00 pm",12.7004
"Sep 3, 04:00 pm",11.1535
"Sep 3, 05:00 pm",8.0944
"Sep 3, 06:00 pm",1.64365
"Sep 3, 07:00 pm",0
"Sep 3, 08:00 pm",0
"Sep 3, 09:00 pm",0
"Sep 3, 10:00 pm",0
"Sep 3, 11:00 pm",0
"Sep 4, 12:00 am",0
"Sep 4, 01:00 am",0
"Sep 4, 02:00 am",0
"Sep 4, 03:00 am",0
"Sep 4, 04:00 am",0
"Sep 4, 05:00 am",0
"Sep 4, 06:00 am",0.194818
"Sep 4, 07:00 am",0.806566
"Sep 4, 08:00 am",0.906811
"Sep 4, 09:00 am",3.49182
"Sep 4, 10:00 am",6.98169
"Sep 4, 11:00 am",9.75104
"Sep 4, 12:00 pm",11.7626
"Sep 4, 01:00 pm",12.9477
"Sep 4, 02:00 pm",13.1961
"Sep 4, 03:00 pm",12.5141
"Sep 4, 04:00 pm",10.5261
"Sep 4, 05:00 pm",6.7081
"Sep 4, 06:00 pm",0.689865
"Sep 4, 07:00 pm",0
"Sep 4, 08:00 pm",0
"Sep 4, 09:00 pm",0
"Sep 4, 10:00 pm",0
"Sep 4, 11:00 pm",0
"Sep 5, 12:00 am",0
"Sep 5, 01:00 am",0
"Sep 5, 02:00 am",0
"Sep 5, 03:00 am",0
"Sep 5, 04:00 am",0
"Sep 5, 05:00 am",0
"Sep 5, 06:00 am",0.054031
"Sep 5, 07:00 am",0.86279
"Sep 5, 08:00 am",2.34015
"Sep 5, 09:00 am",3.96346
"Sep 5, 10:00 am",6.98476
"Sep 5, 11:00 am",9.84524
"Sep 5, 12:00 pm",11.8242
"Sep 5, 01:00 pm",12.9965
"Sep 5, 02:00 pm",13.4338
"Sep 5, 03:00 pm",12.9169
"Sep 5, 04:00 pm",11.1671
"Sep 5, 05:00 pm",7.92942
"Sep 5, 06:00 pm",1.383
"Sep 5, 07:00 pm",0
"Sep 5, 08:00 pm",0
"Sep 5, 09:00 pm",0
"Sep 5, 10:00 pm",0
"Sep 5, 11:00 pm",0
"Sep 6, 12:00 am",0
"Sep 6, 01:00 am",0
"Sep 6, 02:00 am",0
"Sep 6, 03:00 am",0
"Sep 6, 04:00 am",0
"Sep 6, 05:00 am",0
"Sep 6, 06:00 am",0.16278
"Sep 6, 07:00 am",0.72232
"Sep 6, 08:00 am",0.746516
"Sep 6, 09:00 am",3.2875
"Sep 6, 10:00 am",6.7704
"Sep 6, 11:00 am",9.43522
"Sep 6, 12:00 pm",11.3624
"Sep 6, 01:00 pm",11.2795
"Sep 6, 02:00 pm",11.395
"Sep 6, 03:00 pm",7.50278
"Sep 6, 04:00 pm",0.718427
"Sep 6, 05:00 pm",4.04012
"Sep 6, 06:00 pm",0.166275
"Sep 6, 07:00 pm",0
"Sep 6, 08:00 pm",0
"Sep 6, 09:00 pm",0
"Sep 6, 10:00 pm",0
"Sep 6, 11:00 pm",0
"Sep 7, 12:00 am",0
"Sep 7, 01:00 am",0
"Sep 7, 02:00 am",0
"Sep 7, 03:00 am",0
"Sep 7, 04:00 am",0
"Sep 7, 05:00 am",0
"Sep 7, 06:00 am",0.167134
"Sep 7, 07:00 am",1.06568
"Sep 7, 08:00 am",2.31507
"Sep 7, 09:00 am",3.56093
"Sep 7, 10:00 am",6.65985
"Sep 7, 11:00 am",9.34851
"Sep 7, 12:00 pm",11.2849
"Sep 7, 01:00 pm",12.4603
"Sep 7, 02:00 pm",13.0138
"Sep 7, 03:00 pm",12.5021
"Sep 7, 04:00 pm",10.7974
"Sep 7, 05:00 pm",7.49807
"Sep 7, 06:00 pm",0.896437
"Sep 7, 07:00 pm",0
"Sep 7, 08:00 pm",0
"Sep 7, 09:00 pm",0
"Sep 7, 10:00 pm",0
"Sep 7, 11:00 pm",0
"Sep 8, 12:00 am",0
"Sep 8, 01:00 am",0
"Sep 8, 02:00 am",0
"Sep 8, 03:00 am",0
"Sep 8, 04:00 am",0
"Sep 8, 05:00 am",0
"Sep 8, 06:00 am",0.120509
"Sep 8, 07:00 am",0.591136
"Sep 8, 08:00 am",0.738429
"Sep 8, 09:00 am",3.28379
"Sep 8, 10:00 am",6.86385
"Sep 8, 11:00 am",9.73846
"Sep 8, 12:00 pm",11.8121
"Sep 8, 01:00 pm",13.0665
"Sep 8, 02:00 pm",13.3573
"Sep 8, 03:00 pm",12.8247
"Sep 8, 04:00 pm",9.30853
"Sep 8, 05:00 pm",4.03234
"Sep 8, 06:00 pm",0.0140387
"Sep 8, 07:00 pm",0
"Sep 8, 08:00 pm",0
"Sep 8, 09:00 pm",0
"Sep 8, 10:00 pm",0
"Sep 8, 11:00 pm",0
"Sep 9, 12:00 am",0
"Sep 9, 01:00 am",0
"Sep 9, 02:00 am",0
"Sep 9, 03:00 am",0
"Sep 9, 04:00 am",0
"Sep 9, 05:00 am",0
"Sep 9, 06:00 am",0.120793
"Sep 9, 07:00 am",0.84622
"Sep 9, 08:00 am",1.61923
"Sep 9, 09:00 am",3.81271
"Sep 9, 10:00 am",6.80993
"Sep 9, 11:00 am",8.4488
"Sep 9, 12:00 pm",8.1328
"Sep 9, 01:00 pm",10.9349
"Sep 9, 02:00 pm",7.98839
"Sep 9, 03:00 pm",12.1196
"Sep 9, 04:00 pm",10.0433
"Sep 9, 05:00 pm",6.14164
"Sep 9, 06:00 pm",0.0345782
"Sep 9, 07:00 pm",0
"Sep 9, 08:00 pm",0
"Sep 9, 09:00 pm",0
"Sep 9, 10:00 pm",0
"Sep 9, 11:00 pm",0
"Sep 10, 12:00 am",0
"Sep 10, 01:00 am",0
"Sep 10, 02:00 am",0
"Sep 10, 03:00 am",0
"Sep 10, 04:00 am",0
"Sep 10, 05:00 am",0
"Sep 10, 06:00 am",0.123989
"Sep 10, 07:00 am",0.974413
"Sep 10, 08:00 am",2.2163
"Sep 10, 09:00 am",3.68721
"Sep 10, 10:00 am",6.85277
"Sep 10, 11:00 am",9.51614
"Sep 10, 12:00 pm",11.3279
"Sep 10, 01:00 pm",12.3124
"Sep 10, 02:00 pm",12.5607
"Sep 10, 03:00 pm",11.9388
"Sep 10, 04:00 pm",10.2758
"Sep 10, 05:00 pm",7.60851
"Sep 10, 06:00 pm",0.661246
"Sep 10, 07:00 pm",0
"Sep 10, 08:00 pm",0
"Sep 10, 09:00 pm",0
"Sep 10, 10:00 pm",0
"Sep 10, 11:00 pm",0
"Sep 11, 12:00 am",0
"Sep 11, 01:00 am",0
"Sep 11, 02:00 am",0
"Sep 11, 03:00 am",0
"Sep 11, 04:00 am",0
"Sep 11, 05:00 am",0
"Sep 11, 06:00 am",0.0889576
"Sep 11, 07:00 am",0.61988
"Sep 11, 08:00 am",0.669841
"Sep 11, 09:00 am",3.28886
"Sep 11, 10:00 am",7.0094
"Sep 11, 11:00 am",9.83751
"Sep 11, 12:00 pm",11.7532
"Sep 11, 01:00 pm",12.8869
"Sep 11, 02:00 pm",13.1995
"Sep 11, 03:00 pm",12.7177
"Sep 11, 04:00 pm",10.994
"Sep 11, 05:00 pm",7.79897
"Sep 11, 06:00 pm",0.712558
"Sep 11, 07:00 pm",0
"Sep 11, 08:00 pm",0
"Sep 11, 09:00 pm",0
"Sep 11, 10:00 pm",0
"Sep 11, 11:00 pm",0
"Sep 12, 12:00 am",0
"Sep 12, 01:00 am",0
"Sep 12, 02:00 am",0
"Sep 12, 03:00 am",0
"Sep 12, 04:00 am",0
"Sep 12, 05:00 am",0
"Sep 12, 06:00 am",0.0855252
"Sep 12, 07:00 am",0.492328
"Sep 12, 08:00 am",0.689382
"Sep 12, 09:00 am",3.2525
"Sep 12, 10:00 am",7.0422
"Sep 12, 11:00 am",9.92323
"Sep 12, 12:00 pm",11.8619
"Sep 12, 01:00 pm",12.9949
"Sep 12, 02:00 pm",13.3213
"Sep 12, 03:00 pm",12.7321
"Sep 12, 04:00 pm",11.0527
"Sep 12, 05:00 pm",7.64404
"Sep 12, 06:00 pm",-0
"Sep 12, 07:00 pm",0
"Sep 12, 08:00 pm",0
"Sep 12, 09:00 pm",0
"Sep 12, 10:00 pm",0
"Sep 12, 11:00 pm",0
"Sep 13, 12:00 am",0
"Sep 13, 01:00 am",0
"Sep 13, 02:00 am",0
"Sep 13, 03:00 am",0
"Sep 13, 04:00 am",0
"Sep 13, 05:00 am",0
"Sep 13, 06:00 am",0.0794978
"Sep 13, 07:00 am",0.530574
"Sep 13, 08:00 am",0.71174
"Sep 13, 09:00 am",3.29265
"Sep 13, 10:00 am",6.94548
"Sep 13, 11:00 am",9.56264
"Sep 13, 12:00 pm",11.1497
"Sep 13, 01:00 pm",12.3054
"Sep 13, 02:00 pm",12.8242
"Sep 13, 03:00 pm",12.5515
"Sep 13, 04:00 pm",10.8168
"Sep 13, 05:00 pm",7.77451
"Sep 13, 06:00 pm",-0
"Sep 13, 07:00 pm",0
"Sep 13, 08:00 pm",0
"Sep 13, 09:00 pm",0
"Sep 13, 10:00 pm",0
"Sep 13, 11:00 pm",0
"Sep 14, 12:00 am",0
"Sep 14, 01:00 am",0
"Sep 14, 02:00 am",0
"Sep 14, 03:00 am",0
"Sep 14, 04:00 am",0
"Sep 14, 05:00 am",0
"Sep 14, 06:00 am",0.0747819
"Sep 14, 07:00 am",0.68246
"Sep 14, 08:00 am",0.701132
"Sep 14, 09:00 am",3.22816
"Sep 14, 10:00 am",6.77833
"Sep 14, 11:00 am",9.54917
"Sep 14, 12:00 pm",11.6482
"Sep 14, 01:00 pm",12.8933
"Sep 14, 02:00 pm",13.3305
"Sep 14, 03:00 pm",12.8057
"Sep 14, 04:00 pm",11.1021
"Sep 14, 05:00 pm",7.58965
"Sep 14, 06:00 pm",-0
"Sep 14, 07:00 pm",0
"Sep 14, 08:00 pm",0
"Sep 14, 09:00 pm",0
"Sep 14, 10:00 pm",0
"Sep 14, 11:00 pm",0
"Sep 15, 12:00 am",0
"Sep 15, 01:00 am",0
"Sep 15, 02:00 am",0
"Sep 15, 03:00 am",0
"Sep 15, 04:00 am",0
"Sep 15, 05:00 am",0
"Sep 15, 06:00 am",0.0606346
"Sep 15, 07:00 am",0.541842
"Sep 15, 08:00 am",0.708421
"Sep 15, 09:00 am",3.19664
"Sep 15, 10:00 am",6.86038
"Sep 15, 11:00 am",9.79423
"Sep 15, 12:00 pm",11.8995
"Sep 15, 01:00 pm",13.1288
"Sep 15, 02:00 pm",13.5349
"Sep 15, 03:00 pm",12.9461
"Sep 15, 04:00 pm",10.9534
"Sep 15, 05:00 pm",7.19536
"Sep 15, 06:00 pm",-0
"Sep 15, 07:00 pm",0
"Sep 15, 08:00 pm",0
"Sep 15, 09:00 pm",0
"Sep 15, 10:00 pm",0
"Sep 15, 11:00 pm",0
"Sep 16, 12:00 am",0
"Sep 16, 01:00 am",0
"Sep 16, 02:00 am",0
"Sep 16, 03:00 am",0
"Sep 16, 04:00 am",0
"Sep 16, 05:00 am",0
"Sep 16, 06:00 am",0.0646053
"Sep 16, 07:00 am",0.601812
"Sep 16, 08:00 am",0.787121
"Sep 16, 09:00 am",3.08577
"Sep 16, 10:00 am",6.65206
"Sep 16, 11:00 am",9.27584
"Sep 16, 12:00 pm",11.2185
"Sep 16, 01:00 pm",12.3501
"Sep 16, 02:00 pm",12.7295
"Sep 16, 03:00 pm",12.2392
"Sep 16, 04:00 pm",10.6763
"Sep 16, 05:00 pm",7.27733
"Sep 16, 06:00 pm",-0
"Sep 16, 07:00 pm",0
"Sep 16, 08:00 pm",0
"Sep 16, 09:00 pm",0
"Sep 16, 10:00 pm",0
"Sep 16, 11:00 pm",0
"Sep 17, 12:00 am",0
"Sep 17, 01:00 am",0
"Sep 17, 02:00 am",0
"Sep 17, 03:00 am",0
"Sep 17, 04:00 am",0
"Sep 17, 05:00 am",0
"Sep 17, 06:00 am",0.06221
"Sep 17, 07:00 am",0.558575
"Sep 17, 08:00 am",0.670143
"Sep 17, 09:00 am",3.12913
"Sep 17, 10:00 am",6.87224
"Sep 17, 11:00 am",9.75041
"Sep 17, 12:00 pm",11.7038
"Sep 17, 01:00 pm",12.9165
"Sep 17, 02:00 pm",13.329
"Sep 17, 03:00 pm",12.7831
"Sep 17, 04:00 pm",10.9467
"Sep 17, 05:00 pm",7.33402
"Sep 17, 06:00 pm",-0
"Sep 17, 07:00 pm",0
"Sep 17, 08:00 pm",0
"Sep 17, 09:00 pm",0
"Sep 17, 10:00 pm",0
"Sep 17, 11:00 pm",0
"Sep 18, 12:00 am",0
"Sep 18, 01:00 am",0
"Sep 18, 02:00 am",0
"Sep 18, 03:00 am",0
"Sep 18, 04:00 am",0
"Sep 18, 05:00 am",0
"Sep 18, 06:00 am",0.06635
"Sep 18, 07:00 am",0.56256
"Sep 18, 08:00 am",0.698223
"Sep 18, 09:00 am",3.18645
"Sep 18, 10:00 am",6.80892
"Sep 18, 11:00 am",9.4604
"Sep 18, 12:00 pm",11.3889
"Sep 18, 01:00 pm",12.5123
"Sep 18, 02:00 pm",12.6413
"Sep 18, 03:00 pm",11.877
"Sep 18, 04:00 pm",10.2282
"Sep 18, 05:00 pm",6.95733
"Sep 18, 06:00 pm",-0
"Sep 18, 07:00 pm",0
"Sep 18, 08:00 pm",0
"Sep 18, 09:00 pm",0
"Sep 18, 10:00 pm",0
"Sep 18, 11:00 pm",0
"Sep 19, 12:00 am",0
"Sep 19, 01:00 am",0
"Sep 19, 02:00 am",0
"Sep 19, 03:00 am",0
"Sep 19, 04:00 am",0
"Sep 19, 05:00 am",0
"Sep 19, 06:00 am",0.055162
"Sep 19, 07:00 am",0.530481
"Sep 19, 08:00 am",0.711039
"Sep 19, 09:00 am",3.12051
"Sep 19, 10:00 am",6.70905
"Sep 19, 11:00 am",9.39859
"Sep 19, 12:00 pm",11.1719
"Sep 19, 01:00 pm",11.986
"Sep 19, 02:00 pm",12.1414
"Sep 19, 03:00 pm",11.7998
"Sep 19, 04:00 pm",10.2303
"Sep 19, 05:00 pm",6.99616
"Sep 19, 06:00 pm",0
"Sep 19, 07:00 pm",0
"Sep 19, 08:00 pm",0
"Sep 19, 09:00 pm",0
"Sep 19, 10:00 pm",0
"Sep 19, 11:00 pm",0
"Sep 20, 12:00 am",0
"Sep 20, 01:00 am",0
"Sep 20, 02:00 am",0
"Sep 20, 03:00 am",0
"Sep 20, 04:00 am",0
"Sep 20, 05:00 am",0
"Sep 20, 06:00 am",0.0459489
"Sep 20, 07:00 am",0.552996
"Sep 20, 08:00 am",0.660285
"Sep 20, 09:00 am",3.03398
"Sep 20, 10:00 am",6.64331
"Sep 20, 11:00 am",9.41116
"Sep 20, 12:00 pm",11.3593
"Sep 20, 01:00 pm",12.3459
"Sep 20, 02:00 pm",12.5991
"Sep 20, 03:00 pm",12.0127
"Sep 20, 04:00 pm",10.2242
"Sep 20, 05:00 pm",7.00008
"Sep 20, 06:00 pm",0
"Sep 20, 07:00 pm",0
"Sep 20, 08:00 pm",0
"Sep 20, 09:00 pm",0
"Sep 20, 10:00 pm",0
"Sep 20, 11:00 pm",0
"Sep 21, 12:00 am",0
"Sep 21, 01:00 am",0
"Sep 21, 02:00 am",0
"Sep 21, 03:00 am",0
"Sep 21, 04:00 am",0
"Sep 21, 05:00 am",0
"Sep 21, 06:00 am",0.0383375
"Sep 21, 07:00 am",0.543771
"Sep 21, 08:00 am",0.636597
"Sep 21, 09:00 am",3.02138
"Sep 21, 10:00 am",6.66255
"Sep 21, 11:00 am",9.31596
"Sep 21, 12:00 pm",11.023
"Sep 21, 01:00 pm",12.0305
"Sep 21, 02:00 pm",12.4427
"Sep 21, 03:00 pm",11.9369
"Sep 21, 04:00 pm",10.2501
"Sep 21, 05:00 pm",6.73268
"Sep 21, 06:00 pm",0
"Sep 21, 07:00 pm",0
"Sep 21, 08:00 pm",0
"Sep 21, 09:00 pm",0
"Sep 21, 10:00 pm",0
"Sep 21, 11:00 pm",0
"Sep 22, 12:00 am",0
"Sep 22, 01:00 am",0
"Sep 22, 02:00 am",0
"Sep 22, 03:00 am",0
"Sep 22, 04:00 am",0
"Sep 22, 05:00 am",0
"Sep 22, 06:00 am",0.0572137
"Sep 22, 07:00 am",0.518799
"Sep 22, 08:00 am",0.700684
"Sep 22, 09:00 am",2.99792
"Sep 22, 10:00 am",6.56609
"Sep 22, 11:00 am",9.32318
"Sep 22, 12:00 pm",11.2548
"Sep 22, 01:00 pm",8.29764
"Sep 22, 02:00 pm",10.4648
"Sep 22, 03:00 pm",8.32084
"Sep 22, 04:00 pm",4.26536
"Sep 22, 05:00 pm",0.77376
"Sep 22, 06:00 pm",0
"Sep 22, 07:00 pm",0
"Sep 22, 08:00 pm",0
"Sep 22, 09:00 pm",0
"Sep 22, 10:00 pm",0
"Sep 22, 11:00 pm",0
"Sep 23, 12:00 am",0
"Sep 23, 01:00 am",0
"Sep 23, 02:00 am",0
"Sep 23, 03:00 am",0
"Sep 23, 04:00 am",0
"Sep 23, 05:00 am",0
"Sep 23, 06:00 am",-0
"Sep 23, 07:00 am",0.852073
"Sep 23, 08:00 am",2.05229
"Sep 23, 09:00 am",3.7057
"Sep 23, 10:00 am",6.00491
"Sep 23, 11:00 am",6.56906
"Sep 23, 12:00 pm",8.20563
"Sep 23, 01:00 pm",7.04135
"Sep 23, 02:00 pm",9.06909
"Sep 23, 03:00 pm",4.00651
"Sep 23, 04:00 pm",2.62538
"Sep 23, 05:00 pm",0.131052
"Sep 23, 06:00 pm",0
"Sep 23, 07:00 pm",0
"Sep 23, 08:00 pm",0
"Sep 23, 09:00 pm",0
"Sep 23, 10:00 pm",0
"Sep 23, 11:00 pm",0
"Sep 24, 12:00 am",0
"Sep 24, 01:00 am",0
"Sep 24, 02:00 am",0
"Sep 24, 03:00 am",0
"Sep 24, 04:00 am",0
"Sep 24, 05:00 am",0
"Sep 24, 06:00 am",-0
"Sep 24, 07:00 am",1.08354
"Sep 24, 08:00 am",2.07336
"Sep 24, 09:00 am",1.88439
"Sep 24, 10:00 am",2.88356
"Sep 24, 11:00 am",3.72157
"Sep 24, 12:00 pm",3.84292
"Sep 24, 01:00 pm",2.25127
"Sep 24, 02:00 pm",0.961939
"Sep 24, 03:00 pm",1.02713
"Sep 24, 04:00 pm",2.03902
"Sep 24, 05:00 pm",-0
"Sep 24, 06:00 pm",0
"Sep 24, 07:00 pm",0
"Sep 24, 08:00 pm",0
"Sep 24, 09:00 pm",0
"Sep 24, 10:00 pm",0
"Sep 24, 11:00 pm",0
"Sep 25, 12:00 am",0
"Sep 25, 01:00 am",0
"Sep 25, 02:00 am",0
"Sep 25, 03:00 am",0
"Sep 25, 04:00 am",0
"Sep 25, 05:00 am",0
"Sep 25, 06:00 am",-0
"Sep 25, 07:00 am",0.71177
"Sep 25, 08:00 am",2.04114
"Sep 25, 09:00 am",3.30838
"Sep 25, 10:00 am",6.21812
"Sep 25, 11:00 am",7.58418
"Sep 25, 12:00 pm",10.9783
"Sep 25, 01:00 pm",11.9462
"Sep 25, 02:00 pm",12.0949
"Sep 25, 03:00 pm",11.3636
"Sep 25, 04:00 pm",5.31025
"Sep 25, 05:00 pm",5.76593
"Sep 25, 06:00 pm",0
"Sep 25, 07:00 pm",0
"Sep 25, 08:00 pm",0
"Sep 25, 09:00 pm",0
"Sep 25, 10:00 pm",0
"Sep 25, 11:00 pm",0
"Sep 26, 12:00 am",0
"Sep 26, 01:00 am",0
"Sep 26, 02:00 am",0
"Sep 26, 03:00 am",0
"Sep 26, 04:00 am",0
"Sep 26, 05:00 am",0
"Sep 26, 06:00 am",0.0187985
"Sep 26, 07:00 am",0.516004
"Sep 26, 08:00 am",0.694387
"Sep 26, 09:00 am",2.86713
"Sep 26, 10:00 am",6.50117
"Sep 26, 11:00 am",9.33975
"Sep 26, 12:00 pm",11.1293
"Sep 26, 01:00 pm",12.0386
"Sep 26, 02:00 pm",12.1274
"Sep 26, 03:00 pm",11.4245
"Sep 26, 04:00 pm",9.58953
"Sep 26, 05:00 pm",5.87763
"Sep 26, 06:00 pm",0
"Sep 26, 07:00 pm",0
"Sep 26, 08:00 pm",0
"Sep 26, 09:00 pm",0
"Sep 26, 10:00 pm",0
"Sep 26, 11:00 pm",0
"Sep 27, 12:00 am",0
"Sep 27, 01:00 am",0
"Sep 27, 02:00 am",0
"Sep 27, 03:00 am",0
"Sep 27, 04:00 am",0
"Sep 27, 05:00 am",0
"Sep 27, 06:00 am",0.00912178
"Sep 27, 07:00 am",0.530835
"Sep 27, 08:00 am",0.709512
"Sep 27, 09:00 am",2.87467
"Sep 27, 10:00 am",6.57365
"Sep 27, 11:00 am",9.51435
"Sep 27, 12:00 pm",11.4769
"Sep 27, 01:00 pm",12.5741
"Sep 27, 02:00 pm",12.7787
"Sep 27, 03:00 pm",12.0335
"Sep 27, 04:00 pm",9.87047
"Sep 27, 05:00 pm",5.72548
"Sep 27, 06:00 pm",0
"Sep 27, 07:00 pm",0
"Sep 27, 08:00 pm",0
"Sep 27, 09:00 pm",0
"Sep 27, 10:00 pm",0
"Sep 27, 11:00 pm",0
"Sep 28, 12:00 am",0
"Sep 28, 01:00 am",0
"Sep 28, 02:00 am",0
"Sep 28, 03:00 am",0
"Sep 28, 04:00 am",0
"Sep 28, 05:00 am",0
"Sep 28, 06:00 am",-0
"Sep 28, 07:00 am",0.578531
"Sep 28, 08:00 am",0.692043
"Sep 28, 09:00 am",2.79984
"Sep 28, 10:00 am",6.40732
"Sep 28, 11:00 am",9.27878
"Sep 28, 12:00 pm",11.1814
"Sep 28, 01:00 pm",12.2802
"Sep 28, 02:00 pm",12.49
"Sep 28, 03:00 pm",11.817
"Sep 28, 04:00 pm",9.70409
"Sep 28, 05:00 pm",5.6801
"Sep 28, 06:00 pm",0
"Sep 28, 07:00 pm",0
"Sep 28, 08:00 pm",0
"Sep 28, 09:00 pm",0
"Sep 28, 10:00 pm",0
"Sep 28, 11:00 pm",0
"Sep 29, 12:00 am",0
"Sep 29, 01:00 am",0
"Sep 29, 02:00 am",0
"Sep 29, 03:00 am",0
"Sep 29, 04:00 am",0
"Sep 29, 05:00 am",0
"Sep 29, 06:00 am",-0
"Sep 29, 07:00 am",0.502767
"Sep 29, 08:00 am",0.666752
"Sep 29, 09:00 am",2.72266
"Sep 29, 10:00 am",6.30947
"Sep 29, 11:00 am",9.14924
"Sep 29, 12:00 pm",11.108
"Sep 29, 01:00 pm",12.2972
"Sep 29, 02:00 pm",12.4973
"Sep 29, 03:00 pm",11.7698
"Sep 29, 04:00 pm",9.61369
"Sep 29, 05:00 pm",5.482
"Sep 29, 06:00 pm",0
"Sep 29, 07:00 pm",0
"Sep 29, 08:00 pm",0
"Sep 29, 09:00 pm",0
"Sep 29, 10:00 pm",0
"Sep 29, 11:00 pm",0
"Sep 30, 12:00 am",0
"Sep 30, 01:00 am",0
"Sep 30, 02:00 am",0
"Sep 30, 03:00 am",0
"Sep 30, 04:00 am",0
"Sep 30, 05:00 am",0
"Sep 30, 06:00 am",-0
"Sep 30, 07:00 am",0.564498
"Sep 30, 08:00 am",0.699103
"Sep 30, 09:00 am",2.58399
"Sep 30, 10:00 am",6.25641
"Sep 30, 11:00 am",9.10387
"Sep 30, 12:00 pm",11.0505
"Sep 30, 01:00 pm",12.1938
"Sep 30, 02:00 pm",12.4301
"Sep 30, 03:00 pm",11.7679
"Sep 30, 04:00 pm",9.5779
"Sep 30, 05:00 pm",4.70685
"Sep 30, 06:00 pm",0
"Sep 30, 07:00 pm",0
"Sep 30, 08:00 pm",0
"Sep 30, 09:00 pm",0
"Sep 30, 10:00 pm",0
"Sep 30, 11:00 pm",0
"Oct 1, 12:00 am",0
"Oct 1, 01:00 am",0
"Oct 1, 02:00 am",0
"Oct 1, 03:00 am",0
"Oct 1, 04:00 am",0
"Oct 1, 05:00 am",0
"Oct 1, 06:00 am",-0
"Oct 1, 07:00 am",0.660861
"Oct 1, 08:00 am",0.848761
"Oct 1, 09:00 am",3.2195
"Oct 1, 10:00 am",5.91474
"Oct 1, 11:00 am",8.87709
"Oct 1, 12:00 pm",10.8047
"Oct 1, 01:00 pm",11.921
"Oct 1, 02:00 pm",12.1651
"Oct 1, 03:00 pm",11.364
"Oct 1, 04:00 pm",9.2553
"Oct 1, 05:00 pm",4.80579
"Oct 1, 06:00 pm",0
"Oct 1, 07:00 pm",0
"Oct 1, 08:00 pm",0
"Oct 1, 09:00 pm",0
"Oct 1, 10:00 pm",0
"Oct 1, 11:00 pm",0
"Oct 2, 12:00 am",0
"Oct 2, 01:00 am",0
"Oct 2, 02:00 am",0
"Oct 2, 03:00 am",0
"Oct 2, 04:00 am",0
"Oct 2, 05:00 am",0
"Oct 2, 06:00 am",-0
"Oct 2, 07:00 am",0.899172
"Oct 2, 08:00 am",1.89668
"Oct 2, 09:00 am",3.3011
"Oct 2, 10:00 am",0.73432
"Oct 2, 11:00 am",8.04221
"Oct 2, 12:00 pm",8.81105
"Oct 2, 01:00 pm",4.24226
"Oct 2, 02:00 pm",0.286172
"Oct 2, 03:00 pm",0.318515
"Oct 2, 04:00 pm",7.69488
"Oct 2, 05:00 pm",2.81028
"Oct 2, 06:00 pm",0
"Oct 2, 07:00 pm",0
"Oct 2, 08:00 pm",0
"Oct 2, 09:00 pm",0
"Oct 2, 10:00 pm",0
"Oct 2, 11:00 pm",0
"Oct 3, 12:00 am",0
"Oct 3, 01:00 am",0
"Oct 3, 02:00 am",0
"Oct 3, 03:00 am",0
"Oct 3, 04:00 am",0
"Oct 3, 05:00 am",0
"Oct 3, 06:00 am",-0
"Oct 3, 07:00 am",0.574344
"Oct 3, 08:00 am",0.824816
"Oct 3, 09:00 am",2.71328
"Oct 3, 10:00 am",6.68535
"Oct 3, 11:00 am",9.83595
"Oct 3, 12:00 pm",11.9428
"Oct 3, 01:00 pm",13.1798
"Oct 3, 02:00 pm",13.4975
"Oct 3, 03:00 pm",12.5935
"Oct 3, 04:00 pm",10.2761
"Oct 3, 05:00 pm",5.40961
"Oct 3, 06:00 pm",0
"Oct 3, 07:00 pm",0
"Oct 3, 08:00 pm",0
"Oct 3, 09:00 pm",0
"Oct 3, 10:00 pm",0
"Oct 3, 11:00 pm",0
"Oct 4, 12:00 am",0
"Oct 4, 01:00 am",0
"Oct 4, 02:00 am",0
"Oct 4, 03:00 am",0
"Oct 4, 04:00 am",0
"Oct 4, 05:00 am",0
"Oct 4, 06:00 am",-0
"Oct 4, 07:00 am",0.511778
"Oct 4, 08:00 am",0.643144
"Oct 4, 09:00 am",2.66985
"Oct 4, 10:00 am",6.54514
"Oct 4, 11:00 am",9.58792
"Oct 4, 12:00 pm",11.4462
"Oct 4, 01:00 pm",12.4322
"Oct 4, 02:00 pm",12.4886
"Oct 4, 03:00 pm",11.6627
"Oct 4, 04:00 pm",9.42708
"Oct 4, 05:00 pm",4.48419
"Oct 4, 06:00 pm",0
"Oct 4, 07:00 pm",0
"Oct 4, 08:00 pm",0
"Oct 4, 09:00 pm",0
"Oct 4, 10:00 pm",0
"Oct 4, 11:00 pm",0
"Oct 5, 12:00 am",0
"Oct 5, 01:00 am",0
"Oct 5, 02:00 am",0
"Oct 5, 03:00 am",0
"Oct 5, 04:00 am",0
"Oct 5, 05:00 am",0
"Oct 5, 06:00 am",-0
"Oct 5, 07:00 am",0.659844
"Oct 5, 08:00 am",0.850756
"Oct 5, 09:00 am",2.70822
"Oct 5, 10:00 am",6.33518
"Oct 5, 11:00 am",9.29734
"Oct 5, 12:00 pm",11.1836
"Oct 5, 01:00 pm",12.1751
"Oct 5, 02:00 pm",12.4329
"Oct 5, 03:00 pm",11.59
"Oct 5, 04:00 pm",6.64431
"Oct 5, 05:00 pm",2.8775
"Oct 5, 06:00 pm",0
"Oct 5, 07:00 pm",0
"Oct 5, 08:00 pm",0
"Oct 5, 09:00 pm",0
"Oct 5, 10:00 pm",0
"Oct 5, 11:00 pm",0
"Oct 6, 12:00 am",0
"Oct 6, 01:00 am",0
"Oct 6, 02:00 am",0
"Oct 6, 03:00 am",0
"Oct 6, 04:00 am",0
"Oct 6, 05:00 am",0
"Oct 6, 06:00 am",-0
"Oct 6, 07:00 am",0.589929
"Oct 6, 08:00 am",0.682163
"Oct 6, 09:00 am",3.00377
"Oct 6, 10:00 am",6.3622
"Oct 6, 11:00 am",9.3013
"Oct 6, 12:00 pm",11.1558
"Oct 6, 01:00 pm",12.2369
"Oct 6, 02:00 pm",12.4645
"Oct 6, 03:00 pm",11.7418
"Oct 6, 04:00 pm",9.42962
"Oct 6, 05:00 pm",4.61132
"Oct 6, 06:00 pm",0
"Oct 6, 07:00 pm",0
"Oct 6, 08:00 pm",0
"Oct 6, 09:00 pm",0
"Oct 6, 10:00 pm",0
"Oct 6, 11:00 pm",0
"Oct 7, 12:00 am",0
"Oct 7, 01:00 am",0
"Oct 7, 02:00 am",0
"Oct 7, 03:00 am",0
"Oct 7, 04:00 am",0
"Oct 7, 05:00 am",0
"Oct 7, 06:00 am",-0
"Oct 7, 07:00 am",0.511904
"Oct 7, 08:00 am",0.664097
"Oct 7, 09:00 am",2.53493
"Oct 7, 10:00 am",6.27727
"Oct 7, 11:00 am",9.25647
"Oct 7, 12:00 pm",11.0871
"Oct 7, 01:00 pm",12.0152
"Oct 7, 02:00 pm",11.9933
"Oct 7, 03:00 pm",11.12
"Oct 7, 04:00 pm",8.82531
"Oct 7, 05:00 pm",4.02775
"Oct 7, 06:00 pm",0
"Oct 7, 07:00 pm",0
"Oct 7, 08:00 pm",0
"Oct 7, 09:00 pm",0
"Oct 7, 10:00 pm",0
"Oct 7, 11:00 pm",0
"Oct 8, 12:00 am",0
"Oct 8, 01:00 am",0
"Oct 8, 02:00 am",0
"Oct 8, 03:00 am",0
"Oct 8, 04:00 am",0
"Oct 8, 05:00 am",0
"Oct 8, 06:00 am",-0
"Oct 8, 07:00 am",0.871468
"Oct 8, 08:00 am",1.43754
"Oct 8, 09:00 am",2.75177
"Oct 8, 10:00 am",5.84384
"Oct 8, 11:00 am",8.63725
"Oct 8, 12:00 pm",10.1562
"Oct 8, 01:00 pm",11.0525
"Oct 8, 02:00 pm",11.3021
"Oct 8, 03:00 pm",10.5341
"Oct 8, 04:00 pm",8.33545
"Oct 8, 05:00 pm",3.34095
"Oct 8, 06:00 pm",0
"Oct 8, 07:00 pm",0
"Oct 8, 08:00 pm",0
"Oct 8, 09:00 pm",0
"Oct 8, 10:00 pm",0
"Oct 8, 11:00 pm",0
"Oct 9, 12:00 am",0
"Oct 9, 01:00 am",0
"Oct 9, 02:00 am",0
"Oct 9, 03:00 am",0
"Oct 9, 04:00 am",0
"Oct 9, 05:00 am",0
"Oct 9, 06:00 am",-0
"Oct 9, 07:00 am",0.569668
"Oct 9, 08:00 am",0.759462
"Oct 9, 09:00 am",2.38297
"Oct 9, 10:00 am",5.85085
"Oct 9, 11:00 am",8.77919
"Oct 9, 12:00 pm",10.7006
"Oct 9, 01:00 pm",11.7608
"Oct 9, 02:00 pm",12.0364
"Oct 9, 03:00 pm",11.0142
"Oct 9, 04:00 pm",8.59181
"Oct 9, 05:00 pm",3.58519
"Oct 9, 06:00 pm",0
"Oct 9, 07:00 pm",0
"Oct 9, 08:00 pm",0
"Oct 9, 09:00 pm",0
"Oct 9, 10:00 pm",0
"Oct 9, 11:00 pm",0
"Oct 10, 12:00 am",0
"Oct 10, 01:00 am",0
"Oct 10, 02:00 am",0
"Oct 10, 03:00 am",0
"Oct 10, 04:00 am",0
"Oct 10, 05:00 am",0
"Oct 10, 06:00 am",-0
"Oct 10, 07:00 am",0.573761
"Oct 10, 08:00 am",0.789316
"Oct 10, 09:00 am",2.4008
"Oct 10, 10:00 am",5.91511
"Oct 10, 11:00 am",8.97491
"Oct 10, 12:00 pm",10.9063
"Oct 10, 01:00 pm",12.019
"Oct 10, 02:00 pm",12.199
"Oct 10, 03:00 pm",11.2171
"Oct 10, 04:00 pm",8.78713
"Oct 10, 05:00 pm",3.49167
"Oct 10, 06:00 pm",0
"Oct 10, 07:00 pm",0
"Oct 10, 08:00 pm",0
"Oct 10, 09:00 pm",0
"Oct 10, 10:00 pm",0
"Oct 10, 11:00 pm",0
"Oct 11, 12:00 am",0
"Oct 11, 01:00 am",0
"Oct 11, 02:00 am",0
"Oct 11, 03:00 am",0
"Oct 11, 04:00 am",0
"Oct 11, 05:00 am",0
"Oct 11, 06:00 am",-0
"Oct 11, 07:00 am",0.450608
"Oct 11, 08:00 am",0.610773
"Oct 11, 09:00 am",2.28236
"Oct 11, 10:00 am",5.95019
"Oct 11, 11:00 am",8.8927
"Oct 11, 12:00 pm",10.697
"Oct 11, 01:00 pm",11.6555
"Oct 11, 02:00 pm",11.7186
"Oct 11, 03:00 pm",10.8233
"Oct 11, 04:00 pm",8.35395
"Oct 11, 05:00 pm",3.01735
"Oct 11, 06:00 pm",0
"Oct 11, 07:00 pm",0
"Oct 11, 08:00 pm",0
"Oct 11, 09:00 pm",0
"Oct 11, 10:00 pm",0
"Oct 11, 11:00 pm",0
"Oct 12, 12:00 am",0
"Oct 12, 01:00 am",0
"Oct 12, 02:00 am",0
"Oct 12, 03:00 am",0
"Oct 12, 04:00 am",0
"Oct 12, 05:00 am",0
"Oct 12, 06:00 am",0
"Oct 12, 07:00 am",0.555555
"Oct 12, 08:00 am",0.767175
"Oct 12, 09:00 am",2.21932
"Oct 12, 10:00 am",5.45764
"Oct 12, 11:00 am",8.79477
"Oct 12, 12:00 pm",6.38136
"Oct 12, 01:00 pm",8.58669
"Oct 12, 02:00 pm",11.9979
"Oct 12, 03:00 pm",11.0567
"Oct 12, 04:00 pm",8.88065
"Oct 12, 05:00 pm",3.63524
"Oct 12, 06:00 pm",0
"Oct 12, 07:00 pm",0
"Oct 12, 08:00 pm",0
"Oct 12, 09:00 pm",0
"Oct 12, 10:00 pm",0
"Oct 12, 11:00 pm",0
"Oct 13, 12:00 am",0
"Oct 13, 01:00 am",0
"Oct 13, 02:00 am",0
"Oct 13, 03:00 am",0
"Oct 13, 04:00 am",0
"Oct 13, 05:00 am",0
"Oct 13, 06:00 am",0
"Oct 13, 07:00 am",0.452204
"Oct 13, 08:00 am",0.699756
"Oct 13, 09:00 am",2.21389
"Oct 13, 10:00 am",5.96922
"Oct 13, 11:00 am",8.84943
"Oct 13, 12:00 pm",10.6087
"Oct 13, 01:00 pm",11.6134
"Oct 13, 02:00 pm",11.7698
"Oct 13, 03:00 pm",10.9763
"Oct 13, 04:00 pm",8.66764
"Oct 13, 05:00 pm",3.20259
"Oct 13, 06:00 pm",0
"Oct 13, 07:00 pm",0
"Oct 13, 08:00 pm",0
"Oct 13, 09:00 pm",0
"Oct 13, 10:00 pm",0
"Oct 13, 11:00 pm",0
"Oct 14, 12:00 am",0
"Oct 14, 01:00 am",0
"Oct 14, 02:00 am",0
"Oct 14, 03:00 am",0
"Oct 14, 04:00 am",0
"Oct 14, 05:00 am",0
"Oct 14, 06:00 am",0
"Oct 14, 07:00 am",0.437009
"Oct 14, 08:00 am",0.671713
"Oct 14, 09:00 am",2.23748
"Oct 14, 10:00 am",5.83848
"Oct 14, 11:00 am",8.75371
"Oct 14, 12:00 pm",10.5244
"Oct 14, 01:00 pm",11.5227
"Oct 14, 02:00 pm",11.7055
"Oct 14, 03:00 pm",10.9359
"Oct 14, 04:00 pm",8.55948
"Oct 14, 05:00 pm",2.84298
"Oct 14, 06:00 pm",0
"Oct 14, 07:00 pm",0
"Oct 14, 08:00 pm",0
"Oct 14, 09:00 pm",0
"Oct 14, 10:00 pm",0
"Oct 14, 11:00 pm",0
"Oct 15, 12:00 am",0
"Oct 15, 01:00 am",0
"Oct 15, 02:00 am",0
"Oct 15, 03:00 am",0
"Oct 15, 04:00 am",0
"Oct 15, 05:00 am",0
"Oct 15, 06:00 am",0
"Oct 15, 07:00 am",0.4317
"Oct 15, 08:00 am",0.603254
"Oct 15, 09:00 am",2.16254
"Oct 15, 10:00 am",5.79346
"Oct 15, 11:00 am",8.65285
"Oct 15, 12:00 pm",10.6069
"Oct 15, 01:00 pm",11.6491
"Oct 15, 02:00 pm",11.742
"Oct 15, 03:00 pm",10.9021
"Oct 15, 04:00 pm",8.48331
"Oct 15, 05:00 pm",2.29973
"Oct 15, 06:00 pm",0
"Oct 15, 07:00 pm",0
"Oct 15, 08:00 pm",0
"Oct 15, 09:00 pm",0
"Oct 15, 10:00 pm",0
"Oct 15, 11:00 pm",0
"Oct 16, 12:00 am",0
"Oct 16, 01:00 am",0
"Oct 16, 02:00 am",0
"Oct 16, 03:00 am",0
"Oct 16, 04:00 am",0
"Oct 16, 05:00 am",0
"Oct 16, 06:00 am",0
"Oct 16, 07:00 am",0.426707
"Oct 16, 08:00 am",0.676397
"Oct 16, 09:00 am",2.08219
"Oct 16, 10:00 am",5.797
"Oct 16, 11:00 am",7.72104
"Oct 16, 12:00 pm",10.419
"Oct 16, 01:00 pm",9.16377
"Oct 16, 02:00 pm",9.36628
"Oct 16, 03:00 pm",10.5865
"Oct 16, 04:00 pm",5.44542
"Oct 16, 05:00 pm",1.12586
"Oct 16, 06:00 pm",0
"Oct 16, 07:00 pm",0
"Oct 16, 08:00 pm",0
"Oct 16, 09:00 pm",0
"Oct 16, 10:00 pm",0
"Oct 16, 11:00 pm",0
"Oct 17, 12:00 am",0
"Oct 17, 01:00 am",0
"Oct 17, 02:00 am",0
"Oct 17, 03:00 am",0
"Oct 17, 04:00 am",0
"Oct 17, 05:00 am",0
"Oct 17, 06:00 am",0
"Oct 17, 07:00 am",0.428271
"Oct 17, 08:00 am",0.682791
"Oct 17, 09:00 am",2.0404
"Oct 17, 10:00 am",5.82151
"Oct 17, 11:00 am",8.95883
"Oct 17, 12:00 pm",10.8977
"Oct 17, 01:00 pm",11.8962
"Oct 17, 02:00 pm",12.117
"Oct 17, 03:00 pm",11.1216
"Oct 17, 04:00 pm",8.41016
"Oct 17, 05:00 pm",2.04156
"Oct 17, 06:00 pm",0
"Oct 17, 07:00 pm",0
"Oct 17, 08:00 pm",0
"Oct 17, 09:00 pm",0
"Oct 17, 10:00 pm",0
"Oct 17, 11:00 pm",0
"Oct 18, 12:00 am",0
"Oct 18, 01:00 am",0
"Oct 18, 02:00 am",0
"Oct 18, 03:00 am",0
"Oct 18, 04:00 am",0
"Oct 18, 05:00 am",0
"Oct 18, 06:00 am",0
"Oct 18, 07:00 am",0.402667
"Oct 18, 08:00 am",0.645832
"Oct 18, 09:00 am",1.94703
"Oct 18, 10:00 am",5.60363
"Oct 18, 11:00 am",8.57092
"Oct 18, 12:00 pm",10.4272
"Oct 18, 01:00 pm",11.4005
"Oct 18, 02:00 pm",11.587
"Oct 18, 03:00 pm",10.5285
"Oct 18, 04:00 pm",7.86295
"Oct 18, 05:00 pm",1.51303
"Oct 18, 06:00 pm",0
"Oct 18, 07:00 pm",0
"Oct 18, 08:00 pm",0
"Oct 18, 09:00 pm",0
"Oct 18, 10:00 pm",0
"Oct 18, 11:00 pm",0
"Oct 19, 12:00 am",0
"Oct 19, 01:00 am",0
"Oct 19, 02:00 am",0
"Oct 19, 03:00 am",0
"Oct 19, 04:00 am",0
"Oct 19, 05:00 am",0
"Oct 19, 06:00 am",0
"Oct 19, 07:00 am",0.49139
"Oct 19, 08:00 am",0.685822
"Oct 19, 09:00 am",2.03737
"Oct 19, 10:00 am",5.72198
"Oct 19, 11:00 am",8.84336
"Oct 19, 12:00 pm",10.8361
"Oct 19, 01:00 pm",11.8938
"Oct 19, 02:00 pm",12.11
"Oct 19, 03:00 pm",11.1177
"Oct 19, 04:00 pm",8.43409
"Oct 19, 05:00 pm",1.97841
"Oct 19, 06:00 pm",0
"Oct 19, 07:00 pm",0
"Oct 19, 08:00 pm",0
"Oct 19, 09:00 pm",0
"Oct 19, 10:00 pm",0
"Oct 19, 11:00 pm",0
"Oct 20, 12:00 am",0
"Oct 20, 01:00 am",0
"Oct 20, 02:00 am",0
"Oct 20, 03:00 am",0
"Oct 20, 04:00 am",0
"Oct 20, 05:00 am",0
"Oct 20, 06:00 am",0
"Oct 20, 07:00 am",0.399098
"Oct 20, 08:00 am",0.578434
"Oct 20, 09:00 am",1.97172
"Oct 20, 10:00 am",5.67162
"Oct 20, 11:00 am",8.8274
"Oct 20, 12:00 pm",10.7449
"Oct 20, 01:00 pm",11.7266
"Oct 20, 02:00 pm",11.7757
"Oct 20, 03:00 pm",10.5769
"Oct 20, 04:00 pm",7.91261
"Oct 20, 05:00 pm",1.55252
"Oct 20, 06:00 pm",0
"Oct 20, 07:00 pm",0
"Oct 20, 08:00 pm",0
"Oct 20, 09:00 pm",0
"Oct 20, 10:00 pm",0
"Oct 20, 11:00 pm",0
"Oct 21, 12:00 am",0
"Oct 21, 01:00 am",0
"Oct 21, 02:00 am",0
"Oct 21, 03:00 am",0
"Oct 21, 04:00 am",0
"Oct 21, 05:00 am",0
"Oct 21, 06:00 am",0
"Oct 21, 07:00 am",0.456504
"Oct 21, 08:00 am",0.690661
"Oct 21, 09:00 am",1.95237
"Oct 21, 10:00 am",5.33496
"Oct 21, 11:00 am",8.28163
"Oct 21, 12:00 pm",10.0077
"Oct 21, 01:00 pm",10.8176
"Oct 21, 02:00 pm",10.9013
"Oct 21, 03:00 pm",10.04
"Oct 21, 04:00 pm",7.63748
"Oct 21, 05:00 pm",1.58526
"Oct 21, 06:00 pm",0
"Oct 21, 07:00 pm",0
"Oct 21, 08:00 pm",0
"Oct 21, 09:00 pm",0
"Oct 21, 10:00 pm",0
"Oct 21, 11:00 pm",0
"Oct 22, 12:00 am",0
"Oct 22, 01:00 am",0
"Oct 22, 02:00 am",0
"Oct 22, 03:00 am",0
"Oct 22, 04:00 am",0
"Oct 22, 05:00 am",0
"Oct 22, 06:00 am",0
"Oct 22, 07:00 am",0.457465
"Oct 22, 08:00 am",0.688077
"Oct 22, 09:00 am",1.90586
"Oct 22, 10:00 am",5.22154
"Oct 22, 11:00 am",8.04036
"Oct 22, 12:00 pm",9.76194
"Oct 22, 01:00 pm",10.7333
"Oct 22, 02:00 pm",10.8247
"Oct 22, 03:00 pm",9.79775
"Oct 22, 04:00 pm",6.97664
"Oct 22, 05:00 pm",0.876718
"Oct 22, 06:00 pm",0
"Oct 22, 07:00 pm",0
"Oct 22, 08:00 pm",0
"Oct 22, 09:00 pm",0
"Oct 22, 10:00 pm",0
"Oct 22, 11:00 pm",0
"Oct 23, 12:00 am",0
"Oct 23, 01:00 am",0
"Oct 23, 02:00 am",0
"Oct 23, 03:00 am",0
"Oct 23, 04:00 am",0
"Oct 23, 05:00 am",0
"Oct 23, 06:00 am",0
"Oct 23, 07:00 am",0.462195
"Oct 23, 08:00 am",0.677784
"Oct 23, 09:00 am",1.99408
"Oct 23, 10:00 am",5.07297
"Oct 23, 11:00 am",7.13809
"Oct 23, 12:00 pm",9.88814
"Oct 23, 01:00 pm",10.902
"Oct 23, 02:00 pm",11.0808
"Oct 23, 03:00 pm",10.0903
"Oct 23, 04:00 pm",7.37661
"Oct 23, 05:00 pm",0.854903
"Oct 23, 06:00 pm",0
"Oct 23, 07:00 pm",0
"Oct 23, 08:00 pm",0
"Oct 23, 09:00 pm",0
"Oct 23, 10:00 pm",0
"Oct 23, 11:00 pm",0
"Oct 24, 12:00 am",0
"Oct 24, 01:00 am",0
"Oct 24, 02:00 am",0
"Oct 24, 03:00 am",0
"Oct 24, 04:00 am",0
"Oct 24, 05:00 am",0
"Oct 24, 06:00 am",0
"Oct 24, 07:00 am",0.611517
"Oct 24, 08:00 am",1.11944
"Oct 24, 09:00 am",2.59611
"Oct 24, 10:00 am",4.37816
"Oct 24, 11:00 am",5.96072
"Oct 24, 12:00 pm",7.81589
"Oct 24, 01:00 pm",6.68877
"Oct 24, 02:00 pm",5.64754
"Oct 24, 03:00 pm",1.7808
"Oct 24, 04:00 pm",0.774212
"Oct 24, 05:00 pm",-0
"Oct 24, 06:00 pm",0
"Oct 24, 07:00 pm",0
"Oct 24, 08:00 pm",0
"Oct 24, 09:00 pm",0
"Oct 24, 10:00 pm",0
"Oct 24, 11:00 pm",0
"Oct 25, 12:00 am",0
"Oct 25, 01:00 am",0
"Oct 25, 02:00 am",0
"Oct 25, 03:00 am",0
"Oct 25, 04:00 am",0
"Oct 25, 05:00 am",0
"Oct 25, 06:00 am",0
"Oct 25, 07:00 am",0.480467
"Oct 25, 08:00 am",0.741505
"Oct 25, 09:00 am",1.83733
"Oct 25, 10:00 am",5.15442
"Oct 25, 11:00 am",8.07798
"Oct 25, 12:00 pm",9.84802
"Oct 25, 01:00 pm",10.7996
"Oct 25, 02:00 pm",10.8528
"Oct 25, 03:00 pm",9.76974
"Oct 25, 04:00 pm",7.0887
"Oct 25, 05:00 pm",0.702024
"Oct 25, 06:00 pm",0
"Oct 25, 07:00 pm",0
"Oct 25, 08:00 pm",0
"Oct 25, 09:00 pm",0
"Oct 25, 10:00 pm",0
"Oct 25, 11:00 pm",0
"Oct 26, 12:00 am",0
"Oct 26, 01:00 am",0
"Oct 26, 02:00 am",0
"Oct 26, 03:00 am",0
"Oct 26, 04:00 am",0
"Oct 26, 05:00 am",0
"Oct 26, 06:00 am",0
"Oct 26, 07:00 am",0.384566
"Oct 26, 08:00 am",0.657169
"Oct 26, 09:00 am",1.64973
"Oct 26, 10:00 am",5.04807
"Oct 26, 11:00 am",7.9951
"Oct 26, 12:00 pm",9.8277
"Oct 26, 01:00 pm",10.7934
"Oct 26, 02:00 pm",10.8873
"Oct 26, 03:00 pm",9.92641
"Oct 26, 04:00 pm",7.28537
"Oct 26, 05:00 pm",0.861205
"Oct 26, 06:00 pm",0
"Oct 26, 07:00 pm",0
"Oct 26, 08:00 pm",0
"Oct 26, 09:00 pm",0
"Oct 26, 10:00 pm",0
"Oct 26, 11:00 pm",0
"Oct 27, 12:00 am",0
"Oct 27, 01:00 am",0
"Oct 27, 02:00 am",0
"Oct 27, 03:00 am",0
"Oct 27, 04:00 am",0
"Oct 27, 05:00 am",0
"Oct 27, 06:00 am",0
"Oct 27, 07:00 am",0.53718
"Oct 27, 08:00 am",1.38308
"Oct 27, 09:00 am",1.821
"Oct 27, 10:00 am",4.80067
"Oct 27, 11:00 am",6.64263
"Oct 27, 12:00 pm",7.45522
"Oct 27, 01:00 pm",8.05895
"Oct 27, 02:00 pm",8.27192
"Oct 27, 03:00 pm",7.38853
"Oct 27, 04:00 pm",4.92904
"Oct 27, 05:00 pm",0.004719
"Oct 27, 06:00 pm",0
"Oct 27, 07:00 pm",0
"Oct 27, 08:00 pm",0
"Oct 27, 09:00 pm",0
"Oct 27, 10:00 pm",0
"Oct 27, 11:00 pm",0
"Oct 28, 12:00 am",0
"Oct 28, 01:00 am",0
"Oct 28, 02:00 am",0
"Oct 28, 03:00 am",0
"Oct 28, 04:00 am",0
"Oct 28, 05:00 am",0
"Oct 28, 06:00 am",0
"Oct 28, 07:00 am",0.559088
"Oct 28, 08:00 am",1.5394
"Oct 28, 09:00 am",2.50393
"Oct 28, 10:00 am",3.18623
"Oct 28, 11:00 am",6.59913
"Oct 28, 12:00 pm",8.47023
"Oct 28, 01:00 pm",10.5093
"Oct 28, 02:00 pm",10.6144
"Oct 28, 03:00 pm",5.66877
"Oct 28, 04:00 pm",3.64367
"Oct 28, 05:00 pm",-0
"Oct 28, 06:00 pm",0
"Oct 28, 07:00 pm",0
"Oct 28, 08:00 pm",0
"Oct 28, 09:00 pm",0
"Oct 28, 10:00 pm",0
"Oct 28, 11:00 pm",0
"Oct 29, 12:00 am",0
"Oct 29, 01:00 am",0
"Oct 29, 02:00 am",0
"Oct 29, 03:00 am",0
"Oct 29, 04:00 am",0
"Oct 29, 05:00 am",0
"Oct 29, 06:00 am",0
"Oct 29, 07:00 am",0.322882
"Oct 29, 08:00 am",0.576716
"Oct 29, 09:00 am",1.49491
"Oct 29, 10:00 am",4.9082
"Oct 29, 11:00 am",7.7964
"Oct 29, 12:00 pm",9.59017
"Oct 29, 01:00 pm",10.5386
"Oct 29, 02:00 pm",10.6727
"Oct 29, 03:00 pm",9.62195
"Oct 29, 04:00 pm",6.88444
"Oct 29, 05:00 pm",-0
"Oct 29, 06:00 pm",0
"Oct 29, 07:00 pm",0
"Oct 29, 08:00 pm",0
"Oct 29, 09:00 pm",0
"Oct 29, 10:00 pm",0
"Oct 29, 11:00 pm",0
"Oct 30, 12:00 am",0
"Oct 30, 01:00 am",0
"Oct 30, 02:00 am",0
"Oct 30, 03:00 am",0
"Oct 30, 04:00 am",0
"Oct 30, 05:00 am",0
"Oct 30, 06:00 am",0
"Oct 30, 07:00 am",0.362276
"Oct 30, 08:00 am",1.13278
"Oct 30, 09:00 am",1.74103
"Oct 30, 10:00 am",4.73879
"Oct 30, 11:00 am",7.72681
"Oct 30, 12:00 pm",8.36499
"Oct 30, 01:00 pm",8.07743
"Oct 30, 02:00 pm",10.5908
"Oct 30, 03:00 pm",7.96362
"Oct 30, 04:00 pm",5.15422
"Oct 30, 05:00 pm",-0
"Oct 30, 06:00 pm",0
"Oct 30, 07:00 pm",0
"Oct 30, 08:00 pm",0
"Oct 30, 09:00 pm",0
"Oct 30, 10:00 pm",0
"Oct 30, 11:00 pm",0
"Oct 31, 12:00 am",0
"Oct 31, 01:00 am",0
"Oct 31, 02:00 am",0
"Oct 31, 03:00 am",0
"Oct 31, 04:00 am",0
"Oct 31, 05:00 am",0
"Oct 31, 06:00 am",0
"Oct 31, 07:00 am",0.352396
"Oct 31, 08:00 am",0.763719
"Oct 31, 09:00 am",1.61318
"Oct 31, 10:00 am",4.76263
"Oct 31, 11:00 am",6.82949
"Oct 31, 12:00 pm",7.14844
"Oct 31, 01:00 pm",8.48193
"Oct 31, 02:00 pm",10.9887
"Oct 31, 03:00 pm",5.69954
"Oct 31, 04:00 pm",3.38692
"Oct 31, 05:00 pm",-0
"Oct 31, 06:00 pm",0
"Oct 31, 07:00 pm",0
"Oct 31, 08:00 pm",0
"Oct 31, 09:00 pm",0
"Oct 31, 10:00 pm",0
"Oct 31, 11:00 pm",0
"Nov 1, 12:00 am",0
"Nov 1, 01:00 am",0
"Nov 1, 02:00 am",0
"Nov 1, 03:00 am",0
"Nov 1, 04:00 am",0
"Nov 1, 05:00 am",0
"Nov 1, 06:00 am",0
"Nov 1, 07:00 am",0.350919
"Nov 1, 08:00 am",0.628327
"Nov 1, 09:00 am",1.48799
"Nov 1, 10:00 am",5.09367
"Nov 1, 11:00 am",8.21505
"Nov 1, 12:00 pm",10.1463
"Nov 1, 01:00 pm",11.009
"Nov 1, 02:00 pm",10.9289
"Nov 1, 03:00 pm",6.9902
"Nov 1, 04:00 pm",4.62777
"Nov 1, 05:00 pm",-0
"Nov 1, 06:00 pm",0
"Nov 1, 07:00 pm",0
"Nov 1, 08:00 pm",0
"Nov 1, 09:00 pm",0
"Nov 1, 10:00 pm",0
"Nov 1, 11:00 pm",0
"Nov 2, 12:00 am",0
"Nov 2, 01:00 am",0
"Nov 2, 02:00 am",0
"Nov 2, 03:00 am",0
"Nov 2, 04:00 am",0
"Nov 2, 05:00 am",0
"Nov 2, 06:00 am",0
"Nov 2, 07:00 am",0.481706
"Nov 2, 08:00 am",0.664336
"Nov 2, 09:00 am",1.59424
"Nov 2, 10:00 am",4.72093
"Nov 2, 11:00 am",8.32919
"Nov 2, 12:00 pm",8.60652
"Nov 2, 01:00 pm",9.45744
"Nov 2, 02:00 pm",8.95751
"Nov 2, 03:00 pm",7.71623
"Nov 2, 04:00 pm",4.73602
"Nov 2, 05:00 pm",-0
"Nov 2, 06:00 pm",0
"Nov 2, 07:00 pm",0
"Nov 2, 08:00 pm",0
"Nov 2, 09:00 pm",0
"Nov 2, 10:00 pm",0
"Nov 2, 11:00 pm",0
"Nov 3, 12:00 am",0
"Nov 3, 01:00 am",0
"Nov 3, 02:00 am",0
"Nov 3, 03:00 am",0
"Nov 3, 04:00 am",0
"Nov 3, 05:00 am",0
"Nov 3, 06:00 am",0
"Nov 3, 07:00 am",-0
"Nov 3, 08:00 am",1.04486
"Nov 3, 09:00 am",1.85405
"Nov 3, 10:00 am",2.58294
"Nov 3, 11:00 am",3.28068
"Nov 3, 12:00 pm",5.11038
"Nov 3, 01:00 pm",7.18902
"Nov 3, 02:00 pm",3.53544
"Nov 3, 03:00 pm",9.3167
"Nov 3, 04:00 pm",6.21262
"Nov 3, 05:00 pm",-0
"Nov 3, 06:00 pm",0
"Nov 3, 07:00 pm",0
"Nov 3, 08:00 pm",0
"Nov 3, 09:00 pm",0
"Nov 3, 10:00 pm",0
"Nov 3, 11:00 pm",0
"Nov 4, 12:00 am",0
"Nov 4, 01:00 am",0
"Nov 4, 02:00 am",0
"Nov 4, 03:00 am",0
"Nov 4, 04:00 am",0
"Nov 4, 05:00 am",0
"Nov 4, 06:00 am",0
"Nov 4, 07:00 am",0.35722
"Nov 4, 08:00 am",0.634403
"Nov 4, 09:00 am",1.47522
"Nov 4, 10:00 am",4.89407
"Nov 4, 11:00 am",8.13118
"Nov 4, 12:00 pm",10.1993
"Nov 4, 01:00 pm",11.2605
"Nov 4, 02:00 pm",11.3632
"Nov 4, 03:00 pm",10.105
"Nov 4, 04:00 pm",6.97904
"Nov 4, 05:00 pm",-0
"Nov 4, 06:00 pm",0
"Nov 4, 07:00 pm",0
"Nov 4, 08:00 pm",0
"Nov 4, 09:00 pm",0
"Nov 4, 10:00 pm",0
"Nov 4, 11:00 pm",0
"Nov 5, 12:00 am",0
"Nov 5, 01:00 am",0
"Nov 5, 02:00 am",0
"Nov 5, 03:00 am",0
"Nov 5, 04:00 am",0
"Nov 5, 05:00 am",0
"Nov 5, 06:00 am",0
"Nov 5, 07:00 am",0.302262
"Nov 5, 08:00 am",0.605944
"Nov 5, 09:00 am",1.33782
"Nov 5, 10:00 am",4.91558
"Nov 5, 11:00 am",8.10964
"Nov 5, 12:00 pm",10.0328
"Nov 5, 01:00 pm",10.9278
"Nov 5, 02:00 pm",10.8486
"Nov 5, 03:00 pm",9.80665
"Nov 5, 04:00 pm",7.0332
"Nov 5, 05:00 pm",-0
"Nov 5, 06:00 pm",0
"Nov 5, 07:00 pm",0
"Nov 5, 08:00 pm",0
"Nov 5, 09:00 pm",0
"Nov 5, 10:00 pm",0
"Nov 5, 11:00 pm",0
"Nov 6, 12:00 am",0
"Nov 6, 01:00 am",0
"Nov 6, 02:00 am",0
"Nov 6, 03:00 am",0
"Nov 6, 04:00 am",0
"Nov 6, 05:00 am",0
"Nov 6, 06:00 am",0
"Nov 6, 07:00 am",0.309981
"Nov 6, 08:00 am",0.495475
"Nov 6, 09:00 am",1.79009
"Nov 6, 10:00 am",4.46689
"Nov 6, 11:00 am",6.6657
"Nov 6, 12:00 pm",8.82378
"Nov 6, 01:00 pm",9.54296
"Nov 6, 02:00 pm",11.0927
"Nov 6, 03:00 pm",5.12572
"Nov 6, 04:00 pm",0.554901
"Nov 6, 05:00 pm",-0
"Nov 6, 06:00 pm",0
"Nov 6, 07:00 pm",0
"Nov 6, 08:00 pm",0
"Nov 6, 09:00 pm",0
"Nov 6, 10:00 pm",0
"Nov 6, 11:00 pm",0
"Nov 7, 12:00 am",0
"Nov 7, 01:00 am",0
"Nov 7, 02:00 am",0
"Nov 7, 03:00 am",0
"Nov 7, 04:00 am",0
"Nov 7, 05:00 am",0
"Nov 7, 06:00 am",0
"Nov 7, 07:00 am",0.299103
"Nov 7, 08:00 am",0.626726
"Nov 7, 09:00 am",2.0245
"Nov 7, 10:00 am",4.44746
"Nov 7, 11:00 am",7.8989
"Nov 7, 12:00 pm",8.93255
"Nov 7, 01:00 pm",9.22372
"Nov 7, 02:00 pm",8.92201
"Nov 7, 03:00 pm",9.32967
"Nov 7, 04:00 pm",2.95133
"Nov 7, 05:00 pm",-0
"Nov 7, 06:00 pm",0
"Nov 7, 07:00 pm",0
"Nov 7, 08:00 pm",0
"Nov 7, 09:00 pm",0
"Nov 7, 10:00 pm",0
"Nov 7, 11:00 pm",0
"Nov 8, 12:00 am",0
"Nov 8, 01:00 am",0
"Nov 8, 02:00 am",0
"Nov 8, 03:00 am",0
"Nov 8, 04:00 am",0
"Nov 8, 05:00 am",0
"Nov 8, 06:00 am",0
"Nov 8, 07:00 am",0.377218
"Nov 8, 08:00 am",0.612017
"Nov 8, 09:00 am",1.95962
"Nov 8, 10:00 am",4.51096
"Nov 8, 11:00 am",7.05944
"Nov 8, 12:00 pm",9.56714
"Nov 8, 01:00 pm",10.6229
"Nov 8, 02:00 pm",9.31468
"Nov 8, 03:00 pm",7.01647
"Nov 8, 04:00 pm",4.76095
"Nov 8, 05:00 pm",0
"Nov 8, 06:00 pm",0
"Nov 8, 07:00 pm",0
"Nov 8, 08:00 pm",0
"Nov 8, 09:00 pm",0
"Nov 8, 10:00 pm",0
"Nov 8, 11:00 pm",0
"Nov 9, 12:00 am",0
"Nov 9, 01:00 am",0
"Nov 9, 02:00 am",0
"Nov 9, 03:00 am",0
"Nov 9, 04:00 am",0
"Nov 9, 05:00 am",0
"Nov 9, 06:00 am",0
"Nov 9, 07:00 am",0.35516
"Nov 9, 08:00 am",0.73494
"Nov 9, 09:00 am",1.42764
"Nov 9, 10:00 am",4.28281
"Nov 9, 11:00 am",6.80381
"Nov 9, 12:00 pm",6.99599
"Nov 9, 01:00 pm",8.7043
"Nov 9, 02:00 pm",7.38794
"Nov 9, 03:00 pm",6.51495
"Nov 9, 04:00 pm",4.49769
"Nov 9, 05:00 pm",0
"Nov 9, 06:00 pm",0
"Nov 9, 07:00 pm",0
"Nov 9, 08:00 pm",0
"Nov 9, 09:00 pm",0
"Nov 9, 10:00 pm",0
"Nov 9, 11:00 pm",0
"Nov 10, 12:00 am",0
"Nov 10, 01:00 am",0
"Nov 10, 02:00 am",0
"Nov 10, 03:00 am",0
"Nov 10, 04:00 am",0
"Nov 10, 05:00 am",0
"Nov 10, 06:00 am",0
"Nov 10, 07:00 am",0.350945
"Nov 10, 08:00 am",1.36195
"Nov 10, 09:00 am",2.34397
"Nov 10, 10:00 am",4.29835
"Nov 10, 11:00 am",4.07475
"Nov 10, 12:00 pm",4.74745
"Nov 10, 01:00 pm",2.76324
"Nov 10, 02:00 pm",3.50592
"Nov 10, 03:00 pm",3.47727
"Nov 10, 04:00 pm",2.90808
"Nov 10, 05:00 pm",0
"Nov 10, 06:00 pm",0
"Nov 10, 07:00 pm",0
"Nov 10, 08:00 pm",0
"Nov 10, 09:00 pm",0
"Nov 10, 10:00 pm",0
"Nov 10, 11:00 pm",0
"Nov 11, 12:00 am",0
"Nov 11, 01:00 am",0
"Nov 11, 02:00 am",0
"Nov 11, 03:00 am",0
"Nov 11, 04:00 am",0
"Nov 11, 05:00 am",0
"Nov 11, 06:00 am",0
"Nov 11, 07:00 am",0.318109
"Nov 11, 08:00 am",0.699148
"Nov 11, 09:00 am",1.31542
"Nov 11, 10:00 am",4.46625
"Nov 11, 11:00 am",7.6423
"Nov 11, 12:00 pm",9.73725
"Nov 11, 01:00 pm",10.8757
"Nov 11, 02:00 pm",10.8277
"Nov 11, 03:00 pm",9.53304
"Nov 11, 04:00 pm",6.13663
"Nov 11, 05:00 pm",0
"Nov 11, 06:00 pm",0
"Nov 11, 07:00 pm",0
"Nov 11, 08:00 pm",0
"Nov 11, 09:00 pm",0
"Nov 11, 10:00 pm",0
"Nov 11, 11:00 pm",0
"Nov 12, 12:00 am",0
"Nov 12, 01:00 am",0
"Nov 12, 02:00 am",0
"Nov 12, 03:00 am",0
"Nov 12, 04:00 am",0
"Nov 12, 05:00 am",0
"Nov 12, 06:00 am",0
"Nov 12, 07:00 am",0.264306
"Nov 12, 08:00 am",0.615482
"Nov 12, 09:00 am",1.21609
"Nov 12, 10:00 am",4.45478
"Nov 12, 11:00 am",7.64878
"Nov 12, 12:00 pm",9.74313
"Nov 12, 01:00 pm",10.7504
"Nov 12, 02:00 pm",10.8112
"Nov 12, 03:00 pm",9.60701
"Nov 12, 04:00 pm",6.47531
"Nov 12, 05:00 pm",0
"Nov 12, 06:00 pm",0
"Nov 12, 07:00 pm",0
"Nov 12, 08:00 pm",0
"Nov 12, 09:00 pm",0
"Nov 12, 10:00 pm",0
"Nov 12, 11:00 pm",0
"Nov 13, 12:00 am",0
"Nov 13, 01:00 am",0
"Nov 13, 02:00 am",0
"Nov 13, 03:00 am",0
"Nov 13, 04:00 am",0
"Nov 13, 05:00 am",0
"Nov 13, 06:00 am",0
"Nov 13, 07:00 am",0.23847
"Nov 13, 08:00 am",0.52155
"Nov 13, 09:00 am",1.09509
"Nov 13, 10:00 am",4.41571
"Nov 13, 11:00 am",7.65958
"Nov 13, 12:00 pm",9.8059
"Nov 13, 01:00 pm",10.8644
"Nov 13, 02:00 pm",10.879
"Nov 13, 03:00 pm",9.72758
"Nov 13, 04:00 pm",6.58637
"Nov 13, 05:00 pm",0
"Nov 13, 06:00 pm",0
"Nov 13, 07:00 pm",0
"Nov 13, 08:00 pm",0
"Nov 13, 09:00 pm",0
"Nov 13, 10:00 pm",0
"Nov 13, 11:00 pm",0
"Nov 14, 12:00 am",0
"Nov 14, 01:00 am",0
"Nov 14, 02:00 am",0
"Nov 14, 03:00 am",0
"Nov 14, 04:00 am",0
"Nov 14, 05:00 am",0
"Nov 14, 06:00 am",0
"Nov 14, 07:00 am",0.21675
"Nov 14, 08:00 am",0.516473
"Nov 14, 09:00 am",1.05159
"Nov 14, 10:00 am",4.2736
"Nov 14, 11:00 am",7.44921
"Nov 14, 12:00 pm",9.59496
"Nov 14, 01:00 pm",10.6534
"Nov 14, 02:00 pm",10.6068
"Nov 14, 03:00 pm",9.38939
"Nov 14, 04:00 pm",6.22883
"Nov 14, 05:00 pm",0
"Nov 14, 06:00 pm",0
"Nov 14, 07:00 pm",0
"Nov 14, 08:00 pm",0
"Nov 14, 09:00 pm",0
"Nov 14, 10:00 pm",0
"Nov 14, 11:00 pm",0
"Nov 15, 12:00 am",0
"Nov 15, 01:00 am",0
"Nov 15, 02:00 am",0
"Nov 15, 03:00 am",0
"Nov 15, 04:00 am",0
"Nov 15, 05:00 am",0
"Nov 15, 06:00 am",0
"Nov 15, 07:00 am",0.229002
"Nov 15, 08:00 am",0.534729
"Nov 15, 09:00 am",1.0368
"Nov 15, 10:00 am",4.43689
"Nov 15, 11:00 am",7.8943
"Nov 15, 12:00 pm",10.2655
"Nov 15, 01:00 pm",11.4412
"Nov 15, 02:00 pm",11.5333
"Nov 15, 03:00 pm",10.3389
"Nov 15, 04:00 pm",7.00789
"Nov 15, 05:00 pm",0
"Nov 15, 06:00 pm",0
"Nov 15, 07:00 pm",0
"Nov 15, 08:00 pm",0
"Nov 15, 09:00 pm",0
"Nov 15, 10:00 pm",0
"Nov 15, 11:00 pm",0
"Nov 16, 12:00 am",0
"Nov 16, 01:00 am",0
"Nov 16, 02:00 am",0
"Nov 16, 03:00 am",0
"Nov 16, 04:00 am",0
"Nov 16, 05:00 am",0
"Nov 16, 06:00 am",0
"Nov 16, 07:00 am",0.198905
"Nov 16, 08:00 am",0.513804
"Nov 16, 09:00 am",1.00596
"Nov 16, 10:00 am",4.32581
"Nov 16, 11:00 am",7.69768
"Nov 16, 12:00 pm",9.9721
"Nov 16, 01:00 pm",11.0792
"Nov 16, 02:00 pm",10.9862
"Nov 16, 03:00 pm",9.75984
"Nov 16, 04:00 pm",6.4868
"Nov 16, 05:00 pm",0
"Nov 16, 06:00 pm",0
"Nov 16, 07:00 pm",0
"Nov 16, 08:00 pm",0
"Nov 16, 09:00 pm",0
"Nov 16, 10:00 pm",0
"Nov 16, 11:00 pm",0
"Nov 17, 12:00 am",0
"Nov 17, 01:00 am",0
"Nov 17, 02:00 am",0
"Nov 17, 03:00 am",0
"Nov 17, 04:00 am",0
"Nov 17, 05:00 am",0
"Nov 17, 06:00 am",0
"Nov 17, 07:00 am",0.206455
"Nov 17, 08:00 am",0.554087
"Nov 17, 09:00 am",0.933027
"Nov 17, 10:00 am",4.25484
"Nov 17, 11:00 am",7.55022
"Nov 17, 12:00 pm",9.81737
"Nov 17, 01:00 pm",10.9014
"Nov 17, 02:00 pm",10.869
"Nov 17, 03:00 pm",9.63414
"Nov 17, 04:00 pm",6.37361
"Nov 17, 05:00 pm",0
"Nov 17, 06:00 pm",0
"Nov 17, 07:00 pm",0
"Nov 17, 08:00 pm",0
"Nov 17, 09:00 pm",0
"Nov 17, 10:00 pm",0
"Nov 17, 11:00 pm",0
"Nov 18, 12:00 am",0
"Nov 18, 01:00 am",0
"Nov 18, 02:00 am",0
"Nov 18, 03:00 am",0
"Nov 18, 04:00 am",0
"Nov 18, 05:00 am",0
"Nov 18, 06:00 am",0
"Nov 18, 07:00 am",0.174893
"Nov 18, 08:00 am",0.517846
"Nov 18, 09:00 am",0.970702
"Nov 18, 10:00 am",4.27802
"Nov 18, 11:00 am",7.69374
"Nov 18, 12:00 pm",10.0704
"Nov 18, 01:00 pm",11.2521
"Nov 18, 02:00 pm",11.2422
"Nov 18, 03:00 pm",10.0135
"Nov 18, 04:00 pm",6.67377
"Nov 18, 05:00 pm",0
"Nov 18, 06:00 pm",0
"Nov 18, 07:00 pm",0
"Nov 18, 08:00 pm",0
"Nov 18, 09:00 pm",0
"Nov 18, 10:00 pm",0
"Nov 18, 11:00 pm",0
"Nov 19, 12:00 am",0
"Nov 19, 01:00 am",0
"Nov 19, 02:00 am",0
"Nov 19, 03:00 am",0
"Nov 19, 04:00 am",0
"Nov 19, 05:00 am",0
"Nov 19, 06:00 am",0
"Nov 19, 07:00 am",0.167443
"Nov 19, 08:00 am",0.523308
"Nov 19, 09:00 am",0.934642
"Nov 19, 10:00 am",4.11332
"Nov 19, 11:00 am",7.38277
"Nov 19, 12:00 pm",9.65427
"Nov 19, 01:00 pm",10.7387
"Nov 19, 02:00 pm",10.6489
"Nov 19, 03:00 pm",9.41479
"Nov 19, 04:00 pm",6.22539
"Nov 19, 05:00 pm",0
"Nov 19, 06:00 pm",0
"Nov 19, 07:00 pm",0
"Nov 19, 08:00 pm",0
"Nov 19, 09:00 pm",0
"Nov 19, 10:00 pm",0
"Nov 19, 11:00 pm",0
"Nov 20, 12:00 am",0
"Nov 20, 01:00 am",0
"Nov 20, 02:00 am",0
"Nov 20, 03:00 am",0
"Nov 20, 04:00 am",0
"Nov 20, 05:00 am",0
"Nov 20, 06:00 am",0
"Nov 20, 07:00 am",0.141519
"Nov 20, 08:00 am",0.51975
"Nov 20, 09:00 am",0.919814
"Nov 20, 10:00 am",4.07678
"Nov 20, 11:00 am",7.40827
"Nov 20, 12:00 pm",9.71844
"Nov 20, 01:00 pm",10.8488
"Nov 20, 02:00 pm",10.8581
"Nov 20, 03:00 pm",9.47377
"Nov 20, 04:00 pm",6.15452
"Nov 20, 05:00 pm",0
"Nov 20, 06:00 pm",0
"Nov 20, 07:00 pm",0
"Nov 20, 08:00 pm",0
"Nov 20, 09:00 pm",0
"Nov 20, 10:00 pm",0
"Nov 20, 11:00 pm",0
"Nov 21, 12:00 am",0
"Nov 21, 01:00 am",0
"Nov 21, 02:00 am",0
"Nov 21, 03:00 am",0
"Nov 21, 04:00 am",0
"Nov 21, 05:00 am",0
"Nov 21, 06:00 am",0
"Nov 21, 07:00 am",0.119513
"Nov 21, 08:00 am",0.566638
"Nov 21, 09:00 am",1.52885
"Nov 21, 10:00 am",3.79779
"Nov 21, 11:00 am",6.20481
"Nov 21, 12:00 pm",8.54151
"Nov 21, 01:00 pm",8.3885
"Nov 21, 02:00 pm",10.738
"Nov 21, 03:00 pm",9.41177
"Nov 21, 04:00 pm",6.11563
"Nov 21, 05:00 pm",0
"Nov 21, 06:00 pm",0
"Nov 21, 07:00 pm",0
"Nov 21, 08:00 pm",0
"Nov 21, 09:00 pm",0
"Nov 21, 10:00 pm",0
"Nov 21, 11:00 pm",0
"Nov 22, 12:00 am",0
"Nov 22, 01:00 am",0
"Nov 22, 02:00 am",0
"Nov 22, 03:00 am",0
"Nov 22, 04:00 am",0
"Nov 22, 05:00 am",0
"Nov 22, 06:00 am",0
"Nov 22, 07:00 am",0.119889
"Nov 22, 08:00 am",0.577849
"Nov 22, 09:00 am",1.55829
"Nov 22, 10:00 am",3.76694
"Nov 22, 11:00 am",5.99856
"Nov 22, 12:00 pm",7.14372
"Nov 22, 01:00 pm",8.20839
"Nov 22, 02:00 pm",8.72852
"Nov 22, 03:00 pm",6.74042
"Nov 22, 04:00 pm",4.60651
"Nov 22, 05:00 pm",0
"Nov 22, 06:00 pm",0
"Nov 22, 07:00 pm",0
"Nov 22, 08:00 pm",0
"Nov 22, 09:00 pm",0
"Nov 22, 10:00 pm",0
"Nov 22, 11:00 pm",0
"Nov 23, 12:00 am",0
"Nov 23, 01:00 am",0
"Nov 23, 02:00 am",0
"Nov 23, 03:00 am",0
"Nov 23, 04:00 am",0
"Nov 23, 05:00 am",0
"Nov 23, 06:00 am",0
"Nov 23, 07:00 am",0.114786
"Nov 23, 08:00 am",1.11333
"Nov 23, 09:00 am",2.01351
"Nov 23, 10:00 am",3.52181
"Nov 23, 11:00 am",2.74809
"Nov 23, 12:00 pm",5.1576
"Nov 23, 01:00 pm",2.53193
"Nov 23, 02:00 pm",7.39412
"Nov 23, 03:00 pm",2.51032
"Nov 23, 04:00 pm",2.63605
"Nov 23, 05:00 pm",0
"Nov 23, 06:00 pm",0
"Nov 23, 07:00 pm",0
"Nov 23, 08:00 pm",0
"Nov 23, 09:00 pm",0
"Nov 23, 10:00 pm",0
"Nov 23, 11:00 pm",0
"Nov 24, 12:00 am",0
"Nov 24, 01:00 am",0
"Nov 24, 02:00 am",0
"Nov 24, 03:00 am",0
"Nov 24, 04:00 am",0
"Nov 24, 05:00 am",0
"Nov 24, 06:00 am",0
"Nov 24, 07:00 am",0.109091
"Nov 24, 08:00 am",0.677979
"Nov 24, 09:00 am",0.927668
"Nov 24, 10:00 am",3.70012
"Nov 24, 11:00 am",6.73928
"Nov 24, 12:00 pm",8.85426
"Nov 24, 01:00 pm",9.83517
"Nov 24, 02:00 pm",9.9479
"Nov 24, 03:00 pm",8.6869
"Nov 24, 04:00 pm",5.52773
"Nov 24, 05:00 pm",0
"Nov 24, 06:00 pm",0
"Nov 24, 07:00 pm",0
"Nov 24, 08:00 pm",0
"Nov 24, 09:00 pm",0
"Nov 24, 10:00 pm",0
"Nov 24, 11:00 pm",0
"Nov 25, 12:00 am",0
"Nov 25, 01:00 am",0
"Nov 25, 02:00 am",0
"Nov 25, 03:00 am",0
"Nov 25, 04:00 am",0
"Nov 25, 05:00 am",0
"Nov 25, 06:00 am",0
"Nov 25, 07:00 am",0.0967799
"Nov 25, 08:00 am",0.525038
"Nov 25, 09:00 am",0.745162
"Nov 25, 10:00 am",3.73467
"Nov 25, 11:00 am",6.92131
"Nov 25, 12:00 pm",9.14314
"Nov 25, 01:00 pm",10.2358
"Nov 25, 02:00 pm",10.2836
"Nov 25, 03:00 pm",8.20229
"Nov 25, 04:00 pm",4.73106
"Nov 25, 05:00 pm",0
"Nov 25, 06:00 pm",0
"Nov 25, 07:00 pm",0
"Nov 25, 08:00 pm",0
"Nov 25, 09:00 pm",0
"Nov 25, 10:00 pm",0
"Nov 25, 11:00 pm",0
"Nov 26, 12:00 am",0
"Nov 26, 01:00 am",0
"Nov 26, 02:00 am",0
"Nov 26, 03:00 am",0
"Nov 26, 04:00 am",0
"Nov 26, 05:00 am",0
"Nov 26, 06:00 am",0
"Nov 26, 07:00 am",-0
"Nov 26, 08:00 am",1.01903
"Nov 26, 09:00 am",1.18335
"Nov 26, 10:00 am",3.65144
"Nov 26, 11:00 am",6.72069
"Nov 26, 12:00 pm",7.77641
"Nov 26, 01:00 pm",10.232
"Nov 26, 02:00 pm",10.5626
"Nov 26, 03:00 pm",9.13311
"Nov 26, 04:00 pm",5.42676
"Nov 26, 05:00 pm",0
"Nov 26, 06:00 pm",0
"Nov 26, 07:00 pm",0
"Nov 26, 08:00 pm",0
"Nov 26, 09:00 pm",0
"Nov 26, 10:00 pm",0
"Nov 26, 11:00 pm",0
"Nov 27, 12:00 am",0
"Nov 27, 01:00 am",0
"Nov 27, 02:00 am",0
"Nov 27, 03:00 am",0
"Nov 27, 04:00 am",0
"Nov 27, 05:00 am",0
"Nov 27, 06:00 am",0
"Nov 27, 07:00 am",0.111858
"Nov 27, 08:00 am",1.02058
"Nov 27, 09:00 am",1.59395
"Nov 27, 10:00 am",3.88658
"Nov 27, 11:00 am",7.50048
"Nov 27, 12:00 pm",10.0669
"Nov 27, 01:00 pm",11.3168
"Nov 27, 02:00 pm",11.2727
"Nov 27, 03:00 pm",9.98557
"Nov 27, 04:00 pm",6.38965
"Nov 27, 05:00 pm",0
"Nov 27, 06:00 pm",0
"Nov 27, 07:00 pm",0
"Nov 27, 08:00 pm",0
"Nov 27, 09:00 pm",0
"Nov 27, 10:00 pm",0
"Nov 27, 11:00 pm",0
"Nov 28, 12:00 am",0
"Nov 28, 01:00 am",0
"Nov 28, 02:00 am",0
"Nov 28, 03:00 am",0
"Nov 28, 04:00 am",0
"Nov 28, 05:00 am",0
"Nov 28, 06:00 am",0
"Nov 28, 07:00 am",0.0855903
"Nov 28, 08:00 am",0.472329
"Nov 28, 09:00 am",0.732933
"Nov 28, 10:00 am",3.7919
"Nov 28, 11:00 am",7.31852
"Nov 28, 12:00 pm",9.81193
"Nov 28, 01:00 pm",11.0417
"Nov 28, 02:00 pm",11.045
"Nov 28, 03:00 pm",9.83226
"Nov 28, 04:00 pm",6.31389
"Nov 28, 05:00 pm",0
"Nov 28, 06:00 pm",0
"Nov 28, 07:00 pm",0
"Nov 28, 08:00 pm",0
"Nov 28, 09:00 pm",0
"Nov 28, 10:00 pm",0
"Nov 28, 11:00 pm",0
"Nov 29, 12:00 am",0
"Nov 29, 01:00 am",0
"Nov 29, 02:00 am",0
"Nov 29, 03:00 am",0
"Nov 29, 04:00 am",0
"Nov 29, 05:00 am",0
"Nov 29, 06:00 am",0
"Nov 29, 07:00 am",0.0720511
"Nov 29, 08:00 am",0.508376
"Nov 29, 09:00 am",0.665353
"Nov 29, 10:00 am",3.58662
"Nov 29, 11:00 am",6.92322
"Nov 29, 12:00 pm",9.26542
"Nov 29, 01:00 pm",10.3497
"Nov 29, 02:00 pm",10.4104
"Nov 29, 03:00 pm",9.19195
"Nov 29, 04:00 pm",1.24336
"Nov 29, 05:00 pm",0
"Nov 29, 06:00 pm",0
"Nov 29, 07:00 pm",0
"Nov 29, 08:00 pm",0
"Nov 29, 09:00 pm",0
"Nov 29, 10:00 pm",0
"Nov 29, 11:00 pm",0
"Nov 30, 12:00 am",0
"Nov 30, 01:00 am",0
"Nov 30, 02:00 am",0
"Nov 30, 03:00 am",0
"Nov 30, 04:00 am",0
"Nov 30, 05:00 am",0
"Nov 30, 06:00 am",0
"Nov 30, 07:00 am",0.0600598
"Nov 30, 08:00 am",0.502918
"Nov 30, 09:00 am",0.674334
"Nov 30, 10:00 am",3.53979
"Nov 30, 11:00 am",6.85443
"Nov 30, 12:00 pm",9.22861
"Nov 30, 01:00 pm",10.3851
"Nov 30, 02:00 pm",10.4567
"Nov 30, 03:00 pm",9.26987
"Nov 30, 04:00 pm",5.91115
"Nov 30, 05:00 pm",0
"Nov 30, 06:00 pm",0
"Nov 30, 07:00 pm",0
"Nov 30, 08:00 pm",0
"Nov 30, 09:00 pm",0
"Nov 30, 10:00 pm",0
"Nov 30, 11:00 pm",0
"Dec 1, 12:00 am",0
"Dec 1, 01:00 am",0
"Dec 1, 02:00 am",0
"Dec 1, 03:00 am",0
"Dec 1, 04:00 am",0
"Dec 1, 05:00 am",0
"Dec 1, 06:00 am",0
"Dec 1, 07:00 am",0.075426
"Dec 1, 08:00 am",0.545552
"Dec 1, 09:00 am",0.780138
"Dec 1, 10:00 am",3.32024
"Dec 1, 11:00 am",6.5107
"Dec 1, 12:00 pm",8.74225
"Dec 1, 01:00 pm",9.7698
"Dec 1, 02:00 pm",9.62013
"Dec 1, 03:00 pm",8.25825
"Dec 1, 04:00 pm",4.81473
"Dec 1, 05:00 pm",0
"Dec 1, 06:00 pm",0
"Dec 1, 07:00 pm",0
"Dec 1, 08:00 pm",0
"Dec 1, 09:00 pm",0
"Dec 1, 10:00 pm",0
"Dec 1, 11:00 pm",0
"Dec 2, 12:00 am",0
"Dec 2, 01:00 am",0
"Dec 2, 02:00 am",0
"Dec 2, 03:00 am",0
"Dec 2, 04:00 am",0
"Dec 2, 05:00 am",0
"Dec 2, 06:00 am",0
"Dec 2, 07:00 am",0.0548057
"Dec 2, 08:00 am",0.547074
"Dec 2, 09:00 am",0.773731
"Dec 2, 10:00 am",3.23787
"Dec 2, 11:00 am",6.23741
"Dec 2, 12:00 pm",8.30556
"Dec 2, 01:00 pm",9.25047
"Dec 2, 02:00 pm",9.67655
"Dec 2, 03:00 pm",8.7413
"Dec 2, 04:00 pm",3.86313
"Dec 2, 05:00 pm",0
"Dec 2, 06:00 pm",0
"Dec 2, 07:00 pm",0
"Dec 2, 08:00 pm",0
"Dec 2, 09:00 pm",0
"Dec 2, 10:00 pm",0
"Dec 2, 11:00 pm",0
"Dec 3, 12:00 am",0
"Dec 3, 01:00 am",0
"Dec 3, 02:00 am",0
"Dec 3, 03:00 am",0
"Dec 3, 04:00 am",0
"Dec 3, 05:00 am",0
"Dec 3, 06:00 am",0
"Dec 3, 07:00 am",0.0445485
"Dec 3, 08:00 am",0.493184
"Dec 3, 09:00 am",1.26286
"Dec 3, 10:00 am",3.18717
"Dec 3, 11:00 am",6.25093
"Dec 3, 12:00 pm",8.48875
"Dec 3, 01:00 pm",9.52907
"Dec 3, 02:00 pm",9.55879
"Dec 3, 03:00 pm",8.2405
"Dec 3, 04:00 pm",4.88316
"Dec 3, 05:00 pm",0
"Dec 3, 06:00 pm",0
"Dec 3, 07:00 pm",0
"Dec 3, 08:00 pm",0
"Dec 3, 09:00 pm",0
"Dec 3, 10:00 pm",0
"Dec 3, 11:00 pm",0
"Dec 4, 12:00 am",0
"Dec 4, 01:00 am",0
"Dec 4, 02:00 am",0
"Dec 4, 03:00 am",0
"Dec 4, 04:00 am",0
"Dec 4, 05:00 am",0
"Dec 4, 06:00 am",0
"Dec 4, 07:00 am",0.0241341
"Dec 4, 08:00 am",0.895809
"Dec 4, 09:00 am",1.75754
"Dec 4, 10:00 am",3.12898
"Dec 4, 11:00 am",6.1154
"Dec 4, 12:00 pm",8.26917
"Dec 4, 01:00 pm",9.29811
"Dec 4, 02:00 pm",5.90862
"Dec 4, 03:00 pm",8.41618
"Dec 4, 04:00 pm",5.32662
"Dec 4, 05:00 pm",0
"Dec 4, 06:00 pm",0
"Dec 4, 07:00 pm",0
"Dec 4, 08:00 pm",0
"Dec 4, 09:00 pm",0
"Dec 4, 10:00 pm",0
"Dec 4, 11:00 pm",0
"Dec 5, 12:00 am",0
"Dec 5, 01:00 am",0
"Dec 5, 02:00 am",0
"Dec 5, 03:00 am",0
"Dec 5, 04:00 am",0
"Dec 5, 05:00 am",0
"Dec 5, 06:00 am",0
"Dec 5, 07:00 am",-0
"Dec 5, 08:00 am",0.911423
"Dec 5, 09:00 am",0.684345
"Dec 5, 10:00 am",3.24329
"Dec 5, 11:00 am",6.24781
"Dec 5, 12:00 pm",8.52897
"Dec 5, 01:00 pm",9.61515
"Dec 5, 02:00 pm",9.81805
"Dec 5, 03:00 pm",8.56756
"Dec 5, 04:00 pm",5.37523
"Dec 5, 05:00 pm",0
"Dec 5, 06:00 pm",0
"Dec 5, 07:00 pm",0
"Dec 5, 08:00 pm",0
"Dec 5, 09:00 pm",0
"Dec 5, 10:00 pm",0
"Dec 5, 11:00 pm",0
"Dec 6, 12:00 am",0
"Dec 6, 01:00 am",0
"Dec 6, 02:00 am",0
"Dec 6, 03:00 am",0
"Dec 6, 04:00 am",0
"Dec 6, 05:00 am",0
"Dec 6, 06:00 am",0
"Dec 6, 07:00 am",-0
"Dec 6, 08:00 am",0.871152
"Dec 6, 09:00 am",1.62299
"Dec 6, 10:00 am",3.25316
"Dec 6, 11:00 am",5.47117
"Dec 6, 12:00 pm",8.4781
"Dec 6, 01:00 pm",7.75115
"Dec 6, 02:00 pm",5.65965
"Dec 6, 03:00 pm",3.94956
"Dec 6, 04:00 pm",1.18691
"Dec 6, 05:00 pm",0
"Dec 6, 06:00 pm",0
"Dec 6, 07:00 pm",0
"Dec 6, 08:00 pm",0
"Dec 6, 09:00 pm",0
"Dec 6, 10:00 pm",0
"Dec 6, 11:00 pm",0
"Dec 7, 12:00 am",0
"Dec 7, 01:00 am",0
"Dec 7, 02:00 am",0
"Dec 7, 03:00 am",0
"Dec 7, 04:00 am",0
"Dec 7, 05:00 am",0
"Dec 7, 06:00 am",0
"Dec 7, 07:00 am",0.0144556
"Dec 7, 08:00 am",0.486519
"Dec 7, 09:00 am",0.641745
"Dec 7, 10:00 am",3.01672
"Dec 7, 11:00 am",6.25863
"Dec 7, 12:00 pm",8.57323
"Dec 7, 01:00 pm",9.69291
"Dec 7, 02:00 pm",9.81742
"Dec 7, 03:00 pm",8.54458
"Dec 7, 04:00 pm",5.33077
"Dec 7, 05:00 pm",0
"Dec 7, 06:00 pm",0
"Dec 7, 07:00 pm",0
"Dec 7, 08:00 pm",0
"Dec 7, 09:00 pm",0
"Dec 7, 10:00 pm",0
"Dec 7, 11:00 pm",0
"Dec 8, 12:00 am",0
"Dec 8, 01:00 am",0
"Dec 8, 02:00 am",0
"Dec 8, 03:00 am",0
"Dec 8, 04:00 am",0
"Dec 8, 05:00 am",0
"Dec 8, 06:00 am",0
"Dec 8, 07:00 am",0.0154187
"Dec 8, 08:00 am",0.520884
"Dec 8, 09:00 am",0.659768
"Dec 8, 10:00 am",3.01973
"Dec 8, 11:00 am",6.2375
"Dec 8, 12:00 pm",8.53569
"Dec 8, 01:00 pm",9.6753
"Dec 8, 02:00 pm",9.93245
"Dec 8, 03:00 pm",8.79939
"Dec 8, 04:00 pm",5.5658
"Dec 8, 05:00 pm",0
"Dec 8, 06:00 pm",0
"Dec 8, 07:00 pm",0
"Dec 8, 08:00 pm",0
"Dec 8, 09:00 pm",0
"Dec 8, 10:00 pm",0
"Dec 8, 11:00 pm",0
"Dec 9, 12:00 am",0
"Dec 9, 01:00 am",0
"Dec 9, 02:00 am",0
"Dec 9, 03:00 am",0
"Dec 9, 04:00 am",0
"Dec 9, 05:00 am",0
"Dec 9, 06:00 am",0
"Dec 9, 07:00 am",-0
"Dec 9, 08:00 am",0.5018
"Dec 9, 09:00 am",0.71999
"Dec 9, 10:00 am",3.01384
"Dec 9, 11:00 am",6.26456
"Dec 9, 12:00 pm",8.67829
"Dec 9, 01:00 pm",9.9518
"Dec 9, 02:00 pm",10.1002
"Dec 9, 03:00 pm",8.92082
"Dec 9, 04:00 pm",3.43341
"Dec 9, 05:00 pm",0
"Dec 9, 06:00 pm",0
"Dec 9, 07:00 pm",0
"Dec 9, 08:00 pm",0
"Dec 9, 09:00 pm",0
"Dec 9, 10:00 pm",0
"Dec 9, 11:00 pm",0
"Dec 10, 12:00 am",0
"Dec 10, 01:00 am",0
"Dec 10, 02:00 am",0
"Dec 10, 03:00 am",0
"Dec 10, 04:00 am",0
"Dec 10, 05:00 am",0
"Dec 10, 06:00 am",0
"Dec 10, 07:00 am",-0
"Dec 10, 08:00 am",0.40459
"Dec 10, 09:00 am",0.611504
"Dec 10, 10:00 am",3.05112
"Dec 10, 11:00 am",6.57467
"Dec 10, 12:00 pm",9.20435
"Dec 10, 01:00 pm",10.5584
"Dec 10, 02:00 pm",10.6034
"Dec 10, 03:00 pm",9.44608
"Dec 10, 04:00 pm",6.0551
"Dec 10, 05:00 pm",0
"Dec 10, 06:00 pm",0
"Dec 10, 07:00 pm",0
"Dec 10, 08:00 pm",0
"Dec 10, 09:00 pm",0
"Dec 10, 10:00 pm",0
"Dec 10, 11:00 pm",0
"Dec 11, 12:00 am",0
"Dec 11, 01:00 am",0
"Dec 11, 02:00 am",0
"Dec 11, 03:00 am",0
"Dec 11, 04:00 am",0
"Dec 11, 05:00 am",0
"Dec 11, 06:00 am",0
"Dec 11, 07:00 am",-0
"Dec 11, 08:00 am",0.449629
"Dec 11, 09:00 am",0.668547
"Dec 11, 10:00 am",2.99387
"Dec 11, 11:00 am",6.28987
"Dec 11, 12:00 pm",8.64609
"Dec 11, 01:00 pm",9.76956
"Dec 11, 02:00 pm",9.98949
"Dec 11, 03:00 pm",8.9182
"Dec 11, 04:00 pm",2.5705
"Dec 11, 05:00 pm",0
"Dec 11, 06:00 pm",0
"Dec 11, 07:00 pm",0
"Dec 11, 08:00 pm",0
"Dec 11, 09:00 pm",0
"Dec 11, 10:00 pm",0
"Dec 11, 11:00 pm",0
"Dec 12, 12:00 am",0
"Dec 12, 01:00 am",0
"Dec 12, 02:00 am",0
"Dec 12, 03:00 am",0
"Dec 12, 04:00 am",0
"Dec 12, 05:00 am",0
"Dec 12, 06:00 am",0
"Dec 12, 07:00 am",-0
"Dec 12, 08:00 am",0.491246
"Dec 12, 09:00 am",0.62339
"Dec 12, 10:00 am",3.11861
"Dec 12, 11:00 am",5.38365
"Dec 12, 12:00 pm",8.73466
"Dec 12, 01:00 pm",9.99221
"Dec 12, 02:00 pm",10.1589
"Dec 12, 03:00 pm",8.89762
"Dec 12, 04:00 pm",5.56247
"Dec 12, 05:00 pm",0
"Dec 12, 06:00 pm",0
"Dec 12, 07:00 pm",0
"Dec 12, 08:00 pm",0
"Dec 12, 09:00 pm",0
"Dec 12, 10:00 pm",0
"Dec 12, 11:00 pm",0
"Dec 13, 12:00 am",0
"Dec 13, 01:00 am",0
"Dec 13, 02:00 am",0
"Dec 13, 03:00 am",0
"Dec 13, 04:00 am",0
"Dec 13, 05:00 am",0
"Dec 13, 06:00 am",0
"Dec 13, 07:00 am",-0
"Dec 13, 08:00 am",0.556767
"Dec 13, 09:00 am",1.71996
"Dec 13, 10:00 am",3.11286
"Dec 13, 11:00 am",5.40543
"Dec 13, 12:00 pm",5.19803
"Dec 13, 01:00 pm",4.78837
"Dec 13, 02:00 pm",4.28264
"Dec 13, 03:00 pm",2.31519
"Dec 13, 04:00 pm",0.949586
"Dec 13, 05:00 pm",0
"Dec 13, 06:00 pm",0
"Dec 13, 07:00 pm",0
"Dec 13, 08:00 pm",0
"Dec 13, 09:00 pm",0
"Dec 13, 10:00 pm",0
"Dec 13, 11:00 pm",0
"Dec 14, 12:00 am",0
"Dec 14, 01:00 am",0
"Dec 14, 02:00 am",0
"Dec 14, 03:00 am",0
"Dec 14, 04:00 am",0
"Dec 14, 05:00 am",0
"Dec 14, 06:00 am",0
"Dec 14, 07:00 am",-0
"Dec 14, 08:00 am",0.470707
"Dec 14, 09:00 am",1.60709
"Dec 14, 10:00 am",2.90077
"Dec 14, 11:00 am",6.27795
"Dec 14, 12:00 pm",8.82446
"Dec 14, 01:00 pm",10.1701
"Dec 14, 02:00 pm",0.592044
"Dec 14, 03:00 pm",8.85253
"Dec 14, 04:00 pm",2.44179
"Dec 14, 05:00 pm",0
"Dec 14, 06:00 pm",0
"Dec 14, 07:00 pm",0
"Dec 14, 08:00 pm",0
"Dec 14, 09:00 pm",0
"Dec 14, 10:00 pm",0
"Dec 14, 11:00 pm",0
"Dec 15, 12:00 am",0
"Dec 15, 01:00 am",0
"Dec 15, 02:00 am",0
"Dec 15, 03:00 am",0
"Dec 15, 04:00 am",0
"Dec 15, 05:00 am",0
"Dec 15, 06:00 am",0
"Dec 15, 07:00 am",-0
"Dec 15, 08:00 am",0.737072
"Dec 15, 09:00 am",0.0257572
"Dec 15, 10:00 am",1.08292
"Dec 15, 11:00 am",2.25345
"Dec 15, 12:00 pm",3.55234
"Dec 15, 01:00 pm",2.75374
"Dec 15, 02:00 pm",4.18018
"Dec 15, 03:00 pm",0.273114
"Dec 15, 04:00 pm",-0
"Dec 15, 05:00 pm",0
"Dec 15, 06:00 pm",0
"Dec 15, 07:00 pm",0
"Dec 15, 08:00 pm",0
"Dec 15, 09:00 pm",0
"Dec 15, 10:00 pm",0
"Dec 15, 11:00 pm",0
"Dec 16, 12:00 am",0
"Dec 16, 01:00 am",0
"Dec 16, 02:00 am",0
"Dec 16, 03:00 am",0
"Dec 16, 04:00 am",0
"Dec 16, 05:00 am",0
"Dec 16, 06:00 am",0
"Dec 16, 07:00 am",-0
"Dec 16, 08:00 am",0.488515
"Dec 16, 09:00 am",0.732735
"Dec 16, 10:00 am",2.79114
"Dec 16, 11:00 am",6.01337
"Dec 16, 12:00 pm",8.38522
"Dec 16, 01:00 pm",9.7131
"Dec 16, 02:00 pm",9.97948
"Dec 16, 03:00 pm",8.84554
"Dec 16, 04:00 pm",0.99662
"Dec 16, 05:00 pm",0
"Dec 16, 06:00 pm",0
"Dec 16, 07:00 pm",0
"Dec 16, 08:00 pm",0
"Dec 16, 09:00 pm",0
"Dec 16, 10:00 pm",0
"Dec 16, 11:00 pm",0
"Dec 17, 12:00 am",0
"Dec 17, 01:00 am",0
"Dec 17, 02:00 am",0
"Dec 17, 03:00 am",0
"Dec 17, 04:00 am",0
"Dec 17, 05:00 am",0
"Dec 17, 06:00 am",0
"Dec 17, 07:00 am",-0
"Dec 17, 08:00 am",0.476133
"Dec 17, 09:00 am",0.718118
"Dec 17, 10:00 am",2.74746
"Dec 17, 11:00 am",5.95132
"Dec 17, 12:00 pm",8.35662
"Dec 17, 01:00 pm",9.63721
"Dec 17, 02:00 pm",9.77864
"Dec 17, 03:00 pm",8.68229
"Dec 17, 04:00 pm",5.44056
"Dec 17, 05:00 pm",0
"Dec 17, 06:00 pm",0
"Dec 17, 07:00 pm",0
"Dec 17, 08:00 pm",0
"Dec 17, 09:00 pm",0
"Dec 17, 10:00 pm",0
"Dec 17, 11:00 pm",0
"Dec 18, 12:00 am",0
"Dec 18, 01:00 am",0
"Dec 18, 02:00 am",0
"Dec 18, 03:00 am",0
"Dec 18, 04:00 am",0
"Dec 18, 05:00 am",0
"Dec 18, 06:00 am",0
"Dec 18, 07:00 am",-0
"Dec 18, 08:00 am",0.792936
"Dec 18, 09:00 am",0.729655
"Dec 18, 10:00 am",3.00784
"Dec 18, 11:00 am",4.81328
"Dec 18, 12:00 pm",6.42761
"Dec 18, 01:00 pm",3.54093
"Dec 18, 02:00 pm",1.43808
"Dec 18, 03:00 pm",1.31762
"Dec 18, 04:00 pm",0.302509
"Dec 18, 05:00 pm",0
"Dec 18, 06:00 pm",0
"Dec 18, 07:00 pm",0
"Dec 18, 08:00 pm",0
"Dec 18, 09:00 pm",0
"Dec 18, 10:00 pm",0
"Dec 18, 11:00 pm",0
"Dec 19, 12:00 am",0
"Dec 19, 01:00 am",0
"Dec 19, 02:00 am",0
"Dec 19, 03:00 am",0
"Dec 19, 04:00 am",0
"Dec 19, 05:00 am",0
"Dec 19, 06:00 am",0
"Dec 19, 07:00 am",-0
"Dec 19, 08:00 am",0.515778
"Dec 19, 09:00 am",0.748178
"Dec 19, 10:00 am",2.81893
"Dec 19, 11:00 am",6.41427
"Dec 19, 12:00 pm",9.16678
"Dec 19, 01:00 pm",10.6599
"Dec 19, 02:00 pm",10.9029
"Dec 19, 03:00 pm",9.81245
"Dec 19, 04:00 pm",6.51554
"Dec 19, 05:00 pm",0
"Dec 19, 06:00 pm",0
"Dec 19, 07:00 pm",0
"Dec 19, 08:00 pm",0
"Dec 19, 09:00 pm",0
"Dec 19, 10:00 pm",0
"Dec 19, 11:00 pm",0
"Dec 20, 12:00 am",0
"Dec 20, 01:00 am",0
"Dec 20, 02:00 am",0
"Dec 20, 03:00 am",0
"Dec 20, 04:00 am",0
"Dec 20, 05:00 am",0
"Dec 20, 06:00 am",0
"Dec 20, 07:00 am",-0
"Dec 20, 08:00 am",0.452148
"Dec 20, 09:00 am",0.684823
"Dec 20, 10:00 am",2.82216
"Dec 20, 11:00 am",6.32767
"Dec 20, 12:00 pm",8.95399
"Dec 20, 01:00 pm",10.3618
"Dec 20, 02:00 pm",10.5619
"Dec 20, 03:00 pm",6.31473
"Dec 20, 04:00 pm",2.55621
"Dec 20, 05:00 pm",0
"Dec 20, 06:00 pm",0
"Dec 20, 07:00 pm",0
"Dec 20, 08:00 pm",0
"Dec 20, 09:00 pm",0
"Dec 20, 10:00 pm",0
"Dec 20, 11:00 pm",0
"Dec 21, 12:00 am",0
"Dec 21, 01:00 am",0
"Dec 21, 02:00 am",0
"Dec 21, 03:00 am",0
"Dec 21, 04:00 am",0
"Dec 21, 05:00 am",0
"Dec 21, 06:00 am",0
"Dec 21, 07:00 am",-0
"Dec 21, 08:00 am",0.488102
"Dec 21, 09:00 am",0.664346
"Dec 21, 10:00 am",2.77005
"Dec 21, 11:00 am",6.12484
"Dec 21, 12:00 pm",8.67189
"Dec 21, 01:00 pm",9.98299
"Dec 21, 02:00 pm",10.2471
"Dec 21, 03:00 pm",5.62415
"Dec 21, 04:00 pm",1.60729
"Dec 21, 05:00 pm",0
"Dec 21, 06:00 pm",0
"Dec 21, 07:00 pm",0
"Dec 21, 08:00 pm",0
"Dec 21, 09:00 pm",0
"Dec 21, 10:00 pm",0
"Dec 21, 11:00 pm",0
"Dec 22, 12:00 am",0
"Dec 22, 01:00 am",0
"Dec 22, 02:00 am",0
"Dec 22, 03:00 am",0
"Dec 22, 04:00 am",0
"Dec 22, 05:00 am",0
"Dec 22, 06:00 am",0
"Dec 22, 07:00 am",-0
"Dec 22, 08:00 am",0.499201
"Dec 22, 09:00 am",0.750967
"Dec 22, 10:00 am",2.59578
"Dec 22, 11:00 am",5.70704
"Dec 22, 12:00 pm",7.98678
"Dec 22, 01:00 pm",6.53231
"Dec 22, 02:00 pm",7.10528
"Dec 22, 03:00 pm",2.40824
"Dec 22, 04:00 pm",6.06902
"Dec 22, 05:00 pm",0
"Dec 22, 06:00 pm",0
"Dec 22, 07:00 pm",0
"Dec 22, 08:00 pm",0
"Dec 22, 09:00 pm",0
"Dec 22, 10:00 pm",0
"Dec 22, 11:00 pm",0
"Dec 23, 12:00 am",0
"Dec 23, 01:00 am",0
"Dec 23, 02:00 am",0
"Dec 23, 03:00 am",0
"Dec 23, 04:00 am",0
"Dec 23, 05:00 am",0
"Dec 23, 06:00 am",0
"Dec 23, 07:00 am",-0
"Dec 23, 08:00 am",0.536754
"Dec 23, 09:00 am",0.746174
"Dec 23, 10:00 am",2.68315
"Dec 23, 11:00 am",5.8884
"Dec 23, 12:00 pm",8.32995
"Dec 23, 01:00 pm",9.6087
"Dec 23, 02:00 pm",9.94186
"Dec 23, 03:00 pm",4.17377
"Dec 23, 04:00 pm",1.18381
"Dec 23, 05:00 pm",0
"Dec 23, 06:00 pm",0
"Dec 23, 07:00 pm",0
"Dec 23, 08:00 pm",0
"Dec 23, 09:00 pm",0
"Dec 23, 10:00 pm",0
"Dec 23, 11:00 pm",0
"Dec 24, 12:00 am",0
"Dec 24, 01:00 am",0
"Dec 24, 02:00 am",0
"Dec 24, 03:00 am",0
"Dec 24, 04:00 am",0
"Dec 24, 05:00 am",0
"Dec 24, 06:00 am",0
"Dec 24, 07:00 am",-0
"Dec 24, 08:00 am",0.271265
"Dec 24, 09:00 am",0.680715
"Dec 24, 10:00 am",2.51082
"Dec 24, 11:00 am",5.88751
"Dec 24, 12:00 pm",8.44614
"Dec 24, 01:00 pm",9.85736
"Dec 24, 02:00 pm",9.87507
"Dec 24, 03:00 pm",8.58515
"Dec 24, 04:00 pm",5.13458
"Dec 24, 05:00 pm",0
"Dec 24, 06:00 pm",0
"Dec 24, 07:00 pm",0
"Dec 24, 08:00 pm",0
"Dec 24, 09:00 pm",0
"Dec 24, 10:00 pm",0
"Dec 24, 11:00 pm",0
"Dec 25, 12:00 am",0
"Dec 25, 01:00 am",0
"Dec 25, 02:00 am",0
"Dec 25, 03:00 am",0
"Dec 25, 04:00 am",0
"Dec 25, 05:00 am",0
"Dec 25, 06:00 am",0
"Dec 25, 07:00 am",0
"Dec 25, 08:00 am",0.336758
"Dec 25, 09:00 am",1.55287
"Dec 25, 10:00 am",2.96381
"Dec 25, 11:00 am",4.49632
"Dec 25, 12:00 pm",4.11386
"Dec 25, 01:00 pm",7.6478
"Dec 25, 02:00 pm",4.89213
"Dec 25, 03:00 pm",4.34129
"Dec 25, 04:00 pm",1.86225
"Dec 25, 05:00 pm",0
"Dec 25, 06:00 pm",0
"Dec 25, 07:00 pm",0
"Dec 25, 08:00 pm",0
"Dec 25, 09:00 pm",0
"Dec 25, 10:00 pm",0
"Dec 25, 11:00 pm",0
"Dec 26, 12:00 am",0
"Dec 26, 01:00 am",0
"Dec 26, 02:00 am",0
"Dec 26, 03:00 am",0
"Dec 26, 04:00 am",0
"Dec 26, 05:00 am",0
"Dec 26, 06:00 am",0
"Dec 26, 07:00 am",0
"Dec 26, 08:00 am",0.537319
"Dec 26, 09:00 am",1.42756
"Dec 26, 10:00 am",2.82518
"Dec 26, 11:00 am",4.85319
"Dec 26, 12:00 pm",6.36046
"Dec 26, 01:00 pm",7.23437
"Dec 26, 02:00 pm",10.3173
"Dec 26, 03:00 pm",9.20803
"Dec 26, 04:00 pm",6.08252
"Dec 26, 05:00 pm",0
"Dec 26, 06:00 pm",0
"Dec 26, 07:00 pm",0
"Dec 26, 08:00 pm",0
"Dec 26, 09:00 pm",0
"Dec 26, 10:00 pm",0
"Dec 26, 11:00 pm",0
"Dec 27, 12:00 am",0
"Dec 27, 01:00 am",0
"Dec 27, 02:00 am",0
"Dec 27, 03:00 am",0
"Dec 27, 04:00 am",0
"Dec 27, 05:00 am",0
"Dec 27, 06:00 am",0
"Dec 27, 07:00 am",0
"Dec 27, 08:00 am",0.742422
"Dec 27, 09:00 am",1.62345
"Dec 27, 10:00 am",2.68708
"Dec 27, 11:00 am",5.11754
"Dec 27, 12:00 pm",8.51964
"Dec 27, 01:00 pm",6.63382
"Dec 27, 02:00 pm",10.3078
"Dec 27, 03:00 pm",9.25853
"Dec 27, 04:00 pm",6.32079
"Dec 27, 05:00 pm",0
"Dec 27, 06:00 pm",0
"Dec 27, 07:00 pm",0
"Dec 27, 08:00 pm",0
"Dec 27, 09:00 pm",0
"Dec 27, 10:00 pm",0
"Dec 27, 11:00 pm",0
"Dec 28, 12:00 am",0
"Dec 28, 01:00 am",0
"Dec 28, 02:00 am",0
"Dec 28, 03:00 am",0
"Dec 28, 04:00 am",0
"Dec 28, 05:00 am",0
"Dec 28, 06:00 am",0
"Dec 28, 07:00 am",0
"Dec 28, 08:00 am",0.437146
"Dec 28, 09:00 am",0.613148
"Dec 28, 10:00 am",2.57884
"Dec 28, 11:00 am",6.05647
"Dec 28, 12:00 pm",8.68136
"Dec 28, 01:00 pm",10.056
"Dec 28, 02:00 pm",10.3218
"Dec 28, 03:00 pm",9.31531
"Dec 28, 04:00 pm",6.49546
"Dec 28, 05:00 pm",0
"Dec 28, 06:00 pm",0
"Dec 28, 07:00 pm",0
"Dec 28, 08:00 pm",0
"Dec 28, 09:00 pm",0
"Dec 28, 10:00 pm",0
"Dec 28, 11:00 pm",0
"Dec 29, 12:00 am",0
"Dec 29, 01:00 am",0
"Dec 29, 02:00 am",0
"Dec 29, 03:00 am",0
"Dec 29, 04:00 am",0
"Dec 29, 05:00 am",0
"Dec 29, 06:00 am",0
"Dec 29, 07:00 am",0
"Dec 29, 08:00 am",0.482952
"Dec 29, 09:00 am",0.679215
"Dec 29, 10:00 am",2.51535
"Dec 29, 11:00 am",5.90546
"Dec 29, 12:00 pm",8.40459
"Dec 29, 01:00 pm",6.39203
"Dec 29, 02:00 pm",6.36087
"Dec 29, 03:00 pm",5.24881
"Dec 29, 04:00 pm",2.84961
"Dec 29, 05:00 pm",0
"Dec 29, 06:00 pm",0
"Dec 29, 07:00 pm",0
"Dec 29, 08:00 pm",0
"Dec 29, 09:00 pm",0
"Dec 29, 10:00 pm",0
"Dec 29, 11:00 pm",0
"Dec 30, 12:00 am",0
"Dec 30, 01:00 am",0
"Dec 30, 02:00 am",0
"Dec 30, 03:00 am",0
"Dec 30, 04:00 am",0
"Dec 30, 05:00 am",0
"Dec 30, 06:00 am",0
"Dec 30, 07:00 am",0
"Dec 30, 08:00 am",0.0679587
"Dec 30, 09:00 am",1.49674
"Dec 30, 10:00 am",1.17933
"Dec 30, 11:00 am",2.97196
"Dec 30, 12:00 pm",4.93429
"Dec 30, 01:00 pm",3.30548
"Dec 30, 02:00 pm",3.31024
"Dec 30, 03:00 pm",1.93051
"Dec 30, 04:00 pm",0.195396
"Dec 30, 05:00 pm",-0
"Dec 30, 06:00 pm",0
"Dec 30, 07:00 pm",0
"Dec 30, 08:00 pm",0
"Dec 30, 09:00 pm",0
"Dec 30, 10:00 pm",0
"Dec 30, 11:00 pm",0
"Dec 31, 12:00 am",0
"Dec 31, 01:00 am",0
"Dec 31, 02:00 am",0
"Dec 31, 03:00 am",0
"Dec 31, 04:00 am",0
"Dec 31, 05:00 am",0
"Dec 31, 06:00 am",0
"Dec 31, 07:00 am",0
"Dec 31, 08:00 am",0.56762
"Dec 31, 09:00 am",0.834758
"Dec 31, 10:00 am",2.62011
"Dec 31, 11:00 am",5.96176
"Dec 31, 12:00 pm",8.59563
"Dec 31, 01:00 pm",10.0674
"Dec 31, 02:00 pm",7.04986
"Dec 31, 03:00 pm",9.37521
"Dec 31, 04:00 pm",6.35408
"Dec 31, 05:00 pm",-0
"Dec 31, 06:00 pm",0
"Dec 31, 07:00 pm",0
"Dec 31, 08:00 pm",0
"Dec 31, 09:00 pm",0
"Dec 31, 10:00 pm",0
"Dec 31, 11:00 pm",0
