"Time stamp","System power generated | (kW)"
"Jan 1, 12:00 am",0
"Jan 1, 01:00 am",0
"Jan 1, 02:00 am",0
"Jan 1, 03:00 am",0
"Jan 1, 04:00 am",0
"Jan 1, 05:00 am",0
"Jan 1, 06:00 am",0
"Jan 1, 07:00 am",0
"Jan 1, 08:00 am",5.39079
"Jan 1, 09:00 am",8.54635
"Jan 1, 10:00 am",9.80167
"Jan 1, 11:00 am",9.86988
"Jan 1, 12:00 pm",9.05803
"Jan 1, 01:00 pm",7.14351
"Jan 1, 02:00 pm",4.33401
"Jan 1, 03:00 pm",1.22412
"Jan 1, 04:00 pm",0.420008
"Jan 1, 05:00 pm",-0
"Jan 1, 06:00 pm",0
"Jan 1, 07:00 pm",0
"Jan 1, 08:00 pm",0
"Jan 1, 09:00 pm",0
"Jan 1, 10:00 pm",0
"Jan 1, 11:00 pm",0
"Jan 2, 12:00 am",0
"Jan 2, 01:00 am",0
"Jan 2, 02:00 am",0
"Jan 2, 03:00 am",0
"Jan 2, 04:00 am",0
"Jan 2, 05:00 am",0
"Jan 2, 06:00 am",0
"Jan 2, 07:00 am",0
"Jan 2, 08:00 am",5.17523
"Jan 2, 09:00 am",8.42751
"Jan 2, 10:00 am",9.79388
"Jan 2, 11:00 am",9.89771
"Jan 2, 12:00 pm",9.10162
"Jan 2, 01:00 pm",7.18648
"Jan 2, 02:00 pm",4.33276
"Jan 2, 03:00 pm",1.30976
"Jan 2, 04:00 pm",0.4163
"Jan 2, 05:00 pm",-0
"Jan 2, 06:00 pm",0
"Jan 2, 07:00 pm",0
"Jan 2, 08:00 pm",0
"Jan 2, 09:00 pm",0
"Jan 2, 10:00 pm",0
"Jan 2, 11:00 pm",0
"Jan 3, 12:00 am",0
"Jan 3, 01:00 am",0
"Jan 3, 02:00 am",0
"Jan 3, 03:00 am",0
"Jan 3, 04:00 am",0
"Jan 3, 05:00 am",0
"Jan 3, 06:00 am",0
"Jan 3, 07:00 am",0
"Jan 3, 08:00 am",5.00302
"Jan 3, 09:00 am",8.11216
"Jan 3, 10:00 am",9.42665
"Jan 3, 11:00 am",9.65821
"Jan 3, 12:00 pm",7.25068
"Jan 3, 01:00 pm",2.011
"Jan 3, 02:00 pm",3.0664
"Jan 3, 03:00 pm",1.24752
"Jan 3, 04:00 pm",0.401049
"Jan 3, 05:00 pm",-0
"Jan 3, 06:00 pm",0
"Jan 3, 07:00 pm",0
"Jan 3, 08:00 pm",0
"Jan 3, 09:00 pm",0
"Jan 3, 10:00 pm",0
"Jan 3, 11:00 pm",0
"Jan 4, 12:00 am",0
"Jan 4, 01:00 am",0
"Jan 4, 02:00 am",0
"Jan 4, 03:00 am",0
"Jan 4, 04:00 am",0
"Jan 4, 05:00 am",0
"Jan 4, 06:00 am",0
"Jan 4, 07:00 am",0
"Jan 4, 08:00 am",5.41021
"Jan 4, 09:00 am",8.56087
"Jan 4, 10:00 am",9.87109
"Jan 4, 11:00 am",9.87306
"Jan 4, 12:00 pm",9.08783
"Jan 4, 01:00 pm",7.2387
"Jan 4, 02:00 pm",4.42703
"Jan 4, 03:00 pm",1.30589
"Jan 4, 04:00 pm",0.42257
"Jan 4, 05:00 pm",-0
"Jan 4, 06:00 pm",0
"Jan 4, 07:00 pm",0
"Jan 4, 08:00 pm",0
"Jan 4, 09:00 pm",0
"Jan 4, 10:00 pm",0
"Jan 4, 11:00 pm",0
"Jan 5, 12:00 am",0
"Jan 5, 01:00 am",0
"Jan 5, 02:00 am",0
"Jan 5, 03:00 am",0
"Jan 5, 04:00 am",0
"Jan 5, 05:00 am",0
"Jan 5, 06:00 am",0
"Jan 5, 07:00 am",0
"Jan 5, 08:00 am",5.15451
"Jan 5, 09:00 am",8.40234
"Jan 5, 10:00 am",9.67695
"Jan 5, 11:00 am",9.86623
"Jan 5, 12:00 pm",9.12049
"Jan 5, 01:00 pm",7.30295
"Jan 5, 02:00 pm",4.50553
"Jan 5, 03:00 pm",1.35148
"Jan 5, 04:00 pm",0.427705
"Jan 5, 05:00 pm",-0
"Jan 5, 06:00 pm",0
"Jan 5, 07:00 pm",0
"Jan 5, 08:00 pm",0
"Jan 5, 09:00 pm",0
"Jan 5, 10:00 pm",0
"Jan 5, 11:00 pm",0
"Jan 6, 12:00 am",0
"Jan 6, 01:00 am",0
"Jan 6, 02:00 am",0
"Jan 6, 03:00 am",0
"Jan 6, 04:00 am",0
"Jan 6, 05:00 am",0
"Jan 6, 06:00 am",0
"Jan 6, 07:00 am",0
"Jan 6, 08:00 am",4.971
"Jan 6, 09:00 am",8.17885
"Jan 6, 10:00 am",9.53617
"Jan 6, 11:00 am",9.6943
"Jan 6, 12:00 pm",8.97649
"Jan 6, 01:00 pm",7.20791
"Jan 6, 02:00 pm",4.46878
"Jan 6, 03:00 pm",1.40214
"Jan 6, 04:00 pm",0.463052
"Jan 6, 05:00 pm",-0
"Jan 6, 06:00 pm",0
"Jan 6, 07:00 pm",0
"Jan 6, 08:00 pm",0
"Jan 6, 09:00 pm",0
"Jan 6, 10:00 pm",0
"Jan 6, 11:00 pm",0
"Jan 7, 12:00 am",0
"Jan 7, 01:00 am",0
"Jan 7, 02:00 am",0
"Jan 7, 03:00 am",0
"Jan 7, 04:00 am",0
"Jan 7, 05:00 am",0
"Jan 7, 06:00 am",0
"Jan 7, 07:00 am",0
"Jan 7, 08:00 am",4.83257
"Jan 7, 09:00 am",8.10162
"Jan 7, 10:00 am",9.55259
"Jan 7, 11:00 am",9.88739
"Jan 7, 12:00 pm",9.12419
"Jan 7, 01:00 pm",7.34914
"Jan 7, 02:00 pm",4.55565
"Jan 7, 03:00 pm",1.51565
"Jan 7, 04:00 pm",0.48349
"Jan 7, 05:00 pm",-0
"Jan 7, 06:00 pm",0
"Jan 7, 07:00 pm",0
"Jan 7, 08:00 pm",0
"Jan 7, 09:00 pm",0
"Jan 7, 10:00 pm",0
"Jan 7, 11:00 pm",0
"Jan 8, 12:00 am",0
"Jan 8, 01:00 am",0
"Jan 8, 02:00 am",0
"Jan 8, 03:00 am",0
"Jan 8, 04:00 am",0
"Jan 8, 05:00 am",0
"Jan 8, 06:00 am",0
"Jan 8, 07:00 am",0
"Jan 8, 08:00 am",4.68376
"Jan 8, 09:00 am",8.27218
"Jan 8, 10:00 am",10.0416
"Jan 8, 11:00 am",10.4665
"Jan 8, 12:00 pm",9.74917
"Jan 8, 01:00 pm",7.85555
"Jan 8, 02:00 pm",4.83586
"Jan 8, 03:00 pm",1.58918
"Jan 8, 04:00 pm",0.473736
"Jan 8, 05:00 pm",-0
"Jan 8, 06:00 pm",0
"Jan 8, 07:00 pm",0
"Jan 8, 08:00 pm",0
"Jan 8, 09:00 pm",0
"Jan 8, 10:00 pm",0
"Jan 8, 11:00 pm",0
"Jan 9, 12:00 am",0
"Jan 9, 01:00 am",0
"Jan 9, 02:00 am",0
"Jan 9, 03:00 am",0
"Jan 9, 04:00 am",0
"Jan 9, 05:00 am",0
"Jan 9, 06:00 am",0
"Jan 9, 07:00 am",0
"Jan 9, 08:00 am",1.56468
"Jan 9, 09:00 am",8.33137
"Jan 9, 10:00 am",9.72655
"Jan 9, 11:00 am",9.94994
"Jan 9, 12:00 pm",9.29504
"Jan 9, 01:00 pm",5.82284
"Jan 9, 02:00 pm",4.70772
"Jan 9, 03:00 pm",1.60178
"Jan 9, 04:00 pm",0.555905
"Jan 9, 05:00 pm",-0
"Jan 9, 06:00 pm",0
"Jan 9, 07:00 pm",0
"Jan 9, 08:00 pm",0
"Jan 9, 09:00 pm",0
"Jan 9, 10:00 pm",0
"Jan 9, 11:00 pm",0
"Jan 10, 12:00 am",0
"Jan 10, 01:00 am",0
"Jan 10, 02:00 am",0
"Jan 10, 03:00 am",0
"Jan 10, 04:00 am",0
"Jan 10, 05:00 am",0
"Jan 10, 06:00 am",0
"Jan 10, 07:00 am",0
"Jan 10, 08:00 am",5.08766
"Jan 10, 09:00 am",8.27827
"Jan 10, 10:00 am",9.60292
"Jan 10, 11:00 am",9.69298
"Jan 10, 12:00 pm",9.01487
"Jan 10, 01:00 pm",6.08712
"Jan 10, 02:00 pm",4.72257
"Jan 10, 03:00 pm",2.04946
"Jan 10, 04:00 pm",0.46552
"Jan 10, 05:00 pm",-0
"Jan 10, 06:00 pm",0
"Jan 10, 07:00 pm",0
"Jan 10, 08:00 pm",0
"Jan 10, 09:00 pm",0
"Jan 10, 10:00 pm",0
"Jan 10, 11:00 pm",0
"Jan 11, 12:00 am",0
"Jan 11, 01:00 am",0
"Jan 11, 02:00 am",0
"Jan 11, 03:00 am",0
"Jan 11, 04:00 am",0
"Jan 11, 05:00 am",0
"Jan 11, 06:00 am",0
"Jan 11, 07:00 am",0
"Jan 11, 08:00 am",1.74143
"Jan 11, 09:00 am",5.75023
"Jan 11, 10:00 am",5.05699
"Jan 11, 11:00 am",6.47416
"Jan 11, 12:00 pm",7.66204
"Jan 11, 01:00 pm",5.70504
"Jan 11, 02:00 pm",4.34716
"Jan 11, 03:00 pm",1.86199
"Jan 11, 04:00 pm",0.922111
"Jan 11, 05:00 pm",-0
"Jan 11, 06:00 pm",0
"Jan 11, 07:00 pm",0
"Jan 11, 08:00 pm",0
"Jan 11, 09:00 pm",0
"Jan 11, 10:00 pm",0
"Jan 11, 11:00 pm",0
"Jan 12, 12:00 am",0
"Jan 12, 01:00 am",0
"Jan 12, 02:00 am",0
"Jan 12, 03:00 am",0
"Jan 12, 04:00 am",0
"Jan 12, 05:00 am",0
"Jan 12, 06:00 am",0
"Jan 12, 07:00 am",0
"Jan 12, 08:00 am",-0
"Jan 12, 09:00 am",1.49804
"Jan 12, 10:00 am",6.04141
"Jan 12, 11:00 am",7.95289
"Jan 12, 12:00 pm",3.27374
"Jan 12, 01:00 pm",4.27606
"Jan 12, 02:00 pm",3.14963
"Jan 12, 03:00 pm",2.14948
"Jan 12, 04:00 pm",0.54978
"Jan 12, 05:00 pm",0.00765807
"Jan 12, 06:00 pm",0
"Jan 12, 07:00 pm",0
"Jan 12, 08:00 pm",0
"Jan 12, 09:00 pm",0
"Jan 12, 10:00 pm",0
"Jan 12, 11:00 pm",0
"Jan 13, 12:00 am",0
"Jan 13, 01:00 am",0
"Jan 13, 02:00 am",0
"Jan 13, 03:00 am",0
"Jan 13, 04:00 am",0
"Jan 13, 05:00 am",0
"Jan 13, 06:00 am",0
"Jan 13, 07:00 am",0
"Jan 13, 08:00 am",6.02436
"Jan 13, 09:00 am",9.22723
"Jan 13, 10:00 am",10.5552
"Jan 13, 11:00 am",10.6243
"Jan 13, 12:00 pm",9.84392
"Jan 13, 01:00 pm",7.99736
"Jan 13, 02:00 pm",5.11738
"Jan 13, 03:00 pm",1.71462
"Jan 13, 04:00 pm",0.468318
"Jan 13, 05:00 pm",0.0287838
"Jan 13, 06:00 pm",0
"Jan 13, 07:00 pm",0
"Jan 13, 08:00 pm",0
"Jan 13, 09:00 pm",0
"Jan 13, 10:00 pm",0
"Jan 13, 11:00 pm",0
"Jan 14, 12:00 am",0
"Jan 14, 01:00 am",0
"Jan 14, 02:00 am",0
"Jan 14, 03:00 am",0
"Jan 14, 04:00 am",0
"Jan 14, 05:00 am",0
"Jan 14, 06:00 am",0
"Jan 14, 07:00 am",0
"Jan 14, 08:00 am",1.63143
"Jan 14, 09:00 am",4.57998
"Jan 14, 10:00 am",10.0966
"Jan 14, 11:00 am",7.79727
"Jan 14, 12:00 pm",7.99356
"Jan 14, 01:00 pm",7.05162
"Jan 14, 02:00 pm",4.27071
"Jan 14, 03:00 pm",1.617
"Jan 14, 04:00 pm",0.27528
"Jan 14, 05:00 pm",-0
"Jan 14, 06:00 pm",0
"Jan 14, 07:00 pm",0
"Jan 14, 08:00 pm",0
"Jan 14, 09:00 pm",0
"Jan 14, 10:00 pm",0
"Jan 14, 11:00 pm",0
"Jan 15, 12:00 am",0
"Jan 15, 01:00 am",0
"Jan 15, 02:00 am",0
"Jan 15, 03:00 am",0
"Jan 15, 04:00 am",0
"Jan 15, 05:00 am",0
"Jan 15, 06:00 am",0
"Jan 15, 07:00 am",0
"Jan 15, 08:00 am",0.0135515
"Jan 15, 09:00 am",1.74509
"Jan 15, 10:00 am",1.38126
"Jan 15, 11:00 am",3.19999
"Jan 15, 12:00 pm",1.07921
"Jan 15, 01:00 pm",3.74612
"Jan 15, 02:00 pm",2.51783
"Jan 15, 03:00 pm",1.81849
"Jan 15, 04:00 pm",0.374577
"Jan 15, 05:00 pm",-0
"Jan 15, 06:00 pm",0
"Jan 15, 07:00 pm",0
"Jan 15, 08:00 pm",0
"Jan 15, 09:00 pm",0
"Jan 15, 10:00 pm",0
"Jan 15, 11:00 pm",0
"Jan 16, 12:00 am",0
"Jan 16, 01:00 am",0
"Jan 16, 02:00 am",0
"Jan 16, 03:00 am",0
"Jan 16, 04:00 am",0
"Jan 16, 05:00 am",0
"Jan 16, 06:00 am",0
"Jan 16, 07:00 am",0
"Jan 16, 08:00 am",0.950615
"Jan 16, 09:00 am",8.14288
"Jan 16, 10:00 am",9.7476
"Jan 16, 11:00 am",7.1332
"Jan 16, 12:00 pm",7.71551
"Jan 16, 01:00 pm",6.18739
"Jan 16, 02:00 pm",4.2953
"Jan 16, 03:00 pm",1.99928
"Jan 16, 04:00 pm",0.680816
"Jan 16, 05:00 pm",0.06006
"Jan 16, 06:00 pm",0
"Jan 16, 07:00 pm",0
"Jan 16, 08:00 pm",0
"Jan 16, 09:00 pm",0
"Jan 16, 10:00 pm",0
"Jan 16, 11:00 pm",0
"Jan 17, 12:00 am",0
"Jan 17, 01:00 am",0
"Jan 17, 02:00 am",0
"Jan 17, 03:00 am",0
"Jan 17, 04:00 am",0
"Jan 17, 05:00 am",0
"Jan 17, 06:00 am",0
"Jan 17, 07:00 am",0
"Jan 17, 08:00 am",5.17777
"Jan 17, 09:00 am",8.50195
"Jan 17, 10:00 am",10.0689
"Jan 17, 11:00 am",10.2416
"Jan 17, 12:00 pm",9.55898
"Jan 17, 01:00 pm",7.85293
"Jan 17, 02:00 pm",5.14465
"Jan 17, 03:00 pm",1.95875
"Jan 17, 04:00 pm",0.589147
"Jan 17, 05:00 pm",0.0593863
"Jan 17, 06:00 pm",0
"Jan 17, 07:00 pm",0
"Jan 17, 08:00 pm",0
"Jan 17, 09:00 pm",0
"Jan 17, 10:00 pm",0
"Jan 17, 11:00 pm",0
"Jan 18, 12:00 am",0
"Jan 18, 01:00 am",0
"Jan 18, 02:00 am",0
"Jan 18, 03:00 am",0
"Jan 18, 04:00 am",0
"Jan 18, 05:00 am",0
"Jan 18, 06:00 am",0
"Jan 18, 07:00 am",0
"Jan 18, 08:00 am",5.3032
"Jan 18, 09:00 am",8.56572
"Jan 18, 10:00 am",10.0062
"Jan 18, 11:00 am",10.1
"Jan 18, 12:00 pm",9.46442
"Jan 18, 01:00 pm",7.82205
"Jan 18, 02:00 pm",5.19077
"Jan 18, 03:00 pm",2.01161
"Jan 18, 04:00 pm",0.54033
"Jan 18, 05:00 pm",0.0700301
"Jan 18, 06:00 pm",0
"Jan 18, 07:00 pm",0
"Jan 18, 08:00 pm",0
"Jan 18, 09:00 pm",0
"Jan 18, 10:00 pm",0
"Jan 18, 11:00 pm",0
"Jan 19, 12:00 am",0
"Jan 19, 01:00 am",0
"Jan 19, 02:00 am",0
"Jan 19, 03:00 am",0
"Jan 19, 04:00 am",0
"Jan 19, 05:00 am",0
"Jan 19, 06:00 am",0
"Jan 19, 07:00 am",0
"Jan 19, 08:00 am",5.1323
"Jan 19, 09:00 am",8.50253
"Jan 19, 10:00 am",9.98459
"Jan 19, 11:00 am",10.1414
"Jan 19, 12:00 pm",9.4361
"Jan 19, 01:00 pm",7.79296
"Jan 19, 02:00 pm",5.22923
"Jan 19, 03:00 pm",2.04982
"Jan 19, 04:00 pm",0.496088
"Jan 19, 05:00 pm",0.0504219
"Jan 19, 06:00 pm",0
"Jan 19, 07:00 pm",0
"Jan 19, 08:00 pm",0
"Jan 19, 09:00 pm",0
"Jan 19, 10:00 pm",0
"Jan 19, 11:00 pm",0
"Jan 20, 12:00 am",0
"Jan 20, 01:00 am",0
"Jan 20, 02:00 am",0
"Jan 20, 03:00 am",0
"Jan 20, 04:00 am",0
"Jan 20, 05:00 am",0
"Jan 20, 06:00 am",0
"Jan 20, 07:00 am",0
"Jan 20, 08:00 am",5.37812
"Jan 20, 09:00 am",8.64028
"Jan 20, 10:00 am",10.0484
"Jan 20, 11:00 am",10.1502
"Jan 20, 12:00 pm",9.53264
"Jan 20, 01:00 pm",7.91798
"Jan 20, 02:00 pm",5.28062
"Jan 20, 03:00 pm",2.03788
"Jan 20, 04:00 pm",0.534889
"Jan 20, 05:00 pm",0.0482706
"Jan 20, 06:00 pm",0
"Jan 20, 07:00 pm",0
"Jan 20, 08:00 pm",0
"Jan 20, 09:00 pm",0
"Jan 20, 10:00 pm",0
"Jan 20, 11:00 pm",0
"Jan 21, 12:00 am",0
"Jan 21, 01:00 am",0
"Jan 21, 02:00 am",0
"Jan 21, 03:00 am",0
"Jan 21, 04:00 am",0
"Jan 21, 05:00 am",0
"Jan 21, 06:00 am",0
"Jan 21, 07:00 am",0
"Jan 21, 08:00 am",1.33032
"Jan 21, 09:00 am",3.32732
"Jan 21, 10:00 am",5.44367
"Jan 21, 11:00 am",3.41944
"Jan 21, 12:00 pm",3.40122
"Jan 21, 01:00 pm",2.7296
"Jan 21, 02:00 pm",4.85954
"Jan 21, 03:00 pm",2.24285
"Jan 21, 04:00 pm",0.806037
"Jan 21, 05:00 pm",0.10126
"Jan 21, 06:00 pm",0
"Jan 21, 07:00 pm",0
"Jan 21, 08:00 pm",0
"Jan 21, 09:00 pm",0
"Jan 21, 10:00 pm",0
"Jan 21, 11:00 pm",0
"Jan 22, 12:00 am",0
"Jan 22, 01:00 am",0
"Jan 22, 02:00 am",0
"Jan 22, 03:00 am",0
"Jan 22, 04:00 am",0
"Jan 22, 05:00 am",0
"Jan 22, 06:00 am",0
"Jan 22, 07:00 am",-0
"Jan 22, 08:00 am",5.72222
"Jan 22, 09:00 am",5.38985
"Jan 22, 10:00 am",6.84321
"Jan 22, 11:00 am",6.46885
"Jan 22, 12:00 pm",7.78784
"Jan 22, 01:00 pm",5.72161
"Jan 22, 02:00 pm",4.24097
"Jan 22, 03:00 pm",2.07656
"Jan 22, 04:00 pm",1.1214
"Jan 22, 05:00 pm",0.0563277
"Jan 22, 06:00 pm",0
"Jan 22, 07:00 pm",0
"Jan 22, 08:00 pm",0
"Jan 22, 09:00 pm",0
"Jan 22, 10:00 pm",0
"Jan 22, 11:00 pm",0
"Jan 23, 12:00 am",0
"Jan 23, 01:00 am",0
"Jan 23, 02:00 am",0
"Jan 23, 03:00 am",0
"Jan 23, 04:00 am",0
"Jan 23, 05:00 am",0
"Jan 23, 06:00 am",0
"Jan 23, 07:00 am",-0
"Jan 23, 08:00 am",2.50592
"Jan 23, 09:00 am",8.7385
"Jan 23, 10:00 am",7.00969
"Jan 23, 11:00 am",5.20269
"Jan 23, 12:00 pm",5.47058
"Jan 23, 01:00 pm",5.3123
"Jan 23, 02:00 pm",4.79667
"Jan 23, 03:00 pm",1.8633
"Jan 23, 04:00 pm",1.01328
"Jan 23, 05:00 pm",0.058349
"Jan 23, 06:00 pm",0
"Jan 23, 07:00 pm",0
"Jan 23, 08:00 pm",0
"Jan 23, 09:00 pm",0
"Jan 23, 10:00 pm",0
"Jan 23, 11:00 pm",0
"Jan 24, 12:00 am",0
"Jan 24, 01:00 am",0
"Jan 24, 02:00 am",0
"Jan 24, 03:00 am",0
"Jan 24, 04:00 am",0
"Jan 24, 05:00 am",0
"Jan 24, 06:00 am",0
"Jan 24, 07:00 am",-0
"Jan 24, 08:00 am",5.60475
"Jan 24, 09:00 am",9.04727
"Jan 24, 10:00 am",10.7622
"Jan 24, 11:00 am",11.0767
"Jan 24, 12:00 pm",10.4245
"Jan 24, 01:00 pm",8.70904
"Jan 24, 02:00 pm",5.78102
"Jan 24, 03:00 pm",2.36306
"Jan 24, 04:00 pm",0.538371
"Jan 24, 05:00 pm",0.0966261
"Jan 24, 06:00 pm",0
"Jan 24, 07:00 pm",0
"Jan 24, 08:00 pm",0
"Jan 24, 09:00 pm",0
"Jan 24, 10:00 pm",0
"Jan 24, 11:00 pm",0
"Jan 25, 12:00 am",0
"Jan 25, 01:00 am",0
"Jan 25, 02:00 am",0
"Jan 25, 03:00 am",0
"Jan 25, 04:00 am",0
"Jan 25, 05:00 am",0
"Jan 25, 06:00 am",0
"Jan 25, 07:00 am",-0
"Jan 25, 08:00 am",6.06574
"Jan 25, 09:00 am",9.38998
"Jan 25, 10:00 am",11.032
"Jan 25, 11:00 am",11.3214
"Jan 25, 12:00 pm",10.6187
"Jan 25, 01:00 pm",8.84722
"Jan 25, 02:00 pm",5.93776
"Jan 25, 03:00 pm",2.38563
"Jan 25, 04:00 pm",0.551552
"Jan 25, 05:00 pm",0.0930458
"Jan 25, 06:00 pm",0
"Jan 25, 07:00 pm",0
"Jan 25, 08:00 pm",0
"Jan 25, 09:00 pm",0
"Jan 25, 10:00 pm",0
"Jan 25, 11:00 pm",0
"Jan 26, 12:00 am",0
"Jan 26, 01:00 am",0
"Jan 26, 02:00 am",0
"Jan 26, 03:00 am",0
"Jan 26, 04:00 am",0
"Jan 26, 05:00 am",0
"Jan 26, 06:00 am",0
"Jan 26, 07:00 am",-0
"Jan 26, 08:00 am",5.81149
"Jan 26, 09:00 am",9.0487
"Jan 26, 10:00 am",10.4073
"Jan 26, 11:00 am",10.5245
"Jan 26, 12:00 pm",9.89665
"Jan 26, 01:00 pm",8.34267
"Jan 26, 02:00 pm",5.66574
"Jan 26, 03:00 pm",2.39184
"Jan 26, 04:00 pm",0.525079
"Jan 26, 05:00 pm",0.101703
"Jan 26, 06:00 pm",0
"Jan 26, 07:00 pm",0
"Jan 26, 08:00 pm",0
"Jan 26, 09:00 pm",0
"Jan 26, 10:00 pm",0
"Jan 26, 11:00 pm",0
"Jan 27, 12:00 am",0
"Jan 27, 01:00 am",0
"Jan 27, 02:00 am",0
"Jan 27, 03:00 am",0
"Jan 27, 04:00 am",0
"Jan 27, 05:00 am",0
"Jan 27, 06:00 am",0
"Jan 27, 07:00 am",-0
"Jan 27, 08:00 am",1.49303
"Jan 27, 09:00 am",6.1491
"Jan 27, 10:00 am",6.02188
"Jan 27, 11:00 am",6.70208
"Jan 27, 12:00 pm",5.16238
"Jan 27, 01:00 pm",5.81076
"Jan 27, 02:00 pm",4.9394
"Jan 27, 03:00 pm",2.73534
"Jan 27, 04:00 pm",1.22128
"Jan 27, 05:00 pm",0.0653185
"Jan 27, 06:00 pm",0
"Jan 27, 07:00 pm",0
"Jan 27, 08:00 pm",0
"Jan 27, 09:00 pm",0
"Jan 27, 10:00 pm",0
"Jan 27, 11:00 pm",0
"Jan 28, 12:00 am",0
"Jan 28, 01:00 am",0
"Jan 28, 02:00 am",0
"Jan 28, 03:00 am",0
"Jan 28, 04:00 am",0
"Jan 28, 05:00 am",0
"Jan 28, 06:00 am",0
"Jan 28, 07:00 am",-0
"Jan 28, 08:00 am",6.1472
"Jan 28, 09:00 am",9.51951
"Jan 28, 10:00 am",11.0398
"Jan 28, 11:00 am",11.3062
"Jan 28, 12:00 pm",10.6361
"Jan 28, 01:00 pm",8.94447
"Jan 28, 02:00 pm",6.04973
"Jan 28, 03:00 pm",2.57155
"Jan 28, 04:00 pm",0.581109
"Jan 28, 05:00 pm",0.134483
"Jan 28, 06:00 pm",0
"Jan 28, 07:00 pm",0
"Jan 28, 08:00 pm",0
"Jan 28, 09:00 pm",0
"Jan 28, 10:00 pm",0
"Jan 28, 11:00 pm",0
"Jan 29, 12:00 am",0
"Jan 29, 01:00 am",0
"Jan 29, 02:00 am",0
"Jan 29, 03:00 am",0
"Jan 29, 04:00 am",0
"Jan 29, 05:00 am",0
"Jan 29, 06:00 am",0
"Jan 29, 07:00 am",-0
"Jan 29, 08:00 am",6.11094
"Jan 29, 09:00 am",9.46887
"Jan 29, 10:00 am",10.9027
"Jan 29, 11:00 am",11.1454
"Jan 29, 12:00 pm",10.5128
"Jan 29, 01:00 pm",8.87676
"Jan 29, 02:00 pm",6.04304
"Jan 29, 03:00 pm",2.63278
"Jan 29, 04:00 pm",0.561351
"Jan 29, 05:00 pm",0.164622
"Jan 29, 06:00 pm",0
"Jan 29, 07:00 pm",0
"Jan 29, 08:00 pm",0
"Jan 29, 09:00 pm",0
"Jan 29, 10:00 pm",0
"Jan 29, 11:00 pm",0
"Jan 30, 12:00 am",0
"Jan 30, 01:00 am",0
"Jan 30, 02:00 am",0
"Jan 30, 03:00 am",0
"Jan 30, 04:00 am",0
"Jan 30, 05:00 am",0
"Jan 30, 06:00 am",0
"Jan 30, 07:00 am",-0
"Jan 30, 08:00 am",6.09601
"Jan 30, 09:00 am",9.25165
"Jan 30, 10:00 am",10.4497
"Jan 30, 11:00 am",10.7671
"Jan 30, 12:00 pm",10.1265
"Jan 30, 01:00 pm",8.56197
"Jan 30, 02:00 pm",6.03539
"Jan 30, 03:00 pm",2.66145
"Jan 30, 04:00 pm",0.563634
"Jan 30, 05:00 pm",0.175274
"Jan 30, 06:00 pm",0
"Jan 30, 07:00 pm",0
"Jan 30, 08:00 pm",0
"Jan 30, 09:00 pm",0
"Jan 30, 10:00 pm",0
"Jan 30, 11:00 pm",0
"Jan 31, 12:00 am",0
"Jan 31, 01:00 am",0
"Jan 31, 02:00 am",0
"Jan 31, 03:00 am",0
"Jan 31, 04:00 am",0
"Jan 31, 05:00 am",0
"Jan 31, 06:00 am",0
"Jan 31, 07:00 am",-0
"Jan 31, 08:00 am",1.0294
"Jan 31, 09:00 am",8.91191
"Jan 31, 10:00 am",4.6913
"Jan 31, 11:00 am",10.8925
"Jan 31, 12:00 pm",10.2086
"Jan 31, 01:00 pm",8.73718
"Jan 31, 02:00 pm",6.06139
"Jan 31, 03:00 pm",2.71215
"Jan 31, 04:00 pm",0.546162
"Jan 31, 05:00 pm",0.269838
"Jan 31, 06:00 pm",0
"Jan 31, 07:00 pm",0
"Jan 31, 08:00 pm",0
"Jan 31, 09:00 pm",0
"Jan 31, 10:00 pm",0
"Jan 31, 11:00 pm",0
"Feb 1, 12:00 am",0
"Feb 1, 01:00 am",0
"Feb 1, 02:00 am",0
"Feb 1, 03:00 am",0
"Feb 1, 04:00 am",0
"Feb 1, 05:00 am",0
"Feb 1, 06:00 am",0
"Feb 1, 07:00 am",-0
"Feb 1, 08:00 am",7.00352
"Feb 1, 09:00 am",10.246
"Feb 1, 10:00 am",11.8274
"Feb 1, 11:00 am",12.0732
"Feb 1, 12:00 pm",11.3396
"Feb 1, 01:00 pm",9.57505
"Feb 1, 02:00 pm",6.60032
"Feb 1, 03:00 pm",2.93684
"Feb 1, 04:00 pm",0.5373
"Feb 1, 05:00 pm",0.223139
"Feb 1, 06:00 pm",0
"Feb 1, 07:00 pm",0
"Feb 1, 08:00 pm",0
"Feb 1, 09:00 pm",0
"Feb 1, 10:00 pm",0
"Feb 1, 11:00 pm",0
"Feb 2, 12:00 am",0
"Feb 2, 01:00 am",0
"Feb 2, 02:00 am",0
"Feb 2, 03:00 am",0
"Feb 2, 04:00 am",0
"Feb 2, 05:00 am",0
"Feb 2, 06:00 am",0
"Feb 2, 07:00 am",-0
"Feb 2, 08:00 am",6.49729
"Feb 2, 09:00 am",9.72171
"Feb 2, 10:00 am",11.1439
"Feb 2, 11:00 am",11.2998
"Feb 2, 12:00 pm",10.6904
"Feb 2, 01:00 pm",9.14916
"Feb 2, 02:00 pm",6.41733
"Feb 2, 03:00 pm",2.88845
"Feb 2, 04:00 pm",0.614414
"Feb 2, 05:00 pm",0.237185
"Feb 2, 06:00 pm",0
"Feb 2, 07:00 pm",0
"Feb 2, 08:00 pm",0
"Feb 2, 09:00 pm",0
"Feb 2, 10:00 pm",0
"Feb 2, 11:00 pm",0
"Feb 3, 12:00 am",0
"Feb 3, 01:00 am",0
"Feb 3, 02:00 am",0
"Feb 3, 03:00 am",0
"Feb 3, 04:00 am",0
"Feb 3, 05:00 am",0
"Feb 3, 06:00 am",0
"Feb 3, 07:00 am",-0
"Feb 3, 08:00 am",6.50746
"Feb 3, 09:00 am",9.64016
"Feb 3, 10:00 am",11.0483
"Feb 3, 11:00 am",9.15965
"Feb 3, 12:00 pm",10.6836
"Feb 3, 01:00 pm",9.09228
"Feb 3, 02:00 pm",6.34579
"Feb 3, 03:00 pm",2.96271
"Feb 3, 04:00 pm",0.748233
"Feb 3, 05:00 pm",0.206598
"Feb 3, 06:00 pm",0
"Feb 3, 07:00 pm",0
"Feb 3, 08:00 pm",0
"Feb 3, 09:00 pm",0
"Feb 3, 10:00 pm",0
"Feb 3, 11:00 pm",0
"Feb 4, 12:00 am",0
"Feb 4, 01:00 am",0
"Feb 4, 02:00 am",0
"Feb 4, 03:00 am",0
"Feb 4, 04:00 am",0
"Feb 4, 05:00 am",0
"Feb 4, 06:00 am",0
"Feb 4, 07:00 am",-0
"Feb 4, 08:00 am",6.6668
"Feb 4, 09:00 am",9.67125
"Feb 4, 10:00 am",11.0078
"Feb 4, 11:00 am",11.1978
"Feb 4, 12:00 pm",10.5361
"Feb 4, 01:00 pm",8.95853
"Feb 4, 02:00 pm",6.29447
"Feb 4, 03:00 pm",2.88103
"Feb 4, 04:00 pm",0.445056
"Feb 4, 05:00 pm",0.195988
"Feb 4, 06:00 pm",0
"Feb 4, 07:00 pm",0
"Feb 4, 08:00 pm",0
"Feb 4, 09:00 pm",0
"Feb 4, 10:00 pm",0
"Feb 4, 11:00 pm",0
"Feb 5, 12:00 am",0
"Feb 5, 01:00 am",0
"Feb 5, 02:00 am",0
"Feb 5, 03:00 am",0
"Feb 5, 04:00 am",0
"Feb 5, 05:00 am",0
"Feb 5, 06:00 am",0
"Feb 5, 07:00 am",-0
"Feb 5, 08:00 am",6.65157
"Feb 5, 09:00 am",9.46093
"Feb 5, 10:00 am",10.7963
"Feb 5, 11:00 am",11.027
"Feb 5, 12:00 pm",10.4577
"Feb 5, 01:00 pm",8.99173
"Feb 5, 02:00 pm",6.37886
"Feb 5, 03:00 pm",2.97335
"Feb 5, 04:00 pm",0.489577
"Feb 5, 05:00 pm",0.24489
"Feb 5, 06:00 pm",0
"Feb 5, 07:00 pm",0
"Feb 5, 08:00 pm",0
"Feb 5, 09:00 pm",0
"Feb 5, 10:00 pm",0
"Feb 5, 11:00 pm",0
"Feb 6, 12:00 am",0
"Feb 6, 01:00 am",0
"Feb 6, 02:00 am",0
"Feb 6, 03:00 am",0
"Feb 6, 04:00 am",0
"Feb 6, 05:00 am",0
"Feb 6, 06:00 am",0
"Feb 6, 07:00 am",0.0181929
"Feb 6, 08:00 am",6.48672
"Feb 6, 09:00 am",9.54154
"Feb 6, 10:00 am",8.10144
"Feb 6, 11:00 am",11.3185
"Feb 6, 12:00 pm",10.7296
"Feb 6, 01:00 pm",8.1525
"Feb 6, 02:00 pm",6.51616
"Feb 6, 03:00 pm",3.01636
"Feb 6, 04:00 pm",0.921634
"Feb 6, 05:00 pm",0.339401
"Feb 6, 06:00 pm",0
"Feb 6, 07:00 pm",0
"Feb 6, 08:00 pm",0
"Feb 6, 09:00 pm",0
"Feb 6, 10:00 pm",0
"Feb 6, 11:00 pm",0
"Feb 7, 12:00 am",0
"Feb 7, 01:00 am",0
"Feb 7, 02:00 am",0
"Feb 7, 03:00 am",0
"Feb 7, 04:00 am",0
"Feb 7, 05:00 am",0
"Feb 7, 06:00 am",0
"Feb 7, 07:00 am",0.205249
"Feb 7, 08:00 am",6.16593
"Feb 7, 09:00 am",9.49676
"Feb 7, 10:00 am",11.1702
"Feb 7, 11:00 am",11.6748
"Feb 7, 12:00 pm",11.0195
"Feb 7, 01:00 pm",9.38141
"Feb 7, 02:00 pm",6.75407
"Feb 7, 03:00 pm",3.32113
"Feb 7, 04:00 pm",0.899581
"Feb 7, 05:00 pm",0.393774
"Feb 7, 06:00 pm",0
"Feb 7, 07:00 pm",0
"Feb 7, 08:00 pm",0
"Feb 7, 09:00 pm",0
"Feb 7, 10:00 pm",0
"Feb 7, 11:00 pm",0
"Feb 8, 12:00 am",0
"Feb 8, 01:00 am",0
"Feb 8, 02:00 am",0
"Feb 8, 03:00 am",0
"Feb 8, 04:00 am",0
"Feb 8, 05:00 am",0
"Feb 8, 06:00 am",0
"Feb 8, 07:00 am",0.0112775
"Feb 8, 08:00 am",4.25322
"Feb 8, 09:00 am",6.15908
"Feb 8, 10:00 am",7.07683
"Feb 8, 11:00 am",12.3443
"Feb 8, 12:00 pm",11.6996
"Feb 8, 01:00 pm",8.08614
"Feb 8, 02:00 pm",6.19961
"Feb 8, 03:00 pm",3.51319
"Feb 8, 04:00 pm",0.824032
"Feb 8, 05:00 pm",0.369233
"Feb 8, 06:00 pm",0
"Feb 8, 07:00 pm",0
"Feb 8, 08:00 pm",0
"Feb 8, 09:00 pm",0
"Feb 8, 10:00 pm",0
"Feb 8, 11:00 pm",0
"Feb 9, 12:00 am",0
"Feb 9, 01:00 am",0
"Feb 9, 02:00 am",0
"Feb 9, 03:00 am",0
"Feb 9, 04:00 am",0
"Feb 9, 05:00 am",0
"Feb 9, 06:00 am",0
"Feb 9, 07:00 am",0.606125
"Feb 9, 08:00 am",6.85742
"Feb 9, 09:00 am",10.1709
"Feb 9, 10:00 am",11.9103
"Feb 9, 11:00 am",12.3442
"Feb 9, 12:00 pm",11.6827
"Feb 9, 01:00 pm",10.0133
"Feb 9, 02:00 pm",7.22448
"Feb 9, 03:00 pm",3.43808
"Feb 9, 04:00 pm",0.626878
"Feb 9, 05:00 pm",0.321422
"Feb 9, 06:00 pm",0
"Feb 9, 07:00 pm",0
"Feb 9, 08:00 pm",0
"Feb 9, 09:00 pm",0
"Feb 9, 10:00 pm",0
"Feb 9, 11:00 pm",0
"Feb 10, 12:00 am",0
"Feb 10, 01:00 am",0
"Feb 10, 02:00 am",0
"Feb 10, 03:00 am",0
"Feb 10, 04:00 am",0
"Feb 10, 05:00 am",0
"Feb 10, 06:00 am",0
"Feb 10, 07:00 am",0.143583
"Feb 10, 08:00 am",7.1389
"Feb 10, 09:00 am",10.1243
"Feb 10, 10:00 am",11.4848
"Feb 10, 11:00 am",10.1395
"Feb 10, 12:00 pm",10.0741
"Feb 10, 01:00 pm",9.49051
"Feb 10, 02:00 pm",5.86322
"Feb 10, 03:00 pm",3.5277
"Feb 10, 04:00 pm",0.783686
"Feb 10, 05:00 pm",0.407239
"Feb 10, 06:00 pm",0
"Feb 10, 07:00 pm",0
"Feb 10, 08:00 pm",0
"Feb 10, 09:00 pm",0
"Feb 10, 10:00 pm",0
"Feb 10, 11:00 pm",0
"Feb 11, 12:00 am",0
"Feb 11, 01:00 am",0
"Feb 11, 02:00 am",0
"Feb 11, 03:00 am",0
"Feb 11, 04:00 am",0
"Feb 11, 05:00 am",0
"Feb 11, 06:00 am",0
"Feb 11, 07:00 am",0.824962
"Feb 11, 08:00 am",6.98487
"Feb 11, 09:00 am",10.0904
"Feb 11, 10:00 am",11.4422
"Feb 11, 11:00 am",11.6193
"Feb 11, 12:00 pm",11.0094
"Feb 11, 01:00 pm",9.57659
"Feb 11, 02:00 pm",7.04145
"Feb 11, 03:00 pm",3.48393
"Feb 11, 04:00 pm",0.641121
"Feb 11, 05:00 pm",0.306179
"Feb 11, 06:00 pm",0
"Feb 11, 07:00 pm",0
"Feb 11, 08:00 pm",0
"Feb 11, 09:00 pm",0
"Feb 11, 10:00 pm",0
"Feb 11, 11:00 pm",0
"Feb 12, 12:00 am",0
"Feb 12, 01:00 am",0
"Feb 12, 02:00 am",0
"Feb 12, 03:00 am",0
"Feb 12, 04:00 am",0
"Feb 12, 05:00 am",0
"Feb 12, 06:00 am",0
"Feb 12, 07:00 am",1.0591
"Feb 12, 08:00 am",7.19757
"Feb 12, 09:00 am",10.1368
"Feb 12, 10:00 am",11.6985
"Feb 12, 11:00 am",12.2189
"Feb 12, 12:00 pm",11.62
"Feb 12, 01:00 pm",10.0068
"Feb 12, 02:00 pm",7.26435
"Feb 12, 03:00 pm",3.61497
"Feb 12, 04:00 pm",0.61308
"Feb 12, 05:00 pm",0.339184
"Feb 12, 06:00 pm",0
"Feb 12, 07:00 pm",0
"Feb 12, 08:00 pm",0
"Feb 12, 09:00 pm",0
"Feb 12, 10:00 pm",0
"Feb 12, 11:00 pm",0
"Feb 13, 12:00 am",0
"Feb 13, 01:00 am",0
"Feb 13, 02:00 am",0
"Feb 13, 03:00 am",0
"Feb 13, 04:00 am",0
"Feb 13, 05:00 am",0
"Feb 13, 06:00 am",0
"Feb 13, 07:00 am",1.18206
"Feb 13, 08:00 am",7.29406
"Feb 13, 09:00 am",10.4907
"Feb 13, 10:00 am",11.9934
"Feb 13, 11:00 am",10.0956
"Feb 13, 12:00 pm",7.32896
"Feb 13, 01:00 pm",2.67483
"Feb 13, 02:00 pm",1.15231
"Feb 13, 03:00 pm",3.66443
"Feb 13, 04:00 pm",1.43785
"Feb 13, 05:00 pm",0.558593
"Feb 13, 06:00 pm",0
"Feb 13, 07:00 pm",0
"Feb 13, 08:00 pm",0
"Feb 13, 09:00 pm",0
"Feb 13, 10:00 pm",0
"Feb 13, 11:00 pm",0
"Feb 14, 12:00 am",0
"Feb 14, 01:00 am",0
"Feb 14, 02:00 am",0
"Feb 14, 03:00 am",0
"Feb 14, 04:00 am",0
"Feb 14, 05:00 am",0
"Feb 14, 06:00 am",0
"Feb 14, 07:00 am",0.133588
"Feb 14, 08:00 am",0.481187
"Feb 14, 09:00 am",4.31421
"Feb 14, 10:00 am",6.55248
"Feb 14, 11:00 am",4.02504
"Feb 14, 12:00 pm",7.99048
"Feb 14, 01:00 pm",0.368961
"Feb 14, 02:00 pm",6.49184
"Feb 14, 03:00 pm",3.71179
"Feb 14, 04:00 pm",0.571597
"Feb 14, 05:00 pm",-0
"Feb 14, 06:00 pm",0
"Feb 14, 07:00 pm",0
"Feb 14, 08:00 pm",0
"Feb 14, 09:00 pm",0
"Feb 14, 10:00 pm",0
"Feb 14, 11:00 pm",0
"Feb 15, 12:00 am",0
"Feb 15, 01:00 am",0
"Feb 15, 02:00 am",0
"Feb 15, 03:00 am",0
"Feb 15, 04:00 am",0
"Feb 15, 05:00 am",0
"Feb 15, 06:00 am",0
"Feb 15, 07:00 am",1.38141
"Feb 15, 08:00 am",7.52748
"Feb 15, 09:00 am",10.6133
"Feb 15, 10:00 am",12.063
"Feb 15, 11:00 am",12.296
"Feb 15, 12:00 pm",11.5886
"Feb 15, 01:00 pm",9.9789
"Feb 15, 02:00 pm",7.40088
"Feb 15, 03:00 pm",3.83306
"Feb 15, 04:00 pm",0.70283
"Feb 15, 05:00 pm",0.3763
"Feb 15, 06:00 pm",0
"Feb 15, 07:00 pm",0
"Feb 15, 08:00 pm",0
"Feb 15, 09:00 pm",0
"Feb 15, 10:00 pm",0
"Feb 15, 11:00 pm",0
"Feb 16, 12:00 am",0
"Feb 16, 01:00 am",0
"Feb 16, 02:00 am",0
"Feb 16, 03:00 am",0
"Feb 16, 04:00 am",0
"Feb 16, 05:00 am",0
"Feb 16, 06:00 am",0
"Feb 16, 07:00 am",0.127027
"Feb 16, 08:00 am",3.04388
"Feb 16, 09:00 am",6.33728
"Feb 16, 10:00 am",7.7891
"Feb 16, 11:00 am",9.02502
"Feb 16, 12:00 pm",9.10547
"Feb 16, 01:00 pm",8.95905
"Feb 16, 02:00 pm",7.58287
"Feb 16, 03:00 pm",3.88941
"Feb 16, 04:00 pm",0.733822
"Feb 16, 05:00 pm",0.355082
"Feb 16, 06:00 pm",0
"Feb 16, 07:00 pm",0
"Feb 16, 08:00 pm",0
"Feb 16, 09:00 pm",0
"Feb 16, 10:00 pm",0
"Feb 16, 11:00 pm",0
"Feb 17, 12:00 am",0
"Feb 17, 01:00 am",0
"Feb 17, 02:00 am",0
"Feb 17, 03:00 am",0
"Feb 17, 04:00 am",0
"Feb 17, 05:00 am",0
"Feb 17, 06:00 am",0
"Feb 17, 07:00 am",1.45595
"Feb 17, 08:00 am",5.9482
"Feb 17, 09:00 am",7.02741
"Feb 17, 10:00 am",9.35476
"Feb 17, 11:00 am",11.0706
"Feb 17, 12:00 pm",7.66785
"Feb 17, 01:00 pm",5.98088
"Feb 17, 02:00 pm",4.85414
"Feb 17, 03:00 pm",3.20243
"Feb 17, 04:00 pm",1.57703
"Feb 17, 05:00 pm",0.603074
"Feb 17, 06:00 pm",0
"Feb 17, 07:00 pm",0
"Feb 17, 08:00 pm",0
"Feb 17, 09:00 pm",0
"Feb 17, 10:00 pm",0
"Feb 17, 11:00 pm",0
"Feb 18, 12:00 am",0
"Feb 18, 01:00 am",0
"Feb 18, 02:00 am",0
"Feb 18, 03:00 am",0
"Feb 18, 04:00 am",0
"Feb 18, 05:00 am",0
"Feb 18, 06:00 am",0
"Feb 18, 07:00 am",0.129935
"Feb 18, 08:00 am",5.21996
"Feb 18, 09:00 am",10.477
"Feb 18, 10:00 am",11.6741
"Feb 18, 11:00 am",11.7013
"Feb 18, 12:00 pm",11.217
"Feb 18, 01:00 pm",9.91746
"Feb 18, 02:00 pm",7.47306
"Feb 18, 03:00 pm",3.91688
"Feb 18, 04:00 pm",0.7899
"Feb 18, 05:00 pm",0.369772
"Feb 18, 06:00 pm",0
"Feb 18, 07:00 pm",0
"Feb 18, 08:00 pm",0
"Feb 18, 09:00 pm",0
"Feb 18, 10:00 pm",0
"Feb 18, 11:00 pm",0
"Feb 19, 12:00 am",0
"Feb 19, 01:00 am",0
"Feb 19, 02:00 am",0
"Feb 19, 03:00 am",0
"Feb 19, 04:00 am",0
"Feb 19, 05:00 am",0
"Feb 19, 06:00 am",0
"Feb 19, 07:00 am",1.83804
"Feb 19, 08:00 am",7.80599
"Feb 19, 09:00 am",10.731
"Feb 19, 10:00 am",12.0034
"Feb 19, 11:00 am",12.1878
"Feb 19, 12:00 pm",11.4275
"Feb 19, 01:00 pm",9.90227
"Feb 19, 02:00 pm",7.47396
"Feb 19, 03:00 pm",4.04659
"Feb 19, 04:00 pm",0.957161
"Feb 19, 05:00 pm",0.519954
"Feb 19, 06:00 pm",0
"Feb 19, 07:00 pm",0
"Feb 19, 08:00 pm",0
"Feb 19, 09:00 pm",0
"Feb 19, 10:00 pm",0
"Feb 19, 11:00 pm",0
"Feb 20, 12:00 am",0
"Feb 20, 01:00 am",0
"Feb 20, 02:00 am",0
"Feb 20, 03:00 am",0
"Feb 20, 04:00 am",0
"Feb 20, 05:00 am",0
"Feb 20, 06:00 am",0
"Feb 20, 07:00 am",1.39157
"Feb 20, 08:00 am",7.27836
"Feb 20, 09:00 am",10.2089
"Feb 20, 10:00 am",11.6739
"Feb 20, 11:00 am",12.0495
"Feb 20, 12:00 pm",11.3369
"Feb 20, 01:00 pm",9.83441
"Feb 20, 02:00 pm",7.46102
"Feb 20, 03:00 pm",3.97993
"Feb 20, 04:00 pm",0.822649
"Feb 20, 05:00 pm",0.37951
"Feb 20, 06:00 pm",0
"Feb 20, 07:00 pm",0
"Feb 20, 08:00 pm",0
"Feb 20, 09:00 pm",0
"Feb 20, 10:00 pm",0
"Feb 20, 11:00 pm",0
"Feb 21, 12:00 am",0
"Feb 21, 01:00 am",0
"Feb 21, 02:00 am",0
"Feb 21, 03:00 am",0
"Feb 21, 04:00 am",0
"Feb 21, 05:00 am",0
"Feb 21, 06:00 am",0
"Feb 21, 07:00 am",2.04503
"Feb 21, 08:00 am",7.768
"Feb 21, 09:00 am",10.6287
"Feb 21, 10:00 am",12.0585
"Feb 21, 11:00 am",10.5301
"Feb 21, 12:00 pm",11.6847
"Feb 21, 01:00 pm",10.122
"Feb 21, 02:00 pm",7.62315
"Feb 21, 03:00 pm",4.04885
"Feb 21, 04:00 pm",0.914089
"Feb 21, 05:00 pm",0.449587
"Feb 21, 06:00 pm",0
"Feb 21, 07:00 pm",0
"Feb 21, 08:00 pm",0
"Feb 21, 09:00 pm",0
"Feb 21, 10:00 pm",0
"Feb 21, 11:00 pm",0
"Feb 22, 12:00 am",0
"Feb 22, 01:00 am",0
"Feb 22, 02:00 am",0
"Feb 22, 03:00 am",0
"Feb 22, 04:00 am",0
"Feb 22, 05:00 am",0
"Feb 22, 06:00 am",0
"Feb 22, 07:00 am",1.34514
"Feb 22, 08:00 am",3.93017
"Feb 22, 09:00 am",10.1515
"Feb 22, 10:00 am",9.63214
"Feb 22, 11:00 am",10.0418
"Feb 22, 12:00 pm",9.73784
"Feb 22, 01:00 pm",8.21368
"Feb 22, 02:00 pm",6.37453
"Feb 22, 03:00 pm",3.96713
"Feb 22, 04:00 pm",1.83977
"Feb 22, 05:00 pm",0.623065
"Feb 22, 06:00 pm",0
"Feb 22, 07:00 pm",0
"Feb 22, 08:00 pm",0
"Feb 22, 09:00 pm",0
"Feb 22, 10:00 pm",0
"Feb 22, 11:00 pm",0
"Feb 23, 12:00 am",0
"Feb 23, 01:00 am",0
"Feb 23, 02:00 am",0
"Feb 23, 03:00 am",0
"Feb 23, 04:00 am",0
"Feb 23, 05:00 am",0
"Feb 23, 06:00 am",0
"Feb 23, 07:00 am",-0
"Feb 23, 08:00 am",1.41867
"Feb 23, 09:00 am",1.11215
"Feb 23, 10:00 am",9.76765
"Feb 23, 11:00 am",13.2923
"Feb 23, 12:00 pm",12.6331
"Feb 23, 01:00 pm",10.9704
"Feb 23, 02:00 pm",8.23172
"Feb 23, 03:00 pm",4.41541
"Feb 23, 04:00 pm",1.37432
"Feb 23, 05:00 pm",0.53631
"Feb 23, 06:00 pm",0
"Feb 23, 07:00 pm",0
"Feb 23, 08:00 pm",0
"Feb 23, 09:00 pm",0
"Feb 23, 10:00 pm",0
"Feb 23, 11:00 pm",0
"Feb 24, 12:00 am",0
"Feb 24, 01:00 am",0
"Feb 24, 02:00 am",0
"Feb 24, 03:00 am",0
"Feb 24, 04:00 am",0
"Feb 24, 05:00 am",0
"Feb 24, 06:00 am",0
"Feb 24, 07:00 am",2.66621
"Feb 24, 08:00 am",8.07438
"Feb 24, 09:00 am",10.9882
"Feb 24, 10:00 am",12.6221
"Feb 24, 11:00 am",13.119
"Feb 24, 12:00 pm",12.4765
"Feb 24, 01:00 pm",9.47848
"Feb 24, 02:00 pm",8.07797
"Feb 24, 03:00 pm",4.17601
"Feb 24, 04:00 pm",1.66489
"Feb 24, 05:00 pm",0.662326
"Feb 24, 06:00 pm",0
"Feb 24, 07:00 pm",0
"Feb 24, 08:00 pm",0
"Feb 24, 09:00 pm",0
"Feb 24, 10:00 pm",0
"Feb 24, 11:00 pm",0
"Feb 25, 12:00 am",0
"Feb 25, 01:00 am",0
"Feb 25, 02:00 am",0
"Feb 25, 03:00 am",0
"Feb 25, 04:00 am",0
"Feb 25, 05:00 am",0
"Feb 25, 06:00 am",0
"Feb 25, 07:00 am",0.0876974
"Feb 25, 08:00 am",1.72233
"Feb 25, 09:00 am",6.64515
"Feb 25, 10:00 am",7.27974
"Feb 25, 11:00 am",10.3604
"Feb 25, 12:00 pm",9.31485
"Feb 25, 01:00 pm",6.97791
"Feb 25, 02:00 pm",5.69786
"Feb 25, 03:00 pm",3.50627
"Feb 25, 04:00 pm",1.82771
"Feb 25, 05:00 pm",0.436825
"Feb 25, 06:00 pm",0
"Feb 25, 07:00 pm",0
"Feb 25, 08:00 pm",0
"Feb 25, 09:00 pm",0
"Feb 25, 10:00 pm",0
"Feb 25, 11:00 pm",0
"Feb 26, 12:00 am",0
"Feb 26, 01:00 am",0
"Feb 26, 02:00 am",0
"Feb 26, 03:00 am",0
"Feb 26, 04:00 am",0
"Feb 26, 05:00 am",0
"Feb 26, 06:00 am",0
"Feb 26, 07:00 am",0.076682
"Feb 26, 08:00 am",3.41055
"Feb 26, 09:00 am",11.0824
"Feb 26, 10:00 am",8.8883
"Feb 26, 11:00 am",9.58788
"Feb 26, 12:00 pm",10.3705
"Feb 26, 01:00 pm",3.79213
"Feb 26, 02:00 pm",5.53038
"Feb 26, 03:00 pm",4.40384
"Feb 26, 04:00 pm",1.03562
"Feb 26, 05:00 pm",0.431562
"Feb 26, 06:00 pm",0
"Feb 26, 07:00 pm",0
"Feb 26, 08:00 pm",0
"Feb 26, 09:00 pm",0
"Feb 26, 10:00 pm",0
"Feb 26, 11:00 pm",0
"Feb 27, 12:00 am",0
"Feb 27, 01:00 am",0
"Feb 27, 02:00 am",0
"Feb 27, 03:00 am",0
"Feb 27, 04:00 am",0
"Feb 27, 05:00 am",0
"Feb 27, 06:00 am",0
"Feb 27, 07:00 am",3.13683
"Feb 27, 08:00 am",8.11437
"Feb 27, 09:00 am",7.93818
"Feb 27, 10:00 am",9.96601
"Feb 27, 11:00 am",11.3534
"Feb 27, 12:00 pm",7.66821
"Feb 27, 01:00 pm",7.23668
"Feb 27, 02:00 pm",0.564135
"Feb 27, 03:00 pm",3.06131
"Feb 27, 04:00 pm",1.85377
"Feb 27, 05:00 pm",0.524215
"Feb 27, 06:00 pm",0
"Feb 27, 07:00 pm",0
"Feb 27, 08:00 pm",0
"Feb 27, 09:00 pm",0
"Feb 27, 10:00 pm",0
"Feb 27, 11:00 pm",0
"Feb 28, 12:00 am",0
"Feb 28, 01:00 am",0
"Feb 28, 02:00 am",0
"Feb 28, 03:00 am",0
"Feb 28, 04:00 am",0
"Feb 28, 05:00 am",0
"Feb 28, 06:00 am",0
"Feb 28, 07:00 am",1.40318
"Feb 28, 08:00 am",5.84957
"Feb 28, 09:00 am",9.01807
"Feb 28, 10:00 am",3.62297
"Feb 28, 11:00 am",2.27579
"Feb 28, 12:00 pm",7.60476
"Feb 28, 01:00 pm",0.844967
"Feb 28, 02:00 pm",0.767983
"Feb 28, 03:00 pm",3.83069
"Feb 28, 04:00 pm",1.50097
"Feb 28, 05:00 pm",0.39627
"Feb 28, 06:00 pm",0
"Feb 28, 07:00 pm",0
"Feb 28, 08:00 pm",0
"Feb 28, 09:00 pm",0
"Feb 28, 10:00 pm",0
"Feb 28, 11:00 pm",0
"Mar 1, 12:00 am",0
"Mar 1, 01:00 am",0
"Mar 1, 02:00 am",0
"Mar 1, 03:00 am",0
"Mar 1, 04:00 am",0
"Mar 1, 05:00 am",0
"Mar 1, 06:00 am",0
"Mar 1, 07:00 am",0.617222
"Mar 1, 08:00 am",3.40467
"Mar 1, 09:00 am",7.90988
"Mar 1, 10:00 am",10.1444
"Mar 1, 11:00 am",12.2993
"Mar 1, 12:00 pm",11.7797
"Mar 1, 01:00 pm",9.53338
"Mar 1, 02:00 pm",7.36084
"Mar 1, 03:00 pm",4.49905
"Mar 1, 04:00 pm",1.07184
"Mar 1, 05:00 pm",0.494354
"Mar 1, 06:00 pm",0
"Mar 1, 07:00 pm",0
"Mar 1, 08:00 pm",0
"Mar 1, 09:00 pm",0
"Mar 1, 10:00 pm",0
"Mar 1, 11:00 pm",0
"Mar 2, 12:00 am",0
"Mar 2, 01:00 am",0
"Mar 2, 02:00 am",0
"Mar 2, 03:00 am",0
"Mar 2, 04:00 am",0
"Mar 2, 05:00 am",0
"Mar 2, 06:00 am",0
"Mar 2, 07:00 am",3.68249
"Mar 2, 08:00 am",8.84828
"Mar 2, 09:00 am",11.3838
"Mar 2, 10:00 am",12.3928
"Mar 2, 11:00 am",10.6742
"Mar 2, 12:00 pm",9.96827
"Mar 2, 01:00 pm",10.347
"Mar 2, 02:00 pm",7.99694
"Mar 2, 03:00 pm",4.51585
"Mar 2, 04:00 pm",1.08888
"Mar 2, 05:00 pm",0.767469
"Mar 2, 06:00 pm",0
"Mar 2, 07:00 pm",0
"Mar 2, 08:00 pm",0
"Mar 2, 09:00 pm",0
"Mar 2, 10:00 pm",0
"Mar 2, 11:00 pm",0
"Mar 3, 12:00 am",0
"Mar 3, 01:00 am",0
"Mar 3, 02:00 am",0
"Mar 3, 03:00 am",0
"Mar 3, 04:00 am",0
"Mar 3, 05:00 am",0
"Mar 3, 06:00 am",0
"Mar 3, 07:00 am",3.99743
"Mar 3, 08:00 am",8.70202
"Mar 3, 09:00 am",11.2487
"Mar 3, 10:00 am",12.548
"Mar 3, 11:00 am",12.9382
"Mar 3, 12:00 pm",12.3032
"Mar 3, 01:00 pm",10.7459
"Mar 3, 02:00 pm",8.28963
"Mar 3, 03:00 pm",4.65253
"Mar 3, 04:00 pm",1.04707
"Mar 3, 05:00 pm",0.476283
"Mar 3, 06:00 pm",0
"Mar 3, 07:00 pm",0
"Mar 3, 08:00 pm",0
"Mar 3, 09:00 pm",0
"Mar 3, 10:00 pm",0
"Mar 3, 11:00 pm",0
"Mar 4, 12:00 am",0
"Mar 4, 01:00 am",0
"Mar 4, 02:00 am",0
"Mar 4, 03:00 am",0
"Mar 4, 04:00 am",0
"Mar 4, 05:00 am",0
"Mar 4, 06:00 am",0
"Mar 4, 07:00 am",0.404816
"Mar 4, 08:00 am",5.4803
"Mar 4, 09:00 am",7.1895
"Mar 4, 10:00 am",9.47528
"Mar 4, 11:00 am",10.5329
"Mar 4, 12:00 pm",10.6038
"Mar 4, 01:00 pm",9.50637
"Mar 4, 02:00 pm",7.08094
"Mar 4, 03:00 pm",4.4617
"Mar 4, 04:00 pm",1.20078
"Mar 4, 05:00 pm",0.509454
"Mar 4, 06:00 pm",0
"Mar 4, 07:00 pm",0
"Mar 4, 08:00 pm",0
"Mar 4, 09:00 pm",0
"Mar 4, 10:00 pm",0
"Mar 4, 11:00 pm",0
"Mar 5, 12:00 am",0
"Mar 5, 01:00 am",0
"Mar 5, 02:00 am",0
"Mar 5, 03:00 am",0
"Mar 5, 04:00 am",0
"Mar 5, 05:00 am",0
"Mar 5, 06:00 am",0
"Mar 5, 07:00 am",3.75684
"Mar 5, 08:00 am",8.89863
"Mar 5, 09:00 am",11.4891
"Mar 5, 10:00 am",12.58
"Mar 5, 11:00 am",12.7082
"Mar 5, 12:00 pm",11.9276
"Mar 5, 01:00 pm",10.3193
"Mar 5, 02:00 pm",8.10769
"Mar 5, 03:00 pm",4.74086
"Mar 5, 04:00 pm",1.15573
"Mar 5, 05:00 pm",0.43081
"Mar 5, 06:00 pm",0
"Mar 5, 07:00 pm",0
"Mar 5, 08:00 pm",0
"Mar 5, 09:00 pm",0
"Mar 5, 10:00 pm",0
"Mar 5, 11:00 pm",0
"Mar 6, 12:00 am",0
"Mar 6, 01:00 am",0
"Mar 6, 02:00 am",0
"Mar 6, 03:00 am",0
"Mar 6, 04:00 am",0
"Mar 6, 05:00 am",0
"Mar 6, 06:00 am",0
"Mar 6, 07:00 am",4.1957
"Mar 6, 08:00 am",9.01387
"Mar 6, 09:00 am",11.6105
"Mar 6, 10:00 am",12.9098
"Mar 6, 11:00 am",13.2797
"Mar 6, 12:00 pm",12.6911
"Mar 6, 01:00 pm",11.0988
"Mar 6, 02:00 pm",8.56359
"Mar 6, 03:00 pm",4.89668
"Mar 6, 04:00 pm",1.18256
"Mar 6, 05:00 pm",0.454969
"Mar 6, 06:00 pm",0
"Mar 6, 07:00 pm",0
"Mar 6, 08:00 pm",0
"Mar 6, 09:00 pm",0
"Mar 6, 10:00 pm",0
"Mar 6, 11:00 pm",0
"Mar 7, 12:00 am",0
"Mar 7, 01:00 am",0
"Mar 7, 02:00 am",0
"Mar 7, 03:00 am",0
"Mar 7, 04:00 am",0
"Mar 7, 05:00 am",0
"Mar 7, 06:00 am",0
"Mar 7, 07:00 am",3.82955
"Mar 7, 08:00 am",8.76074
"Mar 7, 09:00 am",0.705581
"Mar 7, 10:00 am",2.00212
"Mar 7, 11:00 am",0.614881
"Mar 7, 12:00 pm",3.87562
"Mar 7, 01:00 pm",2.06096
"Mar 7, 02:00 pm",2.68106
"Mar 7, 03:00 pm",4.15446
"Mar 7, 04:00 pm",2.25946
"Mar 7, 05:00 pm",-0
"Mar 7, 06:00 pm",0
"Mar 7, 07:00 pm",0
"Mar 7, 08:00 pm",0
"Mar 7, 09:00 pm",0
"Mar 7, 10:00 pm",0
"Mar 7, 11:00 pm",0
"Mar 8, 12:00 am",0
"Mar 8, 01:00 am",0
"Mar 8, 02:00 am",0
"Mar 8, 03:00 am",0
"Mar 8, 04:00 am",0
"Mar 8, 05:00 am",0
"Mar 8, 06:00 am",0
"Mar 8, 07:00 am",3.8797
"Mar 8, 08:00 am",8.96646
"Mar 8, 09:00 am",11.5585
"Mar 8, 10:00 am",13.0696
"Mar 8, 11:00 am",13.5353
"Mar 8, 12:00 pm",12.9162
"Mar 8, 01:00 pm",11.2595
"Mar 8, 02:00 pm",8.71605
"Mar 8, 03:00 pm",5.05378
"Mar 8, 04:00 pm",1.27788
"Mar 8, 05:00 pm",0.802756
"Mar 8, 06:00 pm",-0
"Mar 8, 07:00 pm",0
"Mar 8, 08:00 pm",0
"Mar 8, 09:00 pm",0
"Mar 8, 10:00 pm",0
"Mar 8, 11:00 pm",0
"Mar 9, 12:00 am",0
"Mar 9, 01:00 am",0
"Mar 9, 02:00 am",0
"Mar 9, 03:00 am",0
"Mar 9, 04:00 am",0
"Mar 9, 05:00 am",0
"Mar 9, 06:00 am",0
"Mar 9, 07:00 am",4.55373
"Mar 9, 08:00 am",9.43936
"Mar 9, 09:00 am",12.0287
"Mar 9, 10:00 am",13.3163
"Mar 9, 11:00 am",13.4676
"Mar 9, 12:00 pm",12.7049
"Mar 9, 01:00 pm",11.0844
"Mar 9, 02:00 pm",8.60321
"Mar 9, 03:00 pm",5.03828
"Mar 9, 04:00 pm",1.29927
"Mar 9, 05:00 pm",0.496093
"Mar 9, 06:00 pm",-0
"Mar 9, 07:00 pm",0
"Mar 9, 08:00 pm",0
"Mar 9, 09:00 pm",0
"Mar 9, 10:00 pm",0
"Mar 9, 11:00 pm",0
"Mar 10, 12:00 am",0
"Mar 10, 01:00 am",0
"Mar 10, 02:00 am",0
"Mar 10, 03:00 am",0
"Mar 10, 04:00 am",0
"Mar 10, 05:00 am",0
"Mar 10, 06:00 am",0
"Mar 10, 07:00 am",0.826101
"Mar 10, 08:00 am",6.6575
"Mar 10, 09:00 am",12.1561
"Mar 10, 10:00 am",13.2198
"Mar 10, 11:00 am",13.3327
"Mar 10, 12:00 pm",12.5038
"Mar 10, 01:00 pm",10.9882
"Mar 10, 02:00 pm",8.63963
"Mar 10, 03:00 pm",5.08368
"Mar 10, 04:00 pm",1.45838
"Mar 10, 05:00 pm",0.532775
"Mar 10, 06:00 pm",-0
"Mar 10, 07:00 pm",0
"Mar 10, 08:00 pm",0
"Mar 10, 09:00 pm",0
"Mar 10, 10:00 pm",0
"Mar 10, 11:00 pm",0
"Mar 11, 12:00 am",0
"Mar 11, 01:00 am",0
"Mar 11, 02:00 am",0
"Mar 11, 03:00 am",0
"Mar 11, 04:00 am",0
"Mar 11, 05:00 am",0
"Mar 11, 06:00 am",0
"Mar 11, 07:00 am",4.32862
"Mar 11, 08:00 am",9.04192
"Mar 11, 09:00 am",11.9067
"Mar 11, 10:00 am",13.3158
"Mar 11, 11:00 am",13.6567
"Mar 11, 12:00 pm",12.9539
"Mar 11, 01:00 pm",11.3981
"Mar 11, 02:00 pm",8.84909
"Mar 11, 03:00 pm",5.18678
"Mar 11, 04:00 pm",1.71604
"Mar 11, 05:00 pm",0.645692
"Mar 11, 06:00 pm",-0
"Mar 11, 07:00 pm",0
"Mar 11, 08:00 pm",0
"Mar 11, 09:00 pm",0
"Mar 11, 10:00 pm",0
"Mar 11, 11:00 pm",0
"Mar 12, 12:00 am",0
"Mar 12, 01:00 am",0
"Mar 12, 02:00 am",0
"Mar 12, 03:00 am",0
"Mar 12, 04:00 am",0
"Mar 12, 05:00 am",0
"Mar 12, 06:00 am",0
"Mar 12, 07:00 am",4.69462
"Mar 12, 08:00 am",9.57368
"Mar 12, 09:00 am",12.4287
"Mar 12, 10:00 am",13.9096
"Mar 12, 11:00 am",14.1791
"Mar 12, 12:00 pm",13.4202
"Mar 12, 01:00 pm",11.6462
"Mar 12, 02:00 pm",9.04774
"Mar 12, 03:00 pm",5.27216
"Mar 12, 04:00 pm",1.48808
"Mar 12, 05:00 pm",0.60568
"Mar 12, 06:00 pm",-0
"Mar 12, 07:00 pm",0
"Mar 12, 08:00 pm",0
"Mar 12, 09:00 pm",0
"Mar 12, 10:00 pm",0
"Mar 12, 11:00 pm",0
"Mar 13, 12:00 am",0
"Mar 13, 01:00 am",0
"Mar 13, 02:00 am",0
"Mar 13, 03:00 am",0
"Mar 13, 04:00 am",0
"Mar 13, 05:00 am",0
"Mar 13, 06:00 am",0
"Mar 13, 07:00 am",5.20488
"Mar 13, 08:00 am",9.6946
"Mar 13, 09:00 am",11.9292
"Mar 13, 10:00 am",12.789
"Mar 13, 11:00 am",13.2658
"Mar 13, 12:00 pm",12.7928
"Mar 13, 01:00 pm",11.2637
"Mar 13, 02:00 pm",8.87568
"Mar 13, 03:00 pm",5.23824
"Mar 13, 04:00 pm",1.53517
"Mar 13, 05:00 pm",0.579531
"Mar 13, 06:00 pm",-0
"Mar 13, 07:00 pm",0
"Mar 13, 08:00 pm",0
"Mar 13, 09:00 pm",0
"Mar 13, 10:00 pm",0
"Mar 13, 11:00 pm",0
"Mar 14, 12:00 am",0
"Mar 14, 01:00 am",0
"Mar 14, 02:00 am",0
"Mar 14, 03:00 am",0
"Mar 14, 04:00 am",0
"Mar 14, 05:00 am",0
"Mar 14, 06:00 am",0
"Mar 14, 07:00 am",5.26297
"Mar 14, 08:00 am",9.62665
"Mar 14, 09:00 am",11.9986
"Mar 14, 10:00 am",13.3229
"Mar 14, 11:00 am",12.0899
"Mar 14, 12:00 pm",11.5936
"Mar 14, 01:00 pm",10.1429
"Mar 14, 02:00 pm",6.90331
"Mar 14, 03:00 pm",4.80874
"Mar 14, 04:00 pm",0.525798
"Mar 14, 05:00 pm",0.970684
"Mar 14, 06:00 pm",-0
"Mar 14, 07:00 pm",0
"Mar 14, 08:00 pm",0
"Mar 14, 09:00 pm",0
"Mar 14, 10:00 pm",0
"Mar 14, 11:00 pm",0
"Mar 15, 12:00 am",0
"Mar 15, 01:00 am",0
"Mar 15, 02:00 am",0
"Mar 15, 03:00 am",0
"Mar 15, 04:00 am",0
"Mar 15, 05:00 am",0
"Mar 15, 06:00 am",0
"Mar 15, 07:00 am",1.8351
"Mar 15, 08:00 am",1.91858
"Mar 15, 09:00 am",6.60607
"Mar 15, 10:00 am",13.0361
"Mar 15, 11:00 am",14.1738
"Mar 15, 12:00 pm",13.4599
"Mar 15, 01:00 pm",11.7193
"Mar 15, 02:00 pm",9.06432
"Mar 15, 03:00 pm",5.35481
"Mar 15, 04:00 pm",1.56061
"Mar 15, 05:00 pm",0.641025
"Mar 15, 06:00 pm",-0
"Mar 15, 07:00 pm",0
"Mar 15, 08:00 pm",0
"Mar 15, 09:00 pm",0
"Mar 15, 10:00 pm",0
"Mar 15, 11:00 pm",0
"Mar 16, 12:00 am",0
"Mar 16, 01:00 am",0
"Mar 16, 02:00 am",0
"Mar 16, 03:00 am",0
"Mar 16, 04:00 am",0
"Mar 16, 05:00 am",0
"Mar 16, 06:00 am",0
"Mar 16, 07:00 am",0.000222218
"Mar 16, 08:00 am",5.01666
"Mar 16, 09:00 am",0.266405
"Mar 16, 10:00 am",1.87462
"Mar 16, 11:00 am",4.06924
"Mar 16, 12:00 pm",4.0341
"Mar 16, 01:00 pm",5.59879
"Mar 16, 02:00 pm",5.58899
"Mar 16, 03:00 pm",5.09365
"Mar 16, 04:00 pm",0.175667
"Mar 16, 05:00 pm",0.529904
"Mar 16, 06:00 pm",-0
"Mar 16, 07:00 pm",0
"Mar 16, 08:00 pm",0
"Mar 16, 09:00 pm",0
"Mar 16, 10:00 pm",0
"Mar 16, 11:00 pm",0
"Mar 17, 12:00 am",0
"Mar 17, 01:00 am",0
"Mar 17, 02:00 am",0
"Mar 17, 03:00 am",0
"Mar 17, 04:00 am",0
"Mar 17, 05:00 am",0
"Mar 17, 06:00 am",0
"Mar 17, 07:00 am",2.24813
"Mar 17, 08:00 am",2.40516
"Mar 17, 09:00 am",1.60143
"Mar 17, 10:00 am",4.98809
"Mar 17, 11:00 am",2.80537
"Mar 17, 12:00 pm",4.57236
"Mar 17, 01:00 pm",6.63295
"Mar 17, 02:00 pm",7.55753
"Mar 17, 03:00 pm",5.45456
"Mar 17, 04:00 pm",2.3408
"Mar 17, 05:00 pm",1.10578
"Mar 17, 06:00 pm",-0
"Mar 17, 07:00 pm",0
"Mar 17, 08:00 pm",0
"Mar 17, 09:00 pm",0
"Mar 17, 10:00 pm",0
"Mar 17, 11:00 pm",0
"Mar 18, 12:00 am",0
"Mar 18, 01:00 am",0
"Mar 18, 02:00 am",0
"Mar 18, 03:00 am",0
"Mar 18, 04:00 am",0
"Mar 18, 05:00 am",0
"Mar 18, 06:00 am",0
"Mar 18, 07:00 am",5.36391
"Mar 18, 08:00 am",9.75988
"Mar 18, 09:00 am",12.2412
"Mar 18, 10:00 am",13.6015
"Mar 18, 11:00 am",13.9308
"Mar 18, 12:00 pm",13.2121
"Mar 18, 01:00 pm",11.5397
"Mar 18, 02:00 pm",9.03154
"Mar 18, 03:00 pm",5.45515
"Mar 18, 04:00 pm",1.68111
"Mar 18, 05:00 pm",0.643273
"Mar 18, 06:00 pm",-0
"Mar 18, 07:00 pm",0
"Mar 18, 08:00 pm",0
"Mar 18, 09:00 pm",0
"Mar 18, 10:00 pm",0
"Mar 18, 11:00 pm",0
"Mar 19, 12:00 am",0
"Mar 19, 01:00 am",0
"Mar 19, 02:00 am",0
"Mar 19, 03:00 am",0
"Mar 19, 04:00 am",0
"Mar 19, 05:00 am",0
"Mar 19, 06:00 am",0
"Mar 19, 07:00 am",5.62468
"Mar 19, 08:00 am",9.90783
"Mar 19, 09:00 am",12.3697
"Mar 19, 10:00 am",13.6256
"Mar 19, 11:00 am",13.8712
"Mar 19, 12:00 pm",13.1558
"Mar 19, 01:00 pm",11.4987
"Mar 19, 02:00 pm",9.04066
"Mar 19, 03:00 pm",5.10392
"Mar 19, 04:00 pm",1.69467
"Mar 19, 05:00 pm",0.593645
"Mar 19, 06:00 pm",-0
"Mar 19, 07:00 pm",0
"Mar 19, 08:00 pm",0
"Mar 19, 09:00 pm",0
"Mar 19, 10:00 pm",0
"Mar 19, 11:00 pm",0
"Mar 20, 12:00 am",0
"Mar 20, 01:00 am",0
"Mar 20, 02:00 am",0
"Mar 20, 03:00 am",0
"Mar 20, 04:00 am",0
"Mar 20, 05:00 am",0
"Mar 20, 06:00 am",0
"Mar 20, 07:00 am",5.66354
"Mar 20, 08:00 am",7.61724
"Mar 20, 09:00 am",9.79913
"Mar 20, 10:00 am",12.8443
"Mar 20, 11:00 am",13.2307
"Mar 20, 12:00 pm",12.8145
"Mar 20, 01:00 pm",11.3201
"Mar 20, 02:00 pm",8.91228
"Mar 20, 03:00 pm",5.43491
"Mar 20, 04:00 pm",1.58347
"Mar 20, 05:00 pm",0.50883
"Mar 20, 06:00 pm",0.0141939
"Mar 20, 07:00 pm",0
"Mar 20, 08:00 pm",0
"Mar 20, 09:00 pm",0
"Mar 20, 10:00 pm",0
"Mar 20, 11:00 pm",0
"Mar 21, 12:00 am",0
"Mar 21, 01:00 am",0
"Mar 21, 02:00 am",0
"Mar 21, 03:00 am",0
"Mar 21, 04:00 am",0
"Mar 21, 05:00 am",0
"Mar 21, 06:00 am",0
"Mar 21, 07:00 am",6.46124
"Mar 21, 08:00 am",10.5435
"Mar 21, 09:00 am",12.8825
"Mar 21, 10:00 am",13.9869
"Mar 21, 11:00 am",14.0858
"Mar 21, 12:00 pm",13.2601
"Mar 21, 01:00 pm",11.5654
"Mar 21, 02:00 pm",9.06782
"Mar 21, 03:00 pm",5.54312
"Mar 21, 04:00 pm",1.65178
"Mar 21, 05:00 pm",0.482784
"Mar 21, 06:00 pm",0.0248959
"Mar 21, 07:00 pm",0
"Mar 21, 08:00 pm",0
"Mar 21, 09:00 pm",0
"Mar 21, 10:00 pm",0
"Mar 21, 11:00 pm",0
"Mar 22, 12:00 am",0
"Mar 22, 01:00 am",0
"Mar 22, 02:00 am",0
"Mar 22, 03:00 am",0
"Mar 22, 04:00 am",0
"Mar 22, 05:00 am",0
"Mar 22, 06:00 am",-0
"Mar 22, 07:00 am",6.43925
"Mar 22, 08:00 am",10.4583
"Mar 22, 09:00 am",12.6913
"Mar 22, 10:00 am",13.4765
"Mar 22, 11:00 am",13.3454
"Mar 22, 12:00 pm",12.757
"Mar 22, 01:00 pm",11.3905
"Mar 22, 02:00 pm",9.11213
"Mar 22, 03:00 pm",5.59495
"Mar 22, 04:00 pm",1.80154
"Mar 22, 05:00 pm",0.577397
"Mar 22, 06:00 pm",0.0352448
"Mar 22, 07:00 pm",0
"Mar 22, 08:00 pm",0
"Mar 22, 09:00 pm",0
"Mar 22, 10:00 pm",0
"Mar 22, 11:00 pm",0
"Mar 23, 12:00 am",0
"Mar 23, 01:00 am",0
"Mar 23, 02:00 am",0
"Mar 23, 03:00 am",0
"Mar 23, 04:00 am",0
"Mar 23, 05:00 am",0
"Mar 23, 06:00 am",-0
"Mar 23, 07:00 am",5.49141
"Mar 23, 08:00 am",9.92787
"Mar 23, 09:00 am",12.6382
"Mar 23, 10:00 am",13.9938
"Mar 23, 11:00 am",14.0753
"Mar 23, 12:00 pm",13.2357
"Mar 23, 01:00 pm",11.6111
"Mar 23, 02:00 pm",9.09648
"Mar 23, 03:00 pm",5.60813
"Mar 23, 04:00 pm",1.94384
"Mar 23, 05:00 pm",0.720452
"Mar 23, 06:00 pm",0.0364787
"Mar 23, 07:00 pm",0
"Mar 23, 08:00 pm",0
"Mar 23, 09:00 pm",0
"Mar 23, 10:00 pm",0
"Mar 23, 11:00 pm",0
"Mar 24, 12:00 am",0
"Mar 24, 01:00 am",0
"Mar 24, 02:00 am",0
"Mar 24, 03:00 am",0
"Mar 24, 04:00 am",0
"Mar 24, 05:00 am",0
"Mar 24, 06:00 am",-0
"Mar 24, 07:00 am",6.02903
"Mar 24, 08:00 am",10.0939
"Mar 24, 09:00 am",12.2712
"Mar 24, 10:00 am",13.023
"Mar 24, 11:00 am",13.0602
"Mar 24, 12:00 pm",12.5887
"Mar 24, 01:00 pm",11.167
"Mar 24, 02:00 pm",8.90716
"Mar 24, 03:00 pm",5.53714
"Mar 24, 04:00 pm",1.806
"Mar 24, 05:00 pm",0.606665
"Mar 24, 06:00 pm",0.0436226
"Mar 24, 07:00 pm",0
"Mar 24, 08:00 pm",0
"Mar 24, 09:00 pm",0
"Mar 24, 10:00 pm",0
"Mar 24, 11:00 pm",0
"Mar 25, 12:00 am",0
"Mar 25, 01:00 am",0
"Mar 25, 02:00 am",0
"Mar 25, 03:00 am",0
"Mar 25, 04:00 am",0
"Mar 25, 05:00 am",0
"Mar 25, 06:00 am",-0
"Mar 25, 07:00 am",4.96402
"Mar 25, 08:00 am",3.68279
"Mar 25, 09:00 am",10.3686
"Mar 25, 10:00 am",12.746
"Mar 25, 11:00 am",12.2521
"Mar 25, 12:00 pm",13.0909
"Mar 25, 01:00 pm",10.3994
"Mar 25, 02:00 pm",7.10775
"Mar 25, 03:00 pm",3.33666
"Mar 25, 04:00 pm",1.85932
"Mar 25, 05:00 pm",1.11637
"Mar 25, 06:00 pm",-0
"Mar 25, 07:00 pm",0
"Mar 25, 08:00 pm",0
"Mar 25, 09:00 pm",0
"Mar 25, 10:00 pm",0
"Mar 25, 11:00 pm",0
"Mar 26, 12:00 am",0
"Mar 26, 01:00 am",0
"Mar 26, 02:00 am",0
"Mar 26, 03:00 am",0
"Mar 26, 04:00 am",0
"Mar 26, 05:00 am",0
"Mar 26, 06:00 am",-0
"Mar 26, 07:00 am",0.070182
"Mar 26, 08:00 am",2.75331
"Mar 26, 09:00 am",5.0166
"Mar 26, 10:00 am",9.4801
"Mar 26, 11:00 am",9.70635
"Mar 26, 12:00 pm",7.46218
"Mar 26, 01:00 pm",5.26094
"Mar 26, 02:00 pm",3.00796
"Mar 26, 03:00 pm",4.81809
"Mar 26, 04:00 pm",2.72185
"Mar 26, 05:00 pm",0.795354
"Mar 26, 06:00 pm",0.0898779
"Mar 26, 07:00 pm",0
"Mar 26, 08:00 pm",0
"Mar 26, 09:00 pm",0
"Mar 26, 10:00 pm",0
"Mar 26, 11:00 pm",0
"Mar 27, 12:00 am",0
"Mar 27, 01:00 am",0
"Mar 27, 02:00 am",0
"Mar 27, 03:00 am",0
"Mar 27, 04:00 am",0
"Mar 27, 05:00 am",0
"Mar 27, 06:00 am",-0
"Mar 27, 07:00 am",5.98377
"Mar 27, 08:00 am",10.1917
"Mar 27, 09:00 am",12.5964
"Mar 27, 10:00 am",13.8645
"Mar 27, 11:00 am",14.0315
"Mar 27, 12:00 pm",13.2853
"Mar 27, 01:00 pm",11.6705
"Mar 27, 02:00 pm",9.21514
"Mar 27, 03:00 pm",5.83333
"Mar 27, 04:00 pm",2.059
"Mar 27, 05:00 pm",0.724326
"Mar 27, 06:00 pm",0.0783891
"Mar 27, 07:00 pm",0
"Mar 27, 08:00 pm",0
"Mar 27, 09:00 pm",0
"Mar 27, 10:00 pm",0
"Mar 27, 11:00 pm",0
"Mar 28, 12:00 am",0
"Mar 28, 01:00 am",0
"Mar 28, 02:00 am",0
"Mar 28, 03:00 am",0
"Mar 28, 04:00 am",0
"Mar 28, 05:00 am",0
"Mar 28, 06:00 am",-0
"Mar 28, 07:00 am",6.45862
"Mar 28, 08:00 am",10.3495
"Mar 28, 09:00 am",12.4704
"Mar 28, 10:00 am",13.5803
"Mar 28, 11:00 am",13.8304
"Mar 28, 12:00 pm",13.1012
"Mar 28, 01:00 pm",11.4792
"Mar 28, 02:00 pm",9.11812
"Mar 28, 03:00 pm",5.82397
"Mar 28, 04:00 pm",2.06001
"Mar 28, 05:00 pm",0.756192
"Mar 28, 06:00 pm",0.0544612
"Mar 28, 07:00 pm",0
"Mar 28, 08:00 pm",0
"Mar 28, 09:00 pm",0
"Mar 28, 10:00 pm",0
"Mar 28, 11:00 pm",0
"Mar 29, 12:00 am",0
"Mar 29, 01:00 am",0
"Mar 29, 02:00 am",0
"Mar 29, 03:00 am",0
"Mar 29, 04:00 am",0
"Mar 29, 05:00 am",0
"Mar 29, 06:00 am",0.107097
"Mar 29, 07:00 am",6.23273
"Mar 29, 08:00 am",9.97714
"Mar 29, 09:00 am",12.2213
"Mar 29, 10:00 am",13.4287
"Mar 29, 11:00 am",13.8198
"Mar 29, 12:00 pm",13.2105
"Mar 29, 01:00 pm",11.6137
"Mar 29, 02:00 pm",9.23947
"Mar 29, 03:00 pm",5.8818
"Mar 29, 04:00 pm",2.35498
"Mar 29, 05:00 pm",1.02061
"Mar 29, 06:00 pm",0.0527925
"Mar 29, 07:00 pm",0
"Mar 29, 08:00 pm",0
"Mar 29, 09:00 pm",0
"Mar 29, 10:00 pm",0
"Mar 29, 11:00 pm",0
"Mar 30, 12:00 am",0
"Mar 30, 01:00 am",0
"Mar 30, 02:00 am",0
"Mar 30, 03:00 am",0
"Mar 30, 04:00 am",0
"Mar 30, 05:00 am",0
"Mar 30, 06:00 am",0.0954435
"Mar 30, 07:00 am",5.97
"Mar 30, 08:00 am",10.0524
"Mar 30, 09:00 am",12.3753
"Mar 30, 10:00 am",13.4248
"Mar 30, 11:00 am",13.4385
"Mar 30, 12:00 pm",12.8796
"Mar 30, 01:00 pm",11.4271
"Mar 30, 02:00 pm",9.08358
"Mar 30, 03:00 pm",5.81221
"Mar 30, 04:00 pm",2.10284
"Mar 30, 05:00 pm",0.844849
"Mar 30, 06:00 pm",0.0786052
"Mar 30, 07:00 pm",0
"Mar 30, 08:00 pm",0
"Mar 30, 09:00 pm",0
"Mar 30, 10:00 pm",0
"Mar 30, 11:00 pm",0
"Mar 31, 12:00 am",0
"Mar 31, 01:00 am",0
"Mar 31, 02:00 am",0
"Mar 31, 03:00 am",0
"Mar 31, 04:00 am",0
"Mar 31, 05:00 am",0
"Mar 31, 06:00 am",0.139266
"Mar 31, 07:00 am",6.13319
"Mar 31, 08:00 am",10.4659
"Mar 31, 09:00 am",13.0197
"Mar 31, 10:00 am",14.3074
"Mar 31, 11:00 am",14.4094
"Mar 31, 12:00 pm",13.6586
"Mar 31, 01:00 pm",11.9922
"Mar 31, 02:00 pm",9.49888
"Mar 31, 03:00 pm",6.10939
"Mar 31, 04:00 pm",2.50099
"Mar 31, 05:00 pm",0.485081
"Mar 31, 06:00 pm",0.0584159
"Mar 31, 07:00 pm",0
"Mar 31, 08:00 pm",0
"Mar 31, 09:00 pm",0
"Mar 31, 10:00 pm",0
"Mar 31, 11:00 pm",0
"Apr 1, 12:00 am",0
"Apr 1, 01:00 am",0
"Apr 1, 02:00 am",0
"Apr 1, 03:00 am",0
"Apr 1, 04:00 am",0
"Apr 1, 05:00 am",0
"Apr 1, 06:00 am",0.685883
"Apr 1, 07:00 am",7.21787
"Apr 1, 08:00 am",10.6956
"Apr 1, 09:00 am",12.4903
"Apr 1, 10:00 am",13.1441
"Apr 1, 11:00 am",13.0053
"Apr 1, 12:00 pm",12.6291
"Apr 1, 01:00 pm",11.3022
"Apr 1, 02:00 pm",9.11607
"Apr 1, 03:00 pm",5.81134
"Apr 1, 04:00 pm",2.09902
"Apr 1, 05:00 pm",0.606876
"Apr 1, 06:00 pm",0.072392
"Apr 1, 07:00 pm",0
"Apr 1, 08:00 pm",0
"Apr 1, 09:00 pm",0
"Apr 1, 10:00 pm",0
"Apr 1, 11:00 pm",0
"Apr 2, 12:00 am",0
"Apr 2, 01:00 am",0
"Apr 2, 02:00 am",0
"Apr 2, 03:00 am",0
"Apr 2, 04:00 am",0
"Apr 2, 05:00 am",0
"Apr 2, 06:00 am",0.420198
"Apr 2, 07:00 am",6.31603
"Apr 2, 08:00 am",10.0928
"Apr 2, 09:00 am",12.1987
"Apr 2, 10:00 am",13.0773
"Apr 2, 11:00 am",12.9949
"Apr 2, 12:00 pm",12.314
"Apr 2, 01:00 pm",9.86745
"Apr 2, 02:00 pm",6.84941
"Apr 2, 03:00 pm",4.90974
"Apr 2, 04:00 pm",2.17774
"Apr 2, 05:00 pm",1.27372
"Apr 2, 06:00 pm",0.0923223
"Apr 2, 07:00 pm",0
"Apr 2, 08:00 pm",0
"Apr 2, 09:00 pm",0
"Apr 2, 10:00 pm",0
"Apr 2, 11:00 pm",0
"Apr 3, 12:00 am",0
"Apr 3, 01:00 am",0
"Apr 3, 02:00 am",0
"Apr 3, 03:00 am",0
"Apr 3, 04:00 am",0
"Apr 3, 05:00 am",0
"Apr 3, 06:00 am",0.157141
"Apr 3, 07:00 am",6.27031
"Apr 3, 08:00 am",10.4914
"Apr 3, 09:00 am",12.6997
"Apr 3, 10:00 am",13.6583
"Apr 3, 11:00 am",13.6427
"Apr 3, 12:00 pm",12.8804
"Apr 3, 01:00 pm",11.5084
"Apr 3, 02:00 pm",9.26156
"Apr 3, 03:00 pm",5.97229
"Apr 3, 04:00 pm",2.43215
"Apr 3, 05:00 pm",0.974514
"Apr 3, 06:00 pm",0.122366
"Apr 3, 07:00 pm",0
"Apr 3, 08:00 pm",0
"Apr 3, 09:00 pm",0
"Apr 3, 10:00 pm",0
"Apr 3, 11:00 pm",0
"Apr 4, 12:00 am",0
"Apr 4, 01:00 am",0
"Apr 4, 02:00 am",0
"Apr 4, 03:00 am",0
"Apr 4, 04:00 am",0
"Apr 4, 05:00 am",0
"Apr 4, 06:00 am",1.15634
"Apr 4, 07:00 am",8.24774
"Apr 4, 08:00 am",12.1296
"Apr 4, 09:00 am",14.3251
"Apr 4, 10:00 am",15.3074
"Apr 4, 11:00 am",15.0277
"Apr 4, 12:00 pm",14.0007
"Apr 4, 01:00 pm",12.2382
"Apr 4, 02:00 pm",9.71976
"Apr 4, 03:00 pm",6.23441
"Apr 4, 04:00 pm",2.18471
"Apr 4, 05:00 pm",0.565315
"Apr 4, 06:00 pm",0.0887623
"Apr 4, 07:00 pm",0
"Apr 4, 08:00 pm",0
"Apr 4, 09:00 pm",0
"Apr 4, 10:00 pm",0
"Apr 4, 11:00 pm",0
"Apr 5, 12:00 am",0
"Apr 5, 01:00 am",0
"Apr 5, 02:00 am",0
"Apr 5, 03:00 am",0
"Apr 5, 04:00 am",0
"Apr 5, 05:00 am",0
"Apr 5, 06:00 am",1.46374
"Apr 5, 07:00 am",7.87914
"Apr 5, 08:00 am",11.0316
"Apr 5, 09:00 am",12.518
"Apr 5, 10:00 am",13.3974
"Apr 5, 11:00 am",13.5154
"Apr 5, 12:00 pm",12.8337
"Apr 5, 01:00 pm",10.5197
"Apr 5, 02:00 pm",8.43035
"Apr 5, 03:00 pm",5.89631
"Apr 5, 04:00 pm",2.50032
"Apr 5, 05:00 pm",0.910748
"Apr 5, 06:00 pm",0.122388
"Apr 5, 07:00 pm",0
"Apr 5, 08:00 pm",0
"Apr 5, 09:00 pm",0
"Apr 5, 10:00 pm",0
"Apr 5, 11:00 pm",0
"Apr 6, 12:00 am",0
"Apr 6, 01:00 am",0
"Apr 6, 02:00 am",0
"Apr 6, 03:00 am",0
"Apr 6, 04:00 am",0
"Apr 6, 05:00 am",0
"Apr 6, 06:00 am",0.083659
"Apr 6, 07:00 am",0.392927
"Apr 6, 08:00 am",4.0283
"Apr 6, 09:00 am",7.0474
"Apr 6, 10:00 am",7.30964
"Apr 6, 11:00 am",2.9919
"Apr 6, 12:00 pm",2.36916
"Apr 6, 01:00 pm",4.65926
"Apr 6, 02:00 pm",0.274897
"Apr 6, 03:00 pm",4.95153
"Apr 6, 04:00 pm",0.458265
"Apr 6, 05:00 pm",1.26671
"Apr 6, 06:00 pm",0.0501788
"Apr 6, 07:00 pm",0
"Apr 6, 08:00 pm",0
"Apr 6, 09:00 pm",0
"Apr 6, 10:00 pm",0
"Apr 6, 11:00 pm",0
"Apr 7, 12:00 am",0
"Apr 7, 01:00 am",0
"Apr 7, 02:00 am",0
"Apr 7, 03:00 am",0
"Apr 7, 04:00 am",0
"Apr 7, 05:00 am",0
"Apr 7, 06:00 am",0.0446423
"Apr 7, 07:00 am",2.8449
"Apr 7, 08:00 am",10.7984
"Apr 7, 09:00 am",12.8879
"Apr 7, 10:00 am",14.1359
"Apr 7, 11:00 am",14.3856
"Apr 7, 12:00 pm",9.70121
"Apr 7, 01:00 pm",11.9878
"Apr 7, 02:00 pm",9.60976
"Apr 7, 03:00 pm",6.2558
"Apr 7, 04:00 pm",2.41104
"Apr 7, 05:00 pm",0.766498
"Apr 7, 06:00 pm",0.142147
"Apr 7, 07:00 pm",0
"Apr 7, 08:00 pm",0
"Apr 7, 09:00 pm",0
"Apr 7, 10:00 pm",0
"Apr 7, 11:00 pm",0
"Apr 8, 12:00 am",0
"Apr 8, 01:00 am",0
"Apr 8, 02:00 am",0
"Apr 8, 03:00 am",0
"Apr 8, 04:00 am",0
"Apr 8, 05:00 am",0
"Apr 8, 06:00 am",0.18621
"Apr 8, 07:00 am",2.68494
"Apr 8, 08:00 am",6.99188
"Apr 8, 09:00 am",8.40652
"Apr 8, 10:00 am",14.1648
"Apr 8, 11:00 am",11.5917
"Apr 8, 12:00 pm",11.9048
"Apr 8, 01:00 pm",11.8607
"Apr 8, 02:00 pm",8.41483
"Apr 8, 03:00 pm",5.70969
"Apr 8, 04:00 pm",2.93234
"Apr 8, 05:00 pm",1.34267
"Apr 8, 06:00 pm",0.181816
"Apr 8, 07:00 pm",0
"Apr 8, 08:00 pm",0
"Apr 8, 09:00 pm",0
"Apr 8, 10:00 pm",0
"Apr 8, 11:00 pm",0
"Apr 9, 12:00 am",0
"Apr 9, 01:00 am",0
"Apr 9, 02:00 am",0
"Apr 9, 03:00 am",0
"Apr 9, 04:00 am",0
"Apr 9, 05:00 am",0
"Apr 9, 06:00 am",-0
"Apr 9, 07:00 am",0.911777
"Apr 9, 08:00 am",0.16746
"Apr 9, 09:00 am",1.64489
"Apr 9, 10:00 am",4.60062
"Apr 9, 11:00 am",4.83007
"Apr 9, 12:00 pm",6.12946
"Apr 9, 01:00 pm",5.6481
"Apr 9, 02:00 pm",7.5188
"Apr 9, 03:00 pm",6.66614
"Apr 9, 04:00 pm",2.65868
"Apr 9, 05:00 pm",0.795087
"Apr 9, 06:00 pm",-0
"Apr 9, 07:00 pm",0
"Apr 9, 08:00 pm",0
"Apr 9, 09:00 pm",0
"Apr 9, 10:00 pm",0
"Apr 9, 11:00 pm",0
"Apr 10, 12:00 am",0
"Apr 10, 01:00 am",0
"Apr 10, 02:00 am",0
"Apr 10, 03:00 am",0
"Apr 10, 04:00 am",0
"Apr 10, 05:00 am",0
"Apr 10, 06:00 am",2.29278
"Apr 10, 07:00 am",8.44294
"Apr 10, 08:00 am",11.9085
"Apr 10, 09:00 am",13.8831
"Apr 10, 10:00 am",14.6841
"Apr 10, 11:00 am",14.5028
"Apr 10, 12:00 pm",13.9495
"Apr 10, 01:00 pm",12.4166
"Apr 10, 02:00 pm",9.88391
"Apr 10, 03:00 pm",6.5281
"Apr 10, 04:00 pm",2.64588
"Apr 10, 05:00 pm",0.877197
"Apr 10, 06:00 pm",0.212014
"Apr 10, 07:00 pm",0
"Apr 10, 08:00 pm",0
"Apr 10, 09:00 pm",0
"Apr 10, 10:00 pm",0
"Apr 10, 11:00 pm",0
"Apr 11, 12:00 am",0
"Apr 11, 01:00 am",0
"Apr 11, 02:00 am",0
"Apr 11, 03:00 am",0
"Apr 11, 04:00 am",0
"Apr 11, 05:00 am",0
"Apr 11, 06:00 am",2.5417
"Apr 11, 07:00 am",8.56601
"Apr 11, 08:00 am",11.918
"Apr 11, 09:00 am",13.8766
"Apr 11, 10:00 am",14.6375
"Apr 11, 11:00 am",14.4103
"Apr 11, 12:00 pm",12.4897
"Apr 11, 01:00 pm",12.0578
"Apr 11, 02:00 pm",9.83737
"Apr 11, 03:00 pm",6.48093
"Apr 11, 04:00 pm",2.55357
"Apr 11, 05:00 pm",0.619323
"Apr 11, 06:00 pm",0.199659
"Apr 11, 07:00 pm",0
"Apr 11, 08:00 pm",0
"Apr 11, 09:00 pm",0
"Apr 11, 10:00 pm",0
"Apr 11, 11:00 pm",0
"Apr 12, 12:00 am",0
"Apr 12, 01:00 am",0
"Apr 12, 02:00 am",0
"Apr 12, 03:00 am",0
"Apr 12, 04:00 am",0
"Apr 12, 05:00 am",0
"Apr 12, 06:00 am",-0
"Apr 12, 07:00 am",7.9392
"Apr 12, 08:00 am",11.491
"Apr 12, 09:00 am",13.478
"Apr 12, 10:00 am",14.1581
"Apr 12, 11:00 am",13.8976
"Apr 12, 12:00 pm",12.9444
"Apr 12, 01:00 pm",11.3679
"Apr 12, 02:00 pm",9.28182
"Apr 12, 03:00 pm",6.22826
"Apr 12, 04:00 pm",2.58472
"Apr 12, 05:00 pm",0.842903
"Apr 12, 06:00 pm",0.20728
"Apr 12, 07:00 pm",0
"Apr 12, 08:00 pm",0
"Apr 12, 09:00 pm",0
"Apr 12, 10:00 pm",0
"Apr 12, 11:00 pm",0
"Apr 13, 12:00 am",0
"Apr 13, 01:00 am",0
"Apr 13, 02:00 am",0
"Apr 13, 03:00 am",0
"Apr 13, 04:00 am",0
"Apr 13, 05:00 am",0
"Apr 13, 06:00 am",2.07465
"Apr 13, 07:00 am",7.57445
"Apr 13, 08:00 am",11.1258
"Apr 13, 09:00 am",13.1561
"Apr 13, 10:00 am",14.1018
"Apr 13, 11:00 am",14.0549
"Apr 13, 12:00 pm",13.2787
"Apr 13, 01:00 pm",11.939
"Apr 13, 02:00 pm",9.83195
"Apr 13, 03:00 pm",6.57134
"Apr 13, 04:00 pm",2.75688
"Apr 13, 05:00 pm",0.951706
"Apr 13, 06:00 pm",0.28388
"Apr 13, 07:00 pm",0
"Apr 13, 08:00 pm",0
"Apr 13, 09:00 pm",0
"Apr 13, 10:00 pm",0
"Apr 13, 11:00 pm",0
"Apr 14, 12:00 am",0
"Apr 14, 01:00 am",0
"Apr 14, 02:00 am",0
"Apr 14, 03:00 am",0
"Apr 14, 04:00 am",0
"Apr 14, 05:00 am",0
"Apr 14, 06:00 am",2.17474
"Apr 14, 07:00 am",7.99958
"Apr 14, 08:00 am",11.8917
"Apr 14, 09:00 am",14.2081
"Apr 14, 10:00 am",15.3886
"Apr 14, 11:00 am",15.1971
"Apr 14, 12:00 pm",14.3028
"Apr 14, 01:00 pm",12.5203
"Apr 14, 02:00 pm",9.99665
"Apr 14, 03:00 pm",6.62092
"Apr 14, 04:00 pm",2.7489
"Apr 14, 05:00 pm",0.913093
"Apr 14, 06:00 pm",0.285987
"Apr 14, 07:00 pm",0
"Apr 14, 08:00 pm",0
"Apr 14, 09:00 pm",0
"Apr 14, 10:00 pm",0
"Apr 14, 11:00 pm",0
"Apr 15, 12:00 am",0
"Apr 15, 01:00 am",0
"Apr 15, 02:00 am",0
"Apr 15, 03:00 am",0
"Apr 15, 04:00 am",0
"Apr 15, 05:00 am",0
"Apr 15, 06:00 am",2.53312
"Apr 15, 07:00 am",8.2023
"Apr 15, 08:00 am",11.8097
"Apr 15, 09:00 am",13.971
"Apr 15, 10:00 am",14.8588
"Apr 15, 11:00 am",14.7831
"Apr 15, 12:00 pm",13.8467
"Apr 15, 01:00 pm",12.1496
"Apr 15, 02:00 pm",9.77586
"Apr 15, 03:00 pm",6.45159
"Apr 15, 04:00 pm",2.62026
"Apr 15, 05:00 pm",0.726103
"Apr 15, 06:00 pm",0.250072
"Apr 15, 07:00 pm",0
"Apr 15, 08:00 pm",0
"Apr 15, 09:00 pm",0
"Apr 15, 10:00 pm",0
"Apr 15, 11:00 pm",0
"Apr 16, 12:00 am",0
"Apr 16, 01:00 am",0
"Apr 16, 02:00 am",0
"Apr 16, 03:00 am",0
"Apr 16, 04:00 am",0
"Apr 16, 05:00 am",0
"Apr 16, 06:00 am",3.00337
"Apr 16, 07:00 am",8.39953
"Apr 16, 08:00 am",11.6615
"Apr 16, 09:00 am",13.6633
"Apr 16, 10:00 am",14.5038
"Apr 16, 11:00 am",14.3405
"Apr 16, 12:00 pm",13.4771
"Apr 16, 01:00 pm",11.869
"Apr 16, 02:00 pm",9.48065
"Apr 16, 03:00 pm",6.29185
"Apr 16, 04:00 pm",2.61836
"Apr 16, 05:00 pm",0.660097
"Apr 16, 06:00 pm",0.246947
"Apr 16, 07:00 pm",0
"Apr 16, 08:00 pm",0
"Apr 16, 09:00 pm",0
"Apr 16, 10:00 pm",0
"Apr 16, 11:00 pm",0
"Apr 17, 12:00 am",0
"Apr 17, 01:00 am",0
"Apr 17, 02:00 am",0
"Apr 17, 03:00 am",0
"Apr 17, 04:00 am",0
"Apr 17, 05:00 am",0
"Apr 17, 06:00 am",2.75876
"Apr 17, 07:00 am",7.95326
"Apr 17, 08:00 am",11.1785
"Apr 17, 09:00 am",12.9848
"Apr 17, 10:00 am",13.8259
"Apr 17, 11:00 am",13.8646
"Apr 17, 12:00 pm",13.1684
"Apr 17, 01:00 pm",11.6427
"Apr 17, 02:00 pm",9.56704
"Apr 17, 03:00 pm",6.38958
"Apr 17, 04:00 pm",2.77472
"Apr 17, 05:00 pm",1.00871
"Apr 17, 06:00 pm",0.314426
"Apr 17, 07:00 pm",0
"Apr 17, 08:00 pm",0
"Apr 17, 09:00 pm",0
"Apr 17, 10:00 pm",0
"Apr 17, 11:00 pm",0
"Apr 18, 12:00 am",0
"Apr 18, 01:00 am",0
"Apr 18, 02:00 am",0
"Apr 18, 03:00 am",0
"Apr 18, 04:00 am",0
"Apr 18, 05:00 am",0
"Apr 18, 06:00 am",2.31698
"Apr 18, 07:00 am",6.88524
"Apr 18, 08:00 am",11.2153
"Apr 18, 09:00 am",13.0567
"Apr 18, 10:00 am",13.8647
"Apr 18, 11:00 am",14.0287
"Apr 18, 12:00 pm",13.3207
"Apr 18, 01:00 pm",11.7579
"Apr 18, 02:00 pm",9.51958
"Apr 18, 03:00 pm",6.41273
"Apr 18, 04:00 pm",3.08172
"Apr 18, 05:00 pm",1.39686
"Apr 18, 06:00 pm",0.00068231
"Apr 18, 07:00 pm",0
"Apr 18, 08:00 pm",0
"Apr 18, 09:00 pm",0
"Apr 18, 10:00 pm",0
"Apr 18, 11:00 pm",0
"Apr 19, 12:00 am",0
"Apr 19, 01:00 am",0
"Apr 19, 02:00 am",0
"Apr 19, 03:00 am",0
"Apr 19, 04:00 am",0
"Apr 19, 05:00 am",0
"Apr 19, 06:00 am",2.43306
"Apr 19, 07:00 am",7.56468
"Apr 19, 08:00 am",11.1011
"Apr 19, 09:00 am",13.0598
"Apr 19, 10:00 am",13.8618
"Apr 19, 11:00 am",12.6936
"Apr 19, 12:00 pm",12.9021
"Apr 19, 01:00 pm",11.3837
"Apr 19, 02:00 pm",8.81358
"Apr 19, 03:00 pm",6.08465
"Apr 19, 04:00 pm",3.10615
"Apr 19, 05:00 pm",1.05137
"Apr 19, 06:00 pm",0.361481
"Apr 19, 07:00 pm",0
"Apr 19, 08:00 pm",0
"Apr 19, 09:00 pm",0
"Apr 19, 10:00 pm",0
"Apr 19, 11:00 pm",0
"Apr 20, 12:00 am",0
"Apr 20, 01:00 am",0
"Apr 20, 02:00 am",0
"Apr 20, 03:00 am",0
"Apr 20, 04:00 am",0
"Apr 20, 05:00 am",0
"Apr 20, 06:00 am",2.72573
"Apr 20, 07:00 am",7.82177
"Apr 20, 08:00 am",11.1301
"Apr 20, 09:00 am",12.8741
"Apr 20, 10:00 am",11.1703
"Apr 20, 11:00 am",13.1165
"Apr 20, 12:00 pm",11.663
"Apr 20, 01:00 pm",10.176
"Apr 20, 02:00 pm",9.32861
"Apr 20, 03:00 pm",6.34975
"Apr 20, 04:00 pm",2.74467
"Apr 20, 05:00 pm",0.645103
"Apr 20, 06:00 pm",0.307456
"Apr 20, 07:00 pm",0
"Apr 20, 08:00 pm",0
"Apr 20, 09:00 pm",0
"Apr 20, 10:00 pm",0
"Apr 20, 11:00 pm",0
"Apr 21, 12:00 am",0
"Apr 21, 01:00 am",0
"Apr 21, 02:00 am",0
"Apr 21, 03:00 am",0
"Apr 21, 04:00 am",0
"Apr 21, 05:00 am",0
"Apr 21, 06:00 am",3.26862
"Apr 21, 07:00 am",8.36917
"Apr 21, 08:00 am",11.6843
"Apr 21, 09:00 am",13.7157
"Apr 21, 10:00 am",14.6067
"Apr 21, 11:00 am",14.5567
"Apr 21, 12:00 pm",13.7601
"Apr 21, 01:00 pm",12.1165
"Apr 21, 02:00 pm",9.76823
"Apr 21, 03:00 pm",6.5998
"Apr 21, 04:00 pm",2.89257
"Apr 21, 05:00 pm",0.884018
"Apr 21, 06:00 pm",0.34061
"Apr 21, 07:00 pm",0
"Apr 21, 08:00 pm",0
"Apr 21, 09:00 pm",0
"Apr 21, 10:00 pm",0
"Apr 21, 11:00 pm",0
"Apr 22, 12:00 am",0
"Apr 22, 01:00 am",0
"Apr 22, 02:00 am",0
"Apr 22, 03:00 am",0
"Apr 22, 04:00 am",0
"Apr 22, 05:00 am",0
"Apr 22, 06:00 am",3.27561
"Apr 22, 07:00 am",8.42264
"Apr 22, 08:00 am",11.6917
"Apr 22, 09:00 am",13.5851
"Apr 22, 10:00 am",14.2977
"Apr 22, 11:00 am",14.233
"Apr 22, 12:00 pm",13.4636
"Apr 22, 01:00 pm",11.9226
"Apr 22, 02:00 pm",9.65661
"Apr 22, 03:00 pm",6.52548
"Apr 22, 04:00 pm",2.80965
"Apr 22, 05:00 pm",0.718042
"Apr 22, 06:00 pm",0.306571
"Apr 22, 07:00 pm",0
"Apr 22, 08:00 pm",0
"Apr 22, 09:00 pm",0
"Apr 22, 10:00 pm",0
"Apr 22, 11:00 pm",0
"Apr 23, 12:00 am",0
"Apr 23, 01:00 am",0
"Apr 23, 02:00 am",0
"Apr 23, 03:00 am",0
"Apr 23, 04:00 am",0
"Apr 23, 05:00 am",0
"Apr 23, 06:00 am",0.279187
"Apr 23, 07:00 am",0.961773
"Apr 23, 08:00 am",2.78562
"Apr 23, 09:00 am",13.2499
"Apr 23, 10:00 am",11.7734
"Apr 23, 11:00 am",13.407
"Apr 23, 12:00 pm",12.3718
"Apr 23, 01:00 pm",9.89097
"Apr 23, 02:00 pm",8.2436
"Apr 23, 03:00 pm",6.05359
"Apr 23, 04:00 pm",3.38873
"Apr 23, 05:00 pm",1.08329
"Apr 23, 06:00 pm",0.388411
"Apr 23, 07:00 pm",0
"Apr 23, 08:00 pm",0
"Apr 23, 09:00 pm",0
"Apr 23, 10:00 pm",0
"Apr 23, 11:00 pm",0
"Apr 24, 12:00 am",0
"Apr 24, 01:00 am",0
"Apr 24, 02:00 am",0
"Apr 24, 03:00 am",0
"Apr 24, 04:00 am",0
"Apr 24, 05:00 am",0
"Apr 24, 06:00 am",2.76854
"Apr 24, 07:00 am",7.68104
"Apr 24, 08:00 am",11.2431
"Apr 24, 09:00 am",13.3772
"Apr 24, 10:00 am",14.4155
"Apr 24, 11:00 am",14.3102
"Apr 24, 12:00 pm",13.6049
"Apr 24, 01:00 pm",12.1317
"Apr 24, 02:00 pm",9.90597
"Apr 24, 03:00 pm",6.3357
"Apr 24, 04:00 pm",3.01044
"Apr 24, 05:00 pm",1.43865
"Apr 24, 06:00 pm",0.461818
"Apr 24, 07:00 pm",0
"Apr 24, 08:00 pm",0
"Apr 24, 09:00 pm",0
"Apr 24, 10:00 pm",0
"Apr 24, 11:00 pm",0
"Apr 25, 12:00 am",0
"Apr 25, 01:00 am",0
"Apr 25, 02:00 am",0
"Apr 25, 03:00 am",0
"Apr 25, 04:00 am",0
"Apr 25, 05:00 am",0
"Apr 25, 06:00 am",2.57262
"Apr 25, 07:00 am",7.80094
"Apr 25, 08:00 am",11.4457
"Apr 25, 09:00 am",13.5448
"Apr 25, 10:00 am",14.3141
"Apr 25, 11:00 am",14.2734
"Apr 25, 12:00 pm",13.4164
"Apr 25, 01:00 pm",11.8582
"Apr 25, 02:00 pm",9.6623
"Apr 25, 03:00 pm",6.65678
"Apr 25, 04:00 pm",3.20693
"Apr 25, 05:00 pm",1.12749
"Apr 25, 06:00 pm",0.453892
"Apr 25, 07:00 pm",0
"Apr 25, 08:00 pm",0
"Apr 25, 09:00 pm",0
"Apr 25, 10:00 pm",0
"Apr 25, 11:00 pm",0
"Apr 26, 12:00 am",0
"Apr 26, 01:00 am",0
"Apr 26, 02:00 am",0
"Apr 26, 03:00 am",0
"Apr 26, 04:00 am",0
"Apr 26, 05:00 am",0
"Apr 26, 06:00 am",3.53558
"Apr 26, 07:00 am",8.81853
"Apr 26, 08:00 am",12.3084
"Apr 26, 09:00 am",14.4968
"Apr 26, 10:00 am",15.421
"Apr 26, 11:00 am",15.133
"Apr 26, 12:00 pm",14.2662
"Apr 26, 01:00 pm",12.6106
"Apr 26, 02:00 pm",10.1633
"Apr 26, 03:00 pm",6.87589
"Apr 26, 04:00 pm",3.03573
"Apr 26, 05:00 pm",0.764045
"Apr 26, 06:00 pm",0.357664
"Apr 26, 07:00 pm",0
"Apr 26, 08:00 pm",0
"Apr 26, 09:00 pm",0
"Apr 26, 10:00 pm",0
"Apr 26, 11:00 pm",0
"Apr 27, 12:00 am",0
"Apr 27, 01:00 am",0
"Apr 27, 02:00 am",0
"Apr 27, 03:00 am",0
"Apr 27, 04:00 am",0
"Apr 27, 05:00 am",0
"Apr 27, 06:00 am",4.87453
"Apr 27, 07:00 am",9.65713
"Apr 27, 08:00 am",12.6776
"Apr 27, 09:00 am",14.5158
"Apr 27, 10:00 am",15.2613
"Apr 27, 11:00 am",15.043
"Apr 27, 12:00 pm",13.9816
"Apr 27, 01:00 pm",12.264
"Apr 27, 02:00 pm",9.94381
"Apr 27, 03:00 pm",6.83438
"Apr 27, 04:00 pm",2.95022
"Apr 27, 05:00 pm",0.589327
"Apr 27, 06:00 pm",0.287838
"Apr 27, 07:00 pm",0
"Apr 27, 08:00 pm",0
"Apr 27, 09:00 pm",0
"Apr 27, 10:00 pm",0
"Apr 27, 11:00 pm",0
"Apr 28, 12:00 am",0
"Apr 28, 01:00 am",0
"Apr 28, 02:00 am",0
"Apr 28, 03:00 am",0
"Apr 28, 04:00 am",0
"Apr 28, 05:00 am",0
"Apr 28, 06:00 am",4.50501
"Apr 28, 07:00 am",8.99996
"Apr 28, 08:00 am",11.8213
"Apr 28, 09:00 am",13.4485
"Apr 28, 10:00 am",14.5444
"Apr 28, 11:00 am",14.4377
"Apr 28, 12:00 pm",13.5239
"Apr 28, 01:00 pm",11.8277
"Apr 28, 02:00 pm",9.53166
"Apr 28, 03:00 pm",6.58152
"Apr 28, 04:00 pm",3.19749
"Apr 28, 05:00 pm",0.945099
"Apr 28, 06:00 pm",0.378052
"Apr 28, 07:00 pm",0
"Apr 28, 08:00 pm",0
"Apr 28, 09:00 pm",0
"Apr 28, 10:00 pm",0
"Apr 28, 11:00 pm",0
"Apr 29, 12:00 am",0
"Apr 29, 01:00 am",0
"Apr 29, 02:00 am",0
"Apr 29, 03:00 am",0
"Apr 29, 04:00 am",0
"Apr 29, 05:00 am",0
"Apr 29, 06:00 am",4.09508
"Apr 29, 07:00 am",8.92264
"Apr 29, 08:00 am",12.083
"Apr 29, 09:00 am",14.1234
"Apr 29, 10:00 am",15.0223
"Apr 29, 11:00 am",15.112
"Apr 29, 12:00 pm",14.2677
"Apr 29, 01:00 pm",12.58
"Apr 29, 02:00 pm",10.1832
"Apr 29, 03:00 pm",6.90564
"Apr 29, 04:00 pm",3.14844
"Apr 29, 05:00 pm",0.699088
"Apr 29, 06:00 pm",0.386856
"Apr 29, 07:00 pm",0
"Apr 29, 08:00 pm",0
"Apr 29, 09:00 pm",0
"Apr 29, 10:00 pm",0
"Apr 29, 11:00 pm",0
"Apr 30, 12:00 am",0
"Apr 30, 01:00 am",0
"Apr 30, 02:00 am",0
"Apr 30, 03:00 am",0
"Apr 30, 04:00 am",0
"Apr 30, 05:00 am",0
"Apr 30, 06:00 am",4.31114
"Apr 30, 07:00 am",9.52057
"Apr 30, 08:00 am",12.8797
"Apr 30, 09:00 am",14.9819
"Apr 30, 10:00 am",16.0088
"Apr 30, 11:00 am",15.8215
"Apr 30, 12:00 pm",14.7794
"Apr 30, 01:00 pm",13.2279
"Apr 30, 02:00 pm",10.6781
"Apr 30, 03:00 pm",7.28318
"Apr 30, 04:00 pm",3.44982
"Apr 30, 05:00 pm",0.851745
"Apr 30, 06:00 pm",0.423929
"Apr 30, 07:00 pm",0
"Apr 30, 08:00 pm",0
"Apr 30, 09:00 pm",0
"Apr 30, 10:00 pm",0
"Apr 30, 11:00 pm",0
"May 1, 12:00 am",0
"May 1, 01:00 am",0
"May 1, 02:00 am",0
"May 1, 03:00 am",0
"May 1, 04:00 am",0
"May 1, 05:00 am",0
"May 1, 06:00 am",3.62762
"May 1, 07:00 am",8.38437
"May 1, 08:00 am",11.7036
"May 1, 09:00 am",13.6072
"May 1, 10:00 am",14.6202
"May 1, 11:00 am",14.6852
"May 1, 12:00 pm",13.9251
"May 1, 01:00 pm",12.3932
"May 1, 02:00 pm",10.0717
"May 1, 03:00 pm",6.93298
"May 1, 04:00 pm",3.20917
"May 1, 05:00 pm",0.835583
"May 1, 06:00 pm",0.447363
"May 1, 07:00 pm",0
"May 1, 08:00 pm",0
"May 1, 09:00 pm",0
"May 1, 10:00 pm",0
"May 1, 11:00 pm",0
"May 2, 12:00 am",0
"May 2, 01:00 am",0
"May 2, 02:00 am",0
"May 2, 03:00 am",0
"May 2, 04:00 am",0
"May 2, 05:00 am",0
"May 2, 06:00 am",4.31301
"May 2, 07:00 am",8.95614
"May 2, 08:00 am",11.8001
"May 2, 09:00 am",13.3755
"May 2, 10:00 am",13.8677
"May 2, 11:00 am",13.8616
"May 2, 12:00 pm",13.0252
"May 2, 01:00 pm",11.4744
"May 2, 02:00 pm",9.57617
"May 2, 03:00 pm",6.76977
"May 2, 04:00 pm",3.23246
"May 2, 05:00 pm",0.858056
"May 2, 06:00 pm",0.464384
"May 2, 07:00 pm",0
"May 2, 08:00 pm",0
"May 2, 09:00 pm",0
"May 2, 10:00 pm",0
"May 2, 11:00 pm",0
"May 3, 12:00 am",0
"May 3, 01:00 am",0
"May 3, 02:00 am",0
"May 3, 03:00 am",0
"May 3, 04:00 am",0
"May 3, 05:00 am",0
"May 3, 06:00 am",2.72763
"May 3, 07:00 am",6.92329
"May 3, 08:00 am",12.8116
"May 3, 09:00 am",15.0393
"May 3, 10:00 am",16.0226
"May 3, 11:00 am",16.0008
"May 3, 12:00 pm",15.0298
"May 3, 01:00 pm",13.263
"May 3, 02:00 pm",10.7593
"May 3, 03:00 pm",7.46081
"May 3, 04:00 pm",3.44539
"May 3, 05:00 pm",0.714671
"May 3, 06:00 pm",0.434848
"May 3, 07:00 pm",0
"May 3, 08:00 pm",0
"May 3, 09:00 pm",0
"May 3, 10:00 pm",0
"May 3, 11:00 pm",0
"May 4, 12:00 am",0
"May 4, 01:00 am",0
"May 4, 02:00 am",0
"May 4, 03:00 am",0
"May 4, 04:00 am",0
"May 4, 05:00 am",0
"May 4, 06:00 am",4.76803
"May 4, 07:00 am",9.45724
"May 4, 08:00 am",12.4687
"May 4, 09:00 am",14.3578
"May 4, 10:00 am",15.2686
"May 4, 11:00 am",15.3066
"May 4, 12:00 pm",14.4042
"May 4, 01:00 pm",12.7001
"May 4, 02:00 pm",10.3519
"May 4, 03:00 pm",7.17276
"May 4, 04:00 pm",3.37266
"May 4, 05:00 pm",0.713764
"May 4, 06:00 pm",0.412565
"May 4, 07:00 pm",0
"May 4, 08:00 pm",0
"May 4, 09:00 pm",0
"May 4, 10:00 pm",0
"May 4, 11:00 pm",0
"May 5, 12:00 am",0
"May 5, 01:00 am",0
"May 5, 02:00 am",0
"May 5, 03:00 am",0
"May 5, 04:00 am",0
"May 5, 05:00 am",0
"May 5, 06:00 am",4.80056
"May 5, 07:00 am",9.14934
"May 5, 08:00 am",11.9851
"May 5, 09:00 am",13.8311
"May 5, 10:00 am",14.9364
"May 5, 11:00 am",15.1311
"May 5, 12:00 pm",14.3974
"May 5, 01:00 pm",12.7321
"May 5, 02:00 pm",10.3591
"May 5, 03:00 pm",7.21587
"May 5, 04:00 pm",3.36697
"May 5, 05:00 pm",0.684526
"May 5, 06:00 pm",0.422143
"May 5, 07:00 pm",0
"May 5, 08:00 pm",0
"May 5, 09:00 pm",0
"May 5, 10:00 pm",0
"May 5, 11:00 pm",0
"May 6, 12:00 am",0
"May 6, 01:00 am",0
"May 6, 02:00 am",0
"May 6, 03:00 am",0
"May 6, 04:00 am",0
"May 6, 05:00 am",0
"May 6, 06:00 am",3.88465
"May 6, 07:00 am",8.62338
"May 6, 08:00 am",11.8581
"May 6, 09:00 am",13.5014
"May 6, 10:00 am",14.5128
"May 6, 11:00 am",14.8201
"May 6, 12:00 pm",14.0627
"May 6, 01:00 pm",12.4551
"May 6, 02:00 pm",10.1647
"May 6, 03:00 pm",7.04564
"May 6, 04:00 pm",3.30713
"May 6, 05:00 pm",0.709543
"May 6, 06:00 pm",0.439542
"May 6, 07:00 pm",0
"May 6, 08:00 pm",0
"May 6, 09:00 pm",0
"May 6, 10:00 pm",0
"May 6, 11:00 pm",0
"May 7, 12:00 am",0
"May 7, 01:00 am",0
"May 7, 02:00 am",0
"May 7, 03:00 am",0
"May 7, 04:00 am",0
"May 7, 05:00 am",0
"May 7, 06:00 am",4.13148
"May 7, 07:00 am",8.63581
"May 7, 08:00 am",11.7635
"May 7, 09:00 am",13.1965
"May 7, 10:00 am",13.8389
"May 7, 11:00 am",13.9369
"May 7, 12:00 pm",13.2013
"May 7, 01:00 pm",11.7151
"May 7, 02:00 pm",9.61007
"May 7, 03:00 pm",6.70763
"May 7, 04:00 pm",3.2336
"May 7, 05:00 pm",0.665245
"May 7, 06:00 pm",0.401098
"May 7, 07:00 pm",0
"May 7, 08:00 pm",0
"May 7, 09:00 pm",0
"May 7, 10:00 pm",0
"May 7, 11:00 pm",0
"May 8, 12:00 am",0
"May 8, 01:00 am",0
"May 8, 02:00 am",0
"May 8, 03:00 am",0
"May 8, 04:00 am",0
"May 8, 05:00 am",0
"May 8, 06:00 am",4.72563
"May 8, 07:00 am",9.11818
"May 8, 08:00 am",11.8322
"May 8, 09:00 am",13.4293
"May 8, 10:00 am",13.9843
"May 8, 11:00 am",13.5263
"May 8, 12:00 pm",12.5549
"May 8, 01:00 pm",11.4467
"May 8, 02:00 pm",9.5844
"May 8, 03:00 pm",6.80233
"May 8, 04:00 pm",3.2523
"May 8, 05:00 pm",0.663366
"May 8, 06:00 pm",0.406613
"May 8, 07:00 pm",0
"May 8, 08:00 pm",0
"May 8, 09:00 pm",0
"May 8, 10:00 pm",0
"May 8, 11:00 pm",0
"May 9, 12:00 am",0
"May 9, 01:00 am",0
"May 9, 02:00 am",0
"May 9, 03:00 am",0
"May 9, 04:00 am",0
"May 9, 05:00 am",0
"May 9, 06:00 am",4.49528
"May 9, 07:00 am",8.643
"May 9, 08:00 am",11.071
"May 9, 09:00 am",12.7021
"May 9, 10:00 am",13.7261
"May 9, 11:00 am",13.9867
"May 9, 12:00 pm",13.4141
"May 9, 01:00 pm",11.9743
"May 9, 02:00 pm",9.84836
"May 9, 03:00 pm",6.90596
"May 9, 04:00 pm",3.31979
"May 9, 05:00 pm",0.80147
"May 9, 06:00 pm",0.460854
"May 9, 07:00 pm",0
"May 9, 08:00 pm",0
"May 9, 09:00 pm",0
"May 9, 10:00 pm",0
"May 9, 11:00 pm",0
"May 10, 12:00 am",0
"May 10, 01:00 am",0
"May 10, 02:00 am",0
"May 10, 03:00 am",0
"May 10, 04:00 am",0
"May 10, 05:00 am",0
"May 10, 06:00 am",4.29298
"May 10, 07:00 am",8.66844
"May 10, 08:00 am",11.5618
"May 10, 09:00 am",13.273
"May 10, 10:00 am",14.2052
"May 10, 11:00 am",14.3911
"May 10, 12:00 pm",13.6802
"May 10, 01:00 pm",12.1362
"May 10, 02:00 pm",9.92861
"May 10, 03:00 pm",6.94382
"May 10, 04:00 pm",3.35163
"May 10, 05:00 pm",0.798155
"May 10, 06:00 pm",0.448922
"May 10, 07:00 pm",0
"May 10, 08:00 pm",0
"May 10, 09:00 pm",0
"May 10, 10:00 pm",0
"May 10, 11:00 pm",0
"May 11, 12:00 am",0
"May 11, 01:00 am",0
"May 11, 02:00 am",0
"May 11, 03:00 am",0
"May 11, 04:00 am",0
"May 11, 05:00 am",0
"May 11, 06:00 am",4.48542
"May 11, 07:00 am",8.86075
"May 11, 08:00 am",11.7797
"May 11, 09:00 am",13.5691
"May 11, 10:00 am",14.3467
"May 11, 11:00 am",14.3955
"May 11, 12:00 pm",13.6608
"May 11, 01:00 pm",12.1514
"May 11, 02:00 pm",9.96274
"May 11, 03:00 pm",6.96833
"May 11, 04:00 pm",3.37911
"May 11, 05:00 pm",0.825198
"May 11, 06:00 pm",0.469842
"May 11, 07:00 pm",0
"May 11, 08:00 pm",0
"May 11, 09:00 pm",0
"May 11, 10:00 pm",0
"May 11, 11:00 pm",0
"May 12, 12:00 am",0
"May 12, 01:00 am",0
"May 12, 02:00 am",0
"May 12, 03:00 am",0
"May 12, 04:00 am",0
"May 12, 05:00 am",-0
"May 12, 06:00 am",3.78409
"May 12, 07:00 am",8.43125
"May 12, 08:00 am",11.5073
"May 12, 09:00 am",13.2881
"May 12, 10:00 am",14.226
"May 12, 11:00 am",14.1985
"May 12, 12:00 pm",13.407
"May 12, 01:00 pm",11.8434
"May 12, 02:00 pm",9.6472
"May 12, 03:00 pm",6.78602
"May 12, 04:00 pm",3.56926
"May 12, 05:00 pm",1.65188
"May 12, 06:00 pm",0.262934
"May 12, 07:00 pm",0
"May 12, 08:00 pm",0
"May 12, 09:00 pm",0
"May 12, 10:00 pm",0
"May 12, 11:00 pm",0
"May 13, 12:00 am",0
"May 13, 01:00 am",0
"May 13, 02:00 am",0
"May 13, 03:00 am",0
"May 13, 04:00 am",0
"May 13, 05:00 am",-0
"May 13, 06:00 am",3.38295
"May 13, 07:00 am",8.22674
"May 13, 08:00 am",11.1148
"May 13, 09:00 am",12.7364
"May 13, 10:00 am",13.3999
"May 13, 11:00 am",9.19346
"May 13, 12:00 pm",12.6346
"May 13, 01:00 pm",10.9249
"May 13, 02:00 pm",9.08336
"May 13, 03:00 pm",6.39529
"May 13, 04:00 pm",3.32387
"May 13, 05:00 pm",1.50714
"May 13, 06:00 pm",0.568058
"May 13, 07:00 pm",0
"May 13, 08:00 pm",0
"May 13, 09:00 pm",0
"May 13, 10:00 pm",0
"May 13, 11:00 pm",0
"May 14, 12:00 am",0
"May 14, 01:00 am",0
"May 14, 02:00 am",0
"May 14, 03:00 am",0
"May 14, 04:00 am",0
"May 14, 05:00 am",-0
"May 14, 06:00 am",4.37348
"May 14, 07:00 am",8.5487
"May 14, 08:00 am",11.5735
"May 14, 09:00 am",13.2877
"May 14, 10:00 am",14.196
"May 14, 11:00 am",14.3501
"May 14, 12:00 pm",13.6872
"May 14, 01:00 pm",12.2533
"May 14, 02:00 pm",10.0336
"May 14, 03:00 pm",7.08136
"May 14, 04:00 pm",3.52092
"May 14, 05:00 pm",0.625459
"May 14, 06:00 pm",0.624366
"May 14, 07:00 pm",0
"May 14, 08:00 pm",0
"May 14, 09:00 pm",0
"May 14, 10:00 pm",0
"May 14, 11:00 pm",0
"May 15, 12:00 am",0
"May 15, 01:00 am",0
"May 15, 02:00 am",0
"May 15, 03:00 am",0
"May 15, 04:00 am",0
"May 15, 05:00 am",-0
"May 15, 06:00 am",5.03334
"May 15, 07:00 am",9.16106
"May 15, 08:00 am",11.9412
"May 15, 09:00 am",13.6859
"May 15, 10:00 am",14.6635
"May 15, 11:00 am",14.8062
"May 15, 12:00 pm",14.0928
"May 15, 01:00 pm",12.5837
"May 15, 02:00 pm",10.3295
"May 15, 03:00 pm",7.31554
"May 15, 04:00 pm",3.5312
"May 15, 05:00 pm",0.68746
"May 15, 06:00 pm",0.622598
"May 15, 07:00 pm",0
"May 15, 08:00 pm",0
"May 15, 09:00 pm",0
"May 15, 10:00 pm",0
"May 15, 11:00 pm",0
"May 16, 12:00 am",0
"May 16, 01:00 am",0
"May 16, 02:00 am",0
"May 16, 03:00 am",0
"May 16, 04:00 am",0
"May 16, 05:00 am",-0
"May 16, 06:00 am",5.47302
"May 16, 07:00 am",9.54227
"May 16, 08:00 am",12.1671
"May 16, 09:00 am",13.6382
"May 16, 10:00 am",14.4177
"May 16, 11:00 am",14.4836
"May 16, 12:00 pm",13.852
"May 16, 01:00 pm",12.4223
"May 16, 02:00 pm",10.2898
"May 16, 03:00 pm",7.36312
"May 16, 04:00 pm",3.65581
"May 16, 05:00 pm",0.661987
"May 16, 06:00 pm",0.362266
"May 16, 07:00 pm",0
"May 16, 08:00 pm",0
"May 16, 09:00 pm",0
"May 16, 10:00 pm",0
"May 16, 11:00 pm",0
"May 17, 12:00 am",0
"May 17, 01:00 am",0
"May 17, 02:00 am",0
"May 17, 03:00 am",0
"May 17, 04:00 am",0
"May 17, 05:00 am",-0
"May 17, 06:00 am",5.09443
"May 17, 07:00 am",9.16714
"May 17, 08:00 am",11.6968
"May 17, 09:00 am",10.9979
"May 17, 10:00 am",13.3912
"May 17, 11:00 am",12.9229
"May 17, 12:00 pm",9.61958
"May 17, 01:00 pm",11.9415
"May 17, 02:00 pm",9.92781
"May 17, 03:00 pm",7.11294
"May 17, 04:00 pm",3.52753
"May 17, 05:00 pm",0.704085
"May 17, 06:00 pm",0.410296
"May 17, 07:00 pm",0
"May 17, 08:00 pm",0
"May 17, 09:00 pm",0
"May 17, 10:00 pm",0
"May 17, 11:00 pm",0
"May 18, 12:00 am",0
"May 18, 01:00 am",0
"May 18, 02:00 am",0
"May 18, 03:00 am",0
"May 18, 04:00 am",0
"May 18, 05:00 am",-0
"May 18, 06:00 am",4.93419
"May 18, 07:00 am",8.91345
"May 18, 08:00 am",11.0652
"May 18, 09:00 am",4.24498
"May 18, 10:00 am",13.9932
"May 18, 11:00 am",14.1749
"May 18, 12:00 pm",10.7525
"May 18, 01:00 pm",8.79472
"May 18, 02:00 pm",7.74019
"May 18, 03:00 pm",0.386367
"May 18, 04:00 pm",3.73785
"May 18, 05:00 pm",1.76886
"May 18, 06:00 pm",0.658146
"May 18, 07:00 pm",0
"May 18, 08:00 pm",0
"May 18, 09:00 pm",0
"May 18, 10:00 pm",0
"May 18, 11:00 pm",0
"May 19, 12:00 am",0
"May 19, 01:00 am",0
"May 19, 02:00 am",0
"May 19, 03:00 am",0
"May 19, 04:00 am",0
"May 19, 05:00 am",-0
"May 19, 06:00 am",-0
"May 19, 07:00 am",1.23921
"May 19, 08:00 am",1.76773
"May 19, 09:00 am",8.58815
"May 19, 10:00 am",12.2226
"May 19, 11:00 am",5.53073
"May 19, 12:00 pm",9.5913
"May 19, 01:00 pm",9.34406
"May 19, 02:00 pm",8.79067
"May 19, 03:00 pm",4.28788
"May 19, 04:00 pm",2.24051
"May 19, 05:00 pm",-0
"May 19, 06:00 pm",0.537254
"May 19, 07:00 pm",0
"May 19, 08:00 pm",0
"May 19, 09:00 pm",0
"May 19, 10:00 pm",0
"May 19, 11:00 pm",0
"May 20, 12:00 am",0
"May 20, 01:00 am",0
"May 20, 02:00 am",0
"May 20, 03:00 am",0
"May 20, 04:00 am",0
"May 20, 05:00 am",-0
"May 20, 06:00 am",4.86299
"May 20, 07:00 am",8.85454
"May 20, 08:00 am",11.6419
"May 20, 09:00 am",13.2879
"May 20, 10:00 am",14.0159
"May 20, 11:00 am",13.9346
"May 20, 12:00 pm",13.0127
"May 20, 01:00 pm",11.5561
"May 20, 02:00 pm",9.57568
"May 20, 03:00 pm",6.93392
"May 20, 04:00 pm",3.58682
"May 20, 05:00 pm",0.857062
"May 20, 06:00 pm",0.499803
"May 20, 07:00 pm",0
"May 20, 08:00 pm",0
"May 20, 09:00 pm",0
"May 20, 10:00 pm",0
"May 20, 11:00 pm",0
"May 21, 12:00 am",0
"May 21, 01:00 am",0
"May 21, 02:00 am",0
"May 21, 03:00 am",0
"May 21, 04:00 am",0
"May 21, 05:00 am",-0
"May 21, 06:00 am",5.19237
"May 21, 07:00 am",9.26322
"May 21, 08:00 am",12.0366
"May 21, 09:00 am",13.4009
"May 21, 10:00 am",13.8483
"May 21, 11:00 am",13.6044
"May 21, 12:00 pm",12.6488
"May 21, 01:00 pm",11.3347
"May 21, 02:00 pm",9.46674
"May 21, 03:00 pm",6.92115
"May 21, 04:00 pm",3.53664
"May 21, 05:00 pm",0.775452
"May 21, 06:00 pm",0.38807
"May 21, 07:00 pm",0
"May 21, 08:00 pm",0
"May 21, 09:00 pm",0
"May 21, 10:00 pm",0
"May 21, 11:00 pm",0
"May 22, 12:00 am",0
"May 22, 01:00 am",0
"May 22, 02:00 am",0
"May 22, 03:00 am",0
"May 22, 04:00 am",0
"May 22, 05:00 am",-0
"May 22, 06:00 am",5.69142
"May 22, 07:00 am",9.55912
"May 22, 08:00 am",11.9764
"May 22, 09:00 am",13.3577
"May 22, 10:00 am",13.9184
"May 22, 11:00 am",13.7518
"May 22, 12:00 pm",12.9771
"May 22, 01:00 pm",11.6935
"May 22, 02:00 pm",9.79559
"May 22, 03:00 pm",7.15508
"May 22, 04:00 pm",3.62679
"May 22, 05:00 pm",0.764992
"May 22, 06:00 pm",0.368791
"May 22, 07:00 pm",0
"May 22, 08:00 pm",0
"May 22, 09:00 pm",0
"May 22, 10:00 pm",0
"May 22, 11:00 pm",0
"May 23, 12:00 am",0
"May 23, 01:00 am",0
"May 23, 02:00 am",0
"May 23, 03:00 am",0
"May 23, 04:00 am",0
"May 23, 05:00 am",-0
"May 23, 06:00 am",5.85158
"May 23, 07:00 am",9.70375
"May 23, 08:00 am",12.0224
"May 23, 09:00 am",13.3666
"May 23, 10:00 am",13.8099
"May 23, 11:00 am",13.7201
"May 23, 12:00 pm",13.1573
"May 23, 01:00 pm",11.8923
"May 23, 02:00 pm",9.89398
"May 23, 03:00 pm",7.19107
"May 23, 04:00 pm",3.71805
"May 23, 05:00 pm",0.759698
"May 23, 06:00 pm",0.368127
"May 23, 07:00 pm",0
"May 23, 08:00 pm",0
"May 23, 09:00 pm",0
"May 23, 10:00 pm",0
"May 23, 11:00 pm",0
"May 24, 12:00 am",0
"May 24, 01:00 am",0
"May 24, 02:00 am",0
"May 24, 03:00 am",0
"May 24, 04:00 am",0
"May 24, 05:00 am",-0
"May 24, 06:00 am",5.66315
"May 24, 07:00 am",9.3722
"May 24, 08:00 am",11.6654
"May 24, 09:00 am",12.7548
"May 24, 10:00 am",13.5779
"May 24, 11:00 am",14.0257
"May 24, 12:00 pm",13.5418
"May 24, 01:00 pm",12.1655
"May 24, 02:00 pm",10.0777
"May 24, 03:00 pm",7.27659
"May 24, 04:00 pm",3.69635
"May 24, 05:00 pm",0.829577
"May 24, 06:00 pm",0.416657
"May 24, 07:00 pm",0
"May 24, 08:00 pm",0
"May 24, 09:00 pm",0
"May 24, 10:00 pm",0
"May 24, 11:00 pm",0
"May 25, 12:00 am",0
"May 25, 01:00 am",0
"May 25, 02:00 am",0
"May 25, 03:00 am",0
"May 25, 04:00 am",0
"May 25, 05:00 am",-0
"May 25, 06:00 am",5.27995
"May 25, 07:00 am",9.12183
"May 25, 08:00 am",11.572
"May 25, 09:00 am",13.2323
"May 25, 10:00 am",14.2115
"May 25, 11:00 am",14.3429
"May 25, 12:00 pm",13.6982
"May 25, 01:00 pm",12.3387
"May 25, 02:00 pm",10.227
"May 25, 03:00 pm",7.39766
"May 25, 04:00 pm",3.77564
"May 25, 05:00 pm",0.822663
"May 25, 06:00 pm",0.4566
"May 25, 07:00 pm",0
"May 25, 08:00 pm",0
"May 25, 09:00 pm",0
"May 25, 10:00 pm",0
"May 25, 11:00 pm",0
"May 26, 12:00 am",0
"May 26, 01:00 am",0
"May 26, 02:00 am",0
"May 26, 03:00 am",0
"May 26, 04:00 am",0
"May 26, 05:00 am",-0
"May 26, 06:00 am",5.2964
"May 26, 07:00 am",3.51181
"May 26, 08:00 am",11.6281
"May 26, 09:00 am",13.2878
"May 26, 10:00 am",14.1906
"May 26, 11:00 am",13.5941
"May 26, 12:00 pm",12.8345
"May 26, 01:00 pm",11.7933
"May 26, 02:00 pm",9.71905
"May 26, 03:00 pm",7.40612
"May 26, 04:00 pm",3.79373
"May 26, 05:00 pm",1.29023
"May 26, 06:00 pm",0.429798
"May 26, 07:00 pm",0
"May 26, 08:00 pm",0
"May 26, 09:00 pm",0
"May 26, 10:00 pm",0
"May 26, 11:00 pm",0
"May 27, 12:00 am",0
"May 27, 01:00 am",0
"May 27, 02:00 am",0
"May 27, 03:00 am",0
"May 27, 04:00 am",0
"May 27, 05:00 am",-0
"May 27, 06:00 am",5.33146
"May 27, 07:00 am",8.53384
"May 27, 08:00 am",8.03663
"May 27, 09:00 am",11.223
"May 27, 10:00 am",12.0885
"May 27, 11:00 am",12.4289
"May 27, 12:00 pm",12.0415
"May 27, 01:00 pm",10.8437
"May 27, 02:00 pm",7.34332
"May 27, 03:00 pm",3.48837
"May 27, 04:00 pm",3.46308
"May 27, 05:00 pm",1.88687
"May 27, 06:00 pm",0.0590916
"May 27, 07:00 pm",0
"May 27, 08:00 pm",0
"May 27, 09:00 pm",0
"May 27, 10:00 pm",0
"May 27, 11:00 pm",0
"May 28, 12:00 am",0
"May 28, 01:00 am",0
"May 28, 02:00 am",0
"May 28, 03:00 am",0
"May 28, 04:00 am",0
"May 28, 05:00 am",-0
"May 28, 06:00 am",5.28291
"May 28, 07:00 am",9.57221
"May 28, 08:00 am",12.3838
"May 28, 09:00 am",14.0929
"May 28, 10:00 am",14.6934
"May 28, 11:00 am",14.6198
"May 28, 12:00 pm",13.8889
"May 28, 01:00 pm",12.427
"May 28, 02:00 pm",10.3098
"May 28, 03:00 pm",7.47614
"May 28, 04:00 pm",3.88816
"May 28, 05:00 pm",0.883412
"May 28, 06:00 pm",0.450197
"May 28, 07:00 pm",-0
"May 28, 08:00 pm",0
"May 28, 09:00 pm",0
"May 28, 10:00 pm",0
"May 28, 11:00 pm",0
"May 29, 12:00 am",0
"May 29, 01:00 am",0
"May 29, 02:00 am",0
"May 29, 03:00 am",0
"May 29, 04:00 am",0
"May 29, 05:00 am",0.0665638
"May 29, 06:00 am",5.36462
"May 29, 07:00 am",9.32542
"May 29, 08:00 am",11.7691
"May 29, 09:00 am",13.0189
"May 29, 10:00 am",13.8409
"May 29, 11:00 am",14.0719
"May 29, 12:00 pm",13.4129
"May 29, 01:00 pm",12.003
"May 29, 02:00 pm",9.96926
"May 29, 03:00 pm",7.22316
"May 29, 04:00 pm",3.86634
"May 29, 05:00 pm",1.2002
"May 29, 06:00 pm",0.624702
"May 29, 07:00 pm",-0
"May 29, 08:00 pm",0
"May 29, 09:00 pm",0
"May 29, 10:00 pm",0
"May 29, 11:00 pm",0
"May 30, 12:00 am",0
"May 30, 01:00 am",0
"May 30, 02:00 am",0
"May 30, 03:00 am",0
"May 30, 04:00 am",0
"May 30, 05:00 am",0.0937583
"May 30, 06:00 am",5.35127
"May 30, 07:00 am",9.23095
"May 30, 08:00 am",11.9
"May 30, 09:00 am",13.5214
"May 30, 10:00 am",14.1592
"May 30, 11:00 am",14.1943
"May 30, 12:00 pm",13.4973
"May 30, 01:00 pm",12.0553
"May 30, 02:00 pm",9.97602
"May 30, 03:00 pm",7.22577
"May 30, 04:00 pm",3.86812
"May 30, 05:00 pm",0.986221
"May 30, 06:00 pm",0.529729
"May 30, 07:00 pm",-0
"May 30, 08:00 pm",0
"May 30, 09:00 pm",0
"May 30, 10:00 pm",0
"May 30, 11:00 pm",0
"May 31, 12:00 am",0
"May 31, 01:00 am",0
"May 31, 02:00 am",0
"May 31, 03:00 am",0
"May 31, 04:00 am",0
"May 31, 05:00 am",0.11045
"May 31, 06:00 am",5.3731
"May 31, 07:00 am",9.23901
"May 31, 08:00 am",11.7159
"May 31, 09:00 am",13.0953
"May 31, 10:00 am",13.8413
"May 31, 11:00 am",13.9747
"May 31, 12:00 pm",13.41
"May 31, 01:00 pm",12.1081
"May 31, 02:00 pm",10.1253
"May 31, 03:00 pm",7.39228
"May 31, 04:00 pm",3.87994
"May 31, 05:00 pm",0.949956
"May 31, 06:00 pm",0.491927
"May 31, 07:00 pm",-0
"May 31, 08:00 pm",0
"May 31, 09:00 pm",0
"May 31, 10:00 pm",0
"May 31, 11:00 pm",0
"Jun 1, 12:00 am",0
"Jun 1, 01:00 am",0
"Jun 1, 02:00 am",0
"Jun 1, 03:00 am",0
"Jun 1, 04:00 am",0
"Jun 1, 05:00 am",0.157623
"Jun 1, 06:00 am",5.56656
"Jun 1, 07:00 am",9.22366
"Jun 1, 08:00 am",11.6472
"Jun 1, 09:00 am",12.882
"Jun 1, 10:00 am",13.4428
"Jun 1, 11:00 am",13.5618
"Jun 1, 12:00 pm",13.0564
"Jun 1, 01:00 pm",10.6347
"Jun 1, 02:00 pm",9.92335
"Jun 1, 03:00 pm",7.3023
"Jun 1, 04:00 pm",3.90323
"Jun 1, 05:00 pm",1.00115
"Jun 1, 06:00 pm",0.498758
"Jun 1, 07:00 pm",-0
"Jun 1, 08:00 pm",0
"Jun 1, 09:00 pm",0
"Jun 1, 10:00 pm",0
"Jun 1, 11:00 pm",0
"Jun 2, 12:00 am",0
"Jun 2, 01:00 am",0
"Jun 2, 02:00 am",0
"Jun 2, 03:00 am",0
"Jun 2, 04:00 am",0
"Jun 2, 05:00 am",0.0879136
"Jun 2, 06:00 am",5.11047
"Jun 2, 07:00 am",9.01792
"Jun 2, 08:00 am",11.6558
"Jun 2, 09:00 am",13.4235
"Jun 2, 10:00 am",14.1841
"Jun 2, 11:00 am",14.2079
"Jun 2, 12:00 pm",13.5253
"Jun 2, 01:00 pm",12.1751
"Jun 2, 02:00 pm",10.1258
"Jun 2, 03:00 pm",7.37697
"Jun 2, 04:00 pm",3.99009
"Jun 2, 05:00 pm",1.07047
"Jun 2, 06:00 pm",0.53687
"Jun 2, 07:00 pm",-0
"Jun 2, 08:00 pm",0
"Jun 2, 09:00 pm",0
"Jun 2, 10:00 pm",0
"Jun 2, 11:00 pm",0
"Jun 3, 12:00 am",0
"Jun 3, 01:00 am",0
"Jun 3, 02:00 am",0
"Jun 3, 03:00 am",0
"Jun 3, 04:00 am",0
"Jun 3, 05:00 am",0.264645
"Jun 3, 06:00 am",5.74772
"Jun 3, 07:00 am",9.39599
"Jun 3, 08:00 am",11.9322
"Jun 3, 09:00 am",13.5712
"Jun 3, 10:00 am",14.4064
"Jun 3, 11:00 am",14.4421
"Jun 3, 12:00 pm",13.735
"Jun 3, 01:00 pm",12.3316
"Jun 3, 02:00 pm",10.2653
"Jun 3, 03:00 pm",7.56182
"Jun 3, 04:00 pm",4.03684
"Jun 3, 05:00 pm",1.03382
"Jun 3, 06:00 pm",0.527437
"Jun 3, 07:00 pm",-0
"Jun 3, 08:00 pm",0
"Jun 3, 09:00 pm",0
"Jun 3, 10:00 pm",0
"Jun 3, 11:00 pm",0
"Jun 4, 12:00 am",0
"Jun 4, 01:00 am",0
"Jun 4, 02:00 am",0
"Jun 4, 03:00 am",0
"Jun 4, 04:00 am",0
"Jun 4, 05:00 am",0.0315702
"Jun 4, 06:00 am",5.51869
"Jun 4, 07:00 am",9.08285
"Jun 4, 08:00 am",11.4996
"Jun 4, 09:00 am",12.9065
"Jun 4, 10:00 am",13.7751
"Jun 4, 11:00 am",13.8891
"Jun 4, 12:00 pm",13.2717
"Jun 4, 01:00 pm",11.9742
"Jun 4, 02:00 pm",9.89996
"Jun 4, 03:00 pm",7.29583
"Jun 4, 04:00 pm",3.99611
"Jun 4, 05:00 pm",1.2201
"Jun 4, 06:00 pm",0.626038
"Jun 4, 07:00 pm",-0
"Jun 4, 08:00 pm",0
"Jun 4, 09:00 pm",0
"Jun 4, 10:00 pm",0
"Jun 4, 11:00 pm",0
"Jun 5, 12:00 am",0
"Jun 5, 01:00 am",0
"Jun 5, 02:00 am",0
"Jun 5, 03:00 am",0
"Jun 5, 04:00 am",0
"Jun 5, 05:00 am",0.0511167
"Jun 5, 06:00 am",4.89006
"Jun 5, 07:00 am",8.89616
"Jun 5, 08:00 am",11.6011
"Jun 5, 09:00 am",13.0986
"Jun 5, 10:00 am",13.6153
"Jun 5, 11:00 am",13.3508
"Jun 5, 12:00 pm",12.8687
"Jun 5, 01:00 pm",11.7635
"Jun 5, 02:00 pm",9.90932
"Jun 5, 03:00 pm",7.37912
"Jun 5, 04:00 pm",4.00673
"Jun 5, 05:00 pm",1.01283
"Jun 5, 06:00 pm",0.481491
"Jun 5, 07:00 pm",-0
"Jun 5, 08:00 pm",0
"Jun 5, 09:00 pm",0
"Jun 5, 10:00 pm",0
"Jun 5, 11:00 pm",0
"Jun 6, 12:00 am",0
"Jun 6, 01:00 am",0
"Jun 6, 02:00 am",0
"Jun 6, 03:00 am",0
"Jun 6, 04:00 am",0
"Jun 6, 05:00 am",0.189546
"Jun 6, 06:00 am",5.58572
"Jun 6, 07:00 am",9.33827
"Jun 6, 08:00 am",11.8267
"Jun 6, 09:00 am",13.1257
"Jun 6, 10:00 am",13.5264
"Jun 6, 11:00 am",13.2745
"Jun 6, 12:00 pm",12.8085
"Jun 6, 01:00 pm",11.7659
"Jun 6, 02:00 pm",9.7714
"Jun 6, 03:00 pm",7.27596
"Jun 6, 04:00 pm",4.02246
"Jun 6, 05:00 pm",1.32759
"Jun 6, 06:00 pm",0.688881
"Jun 6, 07:00 pm",-0
"Jun 6, 08:00 pm",0
"Jun 6, 09:00 pm",0
"Jun 6, 10:00 pm",0
"Jun 6, 11:00 pm",0
"Jun 7, 12:00 am",0
"Jun 7, 01:00 am",0
"Jun 7, 02:00 am",0
"Jun 7, 03:00 am",0
"Jun 7, 04:00 am",0
"Jun 7, 05:00 am",0.0565951
"Jun 7, 06:00 am",4.73748
"Jun 7, 07:00 am",8.57952
"Jun 7, 08:00 am",11.1509
"Jun 7, 09:00 am",12.4365
"Jun 7, 10:00 am",13.1418
"Jun 7, 11:00 am",13.4259
"Jun 7, 12:00 pm",13.054
"Jun 7, 01:00 pm",11.8584
"Jun 7, 02:00 pm",10.0108
"Jun 7, 03:00 pm",7.40685
"Jun 7, 04:00 pm",4.01268
"Jun 7, 05:00 pm",1.04829
"Jun 7, 06:00 pm",0.509608
"Jun 7, 07:00 pm",-0
"Jun 7, 08:00 pm",0
"Jun 7, 09:00 pm",0
"Jun 7, 10:00 pm",0
"Jun 7, 11:00 pm",0
"Jun 8, 12:00 am",0
"Jun 8, 01:00 am",0
"Jun 8, 02:00 am",0
"Jun 8, 03:00 am",0
"Jun 8, 04:00 am",0
"Jun 8, 05:00 am",0.135035
"Jun 8, 06:00 am",5.40712
"Jun 8, 07:00 am",9.36363
"Jun 8, 08:00 am",12.059
"Jun 8, 09:00 am",13.808
"Jun 8, 10:00 am",14.7322
"Jun 8, 11:00 am",14.894
"Jun 8, 12:00 pm",14.1
"Jun 8, 01:00 pm",12.5382
"Jun 8, 02:00 pm",10.3351
"Jun 8, 03:00 pm",7.51507
"Jun 8, 04:00 pm",4.11187
"Jun 8, 05:00 pm",1.34367
"Jun 8, 06:00 pm",0.690954
"Jun 8, 07:00 pm",-0
"Jun 8, 08:00 pm",0
"Jun 8, 09:00 pm",0
"Jun 8, 10:00 pm",0
"Jun 8, 11:00 pm",0
"Jun 9, 12:00 am",0
"Jun 9, 01:00 am",0
"Jun 9, 02:00 am",0
"Jun 9, 03:00 am",0
"Jun 9, 04:00 am",0
"Jun 9, 05:00 am",0.115987
"Jun 9, 06:00 am",5.18576
"Jun 9, 07:00 am",9.08949
"Jun 9, 08:00 am",11.7399
"Jun 9, 09:00 am",13.3721
"Jun 9, 10:00 am",14.0143
"Jun 9, 11:00 am",14.046
"Jun 9, 12:00 pm",13.5246
"Jun 9, 01:00 pm",12.2266
"Jun 9, 02:00 pm",10.3323
"Jun 9, 03:00 pm",7.61952
"Jun 9, 04:00 pm",4.08616
"Jun 9, 05:00 pm",1.06436
"Jun 9, 06:00 pm",0.447493
"Jun 9, 07:00 pm",-0
"Jun 9, 08:00 pm",0
"Jun 9, 09:00 pm",0
"Jun 9, 10:00 pm",0
"Jun 9, 11:00 pm",0
"Jun 10, 12:00 am",0
"Jun 10, 01:00 am",0
"Jun 10, 02:00 am",0
"Jun 10, 03:00 am",0
"Jun 10, 04:00 am",0
"Jun 10, 05:00 am",0.248603
"Jun 10, 06:00 am",5.69243
"Jun 10, 07:00 am",9.40048
"Jun 10, 08:00 am",11.8033
"Jun 10, 09:00 am",13.2438
"Jun 10, 10:00 am",14.1645
"Jun 10, 11:00 am",12.9281
"Jun 10, 12:00 pm",13.775
"Jun 10, 01:00 pm",12.4043
"Jun 10, 02:00 pm",10.3054
"Jun 10, 03:00 pm",7.53553
"Jun 10, 04:00 pm",4.1254
"Jun 10, 05:00 pm",1.2615
"Jun 10, 06:00 pm",0.6055
"Jun 10, 07:00 pm",-0
"Jun 10, 08:00 pm",0
"Jun 10, 09:00 pm",0
"Jun 10, 10:00 pm",0
"Jun 10, 11:00 pm",0
"Jun 11, 12:00 am",0
"Jun 11, 01:00 am",0
"Jun 11, 02:00 am",0
"Jun 11, 03:00 am",0
"Jun 11, 04:00 am",0
"Jun 11, 05:00 am",0.0863428
"Jun 11, 06:00 am",5.17465
"Jun 11, 07:00 am",9.04211
"Jun 11, 08:00 am",11.4601
"Jun 11, 09:00 am",12.5371
"Jun 11, 10:00 am",12.7988
"Jun 11, 11:00 am",13.1138
"Jun 11, 12:00 pm",12.5825
"Jun 11, 01:00 pm",11.3604
"Jun 11, 02:00 pm",9.62657
"Jun 11, 03:00 pm",7.19904
"Jun 11, 04:00 pm",4.05736
"Jun 11, 05:00 pm",1.23065
"Jun 11, 06:00 pm",0.588188
"Jun 11, 07:00 pm",-0
"Jun 11, 08:00 pm",0
"Jun 11, 09:00 pm",0
"Jun 11, 10:00 pm",0
"Jun 11, 11:00 pm",0
"Jun 12, 12:00 am",0
"Jun 12, 01:00 am",0
"Jun 12, 02:00 am",0
"Jun 12, 03:00 am",0
"Jun 12, 04:00 am",0
"Jun 12, 05:00 am",0.188162
"Jun 12, 06:00 am",5.13606
"Jun 12, 07:00 am",8.81129
"Jun 12, 08:00 am",11.3795
"Jun 12, 09:00 am",13.0173
"Jun 12, 10:00 am",12.7651
"Jun 12, 11:00 am",12.2112
"Jun 12, 12:00 pm",12.7127
"Jun 12, 01:00 pm",11.6989
"Jun 12, 02:00 pm",9.91403
"Jun 12, 03:00 pm",7.35823
"Jun 12, 04:00 pm",4.13317
"Jun 12, 05:00 pm",1.36912
"Jun 12, 06:00 pm",0.636274
"Jun 12, 07:00 pm",-0
"Jun 12, 08:00 pm",0
"Jun 12, 09:00 pm",0
"Jun 12, 10:00 pm",0
"Jun 12, 11:00 pm",0
"Jun 13, 12:00 am",0
"Jun 13, 01:00 am",0
"Jun 13, 02:00 am",0
"Jun 13, 03:00 am",0
"Jun 13, 04:00 am",0
"Jun 13, 05:00 am",0.0164467
"Jun 13, 06:00 am",4.25098
"Jun 13, 07:00 am",8.17304
"Jun 13, 08:00 am",11.0436
"Jun 13, 09:00 am",7.72379
"Jun 13, 10:00 am",10.3851
"Jun 13, 11:00 am",12.8579
"Jun 13, 12:00 pm",12.2658
"Jun 13, 01:00 pm",10.873
"Jun 13, 02:00 pm",9.22589
"Jun 13, 03:00 pm",7.009
"Jun 13, 04:00 pm",4.06024
"Jun 13, 05:00 pm",1.41401
"Jun 13, 06:00 pm",0.661556
"Jun 13, 07:00 pm",-0
"Jun 13, 08:00 pm",0
"Jun 13, 09:00 pm",0
"Jun 13, 10:00 pm",0
"Jun 13, 11:00 pm",0
"Jun 14, 12:00 am",0
"Jun 14, 01:00 am",0
"Jun 14, 02:00 am",0
"Jun 14, 03:00 am",0
"Jun 14, 04:00 am",0
"Jun 14, 05:00 am",0.00602652
"Jun 14, 06:00 am",3.88913
"Jun 14, 07:00 am",7.80722
"Jun 14, 08:00 am",10.5239
"Jun 14, 09:00 am",12.1833
"Jun 14, 10:00 am",13.2266
"Jun 14, 11:00 am",13.8063
"Jun 14, 12:00 pm",13.2985
"Jun 14, 01:00 pm",12.0372
"Jun 14, 02:00 pm",10.0735
"Jun 14, 03:00 pm",7.47241
"Jun 14, 04:00 pm",4.18059
"Jun 14, 05:00 pm",1.1681
"Jun 14, 06:00 pm",0.520869
"Jun 14, 07:00 pm",-0
"Jun 14, 08:00 pm",0
"Jun 14, 09:00 pm",0
"Jun 14, 10:00 pm",0
"Jun 14, 11:00 pm",0
"Jun 15, 12:00 am",0
"Jun 15, 01:00 am",0
"Jun 15, 02:00 am",0
"Jun 15, 03:00 am",0
"Jun 15, 04:00 am",0
"Jun 15, 05:00 am",0.100426
"Jun 15, 06:00 am",4.76126
"Jun 15, 07:00 am",8.50578
"Jun 15, 08:00 am",11.0071
"Jun 15, 09:00 am",12.5364
"Jun 15, 10:00 am",13.261
"Jun 15, 11:00 am",13.3508
"Jun 15, 12:00 pm",12.8017
"Jun 15, 01:00 pm",11.5472
"Jun 15, 02:00 pm",9.63213
"Jun 15, 03:00 pm",7.17087
"Jun 15, 04:00 pm",4.14221
"Jun 15, 05:00 pm",1.47576
"Jun 15, 06:00 pm",0.707499
"Jun 15, 07:00 pm",-0
"Jun 15, 08:00 pm",0
"Jun 15, 09:00 pm",0
"Jun 15, 10:00 pm",0
"Jun 15, 11:00 pm",0
"Jun 16, 12:00 am",0
"Jun 16, 01:00 am",0
"Jun 16, 02:00 am",0
"Jun 16, 03:00 am",0
"Jun 16, 04:00 am",0
"Jun 16, 05:00 am",0.10125
"Jun 16, 06:00 am",4.97807
"Jun 16, 07:00 am",8.86842
"Jun 16, 08:00 am",11.4638
"Jun 16, 09:00 am",13.047
"Jun 16, 10:00 am",13.4616
"Jun 16, 11:00 am",13.0095
"Jun 16, 12:00 pm",12.5559
"Jun 16, 01:00 pm",11.576
"Jun 16, 02:00 pm",9.8506
"Jun 16, 03:00 pm",7.40666
"Jun 16, 04:00 pm",4.19711
"Jun 16, 05:00 pm",1.22666
"Jun 16, 06:00 pm",0.557808
"Jun 16, 07:00 pm",-0
"Jun 16, 08:00 pm",0
"Jun 16, 09:00 pm",0
"Jun 16, 10:00 pm",0
"Jun 16, 11:00 pm",0
"Jun 17, 12:00 am",0
"Jun 17, 01:00 am",0
"Jun 17, 02:00 am",0
"Jun 17, 03:00 am",0
"Jun 17, 04:00 am",0
"Jun 17, 05:00 am",0.291129
"Jun 17, 06:00 am",5.82599
"Jun 17, 07:00 am",9.59335
"Jun 17, 08:00 am",12.0719
"Jun 17, 09:00 am",13.3544
"Jun 17, 10:00 am",13.5433
"Jun 17, 11:00 am",13.5699
"Jun 17, 12:00 pm",13.3463
"Jun 17, 01:00 pm",12.191
"Jun 17, 02:00 pm",10.2787
"Jun 17, 03:00 pm",7.7178
"Jun 17, 04:00 pm",4.27217
"Jun 17, 05:00 pm",1.19935
"Jun 17, 06:00 pm",0.480702
"Jun 17, 07:00 pm",-0
"Jun 17, 08:00 pm",0
"Jun 17, 09:00 pm",0
"Jun 17, 10:00 pm",0
"Jun 17, 11:00 pm",0
"Jun 18, 12:00 am",0
"Jun 18, 01:00 am",0
"Jun 18, 02:00 am",0
"Jun 18, 03:00 am",0
"Jun 18, 04:00 am",0
"Jun 18, 05:00 am",0.189244
"Jun 18, 06:00 am",5.53697
"Jun 18, 07:00 am",9.26635
"Jun 18, 08:00 am",11.741
"Jun 18, 09:00 am",12.9364
"Jun 18, 10:00 am",13.7472
"Jun 18, 11:00 am",14.1012
"Jun 18, 12:00 pm",13.57
"Jun 18, 01:00 pm",12.2752
"Jun 18, 02:00 pm",10.4276
"Jun 18, 03:00 pm",7.81007
"Jun 18, 04:00 pm",4.39799
"Jun 18, 05:00 pm",1.18044
"Jun 18, 06:00 pm",0.453931
"Jun 18, 07:00 pm",0.00860378
"Jun 18, 08:00 pm",0
"Jun 18, 09:00 pm",0
"Jun 18, 10:00 pm",0
"Jun 18, 11:00 pm",0
"Jun 19, 12:00 am",0
"Jun 19, 01:00 am",0
"Jun 19, 02:00 am",0
"Jun 19, 03:00 am",0
"Jun 19, 04:00 am",0
"Jun 19, 05:00 am",0.168391
"Jun 19, 06:00 am",5.51615
"Jun 19, 07:00 am",9.45498
"Jun 19, 08:00 am",12.1096
"Jun 19, 09:00 am",13.6306
"Jun 19, 10:00 am",14.1691
"Jun 19, 11:00 am",13.9793
"Jun 19, 12:00 pm",13.1218
"Jun 19, 01:00 pm",11.7063
"Jun 19, 02:00 pm",9.84488
"Jun 19, 03:00 pm",7.38287
"Jun 19, 04:00 pm",4.26302
"Jun 19, 05:00 pm",1.3296
"Jun 19, 06:00 pm",0.625444
"Jun 19, 07:00 pm",-0
"Jun 19, 08:00 pm",0
"Jun 19, 09:00 pm",0
"Jun 19, 10:00 pm",0
"Jun 19, 11:00 pm",0
"Jun 20, 12:00 am",0
"Jun 20, 01:00 am",0
"Jun 20, 02:00 am",0
"Jun 20, 03:00 am",0
"Jun 20, 04:00 am",0
"Jun 20, 05:00 am",0.155937
"Jun 20, 06:00 am",5.51515
"Jun 20, 07:00 am",9.30399
"Jun 20, 08:00 am",11.825
"Jun 20, 09:00 am",13.0178
"Jun 20, 10:00 am",13.4273
"Jun 20, 11:00 am",13.6038
"Jun 20, 12:00 pm",13.2568
"Jun 20, 01:00 pm",12.18
"Jun 20, 02:00 pm",10.2561
"Jun 20, 03:00 pm",7.71058
"Jun 20, 04:00 pm",4.35071
"Jun 20, 05:00 pm",1.30558
"Jun 20, 06:00 pm",0.589317
"Jun 20, 07:00 pm",-0
"Jun 20, 08:00 pm",0
"Jun 20, 09:00 pm",0
"Jun 20, 10:00 pm",0
"Jun 20, 11:00 pm",0
"Jun 21, 12:00 am",0
"Jun 21, 01:00 am",0
"Jun 21, 02:00 am",0
"Jun 21, 03:00 am",0
"Jun 21, 04:00 am",0
"Jun 21, 05:00 am",0.131906
"Jun 21, 06:00 am",5.33553
"Jun 21, 07:00 am",9.16444
"Jun 21, 08:00 am",11.6752
"Jun 21, 09:00 am",11.6691
"Jun 21, 10:00 am",12.517
"Jun 21, 11:00 am",13.2483
"Jun 21, 12:00 pm",12.1438
"Jun 21, 01:00 pm",8.36474
"Jun 21, 02:00 pm",10.3166
"Jun 21, 03:00 pm",7.6991
"Jun 21, 04:00 pm",4.34138
"Jun 21, 05:00 pm",1.43144
"Jun 21, 06:00 pm",0.675114
"Jun 21, 07:00 pm",-0
"Jun 21, 08:00 pm",0
"Jun 21, 09:00 pm",0
"Jun 21, 10:00 pm",0
"Jun 21, 11:00 pm",0
"Jun 22, 12:00 am",0
"Jun 22, 01:00 am",0
"Jun 22, 02:00 am",0
"Jun 22, 03:00 am",0
"Jun 22, 04:00 am",0
"Jun 22, 05:00 am",0.113131
"Jun 22, 06:00 am",5.28885
"Jun 22, 07:00 am",8.85536
"Jun 22, 08:00 am",9.72464
"Jun 22, 09:00 am",13.1281
"Jun 22, 10:00 am",10.9391
"Jun 22, 11:00 am",10.7486
"Jun 22, 12:00 pm",10.0337
"Jun 22, 01:00 pm",10.682
"Jun 22, 02:00 pm",10.1477
"Jun 22, 03:00 pm",7.6518
"Jun 22, 04:00 pm",4.33717
"Jun 22, 05:00 pm",1.2891
"Jun 22, 06:00 pm",0.598209
"Jun 22, 07:00 pm",-0
"Jun 22, 08:00 pm",0
"Jun 22, 09:00 pm",0
"Jun 22, 10:00 pm",0
"Jun 22, 11:00 pm",0
"Jun 23, 12:00 am",0
"Jun 23, 01:00 am",0
"Jun 23, 02:00 am",0
"Jun 23, 03:00 am",0
"Jun 23, 04:00 am",0
"Jun 23, 05:00 am",0.0818159
"Jun 23, 06:00 am",5.05291
"Jun 23, 07:00 am",8.8895
"Jun 23, 08:00 am",11.306
"Jun 23, 09:00 am",12.7696
"Jun 23, 10:00 am",13.7577
"Jun 23, 11:00 am",14.1752
"Jun 23, 12:00 pm",13.7048
"Jun 23, 01:00 pm",12.4088
"Jun 23, 02:00 pm",10.4727
"Jun 23, 03:00 pm",7.82294
"Jun 23, 04:00 pm",4.38405
"Jun 23, 05:00 pm",1.30314
"Jun 23, 06:00 pm",0.583397
"Jun 23, 07:00 pm",0.00861497
"Jun 23, 08:00 pm",0
"Jun 23, 09:00 pm",0
"Jun 23, 10:00 pm",0
"Jun 23, 11:00 pm",0
"Jun 24, 12:00 am",0
"Jun 24, 01:00 am",0
"Jun 24, 02:00 am",0
"Jun 24, 03:00 am",0
"Jun 24, 04:00 am",0
"Jun 24, 05:00 am",0.110277
"Jun 24, 06:00 am",5.35972
"Jun 24, 07:00 am",9.12944
"Jun 24, 08:00 am",11.4587
"Jun 24, 09:00 am",12.6161
"Jun 24, 10:00 am",13.1725
"Jun 24, 11:00 am",12.3902
"Jun 24, 12:00 pm",13.0529
"Jun 24, 01:00 pm",10.748
"Jun 24, 02:00 pm",8.51803
"Jun 24, 03:00 pm",7.43244
"Jun 24, 04:00 pm",4.25463
"Jun 24, 05:00 pm",1.39938
"Jun 24, 06:00 pm",0.639321
"Jun 24, 07:00 pm",0.00860378
"Jun 24, 08:00 pm",0
"Jun 24, 09:00 pm",0
"Jun 24, 10:00 pm",0
"Jun 24, 11:00 pm",0
"Jun 25, 12:00 am",0
"Jun 25, 01:00 am",0
"Jun 25, 02:00 am",0
"Jun 25, 03:00 am",0
"Jun 25, 04:00 am",0
"Jun 25, 05:00 am",0.0126677
"Jun 25, 06:00 am",5.49259
"Jun 25, 07:00 am",9.31696
"Jun 25, 08:00 am",11.8959
"Jun 25, 09:00 am",13.2476
"Jun 25, 10:00 am",13.6563
"Jun 25, 11:00 am",13.1689
"Jun 25, 12:00 pm",12.4301
"Jun 25, 01:00 pm",11.3457
"Jun 25, 02:00 pm",9.74739
"Jun 25, 03:00 pm",7.40252
"Jun 25, 04:00 pm",4.31282
"Jun 25, 05:00 pm",1.34362
"Jun 25, 06:00 pm",0.609961
"Jun 25, 07:00 pm",-0
"Jun 25, 08:00 pm",0
"Jun 25, 09:00 pm",0
"Jun 25, 10:00 pm",0
"Jun 25, 11:00 pm",0
"Jun 26, 12:00 am",0
"Jun 26, 01:00 am",0
"Jun 26, 02:00 am",0
"Jun 26, 03:00 am",0
"Jun 26, 04:00 am",0
"Jun 26, 05:00 am",0.160514
"Jun 26, 06:00 am",5.56285
"Jun 26, 07:00 am",9.36954
"Jun 26, 08:00 am",11.989
"Jun 26, 09:00 am",13.7262
"Jun 26, 10:00 am",14.7483
"Jun 26, 11:00 am",14.8971
"Jun 26, 12:00 pm",14.2376
"Jun 26, 01:00 pm",12.7843
"Jun 26, 02:00 pm",10.6327
"Jun 26, 03:00 pm",7.91186
"Jun 26, 04:00 pm",4.42497
"Jun 26, 05:00 pm",1.23185
"Jun 26, 06:00 pm",0.500357
"Jun 26, 07:00 pm",0.00764871
"Jun 26, 08:00 pm",0
"Jun 26, 09:00 pm",0
"Jun 26, 10:00 pm",0
"Jun 26, 11:00 pm",0
"Jun 27, 12:00 am",0
"Jun 27, 01:00 am",0
"Jun 27, 02:00 am",0
"Jun 27, 03:00 am",0
"Jun 27, 04:00 am",0
"Jun 27, 05:00 am",-0
"Jun 27, 06:00 am",5.23579
"Jun 27, 07:00 am",9.01333
"Jun 27, 08:00 am",11.3449
"Jun 27, 09:00 am",12.6937
"Jun 27, 10:00 am",13.4532
"Jun 27, 11:00 am",13.6473
"Jun 27, 12:00 pm",13.1338
"Jun 27, 01:00 pm",11.8372
"Jun 27, 02:00 pm",10.0028
"Jun 27, 03:00 pm",7.4405
"Jun 27, 04:00 pm",4.32161
"Jun 27, 05:00 pm",1.48584
"Jun 27, 06:00 pm",0.630736
"Jun 27, 07:00 pm",-0
"Jun 27, 08:00 pm",0
"Jun 27, 09:00 pm",0
"Jun 27, 10:00 pm",0
"Jun 27, 11:00 pm",0
"Jun 28, 12:00 am",0
"Jun 28, 01:00 am",0
"Jun 28, 02:00 am",0
"Jun 28, 03:00 am",0
"Jun 28, 04:00 am",0
"Jun 28, 05:00 am",-0
"Jun 28, 06:00 am",4.53534
"Jun 28, 07:00 am",8.49969
"Jun 28, 08:00 am",11.2972
"Jun 28, 09:00 am",12.9313
"Jun 28, 10:00 am",13.5465
"Jun 28, 11:00 am",13.3337
"Jun 28, 12:00 pm",12.598
"Jun 28, 01:00 pm",11.3274
"Jun 28, 02:00 pm",9.44131
"Jun 28, 03:00 pm",7.03983
"Jun 28, 04:00 pm",4.07678
"Jun 28, 05:00 pm",1.53659
"Jun 28, 06:00 pm",0.560131
"Jun 28, 07:00 pm",-0
"Jun 28, 08:00 pm",0
"Jun 28, 09:00 pm",0
"Jun 28, 10:00 pm",0
"Jun 28, 11:00 pm",0
"Jun 29, 12:00 am",0
"Jun 29, 01:00 am",0
"Jun 29, 02:00 am",0
"Jun 29, 03:00 am",0
"Jun 29, 04:00 am",0
"Jun 29, 05:00 am",-0
"Jun 29, 06:00 am",0.179908
"Jun 29, 07:00 am",5.2644
"Jun 29, 08:00 am",9.94722
"Jun 29, 09:00 am",7.24207
"Jun 29, 10:00 am",12.8981
"Jun 29, 11:00 am",12.8604
"Jun 29, 12:00 pm",12.4396
"Jun 29, 01:00 pm",11.2406
"Jun 29, 02:00 pm",9.44767
"Jun 29, 03:00 pm",7.12927
"Jun 29, 04:00 pm",4.32261
"Jun 29, 05:00 pm",1.80888
"Jun 29, 06:00 pm",0.685736
"Jun 29, 07:00 pm",-0
"Jun 29, 08:00 pm",0
"Jun 29, 09:00 pm",0
"Jun 29, 10:00 pm",0
"Jun 29, 11:00 pm",0
"Jun 30, 12:00 am",0
"Jun 30, 01:00 am",0
"Jun 30, 02:00 am",0
"Jun 30, 03:00 am",0
"Jun 30, 04:00 am",0
"Jun 30, 05:00 am",-0
"Jun 30, 06:00 am",3.44085
"Jun 30, 07:00 am",6.72568
"Jun 30, 08:00 am",9.71979
"Jun 30, 09:00 am",11.6533
"Jun 30, 10:00 am",12.8402
"Jun 30, 11:00 am",13.3897
"Jun 30, 12:00 pm",12.8078
"Jun 30, 01:00 pm",11.5245
"Jun 30, 02:00 pm",9.50926
"Jun 30, 03:00 pm",7.18635
"Jun 30, 04:00 pm",4.08536
"Jun 30, 05:00 pm",1.23079
"Jun 30, 06:00 pm",0.508033
"Jun 30, 07:00 pm",-0
"Jun 30, 08:00 pm",0
"Jun 30, 09:00 pm",0
"Jun 30, 10:00 pm",0
"Jun 30, 11:00 pm",0
"Jul 1, 12:00 am",0
"Jul 1, 01:00 am",0
"Jul 1, 02:00 am",0
"Jul 1, 03:00 am",0
"Jul 1, 04:00 am",0
"Jul 1, 05:00 am",-0
"Jul 1, 06:00 am",5.02982
"Jul 1, 07:00 am",9.03511
"Jul 1, 08:00 am",11.7265
"Jul 1, 09:00 am",13.3659
"Jul 1, 10:00 am",14.2821
"Jul 1, 11:00 am",14.4638
"Jul 1, 12:00 pm",13.8245
"Jul 1, 01:00 pm",12.4908
"Jul 1, 02:00 pm",10.369
"Jul 1, 03:00 pm",7.76153
"Jul 1, 04:00 pm",4.33992
"Jul 1, 05:00 pm",1.23166
"Jul 1, 06:00 pm",0.508597
"Jul 1, 07:00 pm",0.00711406
"Jul 1, 08:00 pm",0
"Jul 1, 09:00 pm",0
"Jul 1, 10:00 pm",0
"Jul 1, 11:00 pm",0
"Jul 2, 12:00 am",0
"Jul 2, 01:00 am",0
"Jul 2, 02:00 am",0
"Jul 2, 03:00 am",0
"Jul 2, 04:00 am",0
"Jul 2, 05:00 am",-0
"Jul 2, 06:00 am",5.14903
"Jul 2, 07:00 am",8.97931
"Jul 2, 08:00 am",11.5422
"Jul 2, 09:00 am",13.1075
"Jul 2, 10:00 am",13.8914
"Jul 2, 11:00 am",13.7919
"Jul 2, 12:00 pm",13.0845
"Jul 2, 01:00 pm",11.7336
"Jul 2, 02:00 pm",9.93176
"Jul 2, 03:00 pm",7.42564
"Jul 2, 04:00 pm",4.16555
"Jul 2, 05:00 pm",1.20303
"Jul 2, 06:00 pm",0.505596
"Jul 2, 07:00 pm",-0
"Jul 2, 08:00 pm",0
"Jul 2, 09:00 pm",0
"Jul 2, 10:00 pm",0
"Jul 2, 11:00 pm",0
"Jul 3, 12:00 am",0
"Jul 3, 01:00 am",0
"Jul 3, 02:00 am",0
"Jul 3, 03:00 am",0
"Jul 3, 04:00 am",0
"Jul 3, 05:00 am",-0
"Jul 3, 06:00 am",4.39468
"Jul 3, 07:00 am",8.21969
"Jul 3, 08:00 am",10.9398
"Jul 3, 09:00 am",12.7388
"Jul 3, 10:00 am",13.5879
"Jul 3, 11:00 am",13.9077
"Jul 3, 12:00 pm",13.3391
"Jul 3, 01:00 pm",12.0236
"Jul 3, 02:00 pm",10.0741
"Jul 3, 03:00 pm",7.47545
"Jul 3, 04:00 pm",4.26086
"Jul 3, 05:00 pm",1.26474
"Jul 3, 06:00 pm",0.548684
"Jul 3, 07:00 pm",-0
"Jul 3, 08:00 pm",0
"Jul 3, 09:00 pm",0
"Jul 3, 10:00 pm",0
"Jul 3, 11:00 pm",0
"Jul 4, 12:00 am",0
"Jul 4, 01:00 am",0
"Jul 4, 02:00 am",0
"Jul 4, 03:00 am",0
"Jul 4, 04:00 am",0
"Jul 4, 05:00 am",-0
"Jul 4, 06:00 am",4.72534
"Jul 4, 07:00 am",8.55948
"Jul 4, 08:00 am",11.1986
"Jul 4, 09:00 am",12.9483
"Jul 4, 10:00 am",13.7744
"Jul 4, 11:00 am",13.9586
"Jul 4, 12:00 pm",13.4129
"Jul 4, 01:00 pm",12.1273
"Jul 4, 02:00 pm",10.2173
"Jul 4, 03:00 pm",7.64789
"Jul 4, 04:00 pm",4.28875
"Jul 4, 05:00 pm",1.19132
"Jul 4, 06:00 pm",0.480546
"Jul 4, 07:00 pm",-0
"Jul 4, 08:00 pm",0
"Jul 4, 09:00 pm",0
"Jul 4, 10:00 pm",0
"Jul 4, 11:00 pm",0
"Jul 5, 12:00 am",0
"Jul 5, 01:00 am",0
"Jul 5, 02:00 am",0
"Jul 5, 03:00 am",0
"Jul 5, 04:00 am",0
"Jul 5, 05:00 am",-0
"Jul 5, 06:00 am",4.08346
"Jul 5, 07:00 am",8.0781
"Jul 5, 08:00 am",10.9498
"Jul 5, 09:00 am",12.7624
"Jul 5, 10:00 am",13.7329
"Jul 5, 11:00 am",13.9733
"Jul 5, 12:00 pm",13.4211
"Jul 5, 01:00 pm",12.117
"Jul 5, 02:00 pm",10.1256
"Jul 5, 03:00 pm",7.63161
"Jul 5, 04:00 pm",4.28871
"Jul 5, 05:00 pm",1.2191
"Jul 5, 06:00 pm",0.529939
"Jul 5, 07:00 pm",-0
"Jul 5, 08:00 pm",0
"Jul 5, 09:00 pm",0
"Jul 5, 10:00 pm",0
"Jul 5, 11:00 pm",0
"Jul 6, 12:00 am",0
"Jul 6, 01:00 am",0
"Jul 6, 02:00 am",0
"Jul 6, 03:00 am",0
"Jul 6, 04:00 am",0
"Jul 6, 05:00 am",-0
"Jul 6, 06:00 am",4.24321
"Jul 6, 07:00 am",8.03452
"Jul 6, 08:00 am",10.6019
"Jul 6, 09:00 am",12.2655
"Jul 6, 10:00 am",13.0975
"Jul 6, 11:00 am",13.2115
"Jul 6, 12:00 pm",12.6569
"Jul 6, 01:00 pm",11.5412
"Jul 6, 02:00 pm",9.82823
"Jul 6, 03:00 pm",7.43121
"Jul 6, 04:00 pm",4.20548
"Jul 6, 05:00 pm",1.25828
"Jul 6, 06:00 pm",0.631499
"Jul 6, 07:00 pm",-0
"Jul 6, 08:00 pm",0
"Jul 6, 09:00 pm",0
"Jul 6, 10:00 pm",0
"Jul 6, 11:00 pm",0
"Jul 7, 12:00 am",0
"Jul 7, 01:00 am",0
"Jul 7, 02:00 am",0
"Jul 7, 03:00 am",0
"Jul 7, 04:00 am",0
"Jul 7, 05:00 am",-0
"Jul 7, 06:00 am",3.7404
"Jul 7, 07:00 am",7.71107
"Jul 7, 08:00 am",10.6844
"Jul 7, 09:00 am",12.4989
"Jul 7, 10:00 am",13.3101
"Jul 7, 11:00 am",13.305
"Jul 7, 12:00 pm",12.4454
"Jul 7, 01:00 pm",11.2549
"Jul 7, 02:00 pm",9.47721
"Jul 7, 03:00 pm",7.15798
"Jul 7, 04:00 pm",4.0623
"Jul 7, 05:00 pm",1.55192
"Jul 7, 06:00 pm",0.834971
"Jul 7, 07:00 pm",-0
"Jul 7, 08:00 pm",0
"Jul 7, 09:00 pm",0
"Jul 7, 10:00 pm",0
"Jul 7, 11:00 pm",0
"Jul 8, 12:00 am",0
"Jul 8, 01:00 am",0
"Jul 8, 02:00 am",0
"Jul 8, 03:00 am",0
"Jul 8, 04:00 am",0
"Jul 8, 05:00 am",-0
"Jul 8, 06:00 am",3.96772
"Jul 8, 07:00 am",7.89043
"Jul 8, 08:00 am",10.7668
"Jul 8, 09:00 am",7.98351
"Jul 8, 10:00 am",13.396
"Jul 8, 11:00 am",13.3537
"Jul 8, 12:00 pm",12.7209
"Jul 8, 01:00 pm",11.4905
"Jul 8, 02:00 pm",9.60912
"Jul 8, 03:00 pm",6.96212
"Jul 8, 04:00 pm",4.10604
"Jul 8, 05:00 pm",2.06824
"Jul 8, 06:00 pm",0.899125
"Jul 8, 07:00 pm",-0
"Jul 8, 08:00 pm",0
"Jul 8, 09:00 pm",0
"Jul 8, 10:00 pm",0
"Jul 8, 11:00 pm",0
"Jul 9, 12:00 am",0
"Jul 9, 01:00 am",0
"Jul 9, 02:00 am",0
"Jul 9, 03:00 am",0
"Jul 9, 04:00 am",0
"Jul 9, 05:00 am",-0
"Jul 9, 06:00 am",3.50352
"Jul 9, 07:00 am",7.35612
"Jul 9, 08:00 am",10.278
"Jul 9, 09:00 am",12.0926
"Jul 9, 10:00 am",13.1767
"Jul 9, 11:00 am",13.6193
"Jul 9, 12:00 pm",12.9845
"Jul 9, 01:00 pm",11.7643
"Jul 9, 02:00 pm",9.7869
"Jul 9, 03:00 pm",7.2948
"Jul 9, 04:00 pm",4.11902
"Jul 9, 05:00 pm",1.3166
"Jul 9, 06:00 pm",0.583316
"Jul 9, 07:00 pm",-0
"Jul 9, 08:00 pm",0
"Jul 9, 09:00 pm",0
"Jul 9, 10:00 pm",0
"Jul 9, 11:00 pm",0
"Jul 10, 12:00 am",0
"Jul 10, 01:00 am",0
"Jul 10, 02:00 am",0
"Jul 10, 03:00 am",0
"Jul 10, 04:00 am",0
"Jul 10, 05:00 am",-0
"Jul 10, 06:00 am",4.18278
"Jul 10, 07:00 am",8.3393
"Jul 10, 08:00 am",11.2889
"Jul 10, 09:00 am",12.9967
"Jul 10, 10:00 am",13.5399
"Jul 10, 11:00 am",13.6399
"Jul 10, 12:00 pm",13.2345
"Jul 10, 01:00 pm",12.0327
"Jul 10, 02:00 pm",10.0412
"Jul 10, 03:00 pm",7.48398
"Jul 10, 04:00 pm",4.18641
"Jul 10, 05:00 pm",1.18486
"Jul 10, 06:00 pm",0.524598
"Jul 10, 07:00 pm",-0
"Jul 10, 08:00 pm",0
"Jul 10, 09:00 pm",0
"Jul 10, 10:00 pm",0
"Jul 10, 11:00 pm",0
"Jul 11, 12:00 am",0
"Jul 11, 01:00 am",0
"Jul 11, 02:00 am",0
"Jul 11, 03:00 am",0
"Jul 11, 04:00 am",0
"Jul 11, 05:00 am",-0
"Jul 11, 06:00 am",3.05107
"Jul 11, 07:00 am",6.47265
"Jul 11, 08:00 am",5.67625
"Jul 11, 09:00 am",9.08665
"Jul 11, 10:00 am",12.1614
"Jul 11, 11:00 am",10.3021
"Jul 11, 12:00 pm",8.42901
"Jul 11, 01:00 pm",11.6793
"Jul 11, 02:00 pm",9.84105
"Jul 11, 03:00 pm",7.30012
"Jul 11, 04:00 pm",4.23164
"Jul 11, 05:00 pm",1.68751
"Jul 11, 06:00 pm",0.52746
"Jul 11, 07:00 pm",-0
"Jul 11, 08:00 pm",0
"Jul 11, 09:00 pm",0
"Jul 11, 10:00 pm",0
"Jul 11, 11:00 pm",0
"Jul 12, 12:00 am",0
"Jul 12, 01:00 am",0
"Jul 12, 02:00 am",0
"Jul 12, 03:00 am",0
"Jul 12, 04:00 am",0
"Jul 12, 05:00 am",-0
"Jul 12, 06:00 am",3.78645
"Jul 12, 07:00 am",7.60174
"Jul 12, 08:00 am",10.3137
"Jul 12, 09:00 am",12.0536
"Jul 12, 10:00 am",13.0618
"Jul 12, 11:00 am",13.3917
"Jul 12, 12:00 pm",12.9337
"Jul 12, 01:00 pm",11.6795
"Jul 12, 02:00 pm",9.79518
"Jul 12, 03:00 pm",7.27064
"Jul 12, 04:00 pm",4.12213
"Jul 12, 05:00 pm",1.26178
"Jul 12, 06:00 pm",0.597699
"Jul 12, 07:00 pm",-0
"Jul 12, 08:00 pm",0
"Jul 12, 09:00 pm",0
"Jul 12, 10:00 pm",0
"Jul 12, 11:00 pm",0
"Jul 13, 12:00 am",0
"Jul 13, 01:00 am",0
"Jul 13, 02:00 am",0
"Jul 13, 03:00 am",0
"Jul 13, 04:00 am",0
"Jul 13, 05:00 am",-0
"Jul 13, 06:00 am",3.87082
"Jul 13, 07:00 am",7.81655
"Jul 13, 08:00 am",10.4405
"Jul 13, 09:00 am",12.1123
"Jul 13, 10:00 am",13.255
"Jul 13, 11:00 am",13.6099
"Jul 13, 12:00 pm",13.0996
"Jul 13, 01:00 pm",11.8215
"Jul 13, 02:00 pm",9.88618
"Jul 13, 03:00 pm",7.32522
"Jul 13, 04:00 pm",4.10822
"Jul 13, 05:00 pm",1.21277
"Jul 13, 06:00 pm",0.590972
"Jul 13, 07:00 pm",-0
"Jul 13, 08:00 pm",0
"Jul 13, 09:00 pm",0
"Jul 13, 10:00 pm",0
"Jul 13, 11:00 pm",0
"Jul 14, 12:00 am",0
"Jul 14, 01:00 am",0
"Jul 14, 02:00 am",0
"Jul 14, 03:00 am",0
"Jul 14, 04:00 am",0
"Jul 14, 05:00 am",-0
"Jul 14, 06:00 am",3.73292
"Jul 14, 07:00 am",7.76372
"Jul 14, 08:00 am",10.6152
"Jul 14, 09:00 am",12.3481
"Jul 14, 10:00 am",13.1623
"Jul 14, 11:00 am",13.3506
"Jul 14, 12:00 pm",12.8417
"Jul 14, 01:00 pm",11.6217
"Jul 14, 02:00 pm",9.67543
"Jul 14, 03:00 pm",7.16425
"Jul 14, 04:00 pm",3.97321
"Jul 14, 05:00 pm",1.68791
"Jul 14, 06:00 pm",0.762972
"Jul 14, 07:00 pm",-0
"Jul 14, 08:00 pm",0
"Jul 14, 09:00 pm",0
"Jul 14, 10:00 pm",0
"Jul 14, 11:00 pm",0
"Jul 15, 12:00 am",0
"Jul 15, 01:00 am",0
"Jul 15, 02:00 am",0
"Jul 15, 03:00 am",0
"Jul 15, 04:00 am",0
"Jul 15, 05:00 am",-0
"Jul 15, 06:00 am",2.89696
"Jul 15, 07:00 am",6.44105
"Jul 15, 08:00 am",10.2935
"Jul 15, 09:00 am",12.0688
"Jul 15, 10:00 am",12.8549
"Jul 15, 11:00 am",12.9708
"Jul 15, 12:00 pm",12.4551
"Jul 15, 01:00 pm",11.2889
"Jul 15, 02:00 pm",9.493
"Jul 15, 03:00 pm",7.05633
"Jul 15, 04:00 pm",4.05813
"Jul 15, 05:00 pm",2.00246
"Jul 15, 06:00 pm",0.85952
"Jul 15, 07:00 pm",-0
"Jul 15, 08:00 pm",0
"Jul 15, 09:00 pm",0
"Jul 15, 10:00 pm",0
"Jul 15, 11:00 pm",0
"Jul 16, 12:00 am",0
"Jul 16, 01:00 am",0
"Jul 16, 02:00 am",0
"Jul 16, 03:00 am",0
"Jul 16, 04:00 am",0
"Jul 16, 05:00 am",-0
"Jul 16, 06:00 am",0.428032
"Jul 16, 07:00 am",1.37122
"Jul 16, 08:00 am",6.50542
"Jul 16, 09:00 am",11.7043
"Jul 16, 10:00 am",12.6052
"Jul 16, 11:00 am",12.959
"Jul 16, 12:00 pm",12.571
"Jul 16, 01:00 pm",11.4735
"Jul 16, 02:00 pm",9.60124
"Jul 16, 03:00 pm",7.206
"Jul 16, 04:00 pm",4.0578
"Jul 16, 05:00 pm",1.30402
"Jul 16, 06:00 pm",0.59319
"Jul 16, 07:00 pm",-0
"Jul 16, 08:00 pm",0
"Jul 16, 09:00 pm",0
"Jul 16, 10:00 pm",0
"Jul 16, 11:00 pm",0
"Jul 17, 12:00 am",0
"Jul 17, 01:00 am",0
"Jul 17, 02:00 am",0
"Jul 17, 03:00 am",0
"Jul 17, 04:00 am",0
"Jul 17, 05:00 am",0
"Jul 17, 06:00 am",0.612117
"Jul 17, 07:00 am",2.08661
"Jul 17, 08:00 am",0.910529
"Jul 17, 09:00 am",6.60823
"Jul 17, 10:00 am",10.4664
"Jul 17, 11:00 am",11.2967
"Jul 17, 12:00 pm",12.0514
"Jul 17, 01:00 pm",11.957
"Jul 17, 02:00 pm",9.9039
"Jul 17, 03:00 pm",7.32614
"Jul 17, 04:00 pm",4.11188
"Jul 17, 05:00 pm",1.90666
"Jul 17, 06:00 pm",0.800712
"Jul 17, 07:00 pm",-0
"Jul 17, 08:00 pm",0
"Jul 17, 09:00 pm",0
"Jul 17, 10:00 pm",0
"Jul 17, 11:00 pm",0
"Jul 18, 12:00 am",0
"Jul 18, 01:00 am",0
"Jul 18, 02:00 am",0
"Jul 18, 03:00 am",0
"Jul 18, 04:00 am",0
"Jul 18, 05:00 am",0
"Jul 18, 06:00 am",3.47426
"Jul 18, 07:00 am",7.37523
"Jul 18, 08:00 am",10.3347
"Jul 18, 09:00 am",12.2367
"Jul 18, 10:00 am",13.2759
"Jul 18, 11:00 am",13.5925
"Jul 18, 12:00 pm",13.0003
"Jul 18, 01:00 pm",11.6211
"Jul 18, 02:00 pm",9.48504
"Jul 18, 03:00 pm",7.06241
"Jul 18, 04:00 pm",0.161954
"Jul 18, 05:00 pm",0.125101
"Jul 18, 06:00 pm",-0
"Jul 18, 07:00 pm",-0
"Jul 18, 08:00 pm",0
"Jul 18, 09:00 pm",0
"Jul 18, 10:00 pm",0
"Jul 18, 11:00 pm",0
"Jul 19, 12:00 am",0
"Jul 19, 01:00 am",0
"Jul 19, 02:00 am",0
"Jul 19, 03:00 am",0
"Jul 19, 04:00 am",0
"Jul 19, 05:00 am",0
"Jul 19, 06:00 am",3.09961
"Jul 19, 07:00 am",7.24272
"Jul 19, 08:00 am",10.3692
"Jul 19, 09:00 am",12.3477
"Jul 19, 10:00 am",13.1861
"Jul 19, 11:00 am",13.4019
"Jul 19, 12:00 pm",12.6821
"Jul 19, 01:00 pm",9.86181
"Jul 19, 02:00 pm",8.69263
"Jul 19, 03:00 pm",6.80526
"Jul 19, 04:00 pm",4.0513
"Jul 19, 05:00 pm",2.06198
"Jul 19, 06:00 pm",0.873615
"Jul 19, 07:00 pm",-0
"Jul 19, 08:00 pm",0
"Jul 19, 09:00 pm",0
"Jul 19, 10:00 pm",0
"Jul 19, 11:00 pm",0
"Jul 20, 12:00 am",0
"Jul 20, 01:00 am",0
"Jul 20, 02:00 am",0
"Jul 20, 03:00 am",0
"Jul 20, 04:00 am",0
"Jul 20, 05:00 am",0
"Jul 20, 06:00 am",1.31549
"Jul 20, 07:00 am",3.84456
"Jul 20, 08:00 am",6.78512
"Jul 20, 09:00 am",6.02025
"Jul 20, 10:00 am",3.86773
"Jul 20, 11:00 am",12.4698
"Jul 20, 12:00 pm",11.8619
"Jul 20, 01:00 pm",10.8602
"Jul 20, 02:00 pm",9.31697
"Jul 20, 03:00 pm",7.01529
"Jul 20, 04:00 pm",3.95331
"Jul 20, 05:00 pm",1.26843
"Jul 20, 06:00 pm",0.606543
"Jul 20, 07:00 pm",-0
"Jul 20, 08:00 pm",0
"Jul 20, 09:00 pm",0
"Jul 20, 10:00 pm",0
"Jul 20, 11:00 pm",0
"Jul 21, 12:00 am",0
"Jul 21, 01:00 am",0
"Jul 21, 02:00 am",0
"Jul 21, 03:00 am",0
"Jul 21, 04:00 am",0
"Jul 21, 05:00 am",0
"Jul 21, 06:00 am",3.22888
"Jul 21, 07:00 am",7.35109
"Jul 21, 08:00 am",8.24899
"Jul 21, 09:00 am",12.3759
"Jul 21, 10:00 am",13.4727
"Jul 21, 11:00 am",13.7644
"Jul 21, 12:00 pm",13.182
"Jul 21, 01:00 pm",11.8339
"Jul 21, 02:00 pm",9.75542
"Jul 21, 03:00 pm",7.18538
"Jul 21, 04:00 pm",3.9167
"Jul 21, 05:00 pm",1.14863
"Jul 21, 06:00 pm",0.552881
"Jul 21, 07:00 pm",-0
"Jul 21, 08:00 pm",0
"Jul 21, 09:00 pm",0
"Jul 21, 10:00 pm",0
"Jul 21, 11:00 pm",0
"Jul 22, 12:00 am",0
"Jul 22, 01:00 am",0
"Jul 22, 02:00 am",0
"Jul 22, 03:00 am",0
"Jul 22, 04:00 am",0
"Jul 22, 05:00 am",0
"Jul 22, 06:00 am",3.46692
"Jul 22, 07:00 am",3.18833
"Jul 22, 08:00 am",7.58882
"Jul 22, 09:00 am",7.4254
"Jul 22, 10:00 am",13.374
"Jul 22, 11:00 am",13.5376
"Jul 22, 12:00 pm",12.9718
"Jul 22, 01:00 pm",11.656
"Jul 22, 02:00 pm",9.67219
"Jul 22, 03:00 pm",7.09574
"Jul 22, 04:00 pm",4.04209
"Jul 22, 05:00 pm",2.00271
"Jul 22, 06:00 pm",0.839068
"Jul 22, 07:00 pm",-0
"Jul 22, 08:00 pm",0
"Jul 22, 09:00 pm",0
"Jul 22, 10:00 pm",0
"Jul 22, 11:00 pm",0
"Jul 23, 12:00 am",0
"Jul 23, 01:00 am",0
"Jul 23, 02:00 am",0
"Jul 23, 03:00 am",0
"Jul 23, 04:00 am",0
"Jul 23, 05:00 am",0
"Jul 23, 06:00 am",2.66027
"Jul 23, 07:00 am",6.24539
"Jul 23, 08:00 am",4.66113
"Jul 23, 09:00 am",12.1189
"Jul 23, 10:00 am",13.0171
"Jul 23, 11:00 am",13.2241
"Jul 23, 12:00 pm",12.626
"Jul 23, 01:00 pm",11.4663
"Jul 23, 02:00 pm",9.60898
"Jul 23, 03:00 pm",7.0892
"Jul 23, 04:00 pm",3.87659
"Jul 23, 05:00 pm",1.11821
"Jul 23, 06:00 pm",0.555145
"Jul 23, 07:00 pm",-0
"Jul 23, 08:00 pm",0
"Jul 23, 09:00 pm",0
"Jul 23, 10:00 pm",0
"Jul 23, 11:00 pm",0
"Jul 24, 12:00 am",0
"Jul 24, 01:00 am",0
"Jul 24, 02:00 am",0
"Jul 24, 03:00 am",0
"Jul 24, 04:00 am",0
"Jul 24, 05:00 am",0
"Jul 24, 06:00 am",2.28849
"Jul 24, 07:00 am",5.88713
"Jul 24, 08:00 am",2.95689
"Jul 24, 09:00 am",0.282876
"Jul 24, 10:00 am",0.508476
"Jul 24, 11:00 am",7.30217
"Jul 24, 12:00 pm",9.50031
"Jul 24, 01:00 pm",11.3696
"Jul 24, 02:00 pm",7.38312
"Jul 24, 03:00 pm",6.25548
"Jul 24, 04:00 pm",4.12473
"Jul 24, 05:00 pm",1.30274
"Jul 24, 06:00 pm",0.596246
"Jul 24, 07:00 pm",-0
"Jul 24, 08:00 pm",0
"Jul 24, 09:00 pm",0
"Jul 24, 10:00 pm",0
"Jul 24, 11:00 pm",0
"Jul 25, 12:00 am",0
"Jul 25, 01:00 am",0
"Jul 25, 02:00 am",0
"Jul 25, 03:00 am",0
"Jul 25, 04:00 am",0
"Jul 25, 05:00 am",0
"Jul 25, 06:00 am",3.4661
"Jul 25, 07:00 am",7.67605
"Jul 25, 08:00 am",10.5207
"Jul 25, 09:00 am",12.3517
"Jul 25, 10:00 am",8.64892
"Jul 25, 11:00 am",12.7348
"Jul 25, 12:00 pm",12.6979
"Jul 25, 01:00 pm",11.4428
"Jul 25, 02:00 pm",9.51669
"Jul 25, 03:00 pm",3.79943
"Jul 25, 04:00 pm",3.85868
"Jul 25, 05:00 pm",1.04353
"Jul 25, 06:00 pm",0.523113
"Jul 25, 07:00 pm",-0
"Jul 25, 08:00 pm",0
"Jul 25, 09:00 pm",0
"Jul 25, 10:00 pm",0
"Jul 25, 11:00 pm",0
"Jul 26, 12:00 am",0
"Jul 26, 01:00 am",0
"Jul 26, 02:00 am",0
"Jul 26, 03:00 am",0
"Jul 26, 04:00 am",0
"Jul 26, 05:00 am",0
"Jul 26, 06:00 am",3.83116
"Jul 26, 07:00 am",6.37005
"Jul 26, 08:00 am",10.2752
"Jul 26, 09:00 am",11.979
"Jul 26, 10:00 am",13.0425
"Jul 26, 11:00 am",13.4625
"Jul 26, 12:00 pm",13.0289
"Jul 26, 01:00 pm",11.809
"Jul 26, 02:00 pm",9.85533
"Jul 26, 03:00 pm",7.25271
"Jul 26, 04:00 pm",3.86487
"Jul 26, 05:00 pm",1.20292
"Jul 26, 06:00 pm",0.523906
"Jul 26, 07:00 pm",-0
"Jul 26, 08:00 pm",0
"Jul 26, 09:00 pm",0
"Jul 26, 10:00 pm",0
"Jul 26, 11:00 pm",0
"Jul 27, 12:00 am",0
"Jul 27, 01:00 am",0
"Jul 27, 02:00 am",0
"Jul 27, 03:00 am",0
"Jul 27, 04:00 am",0
"Jul 27, 05:00 am",0
"Jul 27, 06:00 am",3.72604
"Jul 27, 07:00 am",7.81455
"Jul 27, 08:00 am",10.4926
"Jul 27, 09:00 am",12.2125
"Jul 27, 10:00 am",13.095
"Jul 27, 11:00 am",13.2882
"Jul 27, 12:00 pm",12.7582
"Jul 27, 01:00 pm",11.5152
"Jul 27, 02:00 pm",9.57139
"Jul 27, 03:00 pm",7.0056
"Jul 27, 04:00 pm",3.94961
"Jul 27, 05:00 pm",0.975186
"Jul 27, 06:00 pm",0.313647
"Jul 27, 07:00 pm",-0
"Jul 27, 08:00 pm",0
"Jul 27, 09:00 pm",0
"Jul 27, 10:00 pm",0
"Jul 27, 11:00 pm",0
"Jul 28, 12:00 am",0
"Jul 28, 01:00 am",0
"Jul 28, 02:00 am",0
"Jul 28, 03:00 am",0
"Jul 28, 04:00 am",0
"Jul 28, 05:00 am",0
"Jul 28, 06:00 am",1.15216
"Jul 28, 07:00 am",3.5837
"Jul 28, 08:00 am",0.368921
"Jul 28, 09:00 am",8.38242
"Jul 28, 10:00 am",4.52371
"Jul 28, 11:00 am",13.1427
"Jul 28, 12:00 pm",13.1334
"Jul 28, 01:00 pm",12.0743
"Jul 28, 02:00 pm",10.1016
"Jul 28, 03:00 pm",7.32798
"Jul 28, 04:00 pm",3.93303
"Jul 28, 05:00 pm",1.0317
"Jul 28, 06:00 pm",0.529923
"Jul 28, 07:00 pm",-0
"Jul 28, 08:00 pm",0
"Jul 28, 09:00 pm",0
"Jul 28, 10:00 pm",0
"Jul 28, 11:00 pm",0
"Jul 29, 12:00 am",0
"Jul 29, 01:00 am",0
"Jul 29, 02:00 am",0
"Jul 29, 03:00 am",0
"Jul 29, 04:00 am",0
"Jul 29, 05:00 am",0
"Jul 29, 06:00 am",2.10491
"Jul 29, 07:00 am",4.99787
"Jul 29, 08:00 am",7.42137
"Jul 29, 09:00 am",9.16283
"Jul 29, 10:00 am",11.4136
"Jul 29, 11:00 am",13.1884
"Jul 29, 12:00 pm",12.632
"Jul 29, 01:00 pm",4.21658
"Jul 29, 02:00 pm",5.92857
"Jul 29, 03:00 pm",6.91409
"Jul 29, 04:00 pm",3.83385
"Jul 29, 05:00 pm",1.96245
"Jul 29, 06:00 pm",0.784097
"Jul 29, 07:00 pm",0
"Jul 29, 08:00 pm",0
"Jul 29, 09:00 pm",0
"Jul 29, 10:00 pm",0
"Jul 29, 11:00 pm",0
"Jul 30, 12:00 am",0
"Jul 30, 01:00 am",0
"Jul 30, 02:00 am",0
"Jul 30, 03:00 am",0
"Jul 30, 04:00 am",0
"Jul 30, 05:00 am",0
"Jul 30, 06:00 am",0.672779
"Jul 30, 07:00 am",2.62858
"Jul 30, 08:00 am",4.88104
"Jul 30, 09:00 am",9.88344
"Jul 30, 10:00 am",11.4798
"Jul 30, 11:00 am",12.1843
"Jul 30, 12:00 pm",9.85821
"Jul 30, 01:00 pm",11.1307
"Jul 30, 02:00 pm",9.2705
"Jul 30, 03:00 pm",6.82844
"Jul 30, 04:00 pm",3.74704
"Jul 30, 05:00 pm",1.75652
"Jul 30, 06:00 pm",0.664641
"Jul 30, 07:00 pm",0
"Jul 30, 08:00 pm",0
"Jul 30, 09:00 pm",0
"Jul 30, 10:00 pm",0
"Jul 30, 11:00 pm",0
"Jul 31, 12:00 am",0
"Jul 31, 01:00 am",0
"Jul 31, 02:00 am",0
"Jul 31, 03:00 am",0
"Jul 31, 04:00 am",0
"Jul 31, 05:00 am",0
"Jul 31, 06:00 am",2.32761
"Jul 31, 07:00 am",5.28526
"Jul 31, 08:00 am",10.1931
"Jul 31, 09:00 am",9.57712
"Jul 31, 10:00 am",10.1577
"Jul 31, 11:00 am",13.0857
"Jul 31, 12:00 pm",12.5539
"Jul 31, 01:00 pm",11.2547
"Jul 31, 02:00 pm",9.2407
"Jul 31, 03:00 pm",6.67279
"Jul 31, 04:00 pm",3.59447
"Jul 31, 05:00 pm",1.16268
"Jul 31, 06:00 pm",0.737404
"Jul 31, 07:00 pm",0
"Jul 31, 08:00 pm",0
"Jul 31, 09:00 pm",0
"Jul 31, 10:00 pm",0
"Jul 31, 11:00 pm",0
"Aug 1, 12:00 am",0
"Aug 1, 01:00 am",0
"Aug 1, 02:00 am",0
"Aug 1, 03:00 am",0
"Aug 1, 04:00 am",0
"Aug 1, 05:00 am",0
"Aug 1, 06:00 am",3.19865
"Aug 1, 07:00 am",7.48408
"Aug 1, 08:00 am",10.3005
"Aug 1, 09:00 am",12.1532
"Aug 1, 10:00 am",13.1818
"Aug 1, 11:00 am",13.3843
"Aug 1, 12:00 pm",12.812
"Aug 1, 01:00 pm",11.4986
"Aug 1, 02:00 pm",9.6095
"Aug 1, 03:00 pm",7.05286
"Aug 1, 04:00 pm",3.7186
"Aug 1, 05:00 pm",1.55962
"Aug 1, 06:00 pm",0.540313
"Aug 1, 07:00 pm",0
"Aug 1, 08:00 pm",0
"Aug 1, 09:00 pm",0
"Aug 1, 10:00 pm",0
"Aug 1, 11:00 pm",0
"Aug 2, 12:00 am",0
"Aug 2, 01:00 am",0
"Aug 2, 02:00 am",0
"Aug 2, 03:00 am",0
"Aug 2, 04:00 am",0
"Aug 2, 05:00 am",0
"Aug 2, 06:00 am",2.73521
"Aug 2, 07:00 am",0.934845
"Aug 2, 08:00 am",10.9044
"Aug 2, 09:00 am",12.576
"Aug 2, 10:00 am",13.1299
"Aug 2, 11:00 am",12.9487
"Aug 2, 12:00 pm",12.5055
"Aug 2, 01:00 pm",11.54
"Aug 2, 02:00 pm",9.70589
"Aug 2, 03:00 pm",7.10297
"Aug 2, 04:00 pm",3.6512
"Aug 2, 05:00 pm",0.792185
"Aug 2, 06:00 pm",0.365529
"Aug 2, 07:00 pm",0
"Aug 2, 08:00 pm",0
"Aug 2, 09:00 pm",0
"Aug 2, 10:00 pm",0
"Aug 2, 11:00 pm",0
"Aug 3, 12:00 am",0
"Aug 3, 01:00 am",0
"Aug 3, 02:00 am",0
"Aug 3, 03:00 am",0
"Aug 3, 04:00 am",0
"Aug 3, 05:00 am",0
"Aug 3, 06:00 am",3.57098
"Aug 3, 07:00 am",7.76943
"Aug 3, 08:00 am",10.3739
"Aug 3, 09:00 am",12.156
"Aug 3, 10:00 am",13.2423
"Aug 3, 11:00 am",13.4617
"Aug 3, 12:00 pm",12.1614
"Aug 3, 01:00 pm",10.223
"Aug 3, 02:00 pm",8.52837
"Aug 3, 03:00 pm",6.64377
"Aug 3, 04:00 pm",3.83391
"Aug 3, 05:00 pm",1.69357
"Aug 3, 06:00 pm",0.418329
"Aug 3, 07:00 pm",0
"Aug 3, 08:00 pm",0
"Aug 3, 09:00 pm",0
"Aug 3, 10:00 pm",0
"Aug 3, 11:00 pm",0
"Aug 4, 12:00 am",0
"Aug 4, 01:00 am",0
"Aug 4, 02:00 am",0
"Aug 4, 03:00 am",0
"Aug 4, 04:00 am",0
"Aug 4, 05:00 am",0
"Aug 4, 06:00 am",0.252713
"Aug 4, 07:00 am",1.54939
"Aug 4, 08:00 am",5.38258
"Aug 4, 09:00 am",1.96471
"Aug 4, 10:00 am",1.30192
"Aug 4, 11:00 am",2.2501
"Aug 4, 12:00 pm",7.74401
"Aug 4, 01:00 pm",9.2093
"Aug 4, 02:00 pm",9.98218
"Aug 4, 03:00 pm",7.17269
"Aug 4, 04:00 pm",3.63406
"Aug 4, 05:00 pm",0.758157
"Aug 4, 06:00 pm",0.398031
"Aug 4, 07:00 pm",0
"Aug 4, 08:00 pm",0
"Aug 4, 09:00 pm",0
"Aug 4, 10:00 pm",0
"Aug 4, 11:00 pm",0
"Aug 5, 12:00 am",0
"Aug 5, 01:00 am",0
"Aug 5, 02:00 am",0
"Aug 5, 03:00 am",0
"Aug 5, 04:00 am",0
"Aug 5, 05:00 am",0
"Aug 5, 06:00 am",3.46226
"Aug 5, 07:00 am",7.81639
"Aug 5, 08:00 am",10.5968
"Aug 5, 09:00 am",12.3565
"Aug 5, 10:00 am",13.5123
"Aug 5, 11:00 am",13.8205
"Aug 5, 12:00 pm",13.2983
"Aug 5, 01:00 pm",12.0259
"Aug 5, 02:00 pm",9.96407
"Aug 5, 03:00 pm",7.22397
"Aug 5, 04:00 pm",3.61614
"Aug 5, 05:00 pm",0.747713
"Aug 5, 06:00 pm",0.36041
"Aug 5, 07:00 pm",0
"Aug 5, 08:00 pm",0
"Aug 5, 09:00 pm",0
"Aug 5, 10:00 pm",0
"Aug 5, 11:00 pm",0
"Aug 6, 12:00 am",0
"Aug 6, 01:00 am",0
"Aug 6, 02:00 am",0
"Aug 6, 03:00 am",0
"Aug 6, 04:00 am",0
"Aug 6, 05:00 am",0
"Aug 6, 06:00 am",3.67836
"Aug 6, 07:00 am",8.04527
"Aug 6, 08:00 am",10.8772
"Aug 6, 09:00 am",12.4608
"Aug 6, 10:00 am",12.7775
"Aug 6, 11:00 am",12.7582
"Aug 6, 12:00 pm",12.4751
"Aug 6, 01:00 pm",11.3626
"Aug 6, 02:00 pm",9.40038
"Aug 6, 03:00 pm",6.85648
"Aug 6, 04:00 pm",3.47116
"Aug 6, 05:00 pm",0.721352
"Aug 6, 06:00 pm",0.39616
"Aug 6, 07:00 pm",0
"Aug 6, 08:00 pm",0
"Aug 6, 09:00 pm",0
"Aug 6, 10:00 pm",0
"Aug 6, 11:00 pm",0
"Aug 7, 12:00 am",0
"Aug 7, 01:00 am",0
"Aug 7, 02:00 am",0
"Aug 7, 03:00 am",0
"Aug 7, 04:00 am",0
"Aug 7, 05:00 am",0
"Aug 7, 06:00 am",2.76933
"Aug 7, 07:00 am",7.72516
"Aug 7, 08:00 am",10.6431
"Aug 7, 09:00 am",12.4336
"Aug 7, 10:00 am",12.887
"Aug 7, 11:00 am",12.6894
"Aug 7, 12:00 pm",12.4771
"Aug 7, 01:00 pm",11.3441
"Aug 7, 02:00 pm",9.39232
"Aug 7, 03:00 pm",6.78329
"Aug 7, 04:00 pm",3.74859
"Aug 7, 05:00 pm",1.57382
"Aug 7, 06:00 pm",0.64609
"Aug 7, 07:00 pm",0
"Aug 7, 08:00 pm",0
"Aug 7, 09:00 pm",0
"Aug 7, 10:00 pm",0
"Aug 7, 11:00 pm",0
"Aug 8, 12:00 am",0
"Aug 8, 01:00 am",0
"Aug 8, 02:00 am",0
"Aug 8, 03:00 am",0
"Aug 8, 04:00 am",0
"Aug 8, 05:00 am",0
"Aug 8, 06:00 am",2.58104
"Aug 8, 07:00 am",5.9855
"Aug 8, 08:00 am",8.05317
"Aug 8, 09:00 am",11.7011
"Aug 8, 10:00 am",12.4083
"Aug 8, 11:00 am",12.5783
"Aug 8, 12:00 pm",12.3269
"Aug 8, 01:00 pm",11.2669
"Aug 8, 02:00 pm",9.3458
"Aug 8, 03:00 pm",6.68782
"Aug 8, 04:00 pm",3.35036
"Aug 8, 05:00 pm",1.13488
"Aug 8, 06:00 pm",0.455815
"Aug 8, 07:00 pm",0
"Aug 8, 08:00 pm",0
"Aug 8, 09:00 pm",0
"Aug 8, 10:00 pm",0
"Aug 8, 11:00 pm",0
"Aug 9, 12:00 am",0
"Aug 9, 01:00 am",0
"Aug 9, 02:00 am",0
"Aug 9, 03:00 am",0
"Aug 9, 04:00 am",0
"Aug 9, 05:00 am",0
"Aug 9, 06:00 am",0.305857
"Aug 9, 07:00 am",1.89789
"Aug 9, 08:00 am",7.22674
"Aug 9, 09:00 am",9.53908
"Aug 9, 10:00 am",10.5407
"Aug 9, 11:00 am",10.7015
"Aug 9, 12:00 pm",11.7969
"Aug 9, 01:00 pm",9.53449
"Aug 9, 02:00 pm",8.83809
"Aug 9, 03:00 pm",6.44935
"Aug 9, 04:00 pm",3.61203
"Aug 9, 05:00 pm",1.06725
"Aug 9, 06:00 pm",0.594441
"Aug 9, 07:00 pm",0
"Aug 9, 08:00 pm",0
"Aug 9, 09:00 pm",0
"Aug 9, 10:00 pm",0
"Aug 9, 11:00 pm",0
"Aug 10, 12:00 am",0
"Aug 10, 01:00 am",0
"Aug 10, 02:00 am",0
"Aug 10, 03:00 am",0
"Aug 10, 04:00 am",0
"Aug 10, 05:00 am",0
"Aug 10, 06:00 am",0.797259
"Aug 10, 07:00 am",1.5618
"Aug 10, 08:00 am",3.24492
"Aug 10, 09:00 am",5.25909
"Aug 10, 10:00 am",10.9144
"Aug 10, 11:00 am",13.1732
"Aug 10, 12:00 pm",12.5286
"Aug 10, 01:00 pm",11.1737
"Aug 10, 02:00 pm",9.12291
"Aug 10, 03:00 pm",6.5178
"Aug 10, 04:00 pm",3.35797
"Aug 10, 05:00 pm",0.938539
"Aug 10, 06:00 pm",0.475484
"Aug 10, 07:00 pm",0
"Aug 10, 08:00 pm",0
"Aug 10, 09:00 pm",0
"Aug 10, 10:00 pm",0
"Aug 10, 11:00 pm",0
"Aug 11, 12:00 am",0
"Aug 11, 01:00 am",0
"Aug 11, 02:00 am",0
"Aug 11, 03:00 am",0
"Aug 11, 04:00 am",0
"Aug 11, 05:00 am",0
"Aug 11, 06:00 am",2.88676
"Aug 11, 07:00 am",7.29581
"Aug 11, 08:00 am",10.186
"Aug 11, 09:00 am",11.7069
"Aug 11, 10:00 am",11.6274
"Aug 11, 11:00 am",13.0794
"Aug 11, 12:00 pm",12.7111
"Aug 11, 01:00 pm",6.84862
"Aug 11, 02:00 pm",9.51504
"Aug 11, 03:00 pm",6.73328
"Aug 11, 04:00 pm",3.49021
"Aug 11, 05:00 pm",0.863454
"Aug 11, 06:00 pm",0.480986
"Aug 11, 07:00 pm",0
"Aug 11, 08:00 pm",0
"Aug 11, 09:00 pm",0
"Aug 11, 10:00 pm",0
"Aug 11, 11:00 pm",0
"Aug 12, 12:00 am",0
"Aug 12, 01:00 am",0
"Aug 12, 02:00 am",0
"Aug 12, 03:00 am",0
"Aug 12, 04:00 am",0
"Aug 12, 05:00 am",0
"Aug 12, 06:00 am",2.04499
"Aug 12, 07:00 am",5.84554
"Aug 12, 08:00 am",8.50553
"Aug 12, 09:00 am",9.92185
"Aug 12, 10:00 am",11.5505
"Aug 12, 11:00 am",13.0502
"Aug 12, 12:00 pm",11.8975
"Aug 12, 01:00 pm",11.4394
"Aug 12, 02:00 pm",9.44927
"Aug 12, 03:00 pm",6.67343
"Aug 12, 04:00 pm",3.25921
"Aug 12, 05:00 pm",1.04025
"Aug 12, 06:00 pm",0.547547
"Aug 12, 07:00 pm",0
"Aug 12, 08:00 pm",0
"Aug 12, 09:00 pm",0
"Aug 12, 10:00 pm",0
"Aug 12, 11:00 pm",0
"Aug 13, 12:00 am",0
"Aug 13, 01:00 am",0
"Aug 13, 02:00 am",0
"Aug 13, 03:00 am",0
"Aug 13, 04:00 am",0
"Aug 13, 05:00 am",0
"Aug 13, 06:00 am",2.27512
"Aug 13, 07:00 am",6.06041
"Aug 13, 08:00 am",8.98142
"Aug 13, 09:00 am",9.03662
"Aug 13, 10:00 am",11.6023
"Aug 13, 11:00 am",13.1657
"Aug 13, 12:00 pm",12.7416
"Aug 13, 01:00 pm",11.5183
"Aug 13, 02:00 pm",8.95291
"Aug 13, 03:00 pm",6.65747
"Aug 13, 04:00 pm",3.40584
"Aug 13, 05:00 pm",0.82633
"Aug 13, 06:00 pm",0.556106
"Aug 13, 07:00 pm",0
"Aug 13, 08:00 pm",0
"Aug 13, 09:00 pm",0
"Aug 13, 10:00 pm",0
"Aug 13, 11:00 pm",0
"Aug 14, 12:00 am",0
"Aug 14, 01:00 am",0
"Aug 14, 02:00 am",0
"Aug 14, 03:00 am",0
"Aug 14, 04:00 am",0
"Aug 14, 05:00 am",0
"Aug 14, 06:00 am",2.35673
"Aug 14, 07:00 am",6.81547
"Aug 14, 08:00 am",10.0011
"Aug 14, 09:00 am",11.8027
"Aug 14, 10:00 am",12.4402
"Aug 14, 11:00 am",12.5118
"Aug 14, 12:00 pm",12.182
"Aug 14, 01:00 pm",11.0906
"Aug 14, 02:00 pm",9.14748
"Aug 14, 03:00 pm",6.45313
"Aug 14, 04:00 pm",3.40674
"Aug 14, 05:00 pm",1.07668
"Aug 14, 06:00 pm",0.135083
"Aug 14, 07:00 pm",0
"Aug 14, 08:00 pm",0
"Aug 14, 09:00 pm",0
"Aug 14, 10:00 pm",0
"Aug 14, 11:00 pm",0
"Aug 15, 12:00 am",0
"Aug 15, 01:00 am",0
"Aug 15, 02:00 am",0
"Aug 15, 03:00 am",0
"Aug 15, 04:00 am",0
"Aug 15, 05:00 am",0
"Aug 15, 06:00 am",0.319865
"Aug 15, 07:00 am",2.19071
"Aug 15, 08:00 am",8.77563
"Aug 15, 09:00 am",9.60871
"Aug 15, 10:00 am",5.16626
"Aug 15, 11:00 am",7.6952
"Aug 15, 12:00 pm",8.4241
"Aug 15, 01:00 pm",8.78409
"Aug 15, 02:00 pm",7.57932
"Aug 15, 03:00 pm",6.46046
"Aug 15, 04:00 pm",3.09312
"Aug 15, 05:00 pm",1.10608
"Aug 15, 06:00 pm",0.427083
"Aug 15, 07:00 pm",0
"Aug 15, 08:00 pm",0
"Aug 15, 09:00 pm",0
"Aug 15, 10:00 pm",0
"Aug 15, 11:00 pm",0
"Aug 16, 12:00 am",0
"Aug 16, 01:00 am",0
"Aug 16, 02:00 am",0
"Aug 16, 03:00 am",0
"Aug 16, 04:00 am",0
"Aug 16, 05:00 am",0
"Aug 16, 06:00 am",0.546187
"Aug 16, 07:00 am",3.73657
"Aug 16, 08:00 am",6.35076
"Aug 16, 09:00 am",9.24918
"Aug 16, 10:00 am",12.8069
"Aug 16, 11:00 am",13.128
"Aug 16, 12:00 pm",11.5859
"Aug 16, 01:00 pm",11.416
"Aug 16, 02:00 pm",9.36987
"Aug 16, 03:00 pm",6.28174
"Aug 16, 04:00 pm",3.20148
"Aug 16, 05:00 pm",0.674656
"Aug 16, 06:00 pm",0.352745
"Aug 16, 07:00 pm",0
"Aug 16, 08:00 pm",0
"Aug 16, 09:00 pm",0
"Aug 16, 10:00 pm",0
"Aug 16, 11:00 pm",0
"Aug 17, 12:00 am",0
"Aug 17, 01:00 am",0
"Aug 17, 02:00 am",0
"Aug 17, 03:00 am",0
"Aug 17, 04:00 am",0
"Aug 17, 05:00 am",0
"Aug 17, 06:00 am",2.97954
"Aug 17, 07:00 am",7.53937
"Aug 17, 08:00 am",10.4161
"Aug 17, 09:00 am",11.8699
"Aug 17, 10:00 am",12.5774
"Aug 17, 11:00 am",12.8599
"Aug 17, 12:00 pm",12.4167
"Aug 17, 01:00 pm",11.1506
"Aug 17, 02:00 pm",9.21698
"Aug 17, 03:00 pm",6.4789
"Aug 17, 04:00 pm",2.97948
"Aug 17, 05:00 pm",0.540441
"Aug 17, 06:00 pm",0.318109
"Aug 17, 07:00 pm",0
"Aug 17, 08:00 pm",0
"Aug 17, 09:00 pm",0
"Aug 17, 10:00 pm",0
"Aug 17, 11:00 pm",0
"Aug 18, 12:00 am",0
"Aug 18, 01:00 am",0
"Aug 18, 02:00 am",0
"Aug 18, 03:00 am",0
"Aug 18, 04:00 am",0
"Aug 18, 05:00 am",0
"Aug 18, 06:00 am",2.53806
"Aug 18, 07:00 am",6.13691
"Aug 18, 08:00 am",10.7612
"Aug 18, 09:00 am",12.4716
"Aug 18, 10:00 am",13.2864
"Aug 18, 11:00 am",13.1715
"Aug 18, 12:00 pm",12.3416
"Aug 18, 01:00 pm",10.9252
"Aug 18, 02:00 pm",8.97282
"Aug 18, 03:00 pm",6.31475
"Aug 18, 04:00 pm",2.89871
"Aug 18, 05:00 pm",0.590971
"Aug 18, 06:00 pm",0.330975
"Aug 18, 07:00 pm",0
"Aug 18, 08:00 pm",0
"Aug 18, 09:00 pm",0
"Aug 18, 10:00 pm",0
"Aug 18, 11:00 pm",0
"Aug 19, 12:00 am",0
"Aug 19, 01:00 am",0
"Aug 19, 02:00 am",0
"Aug 19, 03:00 am",0
"Aug 19, 04:00 am",0
"Aug 19, 05:00 am",0
"Aug 19, 06:00 am",2.05848
"Aug 19, 07:00 am",5.72034
"Aug 19, 08:00 am",10.6912
"Aug 19, 09:00 am",12.5607
"Aug 19, 10:00 am",13.4016
"Aug 19, 11:00 am",13.3044
"Aug 19, 12:00 pm",12.4372
"Aug 19, 01:00 pm",10.9276
"Aug 19, 02:00 pm",8.8638
"Aug 19, 03:00 pm",6.18069
"Aug 19, 04:00 pm",2.90213
"Aug 19, 05:00 pm",0.614718
"Aug 19, 06:00 pm",0.331704
"Aug 19, 07:00 pm",0
"Aug 19, 08:00 pm",0
"Aug 19, 09:00 pm",0
"Aug 19, 10:00 pm",0
"Aug 19, 11:00 pm",0
"Aug 20, 12:00 am",0
"Aug 20, 01:00 am",0
"Aug 20, 02:00 am",0
"Aug 20, 03:00 am",0
"Aug 20, 04:00 am",0
"Aug 20, 05:00 am",0
"Aug 20, 06:00 am",2.61701
"Aug 20, 07:00 am",7.31372
"Aug 20, 08:00 am",10.3745
"Aug 20, 09:00 am",12.1668
"Aug 20, 10:00 am",12.6421
"Aug 20, 11:00 am",11.7188
"Aug 20, 12:00 pm",11.4368
"Aug 20, 01:00 pm",10.1947
"Aug 20, 02:00 pm",8.24223
"Aug 20, 03:00 pm",5.74027
"Aug 20, 04:00 pm",3.2609
"Aug 20, 05:00 pm",0.641589
"Aug 20, 06:00 pm",0.382174
"Aug 20, 07:00 pm",0
"Aug 20, 08:00 pm",0
"Aug 20, 09:00 pm",0
"Aug 20, 10:00 pm",0
"Aug 20, 11:00 pm",0
"Aug 21, 12:00 am",0
"Aug 21, 01:00 am",0
"Aug 21, 02:00 am",0
"Aug 21, 03:00 am",0
"Aug 21, 04:00 am",0
"Aug 21, 05:00 am",0
"Aug 21, 06:00 am",2.49031
"Aug 21, 07:00 am",7.0542
"Aug 21, 08:00 am",9.88472
"Aug 21, 09:00 am",11.491
"Aug 21, 10:00 am",12.5009
"Aug 21, 11:00 am",12.7239
"Aug 21, 12:00 pm",12.1508
"Aug 21, 01:00 pm",10.9328
"Aug 21, 02:00 pm",8.93866
"Aug 21, 03:00 pm",6.03476
"Aug 21, 04:00 pm",3.23126
"Aug 21, 05:00 pm",1.24381
"Aug 21, 06:00 pm",0.33095
"Aug 21, 07:00 pm",0
"Aug 21, 08:00 pm",0
"Aug 21, 09:00 pm",0
"Aug 21, 10:00 pm",0
"Aug 21, 11:00 pm",0
"Aug 22, 12:00 am",0
"Aug 22, 01:00 am",0
"Aug 22, 02:00 am",0
"Aug 22, 03:00 am",0
"Aug 22, 04:00 am",0
"Aug 22, 05:00 am",0
"Aug 22, 06:00 am",0.863654
"Aug 22, 07:00 am",1.3143
"Aug 22, 08:00 am",1.0165
"Aug 22, 09:00 am",2.65507
"Aug 22, 10:00 am",10.6037
"Aug 22, 11:00 am",3.88153
"Aug 22, 12:00 pm",7.64057
"Aug 22, 01:00 pm",4.9308
"Aug 22, 02:00 pm",4.6573
"Aug 22, 03:00 pm",6.27219
"Aug 22, 04:00 pm",2.75725
"Aug 22, 05:00 pm",0.673151
"Aug 22, 06:00 pm",0.3486
"Aug 22, 07:00 pm",0
"Aug 22, 08:00 pm",0
"Aug 22, 09:00 pm",0
"Aug 22, 10:00 pm",0
"Aug 22, 11:00 pm",0
"Aug 23, 12:00 am",0
"Aug 23, 01:00 am",0
"Aug 23, 02:00 am",0
"Aug 23, 03:00 am",0
"Aug 23, 04:00 am",0
"Aug 23, 05:00 am",0
"Aug 23, 06:00 am",2.48596
"Aug 23, 07:00 am",7.15342
"Aug 23, 08:00 am",10.1433
"Aug 23, 09:00 am",11.9609
"Aug 23, 10:00 am",12.7794
"Aug 23, 11:00 am",12.8859
"Aug 23, 12:00 pm",12.2221
"Aug 23, 01:00 pm",10.8627
"Aug 23, 02:00 pm",8.78002
"Aug 23, 03:00 pm",5.92017
"Aug 23, 04:00 pm",2.912
"Aug 23, 05:00 pm",0.837014
"Aug 23, 06:00 pm",0.288325
"Aug 23, 07:00 pm",0
"Aug 23, 08:00 pm",0
"Aug 23, 09:00 pm",0
"Aug 23, 10:00 pm",0
"Aug 23, 11:00 pm",0
"Aug 24, 12:00 am",0
"Aug 24, 01:00 am",0
"Aug 24, 02:00 am",0
"Aug 24, 03:00 am",0
"Aug 24, 04:00 am",0
"Aug 24, 05:00 am",0
"Aug 24, 06:00 am",-0
"Aug 24, 07:00 am",1.5265
"Aug 24, 08:00 am",0.720155
"Aug 24, 09:00 am",2.29738
"Aug 24, 10:00 am",8.54421
"Aug 24, 11:00 am",10.4953
"Aug 24, 12:00 pm",10.8251
"Aug 24, 01:00 pm",9.81199
"Aug 24, 02:00 pm",8.24597
"Aug 24, 03:00 pm",5.99871
"Aug 24, 04:00 pm",2.64973
"Aug 24, 05:00 pm",0.763496
"Aug 24, 06:00 pm",0.293923
"Aug 24, 07:00 pm",0
"Aug 24, 08:00 pm",0
"Aug 24, 09:00 pm",0
"Aug 24, 10:00 pm",0
"Aug 24, 11:00 pm",0
"Aug 25, 12:00 am",0
"Aug 25, 01:00 am",0
"Aug 25, 02:00 am",0
"Aug 25, 03:00 am",0
"Aug 25, 04:00 am",0
"Aug 25, 05:00 am",0
"Aug 25, 06:00 am",0.00213296
"Aug 25, 07:00 am",0.598688
"Aug 25, 08:00 am",3.05987
"Aug 25, 09:00 am",8.18947
"Aug 25, 10:00 am",6.95113
"Aug 25, 11:00 am",7.58329
"Aug 25, 12:00 pm",11.9658
"Aug 25, 01:00 pm",10.7511
"Aug 25, 02:00 pm",8.87631
"Aug 25, 03:00 pm",5.99173
"Aug 25, 04:00 pm",2.55463
"Aug 25, 05:00 pm",1.35507
"Aug 25, 06:00 pm",0.290091
"Aug 25, 07:00 pm",0
"Aug 25, 08:00 pm",0
"Aug 25, 09:00 pm",0
"Aug 25, 10:00 pm",0
"Aug 25, 11:00 pm",0
"Aug 26, 12:00 am",0
"Aug 26, 01:00 am",0
"Aug 26, 02:00 am",0
"Aug 26, 03:00 am",0
"Aug 26, 04:00 am",0
"Aug 26, 05:00 am",0
"Aug 26, 06:00 am",2.14595
"Aug 26, 07:00 am",7.02065
"Aug 26, 08:00 am",10.1755
"Aug 26, 09:00 am",11.8876
"Aug 26, 10:00 am",12.4454
"Aug 26, 11:00 am",12.3942
"Aug 26, 12:00 pm",11.9839
"Aug 26, 01:00 pm",10.8143
"Aug 26, 02:00 pm",8.76116
"Aug 26, 03:00 pm",5.93655
"Aug 26, 04:00 pm",2.58115
"Aug 26, 05:00 pm",0.790421
"Aug 26, 06:00 pm",0.273726
"Aug 26, 07:00 pm",0
"Aug 26, 08:00 pm",0
"Aug 26, 09:00 pm",0
"Aug 26, 10:00 pm",0
"Aug 26, 11:00 pm",0
"Aug 27, 12:00 am",0
"Aug 27, 01:00 am",0
"Aug 27, 02:00 am",0
"Aug 27, 03:00 am",0
"Aug 27, 04:00 am",0
"Aug 27, 05:00 am",0
"Aug 27, 06:00 am",2.639
"Aug 27, 07:00 am",7.6869
"Aug 27, 08:00 am",10.8129
"Aug 27, 09:00 am",12.5718
"Aug 27, 10:00 am",13.344
"Aug 27, 11:00 am",13.2675
"Aug 27, 12:00 pm",12.428
"Aug 27, 01:00 pm",11.0513
"Aug 27, 02:00 pm",9.03098
"Aug 27, 03:00 pm",6.10462
"Aug 27, 04:00 pm",2.45341
"Aug 27, 05:00 pm",0.517841
"Aug 27, 06:00 pm",0.209972
"Aug 27, 07:00 pm",0
"Aug 27, 08:00 pm",0
"Aug 27, 09:00 pm",0
"Aug 27, 10:00 pm",0
"Aug 27, 11:00 pm",0
"Aug 28, 12:00 am",0
"Aug 28, 01:00 am",0
"Aug 28, 02:00 am",0
"Aug 28, 03:00 am",0
"Aug 28, 04:00 am",0
"Aug 28, 05:00 am",0
"Aug 28, 06:00 am",2.75835
"Aug 28, 07:00 am",7.85615
"Aug 28, 08:00 am",10.8373
"Aug 28, 09:00 am",12.3005
"Aug 28, 10:00 am",12.8557
"Aug 28, 11:00 am",12.6974
"Aug 28, 12:00 pm",12.0228
"Aug 28, 01:00 pm",10.7073
"Aug 28, 02:00 pm",8.76707
"Aug 28, 03:00 pm",5.93151
"Aug 28, 04:00 pm",2.36891
"Aug 28, 05:00 pm",0.506629
"Aug 28, 06:00 pm",0.193494
"Aug 28, 07:00 pm",0
"Aug 28, 08:00 pm",0
"Aug 28, 09:00 pm",0
"Aug 28, 10:00 pm",0
"Aug 28, 11:00 pm",0
"Aug 29, 12:00 am",0
"Aug 29, 01:00 am",0
"Aug 29, 02:00 am",0
"Aug 29, 03:00 am",0
"Aug 29, 04:00 am",0
"Aug 29, 05:00 am",0
"Aug 29, 06:00 am",2.2649
"Aug 29, 07:00 am",7.23986
"Aug 29, 08:00 am",10.5093
"Aug 29, 09:00 am",12.5386
"Aug 29, 10:00 am",13.4684
"Aug 29, 11:00 am",13.6967
"Aug 29, 12:00 pm",12.9174
"Aug 29, 01:00 pm",11.3963
"Aug 29, 02:00 pm",9.05524
"Aug 29, 03:00 pm",5.8918
"Aug 29, 04:00 pm",2.30646
"Aug 29, 05:00 pm",0.535018
"Aug 29, 06:00 pm",0.174331
"Aug 29, 07:00 pm",0
"Aug 29, 08:00 pm",0
"Aug 29, 09:00 pm",0
"Aug 29, 10:00 pm",0
"Aug 29, 11:00 pm",0
"Aug 30, 12:00 am",0
"Aug 30, 01:00 am",0
"Aug 30, 02:00 am",0
"Aug 30, 03:00 am",0
"Aug 30, 04:00 am",0
"Aug 30, 05:00 am",0
"Aug 30, 06:00 am",1.7853
"Aug 30, 07:00 am",6.62133
"Aug 30, 08:00 am",9.86527
"Aug 30, 09:00 am",11.8664
"Aug 30, 10:00 am",12.9543
"Aug 30, 11:00 am",13.0932
"Aug 30, 12:00 pm",12.4595
"Aug 30, 01:00 pm",10.9808
"Aug 30, 02:00 pm",8.7516
"Aug 30, 03:00 pm",5.69638
"Aug 30, 04:00 pm",2.85281
"Aug 30, 05:00 pm",0.788946
"Aug 30, 06:00 pm",0.179324
"Aug 30, 07:00 pm",0
"Aug 30, 08:00 pm",0
"Aug 30, 09:00 pm",0
"Aug 30, 10:00 pm",0
"Aug 30, 11:00 pm",0
"Aug 31, 12:00 am",0
"Aug 31, 01:00 am",0
"Aug 31, 02:00 am",0
"Aug 31, 03:00 am",0
"Aug 31, 04:00 am",0
"Aug 31, 05:00 am",0
"Aug 31, 06:00 am",1.60009
"Aug 31, 07:00 am",6.26477
"Aug 31, 08:00 am",9.53829
"Aug 31, 09:00 am",11.5216
"Aug 31, 10:00 am",12.4558
"Aug 31, 11:00 am",12.5815
"Aug 31, 12:00 pm",11.906
"Aug 31, 01:00 pm",10.4966
"Aug 31, 02:00 pm",8.37908
"Aug 31, 03:00 pm",5.49114
"Aug 31, 04:00 pm",2.68466
"Aug 31, 05:00 pm",0.513419
"Aug 31, 06:00 pm",0.137705
"Aug 31, 07:00 pm",0
"Aug 31, 08:00 pm",0
"Aug 31, 09:00 pm",0
"Aug 31, 10:00 pm",0
"Aug 31, 11:00 pm",0
"Sep 1, 12:00 am",0
"Sep 1, 01:00 am",0
"Sep 1, 02:00 am",0
"Sep 1, 03:00 am",0
"Sep 1, 04:00 am",0
"Sep 1, 05:00 am",0
"Sep 1, 06:00 am",1.49849
"Sep 1, 07:00 am",6.47415
"Sep 1, 08:00 am",9.381
"Sep 1, 09:00 am",7.3501
"Sep 1, 10:00 am",9.91965
"Sep 1, 11:00 am",10.1636
"Sep 1, 12:00 pm",11.602
"Sep 1, 01:00 pm",10.2848
"Sep 1, 02:00 pm",8.28959
"Sep 1, 03:00 pm",5.5601
"Sep 1, 04:00 pm",2.10431
"Sep 1, 05:00 pm",0.583304
"Sep 1, 06:00 pm",0.111059
"Sep 1, 07:00 pm",0
"Sep 1, 08:00 pm",0
"Sep 1, 09:00 pm",0
"Sep 1, 10:00 pm",0
"Sep 1, 11:00 pm",0
"Sep 2, 12:00 am",0
"Sep 2, 01:00 am",0
"Sep 2, 02:00 am",0
"Sep 2, 03:00 am",0
"Sep 2, 04:00 am",0
"Sep 2, 05:00 am",0
"Sep 2, 06:00 am",1.53611
"Sep 2, 07:00 am",5.65028
"Sep 2, 08:00 am",6.57601
"Sep 2, 09:00 am",11.2473
"Sep 2, 10:00 am",12.2549
"Sep 2, 11:00 am",11.3086
"Sep 2, 12:00 pm",10.3635
"Sep 2, 01:00 pm",10.6805
"Sep 2, 02:00 pm",8.51458
"Sep 2, 03:00 pm",5.44317
"Sep 2, 04:00 pm",2.02671
"Sep 2, 05:00 pm",0.507752
"Sep 2, 06:00 pm",0.0825807
"Sep 2, 07:00 pm",0
"Sep 2, 08:00 pm",0
"Sep 2, 09:00 pm",0
"Sep 2, 10:00 pm",0
"Sep 2, 11:00 pm",0
"Sep 3, 12:00 am",0
"Sep 3, 01:00 am",0
"Sep 3, 02:00 am",0
"Sep 3, 03:00 am",0
"Sep 3, 04:00 am",0
"Sep 3, 05:00 am",0
"Sep 3, 06:00 am",2.19616
"Sep 3, 07:00 am",7.31307
"Sep 3, 08:00 am",10.3481
"Sep 3, 09:00 am",11.9286
"Sep 3, 10:00 am",12.5609
"Sep 3, 11:00 am",12.2342
"Sep 3, 12:00 pm",11.6367
"Sep 3, 01:00 pm",10.4541
"Sep 3, 02:00 pm",8.43977
"Sep 3, 03:00 pm",5.39937
"Sep 3, 04:00 pm",1.96817
"Sep 3, 05:00 pm",0.509298
"Sep 3, 06:00 pm",0.0745067
"Sep 3, 07:00 pm",0
"Sep 3, 08:00 pm",0
"Sep 3, 09:00 pm",0
"Sep 3, 10:00 pm",0
"Sep 3, 11:00 pm",0
"Sep 4, 12:00 am",0
"Sep 4, 01:00 am",0
"Sep 4, 02:00 am",0
"Sep 4, 03:00 am",0
"Sep 4, 04:00 am",0
"Sep 4, 05:00 am",0
"Sep 4, 06:00 am",1.43235
"Sep 4, 07:00 am",6.47424
"Sep 4, 08:00 am",9.88841
"Sep 4, 09:00 am",12.0186
"Sep 4, 10:00 am",13.1037
"Sep 4, 11:00 am",13.1004
"Sep 4, 12:00 pm",12.3567
"Sep 4, 01:00 pm",10.75
"Sep 4, 02:00 pm",8.46492
"Sep 4, 03:00 pm",5.36499
"Sep 4, 04:00 pm",2.11279
"Sep 4, 05:00 pm",0.704182
"Sep 4, 06:00 pm",0.077539
"Sep 4, 07:00 pm",0
"Sep 4, 08:00 pm",0
"Sep 4, 09:00 pm",0
"Sep 4, 10:00 pm",0
"Sep 4, 11:00 pm",0
"Sep 5, 12:00 am",0
"Sep 5, 01:00 am",0
"Sep 5, 02:00 am",0
"Sep 5, 03:00 am",0
"Sep 5, 04:00 am",0
"Sep 5, 05:00 am",0
"Sep 5, 06:00 am",0.060665
"Sep 5, 07:00 am",0.939186
"Sep 5, 08:00 am",4.4227
"Sep 5, 09:00 am",7.13058
"Sep 5, 10:00 am",13.1191
"Sep 5, 11:00 am",13.2548
"Sep 5, 12:00 pm",12.4301
"Sep 5, 01:00 pm",10.8026
"Sep 5, 02:00 pm",8.56979
"Sep 5, 03:00 pm",5.32463
"Sep 5, 04:00 pm",1.86761
"Sep 5, 05:00 pm",0.491734
"Sep 5, 06:00 pm",0.0523158
"Sep 5, 07:00 pm",0
"Sep 5, 08:00 pm",0
"Sep 5, 09:00 pm",0
"Sep 5, 10:00 pm",0
"Sep 5, 11:00 pm",0
"Sep 6, 12:00 am",0
"Sep 6, 01:00 am",0
"Sep 6, 02:00 am",0
"Sep 6, 03:00 am",0
"Sep 6, 04:00 am",0
"Sep 6, 05:00 am",0
"Sep 6, 06:00 am",1.32916
"Sep 6, 07:00 am",6.4454
"Sep 6, 08:00 am",9.65539
"Sep 6, 09:00 am",11.3906
"Sep 6, 10:00 am",12.259
"Sep 6, 11:00 am",12.4969
"Sep 6, 12:00 pm",11.9008
"Sep 6, 01:00 pm",9.62751
"Sep 6, 02:00 pm",7.74349
"Sep 6, 03:00 pm",4.67895
"Sep 6, 04:00 pm",0.755543
"Sep 6, 05:00 pm",1.03771
"Sep 6, 06:00 pm",0.111265
"Sep 6, 07:00 pm",0
"Sep 6, 08:00 pm",0
"Sep 6, 09:00 pm",0
"Sep 6, 10:00 pm",0
"Sep 6, 11:00 pm",0
"Sep 7, 12:00 am",0
"Sep 7, 01:00 am",0
"Sep 7, 02:00 am",0
"Sep 7, 03:00 am",0
"Sep 7, 04:00 am",0
"Sep 7, 05:00 am",0
"Sep 7, 06:00 am",0.48921
"Sep 7, 07:00 am",4.61285
"Sep 7, 08:00 am",4.38838
"Sep 7, 09:00 am",10.0919
"Sep 7, 10:00 am",12.0093
"Sep 7, 11:00 am",12.312
"Sep 7, 12:00 pm",11.8004
"Sep 7, 01:00 pm",10.3939
"Sep 7, 02:00 pm",8.24612
"Sep 7, 03:00 pm",5.17029
"Sep 7, 04:00 pm",1.77217
"Sep 7, 05:00 pm",0.536432
"Sep 7, 06:00 pm",0.0359134
"Sep 7, 07:00 pm",0
"Sep 7, 08:00 pm",0
"Sep 7, 09:00 pm",0
"Sep 7, 10:00 pm",0
"Sep 7, 11:00 pm",0
"Sep 8, 12:00 am",0
"Sep 8, 01:00 am",0
"Sep 8, 02:00 am",0
"Sep 8, 03:00 am",0
"Sep 8, 04:00 am",0
"Sep 8, 05:00 am",0
"Sep 8, 06:00 am",1.34798
"Sep 8, 07:00 am",6.73482
"Sep 8, 08:00 am",9.64569
"Sep 8, 09:00 am",11.391
"Sep 8, 10:00 am",12.7348
"Sep 8, 11:00 am",13.0528
"Sep 8, 12:00 pm",12.3617
"Sep 8, 01:00 pm",10.7701
"Sep 8, 02:00 pm",8.42549
"Sep 8, 03:00 pm",5.16872
"Sep 8, 04:00 pm",2.0796
"Sep 8, 05:00 pm",0.983825
"Sep 8, 06:00 pm",0.0177933
"Sep 8, 07:00 pm",0
"Sep 8, 08:00 pm",0
"Sep 8, 09:00 pm",0
"Sep 8, 10:00 pm",0
"Sep 8, 11:00 pm",0
"Sep 9, 12:00 am",0
"Sep 9, 01:00 am",0
"Sep 9, 02:00 am",0
"Sep 9, 03:00 am",0
"Sep 9, 04:00 am",0
"Sep 9, 05:00 am",0
"Sep 9, 06:00 am",1.01919
"Sep 9, 07:00 am",5.61206
"Sep 9, 08:00 am",7.84286
"Sep 9, 09:00 am",5.96141
"Sep 9, 10:00 am",12.6398
"Sep 9, 11:00 am",10.6028
"Sep 9, 12:00 pm",8.44076
"Sep 9, 01:00 pm",9.29083
"Sep 9, 02:00 pm",6.16142
"Sep 9, 03:00 pm",5.07547
"Sep 9, 04:00 pm",1.94085
"Sep 9, 05:00 pm",0.806372
"Sep 9, 06:00 pm",0.0391196
"Sep 9, 07:00 pm",0
"Sep 9, 08:00 pm",0
"Sep 9, 09:00 pm",0
"Sep 9, 10:00 pm",0
"Sep 9, 11:00 pm",0
"Sep 10, 12:00 am",0
"Sep 10, 01:00 am",0
"Sep 10, 02:00 am",0
"Sep 10, 03:00 am",0
"Sep 10, 04:00 am",0
"Sep 10, 05:00 am",0
"Sep 10, 06:00 am",0.776251
"Sep 10, 07:00 am",4.80851
"Sep 10, 08:00 am",5.20619
"Sep 10, 09:00 am",5.61422
"Sep 10, 10:00 am",12.6623
"Sep 10, 11:00 am",12.5728
"Sep 10, 12:00 pm",11.7882
"Sep 10, 01:00 pm",10.2493
"Sep 10, 02:00 pm",8.09232
"Sep 10, 03:00 pm",4.93205
"Sep 10, 04:00 pm",1.62852
"Sep 10, 05:00 pm",0.431631
"Sep 10, 06:00 pm",0.0199198
"Sep 10, 07:00 pm",0
"Sep 10, 08:00 pm",0
"Sep 10, 09:00 pm",0
"Sep 10, 10:00 pm",0
"Sep 10, 11:00 pm",0
"Sep 11, 12:00 am",0
"Sep 11, 01:00 am",0
"Sep 11, 02:00 am",0
"Sep 11, 03:00 am",0
"Sep 11, 04:00 am",0
"Sep 11, 05:00 am",0
"Sep 11, 06:00 am",1.16133
"Sep 11, 07:00 am",6.8904
"Sep 11, 08:00 am",10.4316
"Sep 11, 09:00 am",12.2404
"Sep 11, 10:00 am",13.1879
"Sep 11, 11:00 am",13.1192
"Sep 11, 12:00 pm",12.2301
"Sep 11, 01:00 pm",10.6133
"Sep 11, 02:00 pm",8.31032
"Sep 11, 03:00 pm",4.9766
"Sep 11, 04:00 pm",1.5023
"Sep 11, 05:00 pm",0.445351
"Sep 11, 06:00 pm",-0
"Sep 11, 07:00 pm",0
"Sep 11, 08:00 pm",0
"Sep 11, 09:00 pm",0
"Sep 11, 10:00 pm",0
"Sep 11, 11:00 pm",0
"Sep 12, 12:00 am",0
"Sep 12, 01:00 am",0
"Sep 12, 02:00 am",0
"Sep 12, 03:00 am",0
"Sep 12, 04:00 am",0
"Sep 12, 05:00 am",0
"Sep 12, 06:00 am",1.64979
"Sep 12, 07:00 am",7.62633
"Sep 12, 08:00 am",10.7452
"Sep 12, 09:00 am",12.568
"Sep 12, 10:00 am",13.3241
"Sep 12, 11:00 am",13.2234
"Sep 12, 12:00 pm",12.3253
"Sep 12, 01:00 pm",10.6728
"Sep 12, 02:00 pm",8.33603
"Sep 12, 03:00 pm",5.01379
"Sep 12, 04:00 pm",1.42061
"Sep 12, 05:00 pm",0.421856
"Sep 12, 06:00 pm",-0
"Sep 12, 07:00 pm",0
"Sep 12, 08:00 pm",0
"Sep 12, 09:00 pm",0
"Sep 12, 10:00 pm",0
"Sep 12, 11:00 pm",0
"Sep 13, 12:00 am",0
"Sep 13, 01:00 am",0
"Sep 13, 02:00 am",0
"Sep 13, 03:00 am",0
"Sep 13, 04:00 am",0
"Sep 13, 05:00 am",0
"Sep 13, 06:00 am",1.2796
"Sep 13, 07:00 am",7.09405
"Sep 13, 08:00 am",10.3397
"Sep 13, 09:00 am",12.2544
"Sep 13, 10:00 am",12.9466
"Sep 13, 11:00 am",12.5893
"Sep 13, 12:00 pm",11.539
"Sep 13, 01:00 pm",10.1818
"Sep 13, 02:00 pm",8.0888
"Sep 13, 03:00 pm",4.83318
"Sep 13, 04:00 pm",1.42945
"Sep 13, 05:00 pm",0.447576
"Sep 13, 06:00 pm",-0
"Sep 13, 07:00 pm",0
"Sep 13, 08:00 pm",0
"Sep 13, 09:00 pm",0
"Sep 13, 10:00 pm",0
"Sep 13, 11:00 pm",0
"Sep 14, 12:00 am",0
"Sep 14, 01:00 am",0
"Sep 14, 02:00 am",0
"Sep 14, 03:00 am",0
"Sep 14, 04:00 am",0
"Sep 14, 05:00 am",0
"Sep 14, 06:00 am",0.870075
"Sep 14, 07:00 am",6.64933
"Sep 14, 08:00 am",10.3841
"Sep 14, 09:00 am",12.0916
"Sep 14, 10:00 am",12.5288
"Sep 14, 11:00 am",12.6077
"Sep 14, 12:00 pm",12.067
"Sep 14, 01:00 pm",10.5174
"Sep 14, 02:00 pm",8.21116
"Sep 14, 03:00 pm",4.86434
"Sep 14, 04:00 pm",1.31267
"Sep 14, 05:00 pm",0.424457
"Sep 14, 06:00 pm",-0
"Sep 14, 07:00 pm",0
"Sep 14, 08:00 pm",0
"Sep 14, 09:00 pm",0
"Sep 14, 10:00 pm",0
"Sep 14, 11:00 pm",0
"Sep 15, 12:00 am",0
"Sep 15, 01:00 am",0
"Sep 15, 02:00 am",0
"Sep 15, 03:00 am",0
"Sep 15, 04:00 am",0
"Sep 15, 05:00 am",0
"Sep 15, 06:00 am",1.13907
"Sep 15, 07:00 am",6.93954
"Sep 15, 08:00 am",9.96637
"Sep 15, 09:00 am",11.8287
"Sep 15, 10:00 am",12.9114
"Sep 15, 11:00 am",13.0836
"Sep 15, 12:00 pm",12.3223
"Sep 15, 01:00 pm",10.6255
"Sep 15, 02:00 pm",8.2407
"Sep 15, 03:00 pm",4.73666
"Sep 15, 04:00 pm",1.31989
"Sep 15, 05:00 pm",0.479171
"Sep 15, 06:00 pm",-0
"Sep 15, 07:00 pm",0
"Sep 15, 08:00 pm",0
"Sep 15, 09:00 pm",0
"Sep 15, 10:00 pm",0
"Sep 15, 11:00 pm",0
"Sep 16, 12:00 am",0
"Sep 16, 01:00 am",0
"Sep 16, 02:00 am",0
"Sep 16, 03:00 am",0
"Sep 16, 04:00 am",0
"Sep 16, 05:00 am",0
"Sep 16, 06:00 am",0.896192
"Sep 16, 07:00 am",6.63327
"Sep 16, 08:00 am",9.87332
"Sep 16, 09:00 am",11.7333
"Sep 16, 10:00 am",12.137
"Sep 16, 11:00 am",12.1074
"Sep 16, 12:00 pm",11.5706
"Sep 16, 01:00 pm",10.1091
"Sep 16, 02:00 pm",7.90149
"Sep 16, 03:00 pm",4.63704
"Sep 16, 04:00 pm",1.18677
"Sep 16, 05:00 pm",0.405345
"Sep 16, 06:00 pm",-0
"Sep 16, 07:00 pm",0
"Sep 16, 08:00 pm",0
"Sep 16, 09:00 pm",0
"Sep 16, 10:00 pm",0
"Sep 16, 11:00 pm",0
"Sep 17, 12:00 am",0
"Sep 17, 01:00 am",0
"Sep 17, 02:00 am",0
"Sep 17, 03:00 am",0
"Sep 17, 04:00 am",0
"Sep 17, 05:00 am",0
"Sep 17, 06:00 am",0.944536
"Sep 17, 07:00 am",6.6361
"Sep 17, 08:00 am",9.89457
"Sep 17, 09:00 am",11.9083
"Sep 17, 10:00 am",12.9441
"Sep 17, 11:00 am",12.8946
"Sep 17, 12:00 pm",12.0629
"Sep 17, 01:00 pm",10.4966
"Sep 17, 02:00 pm",8.15074
"Sep 17, 03:00 pm",4.72614
"Sep 17, 04:00 pm",1.19192
"Sep 17, 05:00 pm",0.426457
"Sep 17, 06:00 pm",-0
"Sep 17, 07:00 pm",0
"Sep 17, 08:00 pm",0
"Sep 17, 09:00 pm",0
"Sep 17, 10:00 pm",0
"Sep 17, 11:00 pm",0
"Sep 18, 12:00 am",0
"Sep 18, 01:00 am",0
"Sep 18, 02:00 am",0
"Sep 18, 03:00 am",0
"Sep 18, 04:00 am",0
"Sep 18, 05:00 am",0
"Sep 18, 06:00 am",1.01842
"Sep 18, 07:00 am",7.20206
"Sep 18, 08:00 am",10.6502
"Sep 18, 09:00 am",12.2605
"Sep 18, 10:00 am",12.5833
"Sep 18, 11:00 am",12.3592
"Sep 18, 12:00 pm",11.7114
"Sep 18, 01:00 pm",10.1961
"Sep 18, 02:00 pm",7.83274
"Sep 18, 03:00 pm",4.49175
"Sep 18, 04:00 pm",1.10679
"Sep 18, 05:00 pm",0.413596
"Sep 18, 06:00 pm",-0
"Sep 18, 07:00 pm",0
"Sep 18, 08:00 pm",0
"Sep 18, 09:00 pm",0
"Sep 18, 10:00 pm",0
"Sep 18, 11:00 pm",0
"Sep 19, 12:00 am",0
"Sep 19, 01:00 am",0
"Sep 19, 02:00 am",0
"Sep 19, 03:00 am",0
"Sep 19, 04:00 am",0
"Sep 19, 05:00 am",0
"Sep 19, 06:00 am",1.06624
"Sep 19, 07:00 am",7.13841
"Sep 19, 08:00 am",10.2896
"Sep 19, 09:00 am",11.9177
"Sep 19, 10:00 am",12.4841
"Sep 19, 11:00 am",12.313
"Sep 19, 12:00 pm",11.4689
"Sep 19, 01:00 pm",9.79881
"Sep 19, 02:00 pm",7.55668
"Sep 19, 03:00 pm",4.32092
"Sep 19, 04:00 pm",1.07787
"Sep 19, 05:00 pm",0.379387
"Sep 19, 06:00 pm",0
"Sep 19, 07:00 pm",0
"Sep 19, 08:00 pm",0
"Sep 19, 09:00 pm",0
"Sep 19, 10:00 pm",0
"Sep 19, 11:00 pm",0
"Sep 20, 12:00 am",0
"Sep 20, 01:00 am",0
"Sep 20, 02:00 am",0
"Sep 20, 03:00 am",0
"Sep 20, 04:00 am",0
"Sep 20, 05:00 am",0
"Sep 20, 06:00 am",0.913955
"Sep 20, 07:00 am",6.85493
"Sep 20, 08:00 am",10.1878
"Sep 20, 09:00 am",11.7374
"Sep 20, 10:00 am",12.2845
"Sep 20, 11:00 am",12.3099
"Sep 20, 12:00 pm",11.6468
"Sep 20, 01:00 pm",10.0244
"Sep 20, 02:00 pm",7.72717
"Sep 20, 03:00 pm",4.33891
"Sep 20, 04:00 pm",1.11261
"Sep 20, 05:00 pm",0.382628
"Sep 20, 06:00 pm",0
"Sep 20, 07:00 pm",0
"Sep 20, 08:00 pm",0
"Sep 20, 09:00 pm",0
"Sep 20, 10:00 pm",0
"Sep 20, 11:00 pm",0
"Sep 21, 12:00 am",0
"Sep 21, 01:00 am",0
"Sep 21, 02:00 am",0
"Sep 21, 03:00 am",0
"Sep 21, 04:00 am",0
"Sep 21, 05:00 am",0
"Sep 21, 06:00 am",1.00944
"Sep 21, 07:00 am",7.17035
"Sep 21, 08:00 am",10.4848
"Sep 21, 09:00 am",12.0274
"Sep 21, 10:00 am",12.4823
"Sep 21, 11:00 am",12.147
"Sep 21, 12:00 pm",11.2772
"Sep 21, 01:00 pm",9.77001
"Sep 21, 02:00 pm",7.57224
"Sep 21, 03:00 pm",4.27113
"Sep 21, 04:00 pm",0.938176
"Sep 21, 05:00 pm",0.38319
"Sep 21, 06:00 pm",0
"Sep 21, 07:00 pm",0
"Sep 21, 08:00 pm",0
"Sep 21, 09:00 pm",0
"Sep 21, 10:00 pm",0
"Sep 21, 11:00 pm",0
"Sep 22, 12:00 am",0
"Sep 22, 01:00 am",0
"Sep 22, 02:00 am",0
"Sep 22, 03:00 am",0
"Sep 22, 04:00 am",0
"Sep 22, 05:00 am",0
"Sep 22, 06:00 am",0.737814
"Sep 22, 07:00 am",6.93412
"Sep 22, 08:00 am",10.0935
"Sep 22, 09:00 am",11.6652
"Sep 22, 10:00 am",12.3621
"Sep 22, 11:00 am",12.3083
"Sep 22, 12:00 pm",11.516
"Sep 22, 01:00 pm",7.2685
"Sep 22, 02:00 pm",6.65577
"Sep 22, 03:00 pm",4.03305
"Sep 22, 04:00 pm",1.86556
"Sep 22, 05:00 pm",0.687729
"Sep 22, 06:00 pm",0
"Sep 22, 07:00 pm",0
"Sep 22, 08:00 pm",0
"Sep 22, 09:00 pm",0
"Sep 22, 10:00 pm",0
"Sep 22, 11:00 pm",0
"Sep 23, 12:00 am",0
"Sep 23, 01:00 am",0
"Sep 23, 02:00 am",0
"Sep 23, 03:00 am",0
"Sep 23, 04:00 am",0
"Sep 23, 05:00 am",0
"Sep 23, 06:00 am",-0
"Sep 23, 07:00 am",0.969908
"Sep 23, 08:00 am",3.43946
"Sep 23, 09:00 am",7.32374
"Sep 23, 10:00 am",9.4227
"Sep 23, 11:00 am",7.8063
"Sep 23, 12:00 pm",8.41215
"Sep 23, 01:00 pm",6.43423
"Sep 23, 02:00 pm",6.27688
"Sep 23, 03:00 pm",3.07611
"Sep 23, 04:00 pm",1.79158
"Sep 23, 05:00 pm",0.141473
"Sep 23, 06:00 pm",0
"Sep 23, 07:00 pm",0
"Sep 23, 08:00 pm",0
"Sep 23, 09:00 pm",0
"Sep 23, 10:00 pm",0
"Sep 23, 11:00 pm",0
"Sep 24, 12:00 am",0
"Sep 24, 01:00 am",0
"Sep 24, 02:00 am",0
"Sep 24, 03:00 am",0
"Sep 24, 04:00 am",0
"Sep 24, 05:00 am",0
"Sep 24, 06:00 am",0.00268083
"Sep 24, 07:00 am",1.88775
"Sep 24, 08:00 am",5.62969
"Sep 24, 09:00 am",2.05144
"Sep 24, 10:00 am",3.20891
"Sep 24, 11:00 am",4.03391
"Sep 24, 12:00 pm",3.99889
"Sep 24, 01:00 pm",2.307
"Sep 24, 02:00 pm",1.00925
"Sep 24, 03:00 pm",1.07782
"Sep 24, 04:00 pm",1.73876
"Sep 24, 05:00 pm",-0
"Sep 24, 06:00 pm",0
"Sep 24, 07:00 pm",0
"Sep 24, 08:00 pm",0
"Sep 24, 09:00 pm",0
"Sep 24, 10:00 pm",0
"Sep 24, 11:00 pm",0
"Sep 25, 12:00 am",0
"Sep 25, 01:00 am",0
"Sep 25, 02:00 am",0
"Sep 25, 03:00 am",0
"Sep 25, 04:00 am",0
"Sep 25, 05:00 am",0
"Sep 25, 06:00 am",-0
"Sep 25, 07:00 am",0.769045
"Sep 25, 08:00 am",5.26104
"Sep 25, 09:00 am",9.72947
"Sep 25, 10:00 am",10.6994
"Sep 25, 11:00 am",9.31257
"Sep 25, 12:00 pm",11.1756
"Sep 25, 01:00 pm",9.4985
"Sep 25, 02:00 pm",7.0966
"Sep 25, 03:00 pm",3.74451
"Sep 25, 04:00 pm",1.68296
"Sep 25, 05:00 pm",0.352706
"Sep 25, 06:00 pm",0
"Sep 25, 07:00 pm",0
"Sep 25, 08:00 pm",0
"Sep 25, 09:00 pm",0
"Sep 25, 10:00 pm",0
"Sep 25, 11:00 pm",0
"Sep 26, 12:00 am",0
"Sep 26, 01:00 am",0
"Sep 26, 02:00 am",0
"Sep 26, 03:00 am",0
"Sep 26, 04:00 am",0
"Sep 26, 05:00 am",0
"Sep 26, 06:00 am",0.457845
"Sep 26, 07:00 am",6.40642
"Sep 26, 08:00 am",9.78979
"Sep 26, 09:00 am",11.5983
"Sep 26, 10:00 am",12.3421
"Sep 26, 11:00 am",12.2639
"Sep 26, 12:00 pm",11.3077
"Sep 26, 01:00 pm",9.59114
"Sep 26, 02:00 pm",7.1467
"Sep 26, 03:00 pm",3.75471
"Sep 26, 04:00 pm",0.79256
"Sep 26, 05:00 pm",0.351702
"Sep 26, 06:00 pm",0
"Sep 26, 07:00 pm",0
"Sep 26, 08:00 pm",0
"Sep 26, 09:00 pm",0
"Sep 26, 10:00 pm",0
"Sep 26, 11:00 pm",0
"Sep 27, 12:00 am",0
"Sep 27, 01:00 am",0
"Sep 27, 02:00 am",0
"Sep 27, 03:00 am",0
"Sep 27, 04:00 am",0
"Sep 27, 05:00 am",0
"Sep 27, 06:00 am",0.404509
"Sep 27, 07:00 am",6.40031
"Sep 27, 08:00 am",9.91938
"Sep 27, 09:00 am",11.8722
"Sep 27, 10:00 am",12.7329
"Sep 27, 11:00 am",12.6112
"Sep 27, 12:00 pm",11.6513
"Sep 27, 01:00 pm",9.85838
"Sep 27, 02:00 pm",7.26175
"Sep 27, 03:00 pm",3.74532
"Sep 27, 04:00 pm",0.744621
"Sep 27, 05:00 pm",0.355701
"Sep 27, 06:00 pm",0
"Sep 27, 07:00 pm",0
"Sep 27, 08:00 pm",0
"Sep 27, 09:00 pm",0
"Sep 27, 10:00 pm",0
"Sep 27, 11:00 pm",0
"Sep 28, 12:00 am",0
"Sep 28, 01:00 am",0
"Sep 28, 02:00 am",0
"Sep 28, 03:00 am",0
"Sep 28, 04:00 am",0
"Sep 28, 05:00 am",0
"Sep 28, 06:00 am",0.261423
"Sep 28, 07:00 am",6.12564
"Sep 28, 08:00 am",9.72917
"Sep 28, 09:00 am",11.495
"Sep 28, 10:00 am",12.2764
"Sep 28, 11:00 am",12.2356
"Sep 28, 12:00 pm",11.3294
"Sep 28, 01:00 pm",9.62943
"Sep 28, 02:00 pm",7.10211
"Sep 28, 03:00 pm",3.63064
"Sep 28, 04:00 pm",0.693967
"Sep 28, 05:00 pm",0.330057
"Sep 28, 06:00 pm",0
"Sep 28, 07:00 pm",0
"Sep 28, 08:00 pm",0
"Sep 28, 09:00 pm",0
"Sep 28, 10:00 pm",0
"Sep 28, 11:00 pm",0
"Sep 29, 12:00 am",0
"Sep 29, 01:00 am",0
"Sep 29, 02:00 am",0
"Sep 29, 03:00 am",0
"Sep 29, 04:00 am",0
"Sep 29, 05:00 am",0
"Sep 29, 06:00 am",0.381402
"Sep 29, 07:00 am",6.28319
"Sep 29, 08:00 am",9.59694
"Sep 29, 09:00 am",11.3308
"Sep 29, 10:00 am",12.1329
"Sep 29, 11:00 am",12.0822
"Sep 29, 12:00 pm",11.2377
"Sep 29, 01:00 pm",9.58088
"Sep 29, 02:00 pm",7.00565
"Sep 29, 03:00 pm",3.53424
"Sep 29, 04:00 pm",0.660853
"Sep 29, 05:00 pm",0.317897
"Sep 29, 06:00 pm",0
"Sep 29, 07:00 pm",0
"Sep 29, 08:00 pm",0
"Sep 29, 09:00 pm",0
"Sep 29, 10:00 pm",0
"Sep 29, 11:00 pm",0
"Sep 30, 12:00 am",0
"Sep 30, 01:00 am",0
"Sep 30, 02:00 am",0
"Sep 30, 03:00 am",0
"Sep 30, 04:00 am",0
"Sep 30, 05:00 am",0
"Sep 30, 06:00 am",-0
"Sep 30, 07:00 am",5.89824
"Sep 30, 08:00 am",9.40663
"Sep 30, 09:00 am",11.2586
"Sep 30, 10:00 am",12.0439
"Sep 30, 11:00 am",12.0164
"Sep 30, 12:00 pm",11.1619
"Sep 30, 01:00 pm",9.47671
"Sep 30, 02:00 pm",6.91601
"Sep 30, 03:00 pm",3.4437
"Sep 30, 04:00 pm",0.657199
"Sep 30, 05:00 pm",0.358043
"Sep 30, 06:00 pm",0
"Sep 30, 07:00 pm",0
"Sep 30, 08:00 pm",0
"Sep 30, 09:00 pm",0
"Sep 30, 10:00 pm",0
"Sep 30, 11:00 pm",0
"Oct 1, 12:00 am",0
"Oct 1, 01:00 am",0
"Oct 1, 02:00 am",0
"Oct 1, 03:00 am",0
"Oct 1, 04:00 am",0
"Oct 1, 05:00 am",0
"Oct 1, 06:00 am",-0
"Oct 1, 07:00 am",5.48247
"Oct 1, 08:00 am",8.8954
"Oct 1, 09:00 am",8.87219
"Oct 1, 10:00 am",10.2156
"Oct 1, 11:00 am",11.549
"Oct 1, 12:00 pm",10.8763
"Oct 1, 01:00 pm",9.29938
"Oct 1, 02:00 pm",6.74323
"Oct 1, 03:00 pm",3.3739
"Oct 1, 04:00 pm",0.639852
"Oct 1, 05:00 pm",0.361636
"Oct 1, 06:00 pm",0
"Oct 1, 07:00 pm",0
"Oct 1, 08:00 pm",0
"Oct 1, 09:00 pm",0
"Oct 1, 10:00 pm",0
"Oct 1, 11:00 pm",0
"Oct 2, 12:00 am",0
"Oct 2, 01:00 am",0
"Oct 2, 02:00 am",0
"Oct 2, 03:00 am",0
"Oct 2, 04:00 am",0
"Oct 2, 05:00 am",0
"Oct 2, 06:00 am",-0
"Oct 2, 07:00 am",3.0385
"Oct 2, 08:00 am",5.21645
"Oct 2, 09:00 am",8.31371
"Oct 2, 10:00 am",0.771441
"Oct 2, 11:00 am",10.1291
"Oct 2, 12:00 pm",8.89235
"Oct 2, 01:00 pm",4.17054
"Oct 2, 02:00 pm",0.303391
"Oct 2, 03:00 pm",0.337482
"Oct 2, 04:00 pm",1.10248
"Oct 2, 05:00 pm",0.518841
"Oct 2, 06:00 pm",0
"Oct 2, 07:00 pm",0
"Oct 2, 08:00 pm",0
"Oct 2, 09:00 pm",0
"Oct 2, 10:00 pm",0
"Oct 2, 11:00 pm",0
"Oct 3, 12:00 am",0
"Oct 3, 01:00 am",0
"Oct 3, 02:00 am",0
"Oct 3, 03:00 am",0
"Oct 3, 04:00 am",0
"Oct 3, 05:00 am",0
"Oct 3, 06:00 am",-0
"Oct 3, 07:00 am",6.29643
"Oct 3, 08:00 am",10.0845
"Oct 3, 09:00 am",12.2527
"Oct 3, 10:00 am",13.1571
"Oct 3, 11:00 am",13.0118
"Oct 3, 12:00 pm",11.9878
"Oct 3, 01:00 pm",10.0834
"Oct 3, 02:00 pm",7.23634
"Oct 3, 03:00 pm",3.46211
"Oct 3, 04:00 pm",0.581507
"Oct 3, 05:00 pm",0.300084
"Oct 3, 06:00 pm",0
"Oct 3, 07:00 pm",0
"Oct 3, 08:00 pm",0
"Oct 3, 09:00 pm",0
"Oct 3, 10:00 pm",0
"Oct 3, 11:00 pm",0
"Oct 4, 12:00 am",0
"Oct 4, 01:00 am",0
"Oct 4, 02:00 am",0
"Oct 4, 03:00 am",0
"Oct 4, 04:00 am",0
"Oct 4, 05:00 am",0
"Oct 4, 06:00 am",-0
"Oct 4, 07:00 am",6.51393
"Oct 4, 08:00 am",10.1437
"Oct 4, 09:00 am",12.0785
"Oct 4, 10:00 am",12.8359
"Oct 4, 11:00 am",12.5774
"Oct 4, 12:00 pm",11.4691
"Oct 4, 01:00 pm",9.62924
"Oct 4, 02:00 pm",6.89001
"Oct 4, 03:00 pm",3.27373
"Oct 4, 04:00 pm",0.603698
"Oct 4, 05:00 pm",0.326074
"Oct 4, 06:00 pm",0
"Oct 4, 07:00 pm",0
"Oct 4, 08:00 pm",0
"Oct 4, 09:00 pm",0
"Oct 4, 10:00 pm",0
"Oct 4, 11:00 pm",0
"Oct 5, 12:00 am",0
"Oct 5, 01:00 am",0
"Oct 5, 02:00 am",0
"Oct 5, 03:00 am",0
"Oct 5, 04:00 am",0
"Oct 5, 05:00 am",0
"Oct 5, 06:00 am",-0
"Oct 5, 07:00 am",5.59697
"Oct 5, 08:00 am",9.40885
"Oct 5, 09:00 am",11.4453
"Oct 5, 10:00 am",12.2184
"Oct 5, 11:00 am",12.11
"Oct 5, 12:00 pm",11.1891
"Oct 5, 01:00 pm",9.40567
"Oct 5, 02:00 pm",6.75098
"Oct 5, 03:00 pm",3.1508
"Oct 5, 04:00 pm",1.12405
"Oct 5, 05:00 pm",0.352446
"Oct 5, 06:00 pm",0
"Oct 5, 07:00 pm",0
"Oct 5, 08:00 pm",0
"Oct 5, 09:00 pm",0
"Oct 5, 10:00 pm",0
"Oct 5, 11:00 pm",0
"Oct 6, 12:00 am",0
"Oct 6, 01:00 am",0
"Oct 6, 02:00 am",0
"Oct 6, 03:00 am",0
"Oct 6, 04:00 am",0
"Oct 6, 05:00 am",0
"Oct 6, 06:00 am",-0
"Oct 6, 07:00 am",5.69168
"Oct 6, 08:00 am",9.27849
"Oct 6, 09:00 am",9.37138
"Oct 6, 10:00 am",12.4835
"Oct 6, 11:00 am",12.1705
"Oct 6, 12:00 pm",11.1435
"Oct 6, 01:00 pm",9.39183
"Oct 6, 02:00 pm",6.69286
"Oct 6, 03:00 pm",3.06274
"Oct 6, 04:00 pm",0.59526
"Oct 6, 05:00 pm",0.259092
"Oct 6, 06:00 pm",0
"Oct 6, 07:00 pm",0
"Oct 6, 08:00 pm",0
"Oct 6, 09:00 pm",0
"Oct 6, 10:00 pm",0
"Oct 6, 11:00 pm",0
"Oct 7, 12:00 am",0
"Oct 7, 01:00 am",0
"Oct 7, 02:00 am",0
"Oct 7, 03:00 am",0
"Oct 7, 04:00 am",0
"Oct 7, 05:00 am",0
"Oct 7, 06:00 am",-0
"Oct 7, 07:00 am",6.29217
"Oct 7, 08:00 am",9.93351
"Oct 7, 09:00 am",11.7295
"Oct 7, 10:00 am",12.3649
"Oct 7, 11:00 am",12.1389
"Oct 7, 12:00 pm",11.0578
"Oct 7, 01:00 pm",9.19194
"Oct 7, 02:00 pm",6.41796
"Oct 7, 03:00 pm",2.86837
"Oct 7, 04:00 pm",0.572388
"Oct 7, 05:00 pm",0.253399
"Oct 7, 06:00 pm",0
"Oct 7, 07:00 pm",0
"Oct 7, 08:00 pm",0
"Oct 7, 09:00 pm",0
"Oct 7, 10:00 pm",0
"Oct 7, 11:00 pm",0
"Oct 8, 12:00 am",0
"Oct 8, 01:00 am",0
"Oct 8, 02:00 am",0
"Oct 8, 03:00 am",0
"Oct 8, 04:00 am",0
"Oct 8, 05:00 am",0
"Oct 8, 06:00 am",-0
"Oct 8, 07:00 am",3.2872
"Oct 8, 08:00 am",6.76325
"Oct 8, 09:00 am",9.88257
"Oct 8, 10:00 am",10.4263
"Oct 8, 11:00 am",11.2474
"Oct 8, 12:00 pm",10.1175
"Oct 8, 01:00 pm",8.53615
"Oct 8, 02:00 pm",6.05664
"Oct 8, 03:00 pm",2.8235
"Oct 8, 04:00 pm",0.632424
"Oct 8, 05:00 pm",0.281671
"Oct 8, 06:00 pm",0
"Oct 8, 07:00 pm",0
"Oct 8, 08:00 pm",0
"Oct 8, 09:00 pm",0
"Oct 8, 10:00 pm",0
"Oct 8, 11:00 pm",0
"Oct 9, 12:00 am",0
"Oct 9, 01:00 am",0
"Oct 9, 02:00 am",0
"Oct 9, 03:00 am",0
"Oct 9, 04:00 am",0
"Oct 9, 05:00 am",0
"Oct 9, 06:00 am",-0
"Oct 9, 07:00 am",5.0611
"Oct 9, 08:00 am",8.53172
"Oct 9, 09:00 am",10.4749
"Oct 9, 10:00 am",11.5213
"Oct 9, 11:00 am",11.4935
"Oct 9, 12:00 pm",10.6406
"Oct 9, 01:00 pm",8.89769
"Oct 9, 02:00 pm",6.17701
"Oct 9, 03:00 pm",2.74377
"Oct 9, 04:00 pm",0.549478
"Oct 9, 05:00 pm",0.225884
"Oct 9, 06:00 pm",0
"Oct 9, 07:00 pm",0
"Oct 9, 08:00 pm",0
"Oct 9, 09:00 pm",0
"Oct 9, 10:00 pm",0
"Oct 9, 11:00 pm",0
"Oct 10, 12:00 am",0
"Oct 10, 01:00 am",0
"Oct 10, 02:00 am",0
"Oct 10, 03:00 am",0
"Oct 10, 04:00 am",0
"Oct 10, 05:00 am",0
"Oct 10, 06:00 am",-0
"Oct 10, 07:00 am",5.10609
"Oct 10, 08:00 am",8.87183
"Oct 10, 09:00 am",10.9109
"Oct 10, 10:00 am",11.7964
"Oct 10, 11:00 am",11.8109
"Oct 10, 12:00 pm",10.8274
"Oct 10, 01:00 pm",9.0452
"Oct 10, 02:00 pm",6.20408
"Oct 10, 03:00 pm",2.73094
"Oct 10, 04:00 pm",0.560275
"Oct 10, 05:00 pm",0.226676
"Oct 10, 06:00 pm",0
"Oct 10, 07:00 pm",0
"Oct 10, 08:00 pm",0
"Oct 10, 09:00 pm",0
"Oct 10, 10:00 pm",0
"Oct 10, 11:00 pm",0
"Oct 11, 12:00 am",0
"Oct 11, 01:00 am",0
"Oct 11, 02:00 am",0
"Oct 11, 03:00 am",0
"Oct 11, 04:00 am",0
"Oct 11, 05:00 am",0
"Oct 11, 06:00 am",-0
"Oct 11, 07:00 am",5.81124
"Oct 11, 08:00 am",9.31295
"Oct 11, 09:00 am",11.1473
"Oct 11, 10:00 am",11.9137
"Oct 11, 11:00 am",11.652
"Oct 11, 12:00 pm",10.6059
"Oct 11, 01:00 pm",8.80766
"Oct 11, 02:00 pm",6.06941
"Oct 11, 03:00 pm",2.63604
"Oct 11, 04:00 pm",0.597029
"Oct 11, 05:00 pm",0.223878
"Oct 11, 06:00 pm",0
"Oct 11, 07:00 pm",0
"Oct 11, 08:00 pm",0
"Oct 11, 09:00 pm",0
"Oct 11, 10:00 pm",0
"Oct 11, 11:00 pm",0
"Oct 12, 12:00 am",0
"Oct 12, 01:00 am",0
"Oct 12, 02:00 am",0
"Oct 12, 03:00 am",0
"Oct 12, 04:00 am",0
"Oct 12, 05:00 am",0
"Oct 12, 06:00 am",0
"Oct 12, 07:00 am",5.2492
"Oct 12, 08:00 am",8.89801
"Oct 12, 09:00 am",10.7022
"Oct 12, 10:00 am",9.13813
"Oct 12, 11:00 am",11.3934
"Oct 12, 12:00 pm",6.4336
"Oct 12, 01:00 pm",7.02655
"Oct 12, 02:00 pm",6.148
"Oct 12, 03:00 pm",2.58871
"Oct 12, 04:00 pm",0.465936
"Oct 12, 05:00 pm",0.16834
"Oct 12, 06:00 pm",0
"Oct 12, 07:00 pm",0
"Oct 12, 08:00 pm",0
"Oct 12, 09:00 pm",0
"Oct 12, 10:00 pm",0
"Oct 12, 11:00 pm",0
"Oct 13, 12:00 am",0
"Oct 13, 01:00 am",0
"Oct 13, 02:00 am",0
"Oct 13, 03:00 am",0
"Oct 13, 04:00 am",0
"Oct 13, 05:00 am",0
"Oct 13, 06:00 am",0
"Oct 13, 07:00 am",5.67756
"Oct 13, 08:00 am",9.3341
"Oct 13, 09:00 am",11.2885
"Oct 13, 10:00 am",11.9109
"Oct 13, 11:00 am",11.5224
"Oct 13, 12:00 pm",10.4917
"Oct 13, 01:00 pm",8.77075
"Oct 13, 02:00 pm",6.03465
"Oct 13, 03:00 pm",2.48775
"Oct 13, 04:00 pm",0.535412
"Oct 13, 05:00 pm",0.151598
"Oct 13, 06:00 pm",0
"Oct 13, 07:00 pm",0
"Oct 13, 08:00 pm",0
"Oct 13, 09:00 pm",0
"Oct 13, 10:00 pm",0
"Oct 13, 11:00 pm",0
"Oct 14, 12:00 am",0
"Oct 14, 01:00 am",0
"Oct 14, 02:00 am",0
"Oct 14, 03:00 am",0
"Oct 14, 04:00 am",0
"Oct 14, 05:00 am",0
"Oct 14, 06:00 am",0
"Oct 14, 07:00 am",5.49083
"Oct 14, 08:00 am",9.0207
"Oct 14, 09:00 am",10.8894
"Oct 14, 10:00 am",11.6427
"Oct 14, 11:00 am",11.4246
"Oct 14, 12:00 pm",10.3926
"Oct 14, 01:00 pm",8.66071
"Oct 14, 02:00 pm",5.92542
"Oct 14, 03:00 pm",2.41051
"Oct 14, 04:00 pm",0.536787
"Oct 14, 05:00 pm",0.130061
"Oct 14, 06:00 pm",0
"Oct 14, 07:00 pm",0
"Oct 14, 08:00 pm",0
"Oct 14, 09:00 pm",0
"Oct 14, 10:00 pm",0
"Oct 14, 11:00 pm",0
"Oct 15, 12:00 am",0
"Oct 15, 01:00 am",0
"Oct 15, 02:00 am",0
"Oct 15, 03:00 am",0
"Oct 15, 04:00 am",0
"Oct 15, 05:00 am",0
"Oct 15, 06:00 am",0
"Oct 15, 07:00 am",5.5437
"Oct 15, 08:00 am",9.08464
"Oct 15, 09:00 am",10.9314
"Oct 15, 10:00 am",11.5712
"Oct 15, 11:00 am",11.237
"Oct 15, 12:00 pm",10.46
"Oct 15, 01:00 pm",8.70667
"Oct 15, 02:00 pm",5.8926
"Oct 15, 03:00 pm",2.36615
"Oct 15, 04:00 pm",0.505502
"Oct 15, 05:00 pm",0.118503
"Oct 15, 06:00 pm",0
"Oct 15, 07:00 pm",0
"Oct 15, 08:00 pm",0
"Oct 15, 09:00 pm",0
"Oct 15, 10:00 pm",0
"Oct 15, 11:00 pm",0
"Oct 16, 12:00 am",0
"Oct 16, 01:00 am",0
"Oct 16, 02:00 am",0
"Oct 16, 03:00 am",0
"Oct 16, 04:00 am",0
"Oct 16, 05:00 am",0
"Oct 16, 06:00 am",0
"Oct 16, 07:00 am",5.38455
"Oct 16, 08:00 am",9.04336
"Oct 16, 09:00 am",11.0697
"Oct 16, 10:00 am",11.7734
"Oct 16, 11:00 am",9.76924
"Oct 16, 12:00 pm",10.263
"Oct 16, 01:00 pm",7.18057
"Oct 16, 02:00 pm",5.18185
"Oct 16, 03:00 pm",2.30516
"Oct 16, 04:00 pm",0.966483
"Oct 16, 05:00 pm",0.0946159
"Oct 16, 06:00 pm",0
"Oct 16, 07:00 pm",0
"Oct 16, 08:00 pm",0
"Oct 16, 09:00 pm",0
"Oct 16, 10:00 pm",0
"Oct 16, 11:00 pm",0
"Oct 17, 12:00 am",0
"Oct 17, 01:00 am",0
"Oct 17, 02:00 am",0
"Oct 17, 03:00 am",0
"Oct 17, 04:00 am",0
"Oct 17, 05:00 am",0
"Oct 17, 06:00 am",0
"Oct 17, 07:00 am",5.20336
"Oct 17, 08:00 am",9.04372
"Oct 17, 09:00 am",11.1723
"Oct 17, 10:00 am",12.0402
"Oct 17, 11:00 am",11.8505
"Oct 17, 12:00 pm",10.7098
"Oct 17, 01:00 pm",8.73398
"Oct 17, 02:00 pm",5.79835
"Oct 17, 03:00 pm",2.18566
"Oct 17, 04:00 pm",0.513288
"Oct 17, 05:00 pm",0.0821597
"Oct 17, 06:00 pm",0
"Oct 17, 07:00 pm",0
"Oct 17, 08:00 pm",0
"Oct 17, 09:00 pm",0
"Oct 17, 10:00 pm",0
"Oct 17, 11:00 pm",0
"Oct 18, 12:00 am",0
"Oct 18, 01:00 am",0
"Oct 18, 02:00 am",0
"Oct 18, 03:00 am",0
"Oct 18, 04:00 am",0
"Oct 18, 05:00 am",0
"Oct 18, 06:00 am",0
"Oct 18, 07:00 am",5.11292
"Oct 18, 08:00 am",8.84115
"Oct 18, 09:00 am",10.8119
"Oct 18, 10:00 am",11.472
"Oct 18, 11:00 am",11.2314
"Oct 18, 12:00 pm",10.24
"Oct 18, 01:00 pm",8.4168
"Oct 18, 02:00 pm",5.54164
"Oct 18, 03:00 pm",2.1683
"Oct 18, 04:00 pm",0.546889
"Oct 18, 05:00 pm",0.0842668
"Oct 18, 06:00 pm",0
"Oct 18, 07:00 pm",0
"Oct 18, 08:00 pm",0
"Oct 18, 09:00 pm",0
"Oct 18, 10:00 pm",0
"Oct 18, 11:00 pm",0
"Oct 19, 12:00 am",0
"Oct 19, 01:00 am",0
"Oct 19, 02:00 am",0
"Oct 19, 03:00 am",0
"Oct 19, 04:00 am",0
"Oct 19, 05:00 am",0
"Oct 19, 06:00 am",0
"Oct 19, 07:00 am",4.83215
"Oct 19, 08:00 am",8.81242
"Oct 19, 09:00 am",10.9812
"Oct 19, 10:00 am",11.8473
"Oct 19, 11:00 am",11.6651
"Oct 19, 12:00 pm",10.6231
"Oct 19, 01:00 pm",8.68018
"Oct 19, 02:00 pm",5.69719
"Oct 19, 03:00 pm",2.07308
"Oct 19, 04:00 pm",0.487602
"Oct 19, 05:00 pm",0.0655518
"Oct 19, 06:00 pm",0
"Oct 19, 07:00 pm",0
"Oct 19, 08:00 pm",0
"Oct 19, 09:00 pm",0
"Oct 19, 10:00 pm",0
"Oct 19, 11:00 pm",0
"Oct 20, 12:00 am",0
"Oct 20, 01:00 am",0
"Oct 20, 02:00 am",0
"Oct 20, 03:00 am",0
"Oct 20, 04:00 am",0
"Oct 20, 05:00 am",0
"Oct 20, 06:00 am",0
"Oct 20, 07:00 am",5.56028
"Oct 20, 08:00 am",9.36649
"Oct 20, 09:00 am",11.1886
"Oct 20, 10:00 am",11.9288
"Oct 20, 11:00 am",11.6629
"Oct 20, 12:00 pm",10.5202
"Oct 20, 01:00 pm",8.53441
"Oct 20, 02:00 pm",5.47839
"Oct 20, 03:00 pm",2.03027
"Oct 20, 04:00 pm",0.495701
"Oct 20, 05:00 pm",0.0566409
"Oct 20, 06:00 pm",0
"Oct 20, 07:00 pm",0
"Oct 20, 08:00 pm",0
"Oct 20, 09:00 pm",0
"Oct 20, 10:00 pm",0
"Oct 20, 11:00 pm",0
"Oct 21, 12:00 am",0
"Oct 21, 01:00 am",0
"Oct 21, 02:00 am",0
"Oct 21, 03:00 am",0
"Oct 21, 04:00 am",0
"Oct 21, 05:00 am",0
"Oct 21, 06:00 am",0
"Oct 21, 07:00 am",4.64341
"Oct 21, 08:00 am",8.37027
"Oct 21, 09:00 am",10.2218
"Oct 21, 10:00 am",10.9233
"Oct 21, 11:00 am",10.7843
"Oct 21, 12:00 pm",9.79919
"Oct 21, 01:00 pm",8.0073
"Oct 21, 02:00 pm",5.23357
"Oct 21, 03:00 pm",1.87981
"Oct 21, 04:00 pm",0.486417
"Oct 21, 05:00 pm",0.0464963
"Oct 21, 06:00 pm",0
"Oct 21, 07:00 pm",0
"Oct 21, 08:00 pm",0
"Oct 21, 09:00 pm",0
"Oct 21, 10:00 pm",0
"Oct 21, 11:00 pm",0
"Oct 22, 12:00 am",0
"Oct 22, 01:00 am",0
"Oct 22, 02:00 am",0
"Oct 22, 03:00 am",0
"Oct 22, 04:00 am",0
"Oct 22, 05:00 am",0
"Oct 22, 06:00 am",0
"Oct 22, 07:00 am",4.37876
"Oct 22, 08:00 am",8.0273
"Oct 22, 09:00 am",9.96725
"Oct 22, 10:00 am",10.6661
"Oct 22, 11:00 am",10.4481
"Oct 22, 12:00 pm",9.54963
"Oct 22, 01:00 pm",7.84602
"Oct 22, 02:00 pm",5.1238
"Oct 22, 03:00 pm",1.90479
"Oct 22, 04:00 pm",0.602487
"Oct 22, 05:00 pm",0.0463534
"Oct 22, 06:00 pm",0
"Oct 22, 07:00 pm",0
"Oct 22, 08:00 pm",0
"Oct 22, 09:00 pm",0
"Oct 22, 10:00 pm",0
"Oct 22, 11:00 pm",0
"Oct 23, 12:00 am",0
"Oct 23, 01:00 am",0
"Oct 23, 02:00 am",0
"Oct 23, 03:00 am",0
"Oct 23, 04:00 am",0
"Oct 23, 05:00 am",0
"Oct 23, 06:00 am",0
"Oct 23, 07:00 am",4.36573
"Oct 23, 08:00 am",7.6806
"Oct 23, 09:00 am",9.17902
"Oct 23, 10:00 am",9.80353
"Oct 23, 11:00 am",8.98918
"Oct 23, 12:00 pm",9.65697
"Oct 23, 01:00 pm",7.93143
"Oct 23, 02:00 pm",5.07262
"Oct 23, 03:00 pm",1.81806
"Oct 23, 04:00 pm",0.467426
"Oct 23, 05:00 pm",0.0574058
"Oct 23, 06:00 pm",0
"Oct 23, 07:00 pm",0
"Oct 23, 08:00 pm",0
"Oct 23, 09:00 pm",0
"Oct 23, 10:00 pm",0
"Oct 23, 11:00 pm",0
"Oct 24, 12:00 am",0
"Oct 24, 01:00 am",0
"Oct 24, 02:00 am",0
"Oct 24, 03:00 am",0
"Oct 24, 04:00 am",0
"Oct 24, 05:00 am",0
"Oct 24, 06:00 am",0
"Oct 24, 07:00 am",2.73385
"Oct 24, 08:00 am",6.23438
"Oct 24, 09:00 am",7.23665
"Oct 24, 10:00 am",6.3712
"Oct 24, 11:00 am",7.09443
"Oct 24, 12:00 pm",7.72364
"Oct 24, 01:00 pm",5.63192
"Oct 24, 02:00 pm",3.95479
"Oct 24, 03:00 pm",1.70359
"Oct 24, 04:00 pm",0.764836
"Oct 24, 05:00 pm",-0
"Oct 24, 06:00 pm",0
"Oct 24, 07:00 pm",0
"Oct 24, 08:00 pm",0
"Oct 24, 09:00 pm",0
"Oct 24, 10:00 pm",0
"Oct 24, 11:00 pm",0
"Oct 25, 12:00 am",0
"Oct 25, 01:00 am",0
"Oct 25, 02:00 am",0
"Oct 25, 03:00 am",0
"Oct 25, 04:00 am",0
"Oct 25, 05:00 am",0
"Oct 25, 06:00 am",0
"Oct 25, 07:00 am",3.89133
"Oct 25, 08:00 am",7.88616
"Oct 25, 09:00 am",10.0306
"Oct 25, 10:00 am",10.9067
"Oct 25, 11:00 am",10.6458
"Oct 25, 12:00 pm",9.58066
"Oct 25, 01:00 pm",7.78308
"Oct 25, 02:00 pm",4.9662
"Oct 25, 03:00 pm",1.76184
"Oct 25, 04:00 pm",0.490883
"Oct 25, 05:00 pm",0.039028
"Oct 25, 06:00 pm",0
"Oct 25, 07:00 pm",0
"Oct 25, 08:00 pm",0
"Oct 25, 09:00 pm",0
"Oct 25, 10:00 pm",0
"Oct 25, 11:00 pm",0
"Oct 26, 12:00 am",0
"Oct 26, 01:00 am",0
"Oct 26, 02:00 am",0
"Oct 26, 03:00 am",0
"Oct 26, 04:00 am",0
"Oct 26, 05:00 am",0
"Oct 26, 06:00 am",0
"Oct 26, 07:00 am",4.34751
"Oct 26, 08:00 am",8.09242
"Oct 26, 09:00 am",9.9283
"Oct 26, 10:00 am",10.4733
"Oct 26, 11:00 am",10.503
"Oct 26, 12:00 pm",9.56967
"Oct 26, 01:00 pm",7.77948
"Oct 26, 02:00 pm",4.94468
"Oct 26, 03:00 pm",1.61597
"Oct 26, 04:00 pm",0.452179
"Oct 26, 05:00 pm",0.0291785
"Oct 26, 06:00 pm",0
"Oct 26, 07:00 pm",0
"Oct 26, 08:00 pm",0
"Oct 26, 09:00 pm",0
"Oct 26, 10:00 pm",0
"Oct 26, 11:00 pm",0
"Oct 27, 12:00 am",0
"Oct 27, 01:00 am",0
"Oct 27, 02:00 am",0
"Oct 27, 03:00 am",0
"Oct 27, 04:00 am",0
"Oct 27, 05:00 am",0
"Oct 27, 06:00 am",0
"Oct 27, 07:00 am",2.21637
"Oct 27, 08:00 am",4.85835
"Oct 27, 09:00 am",8.93291
"Oct 27, 10:00 am",9.16935
"Oct 27, 11:00 am",8.20737
"Oct 27, 12:00 pm",7.357
"Oct 27, 01:00 pm",6.33219
"Oct 27, 02:00 pm",4.44455
"Oct 27, 03:00 pm",1.97021
"Oct 27, 04:00 pm",0.744771
"Oct 27, 05:00 pm",0.00811154
"Oct 27, 06:00 pm",0
"Oct 27, 07:00 pm",0
"Oct 27, 08:00 pm",0
"Oct 27, 09:00 pm",0
"Oct 27, 10:00 pm",0
"Oct 27, 11:00 pm",0
"Oct 28, 12:00 am",0
"Oct 28, 01:00 am",0
"Oct 28, 02:00 am",0
"Oct 28, 03:00 am",0
"Oct 28, 04:00 am",0
"Oct 28, 05:00 am",0
"Oct 28, 06:00 am",0
"Oct 28, 07:00 am",2.9347
"Oct 28, 08:00 am",2.61491
"Oct 28, 09:00 am",6.76092
"Oct 28, 10:00 am",3.95367
"Oct 28, 11:00 am",8.15305
"Oct 28, 12:00 pm",8.26773
"Oct 28, 01:00 pm",7.56486
"Oct 28, 02:00 pm",4.73423
"Oct 28, 03:00 pm",2.15555
"Oct 28, 04:00 pm",0.880345
"Oct 28, 05:00 pm",-0
"Oct 28, 06:00 pm",0
"Oct 28, 07:00 pm",0
"Oct 28, 08:00 pm",0
"Oct 28, 09:00 pm",0
"Oct 28, 10:00 pm",0
"Oct 28, 11:00 pm",0
"Oct 29, 12:00 am",0
"Oct 29, 01:00 am",0
"Oct 29, 02:00 am",0
"Oct 29, 03:00 am",0
"Oct 29, 04:00 am",0
"Oct 29, 05:00 am",0
"Oct 29, 06:00 am",0
"Oct 29, 07:00 am",4.26415
"Oct 29, 08:00 am",7.97165
"Oct 29, 09:00 am",9.89845
"Oct 29, 10:00 am",10.5184
"Oct 29, 11:00 am",10.2896
"Oct 29, 12:00 pm",9.31777
"Oct 29, 01:00 pm",7.52022
"Oct 29, 02:00 pm",4.67757
"Oct 29, 03:00 pm",1.52293
"Oct 29, 04:00 pm",0.449025
"Oct 29, 05:00 pm",-0
"Oct 29, 06:00 pm",0
"Oct 29, 07:00 pm",0
"Oct 29, 08:00 pm",0
"Oct 29, 09:00 pm",0
"Oct 29, 10:00 pm",0
"Oct 29, 11:00 pm",0
"Oct 30, 12:00 am",0
"Oct 30, 01:00 am",0
"Oct 30, 02:00 am",0
"Oct 30, 03:00 am",0
"Oct 30, 04:00 am",0
"Oct 30, 05:00 am",0
"Oct 30, 06:00 am",0
"Oct 30, 07:00 am",3.98584
"Oct 30, 08:00 am",5.79255
"Oct 30, 09:00 am",8.7332
"Oct 30, 10:00 am",9.35344
"Oct 30, 11:00 am",10.2155
"Oct 30, 12:00 pm",8.15925
"Oct 30, 01:00 pm",6.29558
"Oct 30, 02:00 pm",4.65516
"Oct 30, 03:00 pm",1.7913
"Oct 30, 04:00 pm",0.704505
"Oct 30, 05:00 pm",-0
"Oct 30, 06:00 pm",0
"Oct 30, 07:00 pm",0
"Oct 30, 08:00 pm",0
"Oct 30, 09:00 pm",0
"Oct 30, 10:00 pm",0
"Oct 30, 11:00 pm",0
"Oct 31, 12:00 am",0
"Oct 31, 01:00 am",0
"Oct 31, 02:00 am",0
"Oct 31, 03:00 am",0
"Oct 31, 04:00 am",0
"Oct 31, 05:00 am",0
"Oct 31, 06:00 am",0
"Oct 31, 07:00 am",3.78607
"Oct 31, 08:00 am",7.33703
"Oct 31, 09:00 am",9.3007
"Oct 31, 10:00 am",9.32311
"Oct 31, 11:00 am",8.60155
"Oct 31, 12:00 pm",7.05414
"Oct 31, 01:00 pm",6.53039
"Oct 31, 02:00 pm",4.67326
"Oct 31, 03:00 pm",2.10277
"Oct 31, 04:00 pm",0.860669
"Oct 31, 05:00 pm",-0
"Oct 31, 06:00 pm",0
"Oct 31, 07:00 pm",0
"Oct 31, 08:00 pm",0
"Oct 31, 09:00 pm",0
"Oct 31, 10:00 pm",0
"Oct 31, 11:00 pm",0
"Nov 1, 12:00 am",0
"Nov 1, 01:00 am",0
"Nov 1, 02:00 am",0
"Nov 1, 03:00 am",0
"Nov 1, 04:00 am",0
"Nov 1, 05:00 am",0
"Nov 1, 06:00 am",0
"Nov 1, 07:00 am",4.38012
"Nov 1, 08:00 am",8.49394
"Nov 1, 09:00 am",10.4933
"Nov 1, 10:00 am",11.1663
"Nov 1, 11:00 am",10.9497
"Nov 1, 12:00 pm",9.83853
"Nov 1, 01:00 pm",7.79201
"Nov 1, 02:00 pm",4.7449
"Nov 1, 03:00 pm",1.82907
"Nov 1, 04:00 pm",0.726625
"Nov 1, 05:00 pm",-0
"Nov 1, 06:00 pm",0
"Nov 1, 07:00 pm",0
"Nov 1, 08:00 pm",0
"Nov 1, 09:00 pm",0
"Nov 1, 10:00 pm",0
"Nov 1, 11:00 pm",0
"Nov 2, 12:00 am",0
"Nov 2, 01:00 am",0
"Nov 2, 02:00 am",0
"Nov 2, 03:00 am",0
"Nov 2, 04:00 am",0
"Nov 2, 05:00 am",0
"Nov 2, 06:00 am",0
"Nov 2, 07:00 am",1.95048
"Nov 2, 08:00 am",8.22904
"Nov 2, 09:00 am",10.4652
"Nov 2, 10:00 am",8.62298
"Nov 2, 11:00 am",11.159
"Nov 2, 12:00 pm",8.37572
"Nov 2, 01:00 pm",6.87708
"Nov 2, 02:00 pm",4.38937
"Nov 2, 03:00 pm",1.73226
"Nov 2, 04:00 pm",0.650775
"Nov 2, 05:00 pm",-0
"Nov 2, 06:00 pm",0
"Nov 2, 07:00 pm",0
"Nov 2, 08:00 pm",0
"Nov 2, 09:00 pm",0
"Nov 2, 10:00 pm",0
"Nov 2, 11:00 pm",0
"Nov 3, 12:00 am",0
"Nov 3, 01:00 am",0
"Nov 3, 02:00 am",0
"Nov 3, 03:00 am",0
"Nov 3, 04:00 am",0
"Nov 3, 05:00 am",0
"Nov 3, 06:00 am",0
"Nov 3, 07:00 am",-0
"Nov 3, 08:00 am",1.15367
"Nov 3, 09:00 am",2.08341
"Nov 3, 10:00 am",2.89416
"Nov 3, 11:00 am",3.55839
"Nov 3, 12:00 pm",5.16329
"Nov 3, 01:00 pm",5.73572
"Nov 3, 02:00 pm",2.92518
"Nov 3, 03:00 pm",1.47398
"Nov 3, 04:00 pm",0.566667
"Nov 3, 05:00 pm",-0
"Nov 3, 06:00 pm",0
"Nov 3, 07:00 pm",0
"Nov 3, 08:00 pm",0
"Nov 3, 09:00 pm",0
"Nov 3, 10:00 pm",0
"Nov 3, 11:00 pm",0
"Nov 4, 12:00 am",0
"Nov 4, 01:00 am",0
"Nov 4, 02:00 am",0
"Nov 4, 03:00 am",0
"Nov 4, 04:00 am",0
"Nov 4, 05:00 am",0
"Nov 4, 06:00 am",0
"Nov 4, 07:00 am",3.75381
"Nov 4, 08:00 am",7.97846
"Nov 4, 09:00 am",10.2287
"Nov 4, 10:00 am",11.1012
"Nov 4, 11:00 am",10.9485
"Nov 4, 12:00 pm",9.87013
"Nov 4, 01:00 pm",7.81209
"Nov 4, 02:00 pm",4.69803
"Nov 4, 03:00 pm",1.4032
"Nov 4, 04:00 pm",0.458808
"Nov 4, 05:00 pm",-0
"Nov 4, 06:00 pm",0
"Nov 4, 07:00 pm",0
"Nov 4, 08:00 pm",0
"Nov 4, 09:00 pm",0
"Nov 4, 10:00 pm",0
"Nov 4, 11:00 pm",0
"Nov 5, 12:00 am",0
"Nov 5, 01:00 am",0
"Nov 5, 02:00 am",0
"Nov 5, 03:00 am",0
"Nov 5, 04:00 am",0
"Nov 5, 05:00 am",0
"Nov 5, 06:00 am",0
"Nov 5, 07:00 am",4.00783
"Nov 5, 08:00 am",8.27123
"Nov 5, 09:00 am",10.4634
"Nov 5, 10:00 am",11.1923
"Nov 5, 11:00 am",10.9372
"Nov 5, 12:00 pm",9.71335
"Nov 5, 01:00 pm",7.63739
"Nov 5, 02:00 pm",4.60388
"Nov 5, 03:00 pm",1.27192
"Nov 5, 04:00 pm",0.425653
"Nov 5, 05:00 pm",-0
"Nov 5, 06:00 pm",0
"Nov 5, 07:00 pm",0
"Nov 5, 08:00 pm",0
"Nov 5, 09:00 pm",0
"Nov 5, 10:00 pm",0
"Nov 5, 11:00 pm",0
"Nov 6, 12:00 am",0
"Nov 6, 01:00 am",0
"Nov 6, 02:00 am",0
"Nov 6, 03:00 am",0
"Nov 6, 04:00 am",0
"Nov 6, 05:00 am",0
"Nov 6, 06:00 am",0
"Nov 6, 07:00 am",3.95655
"Nov 6, 08:00 am",7.72734
"Nov 6, 09:00 am",8.0715
"Nov 6, 10:00 am",8.92591
"Nov 6, 11:00 am",8.54025
"Nov 6, 12:00 pm",8.54071
"Nov 6, 01:00 pm",6.77956
"Nov 6, 02:00 pm",4.53992
"Nov 6, 03:00 pm",1.92487
"Nov 6, 04:00 pm",0.56807
"Nov 6, 05:00 pm",-0
"Nov 6, 06:00 pm",0
"Nov 6, 07:00 pm",0
"Nov 6, 08:00 pm",0
"Nov 6, 09:00 pm",0
"Nov 6, 10:00 pm",0
"Nov 6, 11:00 pm",0
"Nov 7, 12:00 am",0
"Nov 7, 01:00 am",0
"Nov 7, 02:00 am",0
"Nov 7, 03:00 am",0
"Nov 7, 04:00 am",0
"Nov 7, 05:00 am",0
"Nov 7, 06:00 am",0
"Nov 7, 07:00 am",3.58727
"Nov 7, 08:00 am",7.7664
"Nov 7, 09:00 am",7.18267
"Nov 7, 10:00 am",9.24549
"Nov 7, 11:00 am",10.6611
"Nov 7, 12:00 pm",8.63821
"Nov 7, 01:00 pm",6.60467
"Nov 7, 02:00 pm",4.19981
"Nov 7, 03:00 pm",1.12579
"Nov 7, 04:00 pm",0.740295
"Nov 7, 05:00 pm",-0
"Nov 7, 06:00 pm",0
"Nov 7, 07:00 pm",0
"Nov 7, 08:00 pm",0
"Nov 7, 09:00 pm",0
"Nov 7, 10:00 pm",0
"Nov 7, 11:00 pm",0
"Nov 8, 12:00 am",0
"Nov 8, 01:00 am",0
"Nov 8, 02:00 am",0
"Nov 8, 03:00 am",0
"Nov 8, 04:00 am",0
"Nov 8, 05:00 am",0
"Nov 8, 06:00 am",0
"Nov 8, 07:00 am",1.76038
"Nov 8, 08:00 am",7.5306
"Nov 8, 09:00 am",7.17866
"Nov 8, 10:00 am",10.2915
"Nov 8, 11:00 am",9.40055
"Nov 8, 12:00 pm",9.25779
"Nov 8, 01:00 pm",7.27563
"Nov 8, 02:00 pm",4.06255
"Nov 8, 03:00 pm",1.59223
"Nov 8, 04:00 pm",0.53415
"Nov 8, 05:00 pm",0
"Nov 8, 06:00 pm",0
"Nov 8, 07:00 pm",0
"Nov 8, 08:00 pm",0
"Nov 8, 09:00 pm",0
"Nov 8, 10:00 pm",0
"Nov 8, 11:00 pm",0
"Nov 9, 12:00 am",0
"Nov 9, 01:00 am",0
"Nov 9, 02:00 am",0
"Nov 9, 03:00 am",0
"Nov 9, 04:00 am",0
"Nov 9, 05:00 am",0
"Nov 9, 06:00 am",0
"Nov 9, 07:00 am",2.06041
"Nov 9, 08:00 am",6.37354
"Nov 9, 09:00 am",8.33396
"Nov 9, 10:00 am",9.17932
"Nov 9, 11:00 am",8.95233
"Nov 9, 12:00 pm",6.88534
"Nov 9, 01:00 pm",6.29997
"Nov 9, 02:00 pm",3.93606
"Nov 9, 03:00 pm",1.60554
"Nov 9, 04:00 pm",0.6348
"Nov 9, 05:00 pm",0
"Nov 9, 06:00 pm",0
"Nov 9, 07:00 pm",0
"Nov 9, 08:00 pm",0
"Nov 9, 09:00 pm",0
"Nov 9, 10:00 pm",0
"Nov 9, 11:00 pm",0
"Nov 10, 12:00 am",0
"Nov 10, 01:00 am",0
"Nov 10, 02:00 am",0
"Nov 10, 03:00 am",0
"Nov 10, 04:00 am",0
"Nov 10, 05:00 am",0
"Nov 10, 06:00 am",0
"Nov 10, 07:00 am",0.96875
"Nov 10, 08:00 am",3.31746
"Nov 10, 09:00 am",5.23033
"Nov 10, 10:00 am",7.57343
"Nov 10, 11:00 am",4.62998
"Nov 10, 12:00 pm",4.8032
"Nov 10, 01:00 pm",2.75966
"Nov 10, 02:00 pm",2.85094
"Nov 10, 03:00 pm",1.94194
"Nov 10, 04:00 pm",0.704515
"Nov 10, 05:00 pm",0
"Nov 10, 06:00 pm",0
"Nov 10, 07:00 pm",0
"Nov 10, 08:00 pm",0
"Nov 10, 09:00 pm",0
"Nov 10, 10:00 pm",0
"Nov 10, 11:00 pm",0
"Nov 11, 12:00 am",0
"Nov 11, 01:00 am",0
"Nov 11, 02:00 am",0
"Nov 11, 03:00 am",0
"Nov 11, 04:00 am",0
"Nov 11, 05:00 am",0
"Nov 11, 06:00 am",0
"Nov 11, 07:00 am",2.67406
"Nov 11, 08:00 am",7.05669
"Nov 11, 09:00 am",9.48347
"Nov 11, 10:00 am",10.5439
"Nov 11, 11:00 am",10.4311
"Nov 11, 12:00 pm",9.4199
"Nov 11, 01:00 pm",7.3665
"Nov 11, 02:00 pm",4.33002
"Nov 11, 03:00 pm",1.18802
"Nov 11, 04:00 pm",0.471263
"Nov 11, 05:00 pm",0
"Nov 11, 06:00 pm",0
"Nov 11, 07:00 pm",0
"Nov 11, 08:00 pm",0
"Nov 11, 09:00 pm",0
"Nov 11, 10:00 pm",0
"Nov 11, 11:00 pm",0
"Nov 12, 12:00 am",0
"Nov 12, 01:00 am",0
"Nov 12, 02:00 am",0
"Nov 12, 03:00 am",0
"Nov 12, 04:00 am",0
"Nov 12, 05:00 am",0
"Nov 12, 06:00 am",0
"Nov 12, 07:00 am",2.98364
"Nov 12, 08:00 am",7.49454
"Nov 12, 09:00 am",9.73713
"Nov 12, 10:00 am",10.6111
"Nov 12, 11:00 am",10.4837
"Nov 12, 12:00 pm",9.42852
"Nov 12, 01:00 pm",7.33318
"Nov 12, 02:00 pm",4.23845
"Nov 12, 03:00 pm",1.08645
"Nov 12, 04:00 pm",0.415496
"Nov 12, 05:00 pm",0
"Nov 12, 06:00 pm",0
"Nov 12, 07:00 pm",0
"Nov 12, 08:00 pm",0
"Nov 12, 09:00 pm",0
"Nov 12, 10:00 pm",0
"Nov 12, 11:00 pm",0
"Nov 13, 12:00 am",0
"Nov 13, 01:00 am",0
"Nov 13, 02:00 am",0
"Nov 13, 03:00 am",0
"Nov 13, 04:00 am",0
"Nov 13, 05:00 am",0
"Nov 13, 06:00 am",0
"Nov 13, 07:00 am",3.32795
"Nov 13, 08:00 am",7.90855
"Nov 13, 09:00 am",10.0865
"Nov 13, 10:00 am",10.9033
"Nov 13, 11:00 am",10.6247
"Nov 13, 12:00 pm",9.48545
"Nov 13, 01:00 pm",7.32575
"Nov 13, 02:00 pm",4.22655
"Nov 13, 03:00 pm",1.00937
"Nov 13, 04:00 pm",0.385191
"Nov 13, 05:00 pm",0
"Nov 13, 06:00 pm",0
"Nov 13, 07:00 pm",0
"Nov 13, 08:00 pm",0
"Nov 13, 09:00 pm",0
"Nov 13, 10:00 pm",0
"Nov 13, 11:00 pm",0
"Nov 14, 12:00 am",0
"Nov 14, 01:00 am",0
"Nov 14, 02:00 am",0
"Nov 14, 03:00 am",0
"Nov 14, 04:00 am",0
"Nov 14, 05:00 am",0
"Nov 14, 06:00 am",0
"Nov 14, 07:00 am",3.0128
"Nov 14, 08:00 am",7.51283
"Nov 14, 09:00 am",9.63514
"Nov 14, 10:00 am",10.552
"Nov 14, 11:00 am",10.3649
"Nov 14, 12:00 pm",9.28426
"Nov 14, 01:00 pm",7.16718
"Nov 14, 02:00 pm",4.1082
"Nov 14, 03:00 pm",0.981151
"Nov 14, 04:00 pm",0.386332
"Nov 14, 05:00 pm",0
"Nov 14, 06:00 pm",0
"Nov 14, 07:00 pm",0
"Nov 14, 08:00 pm",0
"Nov 14, 09:00 pm",0
"Nov 14, 10:00 pm",0
"Nov 14, 11:00 pm",0
"Nov 15, 12:00 am",0
"Nov 15, 01:00 am",0
"Nov 15, 02:00 am",0
"Nov 15, 03:00 am",0
"Nov 15, 04:00 am",0
"Nov 15, 05:00 am",0
"Nov 15, 06:00 am",0
"Nov 15, 07:00 am",2.92733
"Nov 15, 08:00 am",7.88387
"Nov 15, 09:00 am",10.3091
"Nov 15, 10:00 am",11.3194
"Nov 15, 11:00 am",11.1018
"Nov 15, 12:00 pm",9.93119
"Nov 15, 01:00 pm",7.60877
"Nov 15, 02:00 pm",4.34714
"Nov 15, 03:00 pm",1.00441
"Nov 15, 04:00 pm",0.394025
"Nov 15, 05:00 pm",0
"Nov 15, 06:00 pm",0
"Nov 15, 07:00 pm",0
"Nov 15, 08:00 pm",0
"Nov 15, 09:00 pm",0
"Nov 15, 10:00 pm",0
"Nov 15, 11:00 pm",0
"Nov 16, 12:00 am",0
"Nov 16, 01:00 am",0
"Nov 16, 02:00 am",0
"Nov 16, 03:00 am",0
"Nov 16, 04:00 am",0
"Nov 16, 05:00 am",0
"Nov 16, 06:00 am",0
"Nov 16, 07:00 am",2.98157
"Nov 16, 08:00 am",7.85086
"Nov 16, 09:00 am",10.1009
"Nov 16, 10:00 am",11.024
"Nov 16, 11:00 am",10.8167
"Nov 16, 12:00 pm",9.65747
"Nov 16, 01:00 pm",7.40128
"Nov 16, 02:00 pm",4.19551
"Nov 16, 03:00 pm",0.989732
"Nov 16, 04:00 pm",0.392304
"Nov 16, 05:00 pm",0
"Nov 16, 06:00 pm",0
"Nov 16, 07:00 pm",0
"Nov 16, 08:00 pm",0
"Nov 16, 09:00 pm",0
"Nov 16, 10:00 pm",0
"Nov 16, 11:00 pm",0
"Nov 17, 12:00 am",0
"Nov 17, 01:00 am",0
"Nov 17, 02:00 am",0
"Nov 17, 03:00 am",0
"Nov 17, 04:00 am",0
"Nov 17, 05:00 am",0
"Nov 17, 06:00 am",0
"Nov 17, 07:00 am",2.62486
"Nov 17, 08:00 am",7.58756
"Nov 17, 09:00 am",9.9212
"Nov 17, 10:00 am",10.7735
"Nov 17, 11:00 am",10.6033
"Nov 17, 12:00 pm",9.51706
"Nov 17, 01:00 pm",7.29776
"Nov 17, 02:00 pm",4.13963
"Nov 17, 03:00 pm",0.972299
"Nov 17, 04:00 pm",0.393574
"Nov 17, 05:00 pm",0
"Nov 17, 06:00 pm",0
"Nov 17, 07:00 pm",0
"Nov 17, 08:00 pm",0
"Nov 17, 09:00 pm",0
"Nov 17, 10:00 pm",0
"Nov 17, 11:00 pm",0
"Nov 18, 12:00 am",0
"Nov 18, 01:00 am",0
"Nov 18, 02:00 am",0
"Nov 18, 03:00 am",0
"Nov 18, 04:00 am",0
"Nov 18, 05:00 am",0
"Nov 18, 06:00 am",0
"Nov 18, 07:00 am",2.77469
"Nov 18, 08:00 am",7.86351
"Nov 18, 09:00 am",10.1296
"Nov 18, 10:00 am",11.0761
"Nov 18, 11:00 am",10.9019
"Nov 18, 12:00 pm",9.76566
"Nov 18, 01:00 pm",7.46476
"Nov 18, 02:00 pm",4.20007
"Nov 18, 03:00 pm",0.934744
"Nov 18, 04:00 pm",0.363002
"Nov 18, 05:00 pm",0
"Nov 18, 06:00 pm",0
"Nov 18, 07:00 pm",0
"Nov 18, 08:00 pm",0
"Nov 18, 09:00 pm",0
"Nov 18, 10:00 pm",0
"Nov 18, 11:00 pm",0
"Nov 19, 12:00 am",0
"Nov 19, 01:00 am",0
"Nov 19, 02:00 am",0
"Nov 19, 03:00 am",0
"Nov 19, 04:00 am",0
"Nov 19, 05:00 am",0
"Nov 19, 06:00 am",0
"Nov 19, 07:00 am",2.473
"Nov 19, 08:00 am",7.56593
"Nov 19, 09:00 am",9.7971
"Nov 19, 10:00 am",10.6901
"Nov 19, 11:00 am",10.459
"Nov 19, 12:00 pm",9.37357
"Nov 19, 01:00 pm",7.15597
"Nov 19, 02:00 pm",4.01144
"Nov 19, 03:00 pm",0.901546
"Nov 19, 04:00 pm",0.365426
"Nov 19, 05:00 pm",0
"Nov 19, 06:00 pm",0
"Nov 19, 07:00 pm",0
"Nov 19, 08:00 pm",0
"Nov 19, 09:00 pm",0
"Nov 19, 10:00 pm",0
"Nov 19, 11:00 pm",0
"Nov 20, 12:00 am",0
"Nov 20, 01:00 am",0
"Nov 20, 02:00 am",0
"Nov 20, 03:00 am",0
"Nov 20, 04:00 am",0
"Nov 20, 05:00 am",0
"Nov 20, 06:00 am",0
"Nov 20, 07:00 am",2.15058
"Nov 20, 08:00 am",7.40398
"Nov 20, 09:00 am",9.72548
"Nov 20, 10:00 am",10.6723
"Nov 20, 11:00 am",10.5152
"Nov 20, 12:00 pm",9.44539
"Nov 20, 01:00 pm",7.22935
"Nov 20, 02:00 pm",4.04789
"Nov 20, 03:00 pm",0.97632
"Nov 20, 04:00 pm",0.38183
"Nov 20, 05:00 pm",0
"Nov 20, 06:00 pm",0
"Nov 20, 07:00 pm",0
"Nov 20, 08:00 pm",0
"Nov 20, 09:00 pm",0
"Nov 20, 10:00 pm",0
"Nov 20, 11:00 pm",0
"Nov 21, 12:00 am",0
"Nov 21, 01:00 am",0
"Nov 21, 02:00 am",0
"Nov 21, 03:00 am",0
"Nov 21, 04:00 am",0
"Nov 21, 05:00 am",0
"Nov 21, 06:00 am",0
"Nov 21, 07:00 am",1.50563
"Nov 21, 08:00 am",6.20197
"Nov 21, 09:00 am",6.97014
"Nov 21, 10:00 am",8.47636
"Nov 21, 11:00 am",8.40222
"Nov 21, 12:00 pm",8.30043
"Nov 21, 01:00 pm",5.95038
"Nov 21, 02:00 pm",3.97732
"Nov 21, 03:00 pm",0.933695
"Nov 21, 04:00 pm",0.396685
"Nov 21, 05:00 pm",0
"Nov 21, 06:00 pm",0
"Nov 21, 07:00 pm",0
"Nov 21, 08:00 pm",0
"Nov 21, 09:00 pm",0
"Nov 21, 10:00 pm",0
"Nov 21, 11:00 pm",0
"Nov 22, 12:00 am",0
"Nov 22, 01:00 am",0
"Nov 22, 02:00 am",0
"Nov 22, 03:00 am",0
"Nov 22, 04:00 am",0
"Nov 22, 05:00 am",0
"Nov 22, 06:00 am",0
"Nov 22, 07:00 am",0.634638
"Nov 22, 08:00 am",7.11166
"Nov 22, 09:00 am",6.60841
"Nov 22, 10:00 am",7.06615
"Nov 22, 11:00 am",8.00563
"Nov 22, 12:00 pm",7.01859
"Nov 22, 01:00 pm",5.86307
"Nov 22, 02:00 pm",3.57295
"Nov 22, 03:00 pm",1.21371
"Nov 22, 04:00 pm",0.406384
"Nov 22, 05:00 pm",0
"Nov 22, 06:00 pm",0
"Nov 22, 07:00 pm",0
"Nov 22, 08:00 pm",0
"Nov 22, 09:00 pm",0
"Nov 22, 10:00 pm",0
"Nov 22, 11:00 pm",0
"Nov 23, 12:00 am",0
"Nov 23, 01:00 am",0
"Nov 23, 02:00 am",0
"Nov 23, 03:00 am",0
"Nov 23, 04:00 am",0
"Nov 23, 05:00 am",0
"Nov 23, 06:00 am",0
"Nov 23, 07:00 am",0.140734
"Nov 23, 08:00 am",2.6757
"Nov 23, 09:00 am",4.06738
"Nov 23, 10:00 am",5.54619
"Nov 23, 11:00 am",2.97922
"Nov 23, 12:00 pm",5.17595
"Nov 23, 01:00 pm",2.53747
"Nov 23, 02:00 pm",3.55789
"Nov 23, 03:00 pm",1.62604
"Nov 23, 04:00 pm",0.567288
"Nov 23, 05:00 pm",0
"Nov 23, 06:00 pm",0
"Nov 23, 07:00 pm",0
"Nov 23, 08:00 pm",0
"Nov 23, 09:00 pm",0
"Nov 23, 10:00 pm",0
"Nov 23, 11:00 pm",0
"Nov 24, 12:00 am",0
"Nov 24, 01:00 am",0
"Nov 24, 02:00 am",0
"Nov 24, 03:00 am",0
"Nov 24, 04:00 am",0
"Nov 24, 05:00 am",0
"Nov 24, 06:00 am",0
"Nov 24, 07:00 am",1.08419
"Nov 24, 08:00 am",6.0302
"Nov 24, 09:00 am",8.57777
"Nov 24, 10:00 am",9.60546
"Nov 24, 11:00 am",9.63526
"Nov 24, 12:00 pm",8.64993
"Nov 24, 01:00 pm",6.61059
"Nov 24, 02:00 pm",3.70609
"Nov 24, 03:00 pm",0.900644
"Nov 24, 04:00 pm",0.359325
"Nov 24, 05:00 pm",0
"Nov 24, 06:00 pm",0
"Nov 24, 07:00 pm",0
"Nov 24, 08:00 pm",0
"Nov 24, 09:00 pm",0
"Nov 24, 10:00 pm",0
"Nov 24, 11:00 pm",0
"Nov 25, 12:00 am",0
"Nov 25, 01:00 am",0
"Nov 25, 02:00 am",0
"Nov 25, 03:00 am",0
"Nov 25, 04:00 am",0
"Nov 25, 05:00 am",0
"Nov 25, 06:00 am",0
"Nov 25, 07:00 am",1.49772
"Nov 25, 08:00 am",6.74497
"Nov 25, 09:00 am",9.19662
"Nov 25, 10:00 am",10.0675
"Nov 25, 11:00 am",9.95401
"Nov 25, 12:00 pm",8.94498
"Nov 25, 01:00 pm",6.85319
"Nov 25, 02:00 pm",3.84214
"Nov 25, 03:00 pm",0.869317
"Nov 25, 04:00 pm",0.387608
"Nov 25, 05:00 pm",0
"Nov 25, 06:00 pm",0
"Nov 25, 07:00 pm",0
"Nov 25, 08:00 pm",0
"Nov 25, 09:00 pm",0
"Nov 25, 10:00 pm",0
"Nov 25, 11:00 pm",0
"Nov 26, 12:00 am",0
"Nov 26, 01:00 am",0
"Nov 26, 02:00 am",0
"Nov 26, 03:00 am",0
"Nov 26, 04:00 am",0
"Nov 26, 05:00 am",0
"Nov 26, 06:00 am",0
"Nov 26, 07:00 am",-0
"Nov 26, 08:00 am",3.0387
"Nov 26, 09:00 am",7.56683
"Nov 26, 10:00 am",9.91772
"Nov 26, 11:00 am",9.69854
"Nov 26, 12:00 pm",7.64607
"Nov 26, 01:00 pm",6.83293
"Nov 26, 02:00 pm",3.85964
"Nov 26, 03:00 pm",0.983623
"Nov 26, 04:00 pm",0.441475
"Nov 26, 05:00 pm",0
"Nov 26, 06:00 pm",0
"Nov 26, 07:00 pm",0
"Nov 26, 08:00 pm",0
"Nov 26, 09:00 pm",0
"Nov 26, 10:00 pm",0
"Nov 26, 11:00 pm",0
"Nov 27, 12:00 am",0
"Nov 27, 01:00 am",0
"Nov 27, 02:00 am",0
"Nov 27, 03:00 am",0
"Nov 27, 04:00 am",0
"Nov 27, 05:00 am",0
"Nov 27, 06:00 am",0
"Nov 27, 07:00 am",0.147216
"Nov 27, 08:00 am",3.46067
"Nov 27, 09:00 am",6.48139
"Nov 27, 10:00 am",11.1795
"Nov 27, 11:00 am",11.0477
"Nov 27, 12:00 pm",9.87154
"Nov 27, 01:00 pm",7.47177
"Nov 27, 02:00 pm",4.10266
"Nov 27, 03:00 pm",0.889551
"Nov 27, 04:00 pm",0.379013
"Nov 27, 05:00 pm",0
"Nov 27, 06:00 pm",0
"Nov 27, 07:00 pm",0
"Nov 27, 08:00 pm",0
"Nov 27, 09:00 pm",0
"Nov 27, 10:00 pm",0
"Nov 27, 11:00 pm",0
"Nov 28, 12:00 am",0
"Nov 28, 01:00 am",0
"Nov 28, 02:00 am",0
"Nov 28, 03:00 am",0
"Nov 28, 04:00 am",0
"Nov 28, 05:00 am",0
"Nov 28, 06:00 am",0
"Nov 28, 07:00 am",1.74372
"Nov 28, 08:00 am",7.42529
"Nov 28, 09:00 am",9.90671
"Nov 28, 10:00 am",10.982
"Nov 28, 11:00 am",10.8018
"Nov 28, 12:00 pm",9.63934
"Nov 28, 01:00 pm",7.28748
"Nov 28, 02:00 pm",4.02857
"Nov 28, 03:00 pm",0.851424
"Nov 28, 04:00 pm",0.363486
"Nov 28, 05:00 pm",0
"Nov 28, 06:00 pm",0
"Nov 28, 07:00 pm",0
"Nov 28, 08:00 pm",0
"Nov 28, 09:00 pm",0
"Nov 28, 10:00 pm",0
"Nov 28, 11:00 pm",0
"Nov 29, 12:00 am",0
"Nov 29, 01:00 am",0
"Nov 29, 02:00 am",0
"Nov 29, 03:00 am",0
"Nov 29, 04:00 am",0
"Nov 29, 05:00 am",0
"Nov 29, 06:00 am",0
"Nov 29, 07:00 am",1.27271
"Nov 29, 08:00 am",6.69146
"Nov 29, 09:00 am",9.25932
"Nov 29, 10:00 am",10.2104
"Nov 29, 11:00 am",10.1739
"Nov 29, 12:00 pm",9.12053
"Nov 29, 01:00 pm",6.91201
"Nov 29, 02:00 pm",3.84617
"Nov 29, 03:00 pm",0.839576
"Nov 29, 04:00 pm",0.625834
"Nov 29, 05:00 pm",0
"Nov 29, 06:00 pm",0
"Nov 29, 07:00 pm",0
"Nov 29, 08:00 pm",0
"Nov 29, 09:00 pm",0
"Nov 29, 10:00 pm",0
"Nov 29, 11:00 pm",0
"Nov 30, 12:00 am",0
"Nov 30, 01:00 am",0
"Nov 30, 02:00 am",0
"Nov 30, 03:00 am",0
"Nov 30, 04:00 am",0
"Nov 30, 05:00 am",0
"Nov 30, 06:00 am",0
"Nov 30, 07:00 am",1.23759
"Nov 30, 08:00 am",6.63448
"Nov 30, 09:00 am",9.24961
"Nov 30, 10:00 am",10.2036
"Nov 30, 11:00 am",10.1627
"Nov 30, 12:00 pm",9.10067
"Nov 30, 01:00 pm",6.9102
"Nov 30, 02:00 pm",3.82623
"Nov 30, 03:00 pm",0.816236
"Nov 30, 04:00 pm",0.356247
"Nov 30, 05:00 pm",0
"Nov 30, 06:00 pm",0
"Nov 30, 07:00 pm",0
"Nov 30, 08:00 pm",0
"Nov 30, 09:00 pm",0
"Nov 30, 10:00 pm",0
"Nov 30, 11:00 pm",0
"Dec 1, 12:00 am",0
"Dec 1, 01:00 am",0
"Dec 1, 02:00 am",0
"Dec 1, 03:00 am",0
"Dec 1, 04:00 am",0
"Dec 1, 05:00 am",0
"Dec 1, 06:00 am",0
"Dec 1, 07:00 am",0.588998
"Dec 1, 08:00 am",5.83591
"Dec 1, 09:00 am",8.54442
"Dec 1, 10:00 am",9.68657
"Dec 1, 11:00 am",9.6493
"Dec 1, 12:00 pm",8.64164
"Dec 1, 01:00 pm",6.50748
"Dec 1, 02:00 pm",3.65334
"Dec 1, 03:00 pm",0.915109
"Dec 1, 04:00 pm",0.421242
"Dec 1, 05:00 pm",0
"Dec 1, 06:00 pm",0
"Dec 1, 07:00 pm",0
"Dec 1, 08:00 pm",0
"Dec 1, 09:00 pm",0
"Dec 1, 10:00 pm",0
"Dec 1, 11:00 pm",0
"Dec 2, 12:00 am",0
"Dec 2, 01:00 am",0
"Dec 2, 02:00 am",0
"Dec 2, 03:00 am",0
"Dec 2, 04:00 am",0
"Dec 2, 05:00 am",0
"Dec 2, 06:00 am",0
"Dec 2, 07:00 am",0.528303
"Dec 2, 08:00 am",5.72538
"Dec 2, 09:00 am",8.34256
"Dec 2, 10:00 am",9.40413
"Dec 2, 11:00 am",9.20549
"Dec 2, 12:00 pm",8.21876
"Dec 2, 01:00 pm",6.27896
"Dec 2, 02:00 pm",3.58493
"Dec 2, 03:00 pm",0.740325
"Dec 2, 04:00 pm",0.435876
"Dec 2, 05:00 pm",0
"Dec 2, 06:00 pm",0
"Dec 2, 07:00 pm",0
"Dec 2, 08:00 pm",0
"Dec 2, 09:00 pm",0
"Dec 2, 10:00 pm",0
"Dec 2, 11:00 pm",0
"Dec 3, 12:00 am",0
"Dec 3, 01:00 am",0
"Dec 3, 02:00 am",0
"Dec 3, 03:00 am",0
"Dec 3, 04:00 am",0
"Dec 3, 05:00 am",0
"Dec 3, 06:00 am",0
"Dec 3, 07:00 am",0.713021
"Dec 3, 08:00 am",5.87274
"Dec 3, 09:00 am",6.43975
"Dec 3, 10:00 am",8.34142
"Dec 3, 11:00 am",9.40121
"Dec 3, 12:00 pm",8.41622
"Dec 3, 01:00 pm",6.37899
"Dec 3, 02:00 pm",3.56633
"Dec 3, 03:00 pm",0.863104
"Dec 3, 04:00 pm",0.378238
"Dec 3, 05:00 pm",0
"Dec 3, 06:00 pm",0
"Dec 3, 07:00 pm",0
"Dec 3, 08:00 pm",0
"Dec 3, 09:00 pm",0
"Dec 3, 10:00 pm",0
"Dec 3, 11:00 pm",0
"Dec 4, 12:00 am",0
"Dec 4, 01:00 am",0
"Dec 4, 02:00 am",0
"Dec 4, 03:00 am",0
"Dec 4, 04:00 am",0
"Dec 4, 05:00 am",0
"Dec 4, 06:00 am",0
"Dec 4, 07:00 am",0.0282444
"Dec 4, 08:00 am",2.70273
"Dec 4, 09:00 am",4.46881
"Dec 4, 10:00 am",9.39541
"Dec 4, 11:00 am",9.16327
"Dec 4, 12:00 pm",8.22896
"Dec 4, 01:00 pm",6.25769
"Dec 4, 02:00 pm",3.25882
"Dec 4, 03:00 pm",0.789083
"Dec 4, 04:00 pm",0.342973
"Dec 4, 05:00 pm",0
"Dec 4, 06:00 pm",0
"Dec 4, 07:00 pm",0
"Dec 4, 08:00 pm",0
"Dec 4, 09:00 pm",0
"Dec 4, 10:00 pm",0
"Dec 4, 11:00 pm",0
"Dec 5, 12:00 am",0
"Dec 5, 01:00 am",0
"Dec 5, 02:00 am",0
"Dec 5, 03:00 am",0
"Dec 5, 04:00 am",0
"Dec 5, 05:00 am",0
"Dec 5, 06:00 am",0
"Dec 5, 07:00 am",-0
"Dec 5, 08:00 am",1.94479
"Dec 5, 09:00 am",8.41246
"Dec 5, 10:00 am",6.57781
"Dec 5, 11:00 am",9.43948
"Dec 5, 12:00 pm",8.49906
"Dec 5, 01:00 pm",6.46155
"Dec 5, 02:00 pm",3.6179
"Dec 5, 03:00 pm",0.875448
"Dec 5, 04:00 pm",0.346464
"Dec 5, 05:00 pm",0
"Dec 5, 06:00 pm",0
"Dec 5, 07:00 pm",0
"Dec 5, 08:00 pm",0
"Dec 5, 09:00 pm",0
"Dec 5, 10:00 pm",0
"Dec 5, 11:00 pm",0
"Dec 6, 12:00 am",0
"Dec 6, 01:00 am",0
"Dec 6, 02:00 am",0
"Dec 6, 03:00 am",0
"Dec 6, 04:00 am",0
"Dec 6, 05:00 am",0
"Dec 6, 06:00 am",0
"Dec 6, 07:00 am",-0
"Dec 6, 08:00 am",2.66296
"Dec 6, 09:00 am",4.68321
"Dec 6, 10:00 am",6.5189
"Dec 6, 11:00 am",7.70011
"Dec 6, 12:00 pm",8.47062
"Dec 6, 01:00 pm",5.60994
"Dec 6, 02:00 pm",3.24764
"Dec 6, 03:00 pm",1.59107
"Dec 6, 04:00 pm",0.590097
"Dec 6, 05:00 pm",0
"Dec 6, 06:00 pm",0
"Dec 6, 07:00 pm",0
"Dec 6, 08:00 pm",0
"Dec 6, 09:00 pm",0
"Dec 6, 10:00 pm",0
"Dec 6, 11:00 pm",0
"Dec 7, 12:00 am",0
"Dec 7, 01:00 am",0
"Dec 7, 02:00 am",0
"Dec 7, 03:00 am",0
"Dec 7, 04:00 am",0
"Dec 7, 05:00 am",0
"Dec 7, 06:00 am",0
"Dec 7, 07:00 am",0.534096
"Dec 7, 08:00 am",5.71409
"Dec 7, 09:00 am",8.4426
"Dec 7, 10:00 am",9.55617
"Dec 7, 11:00 am",9.55351
"Dec 7, 12:00 pm",8.59792
"Dec 7, 01:00 pm",6.54671
"Dec 7, 02:00 pm",3.62677
"Dec 7, 03:00 pm",0.861849
"Dec 7, 04:00 pm",0.338317
"Dec 7, 05:00 pm",0
"Dec 7, 06:00 pm",0
"Dec 7, 07:00 pm",0
"Dec 7, 08:00 pm",0
"Dec 7, 09:00 pm",0
"Dec 7, 10:00 pm",0
"Dec 7, 11:00 pm",0
"Dec 8, 12:00 am",0
"Dec 8, 01:00 am",0
"Dec 8, 02:00 am",0
"Dec 8, 03:00 am",0
"Dec 8, 04:00 am",0
"Dec 8, 05:00 am",0
"Dec 8, 06:00 am",0
"Dec 8, 07:00 am",0.426281
"Dec 8, 08:00 am",5.67547
"Dec 8, 09:00 am",8.4662
"Dec 8, 10:00 am",9.56417
"Dec 8, 11:00 am",9.53909
"Dec 8, 12:00 pm",8.58409
"Dec 8, 01:00 pm",6.57803
"Dec 8, 02:00 pm",3.67262
"Dec 8, 03:00 pm",0.841049
"Dec 8, 04:00 pm",0.368845
"Dec 8, 05:00 pm",0
"Dec 8, 06:00 pm",0
"Dec 8, 07:00 pm",0
"Dec 8, 08:00 pm",0
"Dec 8, 09:00 pm",0
"Dec 8, 10:00 pm",0
"Dec 8, 11:00 pm",0
"Dec 9, 12:00 am",0
"Dec 9, 01:00 am",0
"Dec 9, 02:00 am",0
"Dec 9, 03:00 am",0
"Dec 9, 04:00 am",0
"Dec 9, 05:00 am",0
"Dec 9, 06:00 am",0
"Dec 9, 07:00 am",-0
"Dec 9, 08:00 am",5.59656
"Dec 9, 09:00 am",8.27517
"Dec 9, 10:00 am",9.50986
"Dec 9, 11:00 am",9.62071
"Dec 9, 12:00 pm",8.75229
"Dec 9, 01:00 pm",6.73224
"Dec 9, 02:00 pm",3.71447
"Dec 9, 03:00 pm",0.88947
"Dec 9, 04:00 pm",0.471426
"Dec 9, 05:00 pm",0
"Dec 9, 06:00 pm",0
"Dec 9, 07:00 pm",0
"Dec 9, 08:00 pm",0
"Dec 9, 09:00 pm",0
"Dec 9, 10:00 pm",0
"Dec 9, 11:00 pm",0
"Dec 10, 12:00 am",0
"Dec 10, 01:00 am",0
"Dec 10, 02:00 am",0
"Dec 10, 03:00 am",0
"Dec 10, 04:00 am",0
"Dec 10, 05:00 am",0
"Dec 10, 06:00 am",0
"Dec 10, 07:00 am",-0
"Dec 10, 08:00 am",6.35381
"Dec 10, 09:00 am",9.11502
"Dec 10, 10:00 am",10.3049
"Dec 10, 11:00 am",10.3141
"Dec 10, 12:00 pm",9.31584
"Dec 10, 01:00 pm",7.07539
"Dec 10, 02:00 pm",3.9213
"Dec 10, 03:00 pm",0.876756
"Dec 10, 04:00 pm",0.377334
"Dec 10, 05:00 pm",0
"Dec 10, 06:00 pm",0
"Dec 10, 07:00 pm",0
"Dec 10, 08:00 pm",0
"Dec 10, 09:00 pm",0
"Dec 10, 10:00 pm",0
"Dec 10, 11:00 pm",0
"Dec 11, 12:00 am",0
"Dec 11, 01:00 am",0
"Dec 11, 02:00 am",0
"Dec 11, 03:00 am",0
"Dec 11, 04:00 am",0
"Dec 11, 05:00 am",0
"Dec 11, 06:00 am",0
"Dec 11, 07:00 am",-0
"Dec 11, 08:00 am",6.12764
"Dec 11, 09:00 am",8.85096
"Dec 11, 10:00 am",9.88843
"Dec 11, 11:00 am",9.7041
"Dec 11, 12:00 pm",8.76869
"Dec 11, 01:00 pm",6.71398
"Dec 11, 02:00 pm",3.75238
"Dec 11, 03:00 pm",0.856691
"Dec 11, 04:00 pm",0.546004
"Dec 11, 05:00 pm",0
"Dec 11, 06:00 pm",0
"Dec 11, 07:00 pm",0
"Dec 11, 08:00 pm",0
"Dec 11, 09:00 pm",0
"Dec 11, 10:00 pm",0
"Dec 11, 11:00 pm",0
"Dec 12, 12:00 am",0
"Dec 12, 01:00 am",0
"Dec 12, 02:00 am",0
"Dec 12, 03:00 am",0
"Dec 12, 04:00 am",0
"Dec 12, 05:00 am",0
"Dec 12, 06:00 am",0
"Dec 12, 07:00 am",-0
"Dec 12, 08:00 am",5.83073
"Dec 12, 09:00 am",8.69609
"Dec 12, 10:00 am",6.28932
"Dec 12, 11:00 am",7.78021
"Dec 12, 12:00 pm",8.88777
"Dec 12, 01:00 pm",6.77888
"Dec 12, 02:00 pm",3.83185
"Dec 12, 03:00 pm",0.979525
"Dec 12, 04:00 pm",0.399256
"Dec 12, 05:00 pm",0
"Dec 12, 06:00 pm",0
"Dec 12, 07:00 pm",0
"Dec 12, 08:00 pm",0
"Dec 12, 09:00 pm",0
"Dec 12, 10:00 pm",0
"Dec 12, 11:00 pm",0
"Dec 13, 12:00 am",0
"Dec 13, 01:00 am",0
"Dec 13, 02:00 am",0
"Dec 13, 03:00 am",0
"Dec 13, 04:00 am",0
"Dec 13, 05:00 am",0
"Dec 13, 06:00 am",0
"Dec 13, 07:00 am",-0
"Dec 13, 08:00 am",5.03411
"Dec 13, 09:00 am",2.87117
"Dec 13, 10:00 am",6.31183
"Dec 13, 11:00 am",7.796
"Dec 13, 12:00 pm",5.33903
"Dec 13, 01:00 pm",4.20609
"Dec 13, 02:00 pm",3.08331
"Dec 13, 03:00 pm",1.58488
"Dec 13, 04:00 pm",0.609099
"Dec 13, 05:00 pm",0
"Dec 13, 06:00 pm",0
"Dec 13, 07:00 pm",0
"Dec 13, 08:00 pm",0
"Dec 13, 09:00 pm",0
"Dec 13, 10:00 pm",0
"Dec 13, 11:00 pm",0
"Dec 14, 12:00 am",0
"Dec 14, 01:00 am",0
"Dec 14, 02:00 am",0
"Dec 14, 03:00 am",0
"Dec 14, 04:00 am",0
"Dec 14, 05:00 am",0
"Dec 14, 06:00 am",0
"Dec 14, 07:00 am",-0
"Dec 14, 08:00 am",5.35152
"Dec 14, 09:00 am",4.54811
"Dec 14, 10:00 am",9.84015
"Dec 14, 11:00 am",9.95077
"Dec 14, 12:00 pm",9.03862
"Dec 14, 01:00 pm",6.93954
"Dec 14, 02:00 pm",0.623688
"Dec 14, 03:00 pm",1.01687
"Dec 14, 04:00 pm",0.585641
"Dec 14, 05:00 pm",0
"Dec 14, 06:00 pm",0
"Dec 14, 07:00 pm",0
"Dec 14, 08:00 pm",0
"Dec 14, 09:00 pm",0
"Dec 14, 10:00 pm",0
"Dec 14, 11:00 pm",0
"Dec 15, 12:00 am",0
"Dec 15, 01:00 am",0
"Dec 15, 02:00 am",0
"Dec 15, 03:00 am",0
"Dec 15, 04:00 am",0
"Dec 15, 05:00 am",0
"Dec 15, 06:00 am",0
"Dec 15, 07:00 am",-0
"Dec 15, 08:00 am",0.85927
"Dec 15, 09:00 am",0.0310337
"Dec 15, 10:00 am",1.13607
"Dec 15, 11:00 am",2.4139
"Dec 15, 12:00 pm",3.68023
"Dec 15, 01:00 pm",2.74774
"Dec 15, 02:00 pm",3.07429
"Dec 15, 03:00 pm",0.290185
"Dec 15, 04:00 pm",-0
"Dec 15, 05:00 pm",0
"Dec 15, 06:00 pm",0
"Dec 15, 07:00 pm",0
"Dec 15, 08:00 pm",0
"Dec 15, 09:00 pm",0
"Dec 15, 10:00 pm",0
"Dec 15, 11:00 pm",0
"Dec 16, 12:00 am",0
"Dec 16, 01:00 am",0
"Dec 16, 02:00 am",0
"Dec 16, 03:00 am",0
"Dec 16, 04:00 am",0
"Dec 16, 05:00 am",0
"Dec 16, 06:00 am",0
"Dec 16, 07:00 am",-0
"Dec 16, 08:00 am",5.1919
"Dec 16, 09:00 am",8.13092
"Dec 16, 10:00 am",9.4758
"Dec 16, 11:00 am",9.46134
"Dec 16, 12:00 pm",8.62435
"Dec 16, 01:00 pm",6.73658
"Dec 16, 02:00 pm",3.89255
"Dec 16, 03:00 pm",1.02301
"Dec 16, 04:00 pm",0.637943
"Dec 16, 05:00 pm",0
"Dec 16, 06:00 pm",0
"Dec 16, 07:00 pm",0
"Dec 16, 08:00 pm",0
"Dec 16, 09:00 pm",0
"Dec 16, 10:00 pm",0
"Dec 16, 11:00 pm",0
"Dec 17, 12:00 am",0
"Dec 17, 01:00 am",0
"Dec 17, 02:00 am",0
"Dec 17, 03:00 am",0
"Dec 17, 04:00 am",0
"Dec 17, 05:00 am",0
"Dec 17, 06:00 am",0
"Dec 17, 07:00 am",-0
"Dec 17, 08:00 am",5.25094
"Dec 17, 09:00 am",8.22922
"Dec 17, 10:00 am",9.47232
"Dec 17, 11:00 am",9.4798
"Dec 17, 12:00 pm",8.62639
"Dec 17, 01:00 pm",6.69282
"Dec 17, 02:00 pm",3.86212
"Dec 17, 03:00 pm",0.999027
"Dec 17, 04:00 pm",0.421096
"Dec 17, 05:00 pm",0
"Dec 17, 06:00 pm",0
"Dec 17, 07:00 pm",0
"Dec 17, 08:00 pm",0
"Dec 17, 09:00 pm",0
"Dec 17, 10:00 pm",0
"Dec 17, 11:00 pm",0
"Dec 18, 12:00 am",0
"Dec 18, 01:00 am",0
"Dec 18, 02:00 am",0
"Dec 18, 03:00 am",0
"Dec 18, 04:00 am",0
"Dec 18, 05:00 am",0
"Dec 18, 06:00 am",0
"Dec 18, 07:00 am",-0
"Dec 18, 08:00 am",1.81511
"Dec 18, 09:00 am",8.10051
"Dec 18, 10:00 am",5.89459
"Dec 18, 11:00 am",6.56825
"Dec 18, 12:00 pm",6.64892
"Dec 18, 01:00 pm",3.31027
"Dec 18, 02:00 pm",1.47229
"Dec 18, 03:00 pm",1.27563
"Dec 18, 04:00 pm",0.320844
"Dec 18, 05:00 pm",0
"Dec 18, 06:00 pm",0
"Dec 18, 07:00 pm",0
"Dec 18, 08:00 pm",0
"Dec 18, 09:00 pm",0
"Dec 18, 10:00 pm",0
"Dec 18, 11:00 pm",0
"Dec 19, 12:00 am",0
"Dec 19, 01:00 am",0
"Dec 19, 02:00 am",0
"Dec 19, 03:00 am",0
"Dec 19, 04:00 am",0
"Dec 19, 05:00 am",0
"Dec 19, 06:00 am",0
"Dec 19, 07:00 am",-0
"Dec 19, 08:00 am",5.41536
"Dec 19, 09:00 am",8.73902
"Dec 19, 10:00 am",10.2844
"Dec 19, 11:00 am",10.487
"Dec 19, 12:00 pm",9.55134
"Dec 19, 01:00 pm",7.36335
"Dec 19, 02:00 pm",4.21459
"Dec 19, 03:00 pm",1.00202
"Dec 19, 04:00 pm",0.396186
"Dec 19, 05:00 pm",0
"Dec 19, 06:00 pm",0
"Dec 19, 07:00 pm",0
"Dec 19, 08:00 pm",0
"Dec 19, 09:00 pm",0
"Dec 19, 10:00 pm",0
"Dec 19, 11:00 pm",0
"Dec 20, 12:00 am",0
"Dec 20, 01:00 am",0
"Dec 20, 02:00 am",0
"Dec 20, 03:00 am",0
"Dec 20, 04:00 am",0
"Dec 20, 05:00 am",0
"Dec 20, 06:00 am",0
"Dec 20, 07:00 am",-0
"Dec 20, 08:00 am",6.05782
"Dec 20, 09:00 am",9.09907
"Dec 20, 10:00 am",10.3786
"Dec 20, 11:00 am",10.3105
"Dec 20, 12:00 pm",9.34697
"Dec 20, 01:00 pm",7.20353
"Dec 20, 02:00 pm",4.14736
"Dec 20, 03:00 pm",1.39273
"Dec 20, 04:00 pm",0.645185
"Dec 20, 05:00 pm",0
"Dec 20, 06:00 pm",0
"Dec 20, 07:00 pm",0
"Dec 20, 08:00 pm",0
"Dec 20, 09:00 pm",0
"Dec 20, 10:00 pm",0
"Dec 20, 11:00 pm",0
"Dec 21, 12:00 am",0
"Dec 21, 01:00 am",0
"Dec 21, 02:00 am",0
"Dec 21, 03:00 am",0
"Dec 21, 04:00 am",0
"Dec 21, 05:00 am",0
"Dec 21, 06:00 am",0
"Dec 21, 07:00 am",-0
"Dec 21, 08:00 am",5.67662
"Dec 21, 09:00 am",8.80286
"Dec 21, 10:00 am",9.9983
"Dec 21, 11:00 am",10.0117
"Dec 21, 12:00 pm",9.08027
"Dec 21, 01:00 pm",7.04323
"Dec 21, 02:00 pm",4.06953
"Dec 21, 03:00 pm",1.47622
"Dec 21, 04:00 pm",0.640541
"Dec 21, 05:00 pm",0
"Dec 21, 06:00 pm",0
"Dec 21, 07:00 pm",0
"Dec 21, 08:00 pm",0
"Dec 21, 09:00 pm",0
"Dec 21, 10:00 pm",0
"Dec 21, 11:00 pm",0
"Dec 22, 12:00 am",0
"Dec 22, 01:00 am",0
"Dec 22, 02:00 am",0
"Dec 22, 03:00 am",0
"Dec 22, 04:00 am",0
"Dec 22, 05:00 am",0
"Dec 22, 06:00 am",0
"Dec 22, 07:00 am",-0
"Dec 22, 08:00 am",4.91959
"Dec 22, 09:00 am",7.95279
"Dec 22, 10:00 am",9.26824
"Dec 22, 11:00 am",9.1072
"Dec 22, 12:00 pm",8.36189
"Dec 22, 01:00 pm",5.2008
"Dec 22, 02:00 pm",3.59416
"Dec 22, 03:00 pm",1.64255
"Dec 22, 04:00 pm",0.382867
"Dec 22, 05:00 pm",0
"Dec 22, 06:00 pm",0
"Dec 22, 07:00 pm",0
"Dec 22, 08:00 pm",0
"Dec 22, 09:00 pm",0
"Dec 22, 10:00 pm",0
"Dec 22, 11:00 pm",0
"Dec 23, 12:00 am",0
"Dec 23, 01:00 am",0
"Dec 23, 02:00 am",0
"Dec 23, 03:00 am",0
"Dec 23, 04:00 am",0
"Dec 23, 05:00 am",0
"Dec 23, 06:00 am",0
"Dec 23, 07:00 am",-0
"Dec 23, 08:00 am",4.7532
"Dec 23, 09:00 am",8.02192
"Dec 23, 10:00 am",9.44168
"Dec 23, 11:00 am",9.62084
"Dec 23, 12:00 pm",8.76801
"Dec 23, 01:00 pm",6.84053
"Dec 23, 02:00 pm",4.0222
"Dec 23, 03:00 pm",1.74835
"Dec 23, 04:00 pm",0.68412
"Dec 23, 05:00 pm",0
"Dec 23, 06:00 pm",0
"Dec 23, 07:00 pm",0
"Dec 23, 08:00 pm",0
"Dec 23, 09:00 pm",0
"Dec 23, 10:00 pm",0
"Dec 23, 11:00 pm",0
"Dec 24, 12:00 am",0
"Dec 24, 01:00 am",0
"Dec 24, 02:00 am",0
"Dec 24, 03:00 am",0
"Dec 24, 04:00 am",0
"Dec 24, 05:00 am",0
"Dec 24, 06:00 am",0
"Dec 24, 07:00 am",-0
"Dec 24, 08:00 am",0.288188
"Dec 24, 09:00 am",7.95157
"Dec 24, 10:00 am",9.49789
"Dec 24, 11:00 am",9.78103
"Dec 24, 12:00 pm",8.94351
"Dec 24, 01:00 pm",6.91915
"Dec 24, 02:00 pm",4.01763
"Dec 24, 03:00 pm",1.18719
"Dec 24, 04:00 pm",0.532805
"Dec 24, 05:00 pm",0
"Dec 24, 06:00 pm",0
"Dec 24, 07:00 pm",0
"Dec 24, 08:00 pm",0
"Dec 24, 09:00 pm",0
"Dec 24, 10:00 pm",0
"Dec 24, 11:00 pm",0
"Dec 25, 12:00 am",0
"Dec 25, 01:00 am",0
"Dec 25, 02:00 am",0
"Dec 25, 03:00 am",0
"Dec 25, 04:00 am",0
"Dec 25, 05:00 am",0
"Dec 25, 06:00 am",0
"Dec 25, 07:00 am",0
"Dec 25, 08:00 am",0.356706
"Dec 25, 09:00 am",4.49293
"Dec 25, 10:00 am",6.77662
"Dec 25, 11:00 am",5.96505
"Dec 25, 12:00 pm",4.30579
"Dec 25, 01:00 pm",5.86065
"Dec 25, 02:00 pm",3.31618
"Dec 25, 03:00 pm",1.82082
"Dec 25, 04:00 pm",0.703767
"Dec 25, 05:00 pm",0
"Dec 25, 06:00 pm",0
"Dec 25, 07:00 pm",0
"Dec 25, 08:00 pm",0
"Dec 25, 09:00 pm",0
"Dec 25, 10:00 pm",0
"Dec 25, 11:00 pm",0
"Dec 26, 12:00 am",0
"Dec 26, 01:00 am",0
"Dec 26, 02:00 am",0
"Dec 26, 03:00 am",0
"Dec 26, 04:00 am",0
"Dec 26, 05:00 am",0
"Dec 26, 06:00 am",0
"Dec 26, 07:00 am",0
"Dec 26, 08:00 am",0.584694
"Dec 26, 09:00 am",5.07214
"Dec 26, 10:00 am",7.05358
"Dec 26, 11:00 am",6.84783
"Dec 26, 12:00 pm",6.69916
"Dec 26, 01:00 pm",5.70668
"Dec 26, 02:00 pm",4.20714
"Dec 26, 03:00 pm",1.19863
"Dec 26, 04:00 pm",0.430365
"Dec 26, 05:00 pm",0
"Dec 26, 06:00 pm",0
"Dec 26, 07:00 pm",0
"Dec 26, 08:00 pm",0
"Dec 26, 09:00 pm",0
"Dec 26, 10:00 pm",0
"Dec 26, 11:00 pm",0
"Dec 27, 12:00 am",0
"Dec 27, 01:00 am",0
"Dec 27, 02:00 am",0
"Dec 27, 03:00 am",0
"Dec 27, 04:00 am",0
"Dec 27, 05:00 am",0
"Dec 27, 06:00 am",0
"Dec 27, 07:00 am",0
"Dec 27, 08:00 am",0.949665
"Dec 27, 09:00 am",4.06669
"Dec 27, 10:00 am",3.84258
"Dec 27, 11:00 am",7.53601
"Dec 27, 12:00 pm",9.09372
"Dec 27, 01:00 pm",5.38665
"Dec 27, 02:00 pm",4.27636
"Dec 27, 03:00 pm",1.21687
"Dec 27, 04:00 pm",0.403838
"Dec 27, 05:00 pm",0
"Dec 27, 06:00 pm",0
"Dec 27, 07:00 pm",0
"Dec 27, 08:00 pm",0
"Dec 27, 09:00 pm",0
"Dec 27, 10:00 pm",0
"Dec 27, 11:00 pm",0
"Dec 28, 12:00 am",0
"Dec 28, 01:00 am",0
"Dec 28, 02:00 am",0
"Dec 28, 03:00 am",0
"Dec 28, 04:00 am",0
"Dec 28, 05:00 am",0
"Dec 28, 06:00 am",0
"Dec 28, 07:00 am",0
"Dec 28, 08:00 am",5.46157
"Dec 28, 09:00 am",8.70041
"Dec 28, 10:00 am",10.0277
"Dec 28, 11:00 am",10.1578
"Dec 28, 12:00 pm",9.29817
"Dec 28, 01:00 pm",7.29339
"Dec 28, 02:00 pm",4.31537
"Dec 28, 03:00 pm",1.22229
"Dec 28, 04:00 pm",0.448204
"Dec 28, 05:00 pm",0
"Dec 28, 06:00 pm",0
"Dec 28, 07:00 pm",0
"Dec 28, 08:00 pm",0
"Dec 28, 09:00 pm",0
"Dec 28, 10:00 pm",0
"Dec 28, 11:00 pm",0
"Dec 29, 12:00 am",0
"Dec 29, 01:00 am",0
"Dec 29, 02:00 am",0
"Dec 29, 03:00 am",0
"Dec 29, 04:00 am",0
"Dec 29, 05:00 am",0
"Dec 29, 06:00 am",0
"Dec 29, 07:00 am",0
"Dec 29, 08:00 am",5.32655
"Dec 29, 09:00 am",8.55285
"Dec 29, 10:00 am",9.95607
"Dec 29, 11:00 am",9.92857
"Dec 29, 12:00 pm",9.00923
"Dec 29, 01:00 pm",5.245
"Dec 29, 02:00 pm",3.71065
"Dec 29, 03:00 pm",1.77364
"Dec 29, 04:00 pm",0.695963
"Dec 29, 05:00 pm",0
"Dec 29, 06:00 pm",0
"Dec 29, 07:00 pm",0
"Dec 29, 08:00 pm",0
"Dec 29, 09:00 pm",0
"Dec 29, 10:00 pm",0
"Dec 29, 11:00 pm",0
"Dec 30, 12:00 am",0
"Dec 30, 01:00 am",0
"Dec 30, 02:00 am",0
"Dec 30, 03:00 am",0
"Dec 30, 04:00 am",0
"Dec 30, 05:00 am",0
"Dec 30, 06:00 am",0
"Dec 30, 07:00 am",0
"Dec 30, 08:00 am",0.0753216
"Dec 30, 09:00 am",1.7524
"Dec 30, 10:00 am",1.2424
"Dec 30, 11:00 am",3.32714
"Dec 30, 12:00 pm",5.19772
"Dec 30, 01:00 pm",3.24872
"Dec 30, 02:00 pm",2.76134
"Dec 30, 03:00 pm",1.69516
"Dec 30, 04:00 pm",0.208804
"Dec 30, 05:00 pm",-0
"Dec 30, 06:00 pm",0
"Dec 30, 07:00 pm",0
"Dec 30, 08:00 pm",0
"Dec 30, 09:00 pm",0
"Dec 30, 10:00 pm",0
"Dec 30, 11:00 pm",0
"Dec 31, 12:00 am",0
"Dec 31, 01:00 am",0
"Dec 31, 02:00 am",0
"Dec 31, 03:00 am",0
"Dec 31, 04:00 am",0
"Dec 31, 05:00 am",0
"Dec 31, 06:00 am",0
"Dec 31, 07:00 am",0
"Dec 31, 08:00 am",4.58191
"Dec 31, 09:00 am",8.03526
"Dec 31, 10:00 am",9.74384
"Dec 31, 11:00 am",10.0365
"Dec 31, 12:00 pm",9.27068
"Dec 31, 01:00 pm",7.3848
"Dec 31, 02:00 pm",4.04122
"Dec 31, 03:00 pm",1.36527
"Dec 31, 04:00 pm",0.483373
"Dec 31, 05:00 pm",-0
"Dec 31, 06:00 pm",0
"Dec 31, 07:00 pm",0
"Dec 31, 08:00 pm",0
"Dec 31, 09:00 pm",0
"Dec 31, 10:00 pm",0
"Dec 31, 11:00 pm",0
