"Time stamp","System power generated | (kW)"
"Jan 1, 12:00 am",0
"Jan 1, 01:00 am",0
"Jan 1, 02:00 am",0
"Jan 1, 03:00 am",0
"Jan 1, 04:00 am",0
"Jan 1, 05:00 am",0
"Jan 1, 06:00 am",0
"Jan 1, 07:00 am",0
"Jan 1, 08:00 am",0.397595
"Jan 1, 09:00 am",1.10846
"Jan 1, 10:00 am",4.27197
"Jan 1, 11:00 am",7.11842
"Jan 1, 12:00 pm",9.00004
"Jan 1, 01:00 pm",9.73472
"Jan 1, 02:00 pm",9.53985
"Jan 1, 03:00 pm",8.15054
"Jan 1, 04:00 pm",5.17365
"Jan 1, 05:00 pm",-0
"Jan 1, 06:00 pm",0
"Jan 1, 07:00 pm",0
"Jan 1, 08:00 pm",0
"Jan 1, 09:00 pm",0
"Jan 1, 10:00 pm",0
"Jan 1, 11:00 pm",0
"Jan 2, 12:00 am",0
"Jan 2, 01:00 am",0
"Jan 2, 02:00 am",0
"Jan 2, 03:00 am",0
"Jan 2, 04:00 am",0
"Jan 2, 05:00 am",0
"Jan 2, 06:00 am",0
"Jan 2, 07:00 am",0
"Jan 2, 08:00 am",0.427402
"Jan 2, 09:00 am",1.14062
"Jan 2, 10:00 am",4.28108
"Jan 2, 11:00 am",7.13368
"Jan 2, 12:00 pm",9.02431
"Jan 2, 01:00 pm",9.74419
"Jan 2, 02:00 pm",9.4829
"Jan 2, 03:00 pm",8.04694
"Jan 2, 04:00 pm",5.15508
"Jan 2, 05:00 pm",-0
"Jan 2, 06:00 pm",0
"Jan 2, 07:00 pm",0
"Jan 2, 08:00 pm",0
"Jan 2, 09:00 pm",0
"Jan 2, 10:00 pm",0
"Jan 2, 11:00 pm",0
"Jan 3, 12:00 am",0
"Jan 3, 01:00 am",0
"Jan 3, 02:00 am",0
"Jan 3, 03:00 am",0
"Jan 3, 04:00 am",0
"Jan 3, 05:00 am",0
"Jan 3, 06:00 am",0
"Jan 3, 07:00 am",0
"Jan 3, 08:00 am",0.40911
"Jan 3, 09:00 am",1.10337
"Jan 3, 10:00 am",4.0891
"Jan 3, 11:00 am",6.95188
"Jan 3, 12:00 pm",7.18691
"Jan 3, 01:00 pm",2.04021
"Jan 3, 02:00 pm",3.91925
"Jan 3, 03:00 pm",8.10287
"Jan 3, 04:00 pm",5.22957
"Jan 3, 05:00 pm",-0
"Jan 3, 06:00 pm",0
"Jan 3, 07:00 pm",0
"Jan 3, 08:00 pm",0
"Jan 3, 09:00 pm",0
"Jan 3, 10:00 pm",0
"Jan 3, 11:00 pm",0
"Jan 4, 12:00 am",0
"Jan 4, 01:00 am",0
"Jan 4, 02:00 am",0
"Jan 4, 03:00 am",0
"Jan 4, 04:00 am",0
"Jan 4, 05:00 am",0
"Jan 4, 06:00 am",0
"Jan 4, 07:00 am",0
"Jan 4, 08:00 am",0.35353
"Jan 4, 09:00 am",1.10925
"Jan 4, 10:00 am",4.22631
"Jan 4, 11:00 am",7.10113
"Jan 4, 12:00 pm",8.97378
"Jan 4, 01:00 pm",9.73805
"Jan 4, 02:00 pm",9.46208
"Jan 4, 03:00 pm",8.16638
"Jan 4, 04:00 pm",5.31348
"Jan 4, 05:00 pm",-0
"Jan 4, 06:00 pm",0
"Jan 4, 07:00 pm",0
"Jan 4, 08:00 pm",0
"Jan 4, 09:00 pm",0
"Jan 4, 10:00 pm",0
"Jan 4, 11:00 pm",0
"Jan 5, 12:00 am",0
"Jan 5, 01:00 am",0
"Jan 5, 02:00 am",0
"Jan 5, 03:00 am",0
"Jan 5, 04:00 am",0
"Jan 5, 05:00 am",0
"Jan 5, 06:00 am",0
"Jan 5, 07:00 am",0
"Jan 5, 08:00 am",0.411734
"Jan 5, 09:00 am",1.12741
"Jan 5, 10:00 am",4.23226
"Jan 5, 11:00 am",7.07839
"Jan 5, 12:00 pm",8.98828
"Jan 5, 01:00 pm",9.78037
"Jan 5, 02:00 pm",9.54284
"Jan 5, 03:00 pm",8.27733
"Jan 5, 04:00 pm",5.40543
"Jan 5, 05:00 pm",-0
"Jan 5, 06:00 pm",0
"Jan 5, 07:00 pm",0
"Jan 5, 08:00 pm",0
"Jan 5, 09:00 pm",0
"Jan 5, 10:00 pm",0
"Jan 5, 11:00 pm",0
"Jan 6, 12:00 am",0
"Jan 6, 01:00 am",0
"Jan 6, 02:00 am",0
"Jan 6, 03:00 am",0
"Jan 6, 04:00 am",0
"Jan 6, 05:00 am",0
"Jan 6, 06:00 am",0
"Jan 6, 07:00 am",0
"Jan 6, 08:00 am",0.412015
"Jan 6, 09:00 am",1.17564
"Jan 6, 10:00 am",4.15852
"Jan 6, 11:00 am",6.98875
"Jan 6, 12:00 pm",8.83187
"Jan 6, 01:00 pm",9.55742
"Jan 6, 02:00 pm",9.41705
"Jan 6, 03:00 pm",8.14043
"Jan 6, 04:00 pm",5.34406
"Jan 6, 05:00 pm",-0
"Jan 6, 06:00 pm",0
"Jan 6, 07:00 pm",0
"Jan 6, 08:00 pm",0
"Jan 6, 09:00 pm",0
"Jan 6, 10:00 pm",0
"Jan 6, 11:00 pm",0
"Jan 7, 12:00 am",0
"Jan 7, 01:00 am",0
"Jan 7, 02:00 am",0
"Jan 7, 03:00 am",0
"Jan 7, 04:00 am",0
"Jan 7, 05:00 am",0
"Jan 7, 06:00 am",0
"Jan 7, 07:00 am",0
"Jan 7, 08:00 am",0.42647
"Jan 7, 09:00 am",1.21118
"Jan 7, 10:00 am",4.18495
"Jan 7, 11:00 am",7.08761
"Jan 7, 12:00 pm",8.9589
"Jan 7, 01:00 pm",9.73125
"Jan 7, 02:00 pm",9.50236
"Jan 7, 03:00 pm",8.10716
"Jan 7, 04:00 pm",5.16852
"Jan 7, 05:00 pm",-0
"Jan 7, 06:00 pm",0
"Jan 7, 07:00 pm",0
"Jan 7, 08:00 pm",0
"Jan 7, 09:00 pm",0
"Jan 7, 10:00 pm",0
"Jan 7, 11:00 pm",0
"Jan 8, 12:00 am",0
"Jan 8, 01:00 am",0
"Jan 8, 02:00 am",0
"Jan 8, 03:00 am",0
"Jan 8, 04:00 am",0
"Jan 8, 05:00 am",0
"Jan 8, 06:00 am",0
"Jan 8, 07:00 am",0
"Jan 8, 08:00 am",0.509307
"Jan 8, 09:00 am",1.2389
"Jan 8, 10:00 am",4.33598
"Jan 8, 11:00 am",7.39463
"Jan 8, 12:00 pm",9.54728
"Jan 8, 01:00 pm",10.4818
"Jan 8, 02:00 pm",10.2402
"Jan 8, 03:00 pm",8.78943
"Jan 8, 04:00 pm",5.75251
"Jan 8, 05:00 pm",-0
"Jan 8, 06:00 pm",0
"Jan 8, 07:00 pm",0
"Jan 8, 08:00 pm",0
"Jan 8, 09:00 pm",0
"Jan 8, 10:00 pm",0
"Jan 8, 11:00 pm",0
"Jan 9, 12:00 am",0
"Jan 9, 01:00 am",0
"Jan 9, 02:00 am",0
"Jan 9, 03:00 am",0
"Jan 9, 04:00 am",0
"Jan 9, 05:00 am",0
"Jan 9, 06:00 am",0
"Jan 9, 07:00 am",0
"Jan 9, 08:00 am",0.741602
"Jan 9, 09:00 am",1.21086
"Jan 9, 10:00 am",4.23988
"Jan 9, 11:00 am",7.11805
"Jan 9, 12:00 pm",9.09424
"Jan 9, 01:00 pm",7.07409
"Jan 9, 02:00 pm",9.67079
"Jan 9, 03:00 pm",8.32784
"Jan 9, 04:00 pm",4.52757
"Jan 9, 05:00 pm",-0
"Jan 9, 06:00 pm",0
"Jan 9, 07:00 pm",0
"Jan 9, 08:00 pm",0
"Jan 9, 09:00 pm",0
"Jan 9, 10:00 pm",0
"Jan 9, 11:00 pm",0
"Jan 10, 12:00 am",0
"Jan 10, 01:00 am",0
"Jan 10, 02:00 am",0
"Jan 10, 03:00 am",0
"Jan 10, 04:00 am",0
"Jan 10, 05:00 am",0
"Jan 10, 06:00 am",0
"Jan 10, 07:00 am",0
"Jan 10, 08:00 am",0.417504
"Jan 10, 09:00 am",1.17443
"Jan 10, 10:00 am",4.20331
"Jan 10, 11:00 am",6.97776
"Jan 10, 12:00 pm",8.81106
"Jan 10, 01:00 pm",7.50815
"Jan 10, 02:00 pm",9.62843
"Jan 10, 03:00 pm",5.17747
"Jan 10, 04:00 pm",5.61167
"Jan 10, 05:00 pm",-0
"Jan 10, 06:00 pm",0
"Jan 10, 07:00 pm",0
"Jan 10, 08:00 pm",0
"Jan 10, 09:00 pm",0
"Jan 10, 10:00 pm",0
"Jan 10, 11:00 pm",0
"Jan 11, 12:00 am",0
"Jan 11, 01:00 am",0
"Jan 11, 02:00 am",0
"Jan 11, 03:00 am",0
"Jan 11, 04:00 am",0
"Jan 11, 05:00 am",0
"Jan 11, 06:00 am",0
"Jan 11, 07:00 am",0
"Jan 11, 08:00 am",0.746497
"Jan 11, 09:00 am",1.60441
"Jan 11, 10:00 am",3.46149
"Jan 11, 11:00 am",5.24624
"Jan 11, 12:00 pm",7.49808
"Jan 11, 01:00 pm",6.84347
"Jan 11, 02:00 pm",7.09153
"Jan 11, 03:00 pm",6.54055
"Jan 11, 04:00 pm",2.29779
"Jan 11, 05:00 pm",-0
"Jan 11, 06:00 pm",0
"Jan 11, 07:00 pm",0
"Jan 11, 08:00 pm",0
"Jan 11, 09:00 pm",0
"Jan 11, 10:00 pm",0
"Jan 11, 11:00 pm",0
"Jan 12, 12:00 am",0
"Jan 12, 01:00 am",0
"Jan 12, 02:00 am",0
"Jan 12, 03:00 am",0
"Jan 12, 04:00 am",0
"Jan 12, 05:00 am",0
"Jan 12, 06:00 am",0
"Jan 12, 07:00 am",0
"Jan 12, 08:00 am",-0
"Jan 12, 09:00 am",1.40207
"Jan 12, 10:00 am",3.72003
"Jan 12, 11:00 am",6.07272
"Jan 12, 12:00 pm",3.26038
"Jan 12, 01:00 pm",4.71444
"Jan 12, 02:00 pm",3.83191
"Jan 12, 03:00 pm",4.74667
"Jan 12, 04:00 pm",5.8227
"Jan 12, 05:00 pm",0.326914
"Jan 12, 06:00 pm",0
"Jan 12, 07:00 pm",0
"Jan 12, 08:00 pm",0
"Jan 12, 09:00 pm",0
"Jan 12, 10:00 pm",0
"Jan 12, 11:00 pm",0
"Jan 13, 12:00 am",0
"Jan 13, 01:00 am",0
"Jan 13, 02:00 am",0
"Jan 13, 03:00 am",0
"Jan 13, 04:00 am",0
"Jan 13, 05:00 am",0
"Jan 13, 06:00 am",0
"Jan 13, 07:00 am",0
"Jan 13, 08:00 am",0.37334
"Jan 13, 09:00 am",1.13637
"Jan 13, 10:00 am",4.49195
"Jan 13, 11:00 am",7.56757
"Jan 13, 12:00 pm",9.56314
"Jan 13, 01:00 pm",10.4121
"Jan 13, 02:00 pm",10.2733
"Jan 13, 03:00 pm",9.00772
"Jan 13, 04:00 pm",6.28521
"Jan 13, 05:00 pm",0.711164
"Jan 13, 06:00 pm",0
"Jan 13, 07:00 pm",0
"Jan 13, 08:00 pm",0
"Jan 13, 09:00 pm",0
"Jan 13, 10:00 pm",0
"Jan 13, 11:00 pm",0
"Jan 14, 12:00 am",0
"Jan 14, 01:00 am",0
"Jan 14, 02:00 am",0
"Jan 14, 03:00 am",0
"Jan 14, 04:00 am",0
"Jan 14, 05:00 am",0
"Jan 14, 06:00 am",0
"Jan 14, 07:00 am",0
"Jan 14, 08:00 am",0.749264
"Jan 14, 09:00 am",1.8211
"Jan 14, 10:00 am",4.41907
"Jan 14, 11:00 am",5.95331
"Jan 14, 12:00 pm",7.77755
"Jan 14, 01:00 pm",9.07505
"Jan 14, 02:00 pm",6.76488
"Jan 14, 03:00 pm",1.73562
"Jan 14, 04:00 pm",0.27528
"Jan 14, 05:00 pm",-0
"Jan 14, 06:00 pm",0
"Jan 14, 07:00 pm",0
"Jan 14, 08:00 pm",0
"Jan 14, 09:00 pm",0
"Jan 14, 10:00 pm",0
"Jan 14, 11:00 pm",0
"Jan 15, 12:00 am",0
"Jan 15, 01:00 am",0
"Jan 15, 02:00 am",0
"Jan 15, 03:00 am",0
"Jan 15, 04:00 am",0
"Jan 15, 05:00 am",0
"Jan 15, 06:00 am",0
"Jan 15, 07:00 am",0
"Jan 15, 08:00 am",0.0135515
"Jan 15, 09:00 am",1.58905
"Jan 15, 10:00 am",1.36654
"Jan 15, 11:00 am",3.05016
"Jan 15, 12:00 pm",1.07921
"Jan 15, 01:00 pm",4.04031
"Jan 15, 02:00 pm",2.69581
"Jan 15, 03:00 pm",1.99254
"Jan 15, 04:00 pm",0.374577
"Jan 15, 05:00 pm",-0
"Jan 15, 06:00 pm",0
"Jan 15, 07:00 pm",0
"Jan 15, 08:00 pm",0
"Jan 15, 09:00 pm",0
"Jan 15, 10:00 pm",0
"Jan 15, 11:00 pm",0
"Jan 16, 12:00 am",0
"Jan 16, 01:00 am",0
"Jan 16, 02:00 am",0
"Jan 16, 03:00 am",0
"Jan 16, 04:00 am",0
"Jan 16, 05:00 am",0
"Jan 16, 06:00 am",0
"Jan 16, 07:00 am",0
"Jan 16, 08:00 am",0.783644
"Jan 16, 09:00 am",1.25383
"Jan 16, 10:00 am",4.27288
"Jan 16, 11:00 am",5.67266
"Jan 16, 12:00 pm",7.51399
"Jan 16, 01:00 pm",7.40123
"Jan 16, 02:00 pm",6.38062
"Jan 16, 03:00 pm",8.31852
"Jan 16, 04:00 pm",5.43672
"Jan 16, 05:00 pm",0.351167
"Jan 16, 06:00 pm",0
"Jan 16, 07:00 pm",0
"Jan 16, 08:00 pm",0
"Jan 16, 09:00 pm",0
"Jan 16, 10:00 pm",0
"Jan 16, 11:00 pm",0
"Jan 17, 12:00 am",0
"Jan 17, 01:00 am",0
"Jan 17, 02:00 am",0
"Jan 17, 03:00 am",0
"Jan 17, 04:00 am",0
"Jan 17, 05:00 am",0
"Jan 17, 06:00 am",0
"Jan 17, 07:00 am",0
"Jan 17, 08:00 am",0.423502
"Jan 17, 09:00 am",1.21985
"Jan 17, 10:00 am",4.35791
"Jan 17, 11:00 am",7.3005
"Jan 17, 12:00 pm",9.23439
"Jan 17, 01:00 pm",10.0449
"Jan 17, 02:00 pm",9.75274
"Jan 17, 03:00 pm",8.54773
"Jan 17, 04:00 pm",5.78486
"Jan 17, 05:00 pm",0.482154
"Jan 17, 06:00 pm",0
"Jan 17, 07:00 pm",0
"Jan 17, 08:00 pm",0
"Jan 17, 09:00 pm",0
"Jan 17, 10:00 pm",0
"Jan 17, 11:00 pm",0
"Jan 18, 12:00 am",0
"Jan 18, 01:00 am",0
"Jan 18, 02:00 am",0
"Jan 18, 03:00 am",0
"Jan 18, 04:00 am",0
"Jan 18, 05:00 am",0
"Jan 18, 06:00 am",0
"Jan 18, 07:00 am",0
"Jan 18, 08:00 am",0.439203
"Jan 18, 09:00 am",1.2406
"Jan 18, 10:00 am",4.39348
"Jan 18, 11:00 am",7.26087
"Jan 18, 12:00 pm",9.13874
"Jan 18, 01:00 pm",9.9324
"Jan 18, 02:00 pm",9.85735
"Jan 18, 03:00 pm",8.60497
"Jan 18, 04:00 pm",5.95919
"Jan 18, 05:00 pm",0.622642
"Jan 18, 06:00 pm",0
"Jan 18, 07:00 pm",0
"Jan 18, 08:00 pm",0
"Jan 18, 09:00 pm",0
"Jan 18, 10:00 pm",0
"Jan 18, 11:00 pm",0
"Jan 19, 12:00 am",0
"Jan 19, 01:00 am",0
"Jan 19, 02:00 am",0
"Jan 19, 03:00 am",0
"Jan 19, 04:00 am",0
"Jan 19, 05:00 am",0
"Jan 19, 06:00 am",0
"Jan 19, 07:00 am",0
"Jan 19, 08:00 am",0.48009
"Jan 19, 09:00 am",1.31978
"Jan 19, 10:00 am",4.43232
"Jan 19, 11:00 am",7.30557
"Jan 19, 12:00 pm",9.10527
"Jan 19, 01:00 pm",9.8021
"Jan 19, 02:00 pm",9.78764
"Jan 19, 03:00 pm",8.74405
"Jan 19, 04:00 pm",6.30417
"Jan 19, 05:00 pm",1.02069
"Jan 19, 06:00 pm",0
"Jan 19, 07:00 pm",0
"Jan 19, 08:00 pm",0
"Jan 19, 09:00 pm",0
"Jan 19, 10:00 pm",0
"Jan 19, 11:00 pm",0
"Jan 20, 12:00 am",0
"Jan 20, 01:00 am",0
"Jan 20, 02:00 am",0
"Jan 20, 03:00 am",0
"Jan 20, 04:00 am",0
"Jan 20, 05:00 am",0
"Jan 20, 06:00 am",0
"Jan 20, 07:00 am",0
"Jan 20, 08:00 am",0.463987
"Jan 20, 09:00 am",1.31384
"Jan 20, 10:00 am",4.45853
"Jan 20, 11:00 am",7.28667
"Jan 20, 12:00 pm",9.18011
"Jan 20, 01:00 pm",10.016
"Jan 20, 02:00 pm",10.0471
"Jan 20, 03:00 pm",8.8053
"Jan 20, 04:00 pm",6.21843
"Jan 20, 05:00 pm",1.0735
"Jan 20, 06:00 pm",0
"Jan 20, 07:00 pm",0
"Jan 20, 08:00 pm",0
"Jan 20, 09:00 pm",0
"Jan 20, 10:00 pm",0
"Jan 20, 11:00 pm",0
"Jan 21, 12:00 am",0
"Jan 21, 01:00 am",0
"Jan 21, 02:00 am",0
"Jan 21, 03:00 am",0
"Jan 21, 04:00 am",0
"Jan 21, 05:00 am",0
"Jan 21, 06:00 am",0
"Jan 21, 07:00 am",0
"Jan 21, 08:00 am",0.818154
"Jan 21, 09:00 am",1.99455
"Jan 21, 10:00 am",3.6783
"Jan 21, 11:00 am",3.24228
"Jan 21, 12:00 pm",3.38045
"Jan 21, 01:00 pm",2.79315
"Jan 21, 02:00 pm",7.63277
"Jan 21, 03:00 pm",8.60632
"Jan 21, 04:00 pm",5.51488
"Jan 21, 05:00 pm",0.122659
"Jan 21, 06:00 pm",0
"Jan 21, 07:00 pm",0
"Jan 21, 08:00 pm",0
"Jan 21, 09:00 pm",0
"Jan 21, 10:00 pm",0
"Jan 21, 11:00 pm",0
"Jan 22, 12:00 am",0
"Jan 22, 01:00 am",0
"Jan 22, 02:00 am",0
"Jan 22, 03:00 am",0
"Jan 22, 04:00 am",0
"Jan 22, 05:00 am",0
"Jan 22, 06:00 am",0
"Jan 22, 07:00 am",-0
"Jan 22, 08:00 am",0.47613
"Jan 22, 09:00 am",1.92174
"Jan 22, 10:00 am",4.05836
"Jan 22, 11:00 am",5.35352
"Jan 22, 12:00 pm",7.54235
"Jan 22, 01:00 pm",6.53913
"Jan 22, 02:00 pm",5.78895
"Jan 22, 03:00 pm",2.39743
"Jan 22, 04:00 pm",2.82285
"Jan 22, 05:00 pm",0.0563277
"Jan 22, 06:00 pm",0
"Jan 22, 07:00 pm",0
"Jan 22, 08:00 pm",0
"Jan 22, 09:00 pm",0
"Jan 22, 10:00 pm",0
"Jan 22, 11:00 pm",0
"Jan 23, 12:00 am",0
"Jan 23, 01:00 am",0
"Jan 23, 02:00 am",0
"Jan 23, 03:00 am",0
"Jan 23, 04:00 am",0
"Jan 23, 05:00 am",0
"Jan 23, 06:00 am",0
"Jan 23, 07:00 am",-0
"Jan 23, 08:00 am",0.775314
"Jan 23, 09:00 am",1.3842
"Jan 23, 10:00 am",4.11762
"Jan 23, 11:00 am",4.5587
"Jan 23, 12:00 pm",5.37308
"Jan 23, 01:00 pm",5.97489
"Jan 23, 02:00 pm",7.11977
"Jan 23, 03:00 pm",2.00283
"Jan 23, 04:00 pm",1.11518
"Jan 23, 05:00 pm",0.058349
"Jan 23, 06:00 pm",0
"Jan 23, 07:00 pm",0
"Jan 23, 08:00 pm",0
"Jan 23, 09:00 pm",0
"Jan 23, 10:00 pm",0
"Jan 23, 11:00 pm",0
"Jan 24, 12:00 am",0
"Jan 24, 01:00 am",0
"Jan 24, 02:00 am",0
"Jan 24, 03:00 am",0
"Jan 24, 04:00 am",0
"Jan 24, 05:00 am",0
"Jan 24, 06:00 am",0
"Jan 24, 07:00 am",-0
"Jan 24, 08:00 am",0.434605
"Jan 24, 09:00 am",1.33533
"Jan 24, 10:00 am",4.66898
"Jan 24, 11:00 am",7.86479
"Jan 24, 12:00 pm",9.98213
"Jan 24, 01:00 pm",10.9736
"Jan 24, 02:00 pm",10.8609
"Jan 24, 03:00 pm",9.58893
"Jan 24, 04:00 pm",6.84665
"Jan 24, 05:00 pm",1.38992
"Jan 24, 06:00 pm",0
"Jan 24, 07:00 pm",0
"Jan 24, 08:00 pm",0
"Jan 24, 09:00 pm",0
"Jan 24, 10:00 pm",0
"Jan 24, 11:00 pm",0
"Jan 25, 12:00 am",0
"Jan 25, 01:00 am",0
"Jan 25, 02:00 am",0
"Jan 25, 03:00 am",0
"Jan 25, 04:00 am",0
"Jan 25, 05:00 am",0
"Jan 25, 06:00 am",0
"Jan 25, 07:00 am",-0
"Jan 25, 08:00 am",0.404075
"Jan 25, 09:00 am",1.34837
"Jan 25, 10:00 am",4.81615
"Jan 25, 11:00 am",8.01484
"Jan 25, 12:00 pm",10.1547
"Jan 25, 01:00 pm",11.1366
"Jan 25, 02:00 pm",11.0298
"Jan 25, 03:00 pm",9.784
"Jan 25, 04:00 pm",7.08361
"Jan 25, 05:00 pm",1.63598
"Jan 25, 06:00 pm",0
"Jan 25, 07:00 pm",0
"Jan 25, 08:00 pm",0
"Jan 25, 09:00 pm",0
"Jan 25, 10:00 pm",0
"Jan 25, 11:00 pm",0
"Jan 26, 12:00 am",0
"Jan 26, 01:00 am",0
"Jan 26, 02:00 am",0
"Jan 26, 03:00 am",0
"Jan 26, 04:00 am",0
"Jan 26, 05:00 am",0
"Jan 26, 06:00 am",0
"Jan 26, 07:00 am",-0
"Jan 26, 08:00 am",0.466573
"Jan 26, 09:00 am",1.33717
"Jan 26, 10:00 am",4.69407
"Jan 26, 11:00 am",7.60046
"Jan 26, 12:00 pm",9.48173
"Jan 26, 01:00 pm",10.3492
"Jan 26, 02:00 pm",10.3292
"Jan 26, 03:00 pm",9.24991
"Jan 26, 04:00 pm",6.82045
"Jan 26, 05:00 pm",1.489
"Jan 26, 06:00 pm",0
"Jan 26, 07:00 pm",0
"Jan 26, 08:00 pm",0
"Jan 26, 09:00 pm",0
"Jan 26, 10:00 pm",0
"Jan 26, 11:00 pm",0
"Jan 27, 12:00 am",0
"Jan 27, 01:00 am",0
"Jan 27, 02:00 am",0
"Jan 27, 03:00 am",0
"Jan 27, 04:00 am",0
"Jan 27, 05:00 am",0
"Jan 27, 06:00 am",0
"Jan 27, 07:00 am",-0
"Jan 27, 08:00 am",0.884452
"Jan 27, 09:00 am",1.85252
"Jan 27, 10:00 am",3.96756
"Jan 27, 11:00 am",5.53511
"Jan 27, 12:00 pm",5.07057
"Jan 27, 01:00 pm",6.58357
"Jan 27, 02:00 pm",7.33234
"Jan 27, 03:00 pm",5.09695
"Jan 27, 04:00 pm",1.48016
"Jan 27, 05:00 pm",0.0653185
"Jan 27, 06:00 pm",0
"Jan 27, 07:00 pm",0
"Jan 27, 08:00 pm",0
"Jan 27, 09:00 pm",0
"Jan 27, 10:00 pm",0
"Jan 27, 11:00 pm",0
"Jan 28, 12:00 am",0
"Jan 28, 01:00 am",0
"Jan 28, 02:00 am",0
"Jan 28, 03:00 am",0
"Jan 28, 04:00 am",0
"Jan 28, 05:00 am",0
"Jan 28, 06:00 am",0
"Jan 28, 07:00 am",-0
"Jan 28, 08:00 am",0.472912
"Jan 28, 09:00 am",1.4177
"Jan 28, 10:00 am",4.92734
"Jan 28, 11:00 am",8.07019
"Jan 28, 12:00 pm",10.1547
"Jan 28, 01:00 pm",11.1412
"Jan 28, 02:00 pm",11.0611
"Jan 28, 03:00 pm",9.84796
"Jan 28, 04:00 pm",7.30517
"Jan 28, 05:00 pm",2.01808
"Jan 28, 06:00 pm",0
"Jan 28, 07:00 pm",0
"Jan 28, 08:00 pm",0
"Jan 28, 09:00 pm",0
"Jan 28, 10:00 pm",0
"Jan 28, 11:00 pm",0
"Jan 29, 12:00 am",0
"Jan 29, 01:00 am",0
"Jan 29, 02:00 am",0
"Jan 29, 03:00 am",0
"Jan 29, 04:00 am",0
"Jan 29, 05:00 am",0
"Jan 29, 06:00 am",0
"Jan 29, 07:00 am",-0
"Jan 29, 08:00 am",0.521066
"Jan 29, 09:00 am",1.48226
"Jan 29, 10:00 am",4.95601
"Jan 29, 11:00 am",8.0288
"Jan 29, 12:00 pm",10.0418
"Jan 29, 01:00 pm",10.9726
"Jan 29, 02:00 pm",10.8522
"Jan 29, 03:00 pm",9.63903
"Jan 29, 04:00 pm",7.21072
"Jan 29, 05:00 pm",2.0431
"Jan 29, 06:00 pm",0
"Jan 29, 07:00 pm",0
"Jan 29, 08:00 pm",0
"Jan 29, 09:00 pm",0
"Jan 29, 10:00 pm",0
"Jan 29, 11:00 pm",0
"Jan 30, 12:00 am",0
"Jan 30, 01:00 am",0
"Jan 30, 02:00 am",0
"Jan 30, 03:00 am",0
"Jan 30, 04:00 am",0
"Jan 30, 05:00 am",0
"Jan 30, 06:00 am",0
"Jan 30, 07:00 am",-0
"Jan 30, 08:00 am",0.497169
"Jan 30, 09:00 am",1.49009
"Jan 30, 10:00 am",4.89549
"Jan 30, 11:00 am",7.85567
"Jan 30, 12:00 pm",9.68895
"Jan 30, 01:00 pm",10.4417
"Jan 30, 02:00 pm",10.5252
"Jan 30, 03:00 pm",9.66609
"Jan 30, 04:00 pm",7.24219
"Jan 30, 05:00 pm",2.21338
"Jan 30, 06:00 pm",0
"Jan 30, 07:00 pm",0
"Jan 30, 08:00 pm",0
"Jan 30, 09:00 pm",0
"Jan 30, 10:00 pm",0
"Jan 30, 11:00 pm",0
"Jan 31, 12:00 am",0
"Jan 31, 01:00 am",0
"Jan 31, 02:00 am",0
"Jan 31, 03:00 am",0
"Jan 31, 04:00 am",0
"Jan 31, 05:00 am",0
"Jan 31, 06:00 am",0
"Jan 31, 07:00 am",-0
"Jan 31, 08:00 am",0.896174
"Jan 31, 09:00 am",1.60341
"Jan 31, 10:00 am",3.57293
"Jan 31, 11:00 am",7.87875
"Jan 31, 12:00 pm",9.7557
"Jan 31, 01:00 pm",10.6866
"Jan 31, 02:00 pm",10.696
"Jan 31, 03:00 pm",9.57743
"Jan 31, 04:00 pm",7.1181
"Jan 31, 05:00 pm",1.3062
"Jan 31, 06:00 pm",0
"Jan 31, 07:00 pm",0
"Jan 31, 08:00 pm",0
"Jan 31, 09:00 pm",0
"Jan 31, 10:00 pm",0
"Jan 31, 11:00 pm",0
"Feb 1, 12:00 am",0
"Feb 1, 01:00 am",0
"Feb 1, 02:00 am",0
"Feb 1, 03:00 am",0
"Feb 1, 04:00 am",0
"Feb 1, 05:00 am",0
"Feb 1, 06:00 am",0
"Feb 1, 07:00 am",-0
"Feb 1, 08:00 am",0.445051
"Feb 1, 09:00 am",1.63486
"Feb 1, 10:00 am",5.36201
"Feb 1, 11:00 am",8.67404
"Feb 1, 12:00 pm",10.8016
"Feb 1, 01:00 pm",11.7856
"Feb 1, 02:00 pm",11.7454
"Feb 1, 03:00 pm",10.5091
"Feb 1, 04:00 pm",8.00314
"Feb 1, 05:00 pm",3.0273
"Feb 1, 06:00 pm",0
"Feb 1, 07:00 pm",0
"Feb 1, 08:00 pm",0
"Feb 1, 09:00 pm",0
"Feb 1, 10:00 pm",0
"Feb 1, 11:00 pm",0
"Feb 2, 12:00 am",0
"Feb 2, 01:00 am",0
"Feb 2, 02:00 am",0
"Feb 2, 03:00 am",0
"Feb 2, 04:00 am",0
"Feb 2, 05:00 am",0
"Feb 2, 06:00 am",0
"Feb 2, 07:00 am",-0
"Feb 2, 08:00 am",0.515383
"Feb 2, 09:00 am",1.63318
"Feb 2, 10:00 am",5.22198
"Feb 2, 11:00 am",8.21096
"Feb 2, 12:00 pm",10.2035
"Feb 2, 01:00 pm",11.1586
"Feb 2, 02:00 pm",11.1589
"Feb 2, 03:00 pm",10.0143
"Feb 2, 04:00 pm",7.52099
"Feb 2, 05:00 pm",2.86336
"Feb 2, 06:00 pm",0
"Feb 2, 07:00 pm",0
"Feb 2, 08:00 pm",0
"Feb 2, 09:00 pm",0
"Feb 2, 10:00 pm",0
"Feb 2, 11:00 pm",0
"Feb 3, 12:00 am",0
"Feb 3, 01:00 am",0
"Feb 3, 02:00 am",0
"Feb 3, 03:00 am",0
"Feb 3, 04:00 am",0
"Feb 3, 05:00 am",0
"Feb 3, 06:00 am",0
"Feb 3, 07:00 am",-0
"Feb 3, 08:00 am",0.478873
"Feb 3, 09:00 am",1.59851
"Feb 3, 10:00 am",5.16594
"Feb 3, 11:00 am",6.97963
"Feb 3, 12:00 pm",10.1819
"Feb 3, 01:00 pm",11.1173
"Feb 3, 02:00 pm",11.0508
"Feb 3, 03:00 pm",7.66948
"Feb 3, 04:00 pm",6.17301
"Feb 3, 05:00 pm",3.08774
"Feb 3, 06:00 pm",0
"Feb 3, 07:00 pm",0
"Feb 3, 08:00 pm",0
"Feb 3, 09:00 pm",0
"Feb 3, 10:00 pm",0
"Feb 3, 11:00 pm",0
"Feb 4, 12:00 am",0
"Feb 4, 01:00 am",0
"Feb 4, 02:00 am",0
"Feb 4, 03:00 am",0
"Feb 4, 04:00 am",0
"Feb 4, 05:00 am",0
"Feb 4, 06:00 am",0
"Feb 4, 07:00 am",-0
"Feb 4, 08:00 am",0.424644
"Feb 4, 09:00 am",1.65653
"Feb 4, 10:00 am",5.14299
"Feb 4, 11:00 am",8.15022
"Feb 4, 12:00 pm",10.042
"Feb 4, 01:00 pm",10.9274
"Feb 4, 02:00 pm",10.9156
"Feb 4, 03:00 pm",9.81468
"Feb 4, 04:00 pm",7.60477
"Feb 4, 05:00 pm",3.4015
"Feb 4, 06:00 pm",0
"Feb 4, 07:00 pm",0
"Feb 4, 08:00 pm",0
"Feb 4, 09:00 pm",0
"Feb 4, 10:00 pm",0
"Feb 4, 11:00 pm",0
"Feb 5, 12:00 am",0
"Feb 5, 01:00 am",0
"Feb 5, 02:00 am",0
"Feb 5, 03:00 am",0
"Feb 5, 04:00 am",0
"Feb 5, 05:00 am",0
"Feb 5, 06:00 am",0
"Feb 5, 07:00 am",-0
"Feb 5, 08:00 am",0.43016
"Feb 5, 09:00 am",1.6823
"Feb 5, 10:00 am",5.14706
"Feb 5, 11:00 am",8.08883
"Feb 5, 12:00 pm",9.97569
"Feb 5, 01:00 pm",10.9242
"Feb 5, 02:00 pm",10.913
"Feb 5, 03:00 pm",9.83981
"Feb 5, 04:00 pm",7.74993
"Feb 5, 05:00 pm",3.44098
"Feb 5, 06:00 pm",0
"Feb 5, 07:00 pm",0
"Feb 5, 08:00 pm",0
"Feb 5, 09:00 pm",0
"Feb 5, 10:00 pm",0
"Feb 5, 11:00 pm",0
"Feb 6, 12:00 am",0
"Feb 6, 01:00 am",0
"Feb 6, 02:00 am",0
"Feb 6, 03:00 am",0
"Feb 6, 04:00 am",0
"Feb 6, 05:00 am",0
"Feb 6, 06:00 am",0
"Feb 6, 07:00 am",0.0181929
"Feb 6, 08:00 am",0.459379
"Feb 6, 09:00 am",1.68509
"Feb 6, 10:00 am",4.6804
"Feb 6, 11:00 am",8.28185
"Feb 6, 12:00 pm",10.2258
"Feb 6, 01:00 pm",9.75349
"Feb 6, 02:00 pm",11.1502
"Feb 6, 03:00 pm",8.61547
"Feb 6, 04:00 pm",5.84472
"Feb 6, 05:00 pm",2.0052
"Feb 6, 06:00 pm",0
"Feb 6, 07:00 pm",0
"Feb 6, 08:00 pm",0
"Feb 6, 09:00 pm",0
"Feb 6, 10:00 pm",0
"Feb 6, 11:00 pm",0
"Feb 7, 12:00 am",0
"Feb 7, 01:00 am",0
"Feb 7, 02:00 am",0
"Feb 7, 03:00 am",0
"Feb 7, 04:00 am",0
"Feb 7, 05:00 am",0
"Feb 7, 06:00 am",0
"Feb 7, 07:00 am",0.0405535
"Feb 7, 08:00 am",0.592815
"Feb 7, 09:00 am",1.88162
"Feb 7, 10:00 am",5.39207
"Feb 7, 11:00 am",8.51494
"Feb 7, 12:00 pm",10.4974
"Feb 7, 01:00 pm",11.392
"Feb 7, 02:00 pm",11.3915
"Feb 7, 03:00 pm",10.1802
"Feb 7, 04:00 pm",7.41204
"Feb 7, 05:00 pm",2.67546
"Feb 7, 06:00 pm",0
"Feb 7, 07:00 pm",0
"Feb 7, 08:00 pm",0
"Feb 7, 09:00 pm",0
"Feb 7, 10:00 pm",0
"Feb 7, 11:00 pm",0
"Feb 8, 12:00 am",0
"Feb 8, 01:00 am",0
"Feb 8, 02:00 am",0
"Feb 8, 03:00 am",0
"Feb 8, 04:00 am",0
"Feb 8, 05:00 am",0
"Feb 8, 06:00 am",0
"Feb 8, 07:00 am",0.0112775
"Feb 8, 08:00 am",0.898215
"Feb 8, 09:00 am",2.51852
"Feb 8, 10:00 am",4.72669
"Feb 8, 11:00 am",9.04314
"Feb 8, 12:00 pm",11.1425
"Feb 8, 01:00 pm",9.47221
"Feb 8, 02:00 pm",9.55659
"Feb 8, 03:00 pm",10.7414
"Feb 8, 04:00 pm",8.03231
"Feb 8, 05:00 pm",3.48297
"Feb 8, 06:00 pm",0
"Feb 8, 07:00 pm",0
"Feb 8, 08:00 pm",0
"Feb 8, 09:00 pm",0
"Feb 8, 10:00 pm",0
"Feb 8, 11:00 pm",0
"Feb 9, 12:00 am",0
"Feb 9, 01:00 am",0
"Feb 9, 02:00 am",0
"Feb 9, 03:00 am",0
"Feb 9, 04:00 am",0
"Feb 9, 05:00 am",0
"Feb 9, 06:00 am",0
"Feb 9, 07:00 am",0.0676725
"Feb 9, 08:00 am",0.592505
"Feb 9, 09:00 am",2.08441
"Feb 9, 10:00 am",5.78678
"Feb 9, 11:00 am",9.09541
"Feb 9, 12:00 pm",11.1352
"Feb 9, 01:00 pm",12.1507
"Feb 9, 02:00 pm",12.2045
"Feb 9, 03:00 pm",11.108
"Feb 9, 04:00 pm",8.59293
"Feb 9, 05:00 pm",3.9784
"Feb 9, 06:00 pm",0
"Feb 9, 07:00 pm",0
"Feb 9, 08:00 pm",0
"Feb 9, 09:00 pm",0
"Feb 9, 10:00 pm",0
"Feb 9, 11:00 pm",0
"Feb 10, 12:00 am",0
"Feb 10, 01:00 am",0
"Feb 10, 02:00 am",0
"Feb 10, 03:00 am",0
"Feb 10, 04:00 am",0
"Feb 10, 05:00 am",0
"Feb 10, 06:00 am",0
"Feb 10, 07:00 am",0.143583
"Feb 10, 08:00 am",0.538191
"Feb 10, 09:00 am",2.063
"Feb 10, 10:00 am",5.75509
"Feb 10, 11:00 am",7.71735
"Feb 10, 12:00 pm",9.63357
"Feb 10, 01:00 pm",11.3984
"Feb 10, 02:00 pm",8.64909
"Feb 10, 03:00 pm",10.3315
"Feb 10, 04:00 pm",7.96966
"Feb 10, 05:00 pm",2.98357
"Feb 10, 06:00 pm",0
"Feb 10, 07:00 pm",0
"Feb 10, 08:00 pm",0
"Feb 10, 09:00 pm",0
"Feb 10, 10:00 pm",0
"Feb 10, 11:00 pm",0
"Feb 11, 12:00 am",0
"Feb 11, 01:00 am",0
"Feb 11, 02:00 am",0
"Feb 11, 03:00 am",0
"Feb 11, 04:00 am",0
"Feb 11, 05:00 am",0
"Feb 11, 06:00 am",0
"Feb 11, 07:00 am",0.0766112
"Feb 11, 08:00 am",0.582713
"Feb 11, 09:00 am",2.072
"Feb 11, 10:00 am",5.75496
"Feb 11, 11:00 am",8.72172
"Feb 11, 12:00 pm",10.5254
"Feb 11, 01:00 pm",11.499
"Feb 11, 02:00 pm",11.5854
"Feb 11, 03:00 pm",10.7656
"Feb 11, 04:00 pm",8.51447
"Feb 11, 05:00 pm",4.12397
"Feb 11, 06:00 pm",0
"Feb 11, 07:00 pm",0
"Feb 11, 08:00 pm",0
"Feb 11, 09:00 pm",0
"Feb 11, 10:00 pm",0
"Feb 11, 11:00 pm",0
"Feb 12, 12:00 am",0
"Feb 12, 01:00 am",0
"Feb 12, 02:00 am",0
"Feb 12, 03:00 am",0
"Feb 12, 04:00 am",0
"Feb 12, 05:00 am",0
"Feb 12, 06:00 am",0
"Feb 12, 07:00 am",0.0759024
"Feb 12, 08:00 am",0.527793
"Feb 12, 09:00 am",2.08134
"Feb 12, 10:00 am",5.85366
"Feb 12, 11:00 am",9.07282
"Feb 12, 12:00 pm",11.0828
"Feb 12, 01:00 pm",12.1204
"Feb 12, 02:00 pm",12.1346
"Feb 12, 03:00 pm",11.0338
"Feb 12, 04:00 pm",8.66888
"Feb 12, 05:00 pm",4.20881
"Feb 12, 06:00 pm",0
"Feb 12, 07:00 pm",0
"Feb 12, 08:00 pm",0
"Feb 12, 09:00 pm",0
"Feb 12, 10:00 pm",0
"Feb 12, 11:00 pm",0
"Feb 13, 12:00 am",0
"Feb 13, 01:00 am",0
"Feb 13, 02:00 am",0
"Feb 13, 03:00 am",0
"Feb 13, 04:00 am",0
"Feb 13, 05:00 am",0
"Feb 13, 06:00 am",0
"Feb 13, 07:00 am",0.0633859
"Feb 13, 08:00 am",0.554451
"Feb 13, 09:00 am",2.14008
"Feb 13, 10:00 am",5.93026
"Feb 13, 11:00 am",7.79916
"Feb 13, 12:00 pm",7.13199
"Feb 13, 01:00 pm",2.71463
"Feb 13, 02:00 pm",1.15231
"Feb 13, 03:00 pm",9.01439
"Feb 13, 04:00 pm",5.36329
"Feb 13, 05:00 pm",1.39548
"Feb 13, 06:00 pm",0
"Feb 13, 07:00 pm",0
"Feb 13, 08:00 pm",0
"Feb 13, 09:00 pm",0
"Feb 13, 10:00 pm",0
"Feb 13, 11:00 pm",0
"Feb 14, 12:00 am",0
"Feb 14, 01:00 am",0
"Feb 14, 02:00 am",0
"Feb 14, 03:00 am",0
"Feb 14, 04:00 am",0
"Feb 14, 05:00 am",0
"Feb 14, 06:00 am",0
"Feb 14, 07:00 am",0.110002
"Feb 14, 08:00 am",0.481187
"Feb 14, 09:00 am",2.70176
"Feb 14, 10:00 am",4.6474
"Feb 14, 11:00 am",3.83035
"Feb 14, 12:00 pm",7.74748
"Feb 14, 01:00 pm",0.368961
"Feb 14, 02:00 pm",9.91316
"Feb 14, 03:00 pm",10.9874
"Feb 14, 04:00 pm",0.571597
"Feb 14, 05:00 pm",-0
"Feb 14, 06:00 pm",0
"Feb 14, 07:00 pm",0
"Feb 14, 08:00 pm",0
"Feb 14, 09:00 pm",0
"Feb 14, 10:00 pm",0
"Feb 14, 11:00 pm",0
"Feb 15, 12:00 am",0
"Feb 15, 01:00 am",0
"Feb 15, 02:00 am",0
"Feb 15, 03:00 am",0
"Feb 15, 04:00 am",0
"Feb 15, 05:00 am",0
"Feb 15, 06:00 am",0
"Feb 15, 07:00 am",0.0853361
"Feb 15, 08:00 am",0.591271
"Feb 15, 09:00 am",2.31087
"Feb 15, 10:00 am",6.16997
"Feb 15, 11:00 am",9.2679
"Feb 15, 12:00 pm",11.0858
"Feb 15, 01:00 pm",11.9471
"Feb 15, 02:00 pm",11.9755
"Feb 15, 03:00 pm",10.9698
"Feb 15, 04:00 pm",8.76741
"Feb 15, 05:00 pm",4.59268
"Feb 15, 06:00 pm",0
"Feb 15, 07:00 pm",0
"Feb 15, 08:00 pm",0
"Feb 15, 09:00 pm",0
"Feb 15, 10:00 pm",0
"Feb 15, 11:00 pm",0
"Feb 16, 12:00 am",0
"Feb 16, 01:00 am",0
"Feb 16, 02:00 am",0
"Feb 16, 03:00 am",0
"Feb 16, 04:00 am",0
"Feb 16, 05:00 am",0
"Feb 16, 06:00 am",0
"Feb 16, 07:00 am",0.113081
"Feb 16, 08:00 am",1.25726
"Feb 16, 09:00 am",2.80645
"Feb 16, 10:00 am",5.0863
"Feb 16, 11:00 am",7.31643
"Feb 16, 12:00 pm",8.79915
"Feb 16, 01:00 pm",10.6206
"Feb 16, 02:00 pm",12.2505
"Feb 16, 03:00 pm",11.3059
"Feb 16, 04:00 pm",8.97377
"Feb 16, 05:00 pm",4.82257
"Feb 16, 06:00 pm",0
"Feb 16, 07:00 pm",0
"Feb 16, 08:00 pm",0
"Feb 16, 09:00 pm",0
"Feb 16, 10:00 pm",0
"Feb 16, 11:00 pm",0
"Feb 17, 12:00 am",0
"Feb 17, 01:00 am",0
"Feb 17, 02:00 am",0
"Feb 17, 03:00 am",0
"Feb 17, 04:00 am",0
"Feb 17, 05:00 am",0
"Feb 17, 06:00 am",0
"Feb 17, 07:00 am",0.10026
"Feb 17, 08:00 am",0.759215
"Feb 17, 09:00 am",2.78905
"Feb 17, 10:00 am",5.46105
"Feb 17, 11:00 am",8.42204
"Feb 17, 12:00 pm",7.46053
"Feb 17, 01:00 pm",6.58662
"Feb 17, 02:00 pm",6.11771
"Feb 17, 03:00 pm",4.42058
"Feb 17, 04:00 pm",4.72793
"Feb 17, 05:00 pm",1.15717
"Feb 17, 06:00 pm",0
"Feb 17, 07:00 pm",0
"Feb 17, 08:00 pm",0
"Feb 17, 09:00 pm",0
"Feb 17, 10:00 pm",0
"Feb 17, 11:00 pm",0
"Feb 18, 12:00 am",0
"Feb 18, 01:00 am",0
"Feb 18, 02:00 am",0
"Feb 18, 03:00 am",0
"Feb 18, 04:00 am",0
"Feb 18, 05:00 am",0
"Feb 18, 06:00 am",0
"Feb 18, 07:00 am",0.118965
"Feb 18, 08:00 am",0.926339
"Feb 18, 09:00 am",2.48981
"Feb 18, 10:00 am",6.13086
"Feb 18, 11:00 am",8.97329
"Feb 18, 12:00 pm",10.7605
"Feb 18, 01:00 pm",11.8432
"Feb 18, 02:00 pm",11.973
"Feb 18, 03:00 pm",11.1189
"Feb 18, 04:00 pm",8.86583
"Feb 18, 05:00 pm",4.71279
"Feb 18, 06:00 pm",0
"Feb 18, 07:00 pm",0
"Feb 18, 08:00 pm",0
"Feb 18, 09:00 pm",0
"Feb 18, 10:00 pm",0
"Feb 18, 11:00 pm",0
"Feb 19, 12:00 am",0
"Feb 19, 01:00 am",0
"Feb 19, 02:00 am",0
"Feb 19, 03:00 am",0
"Feb 19, 04:00 am",0
"Feb 19, 05:00 am",0
"Feb 19, 06:00 am",0
"Feb 19, 07:00 am",0.106008
"Feb 19, 08:00 am",0.574611
"Feb 19, 09:00 am",2.5265
"Feb 19, 10:00 am",6.3448
"Feb 19, 11:00 am",9.28683
"Feb 19, 12:00 pm",10.9639
"Feb 19, 01:00 pm",11.7865
"Feb 19, 02:00 pm",11.9334
"Feb 19, 03:00 pm",10.9722
"Feb 19, 04:00 pm",8.6628
"Feb 19, 05:00 pm",4.30269
"Feb 19, 06:00 pm",0
"Feb 19, 07:00 pm",0
"Feb 19, 08:00 pm",0
"Feb 19, 09:00 pm",0
"Feb 19, 10:00 pm",0
"Feb 19, 11:00 pm",0
"Feb 20, 12:00 am",0
"Feb 20, 01:00 am",0
"Feb 20, 02:00 am",0
"Feb 20, 03:00 am",0
"Feb 20, 04:00 am",0
"Feb 20, 05:00 am",0
"Feb 20, 06:00 am",0
"Feb 20, 07:00 am",0.169575
"Feb 20, 08:00 am",0.680955
"Feb 20, 09:00 am",2.61205
"Feb 20, 10:00 am",6.2696
"Feb 20, 11:00 am",9.2027
"Feb 20, 12:00 pm",10.8821
"Feb 20, 01:00 pm",11.7034
"Feb 20, 02:00 pm",11.8116
"Feb 20, 03:00 pm",11.0541
"Feb 20, 04:00 pm",8.92012
"Feb 20, 05:00 pm",4.8909
"Feb 20, 06:00 pm",0
"Feb 20, 07:00 pm",0
"Feb 20, 08:00 pm",0
"Feb 20, 09:00 pm",0
"Feb 20, 10:00 pm",0
"Feb 20, 11:00 pm",0
"Feb 21, 12:00 am",0
"Feb 21, 01:00 am",0
"Feb 21, 02:00 am",0
"Feb 21, 03:00 am",0
"Feb 21, 04:00 am",0
"Feb 21, 05:00 am",0
"Feb 21, 06:00 am",0
"Feb 21, 07:00 am",0.173753
"Feb 21, 08:00 am",0.621
"Feb 21, 09:00 am",2.73562
"Feb 21, 10:00 am",6.39664
"Feb 21, 11:00 am",8.24058
"Feb 21, 12:00 pm",11.2091
"Feb 21, 01:00 pm",12.1171
"Feb 21, 02:00 pm",12.1561
"Feb 21, 03:00 pm",11.1525
"Feb 21, 04:00 pm",8.71934
"Feb 21, 05:00 pm",4.54638
"Feb 21, 06:00 pm",0
"Feb 21, 07:00 pm",0
"Feb 21, 08:00 pm",0
"Feb 21, 09:00 pm",0
"Feb 21, 10:00 pm",0
"Feb 21, 11:00 pm",0
"Feb 22, 12:00 am",0
"Feb 22, 01:00 am",0
"Feb 22, 02:00 am",0
"Feb 22, 03:00 am",0
"Feb 22, 04:00 am",0
"Feb 22, 05:00 am",0
"Feb 22, 06:00 am",0
"Feb 22, 07:00 am",0.258805
"Feb 22, 08:00 am",1.27098
"Feb 22, 09:00 am",2.91783
"Feb 22, 10:00 am",5.71262
"Feb 22, 11:00 am",7.95884
"Feb 22, 12:00 pm",9.3996
"Feb 22, 01:00 pm",9.50331
"Feb 22, 02:00 pm",8.9431
"Feb 22, 03:00 pm",8.42512
"Feb 22, 04:00 pm",4.0811
"Feb 22, 05:00 pm",4.11755
"Feb 22, 06:00 pm",0
"Feb 22, 07:00 pm",0
"Feb 22, 08:00 pm",0
"Feb 22, 09:00 pm",0
"Feb 22, 10:00 pm",0
"Feb 22, 11:00 pm",0
"Feb 23, 12:00 am",0
"Feb 23, 01:00 am",0
"Feb 23, 02:00 am",0
"Feb 23, 03:00 am",0
"Feb 23, 04:00 am",0
"Feb 23, 05:00 am",0
"Feb 23, 06:00 am",0
"Feb 23, 07:00 am",-0
"Feb 23, 08:00 am",1.2703
"Feb 23, 09:00 am",1.11215
"Feb 23, 10:00 am",5.95946
"Feb 23, 11:00 am",10.0652
"Feb 23, 12:00 pm",12.1149
"Feb 23, 01:00 pm",13.2107
"Feb 23, 02:00 pm",13.2056
"Feb 23, 03:00 pm",12.0591
"Feb 23, 04:00 pm",7.20477
"Feb 23, 05:00 pm",4.70545
"Feb 23, 06:00 pm",0
"Feb 23, 07:00 pm",0
"Feb 23, 08:00 pm",0
"Feb 23, 09:00 pm",0
"Feb 23, 10:00 pm",0
"Feb 23, 11:00 pm",0
"Feb 24, 12:00 am",0
"Feb 24, 01:00 am",0
"Feb 24, 02:00 am",0
"Feb 24, 03:00 am",0
"Feb 24, 04:00 am",0
"Feb 24, 05:00 am",0
"Feb 24, 06:00 am",0
"Feb 24, 07:00 am",0.260343
"Feb 24, 08:00 am",0.638334
"Feb 24, 09:00 am",2.96577
"Feb 24, 10:00 am",6.87445
"Feb 24, 11:00 am",10.0102
"Feb 24, 12:00 pm",11.9826
"Feb 24, 01:00 pm",11.1734
"Feb 24, 02:00 pm",12.8009
"Feb 24, 03:00 pm",9.60204
"Feb 24, 04:00 pm",6.71671
"Feb 24, 05:00 pm",2.37058
"Feb 24, 06:00 pm",0
"Feb 24, 07:00 pm",0
"Feb 24, 08:00 pm",0
"Feb 24, 09:00 pm",0
"Feb 24, 10:00 pm",0
"Feb 24, 11:00 pm",0
"Feb 25, 12:00 am",0
"Feb 25, 01:00 am",0
"Feb 25, 02:00 am",0
"Feb 25, 03:00 am",0
"Feb 25, 04:00 am",0
"Feb 25, 05:00 am",0
"Feb 25, 06:00 am",0
"Feb 25, 07:00 am",0.0876974
"Feb 25, 08:00 am",1.43463
"Feb 25, 09:00 am",3.20707
"Feb 25, 10:00 am",5.23986
"Feb 25, 11:00 am",8.27069
"Feb 25, 12:00 pm",9.04703
"Feb 25, 01:00 pm",7.73735
"Feb 25, 02:00 pm",7.29606
"Feb 25, 03:00 pm",4.75907
"Feb 25, 04:00 pm",2.17237
"Feb 25, 05:00 pm",0.436825
"Feb 25, 06:00 pm",0
"Feb 25, 07:00 pm",0
"Feb 25, 08:00 pm",0
"Feb 25, 09:00 pm",0
"Feb 25, 10:00 pm",0
"Feb 25, 11:00 pm",0
"Feb 26, 12:00 am",0
"Feb 26, 01:00 am",0
"Feb 26, 02:00 am",0
"Feb 26, 03:00 am",0
"Feb 26, 04:00 am",0
"Feb 26, 05:00 am",0
"Feb 26, 06:00 am",0
"Feb 26, 07:00 am",0.076682
"Feb 26, 08:00 am",1.48993
"Feb 26, 09:00 am",3.0914
"Feb 26, 10:00 am",5.85045
"Feb 26, 11:00 am",7.87316
"Feb 26, 12:00 pm",10.0265
"Feb 26, 01:00 pm",3.90019
"Feb 26, 02:00 pm",7.02455
"Feb 26, 03:00 pm",11.6484
"Feb 26, 04:00 pm",9.28702
"Feb 26, 05:00 pm",5.35517
"Feb 26, 06:00 pm",0
"Feb 26, 07:00 pm",0
"Feb 26, 08:00 pm",0
"Feb 26, 09:00 pm",0
"Feb 26, 10:00 pm",0
"Feb 26, 11:00 pm",0
"Feb 27, 12:00 am",0
"Feb 27, 01:00 am",0
"Feb 27, 02:00 am",0
"Feb 27, 03:00 am",0
"Feb 27, 04:00 am",0
"Feb 27, 05:00 am",0
"Feb 27, 06:00 am",0
"Feb 27, 07:00 am",0.287694
"Feb 27, 08:00 am",0.62651
"Feb 27, 09:00 am",3.26267
"Feb 27, 10:00 am",6.10325
"Feb 27, 11:00 am",8.92928
"Feb 27, 12:00 pm",7.50113
"Feb 27, 01:00 pm",8.06369
"Feb 27, 02:00 pm",0.564135
"Feb 27, 03:00 pm",3.84366
"Feb 27, 04:00 pm",2.22261
"Feb 27, 05:00 pm",0.529407
"Feb 27, 06:00 pm",0
"Feb 27, 07:00 pm",0
"Feb 27, 08:00 pm",0
"Feb 27, 09:00 pm",0
"Feb 27, 10:00 pm",0
"Feb 27, 11:00 pm",0
"Feb 28, 12:00 am",0
"Feb 28, 01:00 am",0
"Feb 28, 02:00 am",0
"Feb 28, 03:00 am",0
"Feb 28, 04:00 am",0
"Feb 28, 05:00 am",0
"Feb 28, 06:00 am",0
"Feb 28, 07:00 am",0.371164
"Feb 28, 08:00 am",1.13941
"Feb 28, 09:00 am",3.34959
"Feb 28, 10:00 am",3.34119
"Feb 28, 11:00 am",2.25028
"Feb 28, 12:00 pm",7.44913
"Feb 28, 01:00 pm",0.844967
"Feb 28, 02:00 pm",0.767983
"Feb 28, 03:00 pm",5.74429
"Feb 28, 04:00 pm",1.60428
"Feb 28, 05:00 pm",5.57032
"Feb 28, 06:00 pm",0
"Feb 28, 07:00 pm",0
"Feb 28, 08:00 pm",0
"Feb 28, 09:00 pm",0
"Feb 28, 10:00 pm",0
"Feb 28, 11:00 pm",0
"Mar 1, 12:00 am",0
"Mar 1, 01:00 am",0
"Mar 1, 02:00 am",0
"Mar 1, 03:00 am",0
"Mar 1, 04:00 am",0
"Mar 1, 05:00 am",0
"Mar 1, 06:00 am",0
"Mar 1, 07:00 am",0.393657
"Mar 1, 08:00 am",1.50215
"Mar 1, 09:00 am",3.29679
"Mar 1, 10:00 am",6.13457
"Mar 1, 11:00 am",9.56837
"Mar 1, 12:00 pm",11.3783
"Mar 1, 01:00 pm",11.2628
"Mar 1, 02:00 pm",11.1504
"Mar 1, 03:00 pm",11.3738
"Mar 1, 04:00 pm",9.12044
"Mar 1, 05:00 pm",5.16003
"Mar 1, 06:00 pm",0
"Mar 1, 07:00 pm",0
"Mar 1, 08:00 pm",0
"Mar 1, 09:00 pm",0
"Mar 1, 10:00 pm",0
"Mar 1, 11:00 pm",0
"Mar 2, 12:00 am",0
"Mar 2, 01:00 am",0
"Mar 2, 02:00 am",0
"Mar 2, 03:00 am",0
"Mar 2, 04:00 am",0
"Mar 2, 05:00 am",0
"Mar 2, 06:00 am",0
"Mar 2, 07:00 am",0.341072
"Mar 2, 08:00 am",0.696335
"Mar 2, 09:00 am",3.35884
"Mar 2, 10:00 am",7.07419
"Mar 2, 11:00 am",8.49923
"Mar 2, 12:00 pm",9.67203
"Mar 2, 01:00 pm",12.2709
"Mar 2, 02:00 pm",12.275
"Mar 2, 03:00 pm",11.4096
"Mar 2, 04:00 pm",9.34788
"Mar 2, 05:00 pm",1.77173
"Mar 2, 06:00 pm",0
"Mar 2, 07:00 pm",0
"Mar 2, 08:00 pm",0
"Mar 2, 09:00 pm",0
"Mar 2, 10:00 pm",0
"Mar 2, 11:00 pm",0
"Mar 3, 12:00 am",0
"Mar 3, 01:00 am",0
"Mar 3, 02:00 am",0
"Mar 3, 03:00 am",0
"Mar 3, 04:00 am",0
"Mar 3, 05:00 am",0
"Mar 3, 06:00 am",0
"Mar 3, 07:00 am",0.305387
"Mar 3, 08:00 am",0.623325
"Mar 3, 09:00 am",3.35262
"Mar 3, 10:00 am",7.16065
"Mar 3, 11:00 am",10.0503
"Mar 3, 12:00 pm",11.8902
"Mar 3, 01:00 pm",12.8411
"Mar 3, 02:00 pm",12.9235
"Mar 3, 03:00 pm",12.0257
"Mar 3, 04:00 pm",8.70407
"Mar 3, 05:00 pm",5.76274
"Mar 3, 06:00 pm",0
"Mar 3, 07:00 pm",0
"Mar 3, 08:00 pm",0
"Mar 3, 09:00 pm",0
"Mar 3, 10:00 pm",0
"Mar 3, 11:00 pm",0
"Mar 4, 12:00 am",0
"Mar 4, 01:00 am",0
"Mar 4, 02:00 am",0
"Mar 4, 03:00 am",0
"Mar 4, 04:00 am",0
"Mar 4, 05:00 am",0
"Mar 4, 06:00 am",0
"Mar 4, 07:00 am",0.381007
"Mar 4, 08:00 am",1.35271
"Mar 4, 09:00 am",3.55698
"Mar 4, 10:00 am",6.25835
"Mar 4, 11:00 am",8.4955
"Mar 4, 12:00 pm",10.293
"Mar 4, 01:00 pm",11.1573
"Mar 4, 02:00 pm",10.0983
"Mar 4, 03:00 pm",9.1616
"Mar 4, 04:00 pm",9.6298
"Mar 4, 05:00 pm",5.61503
"Mar 4, 06:00 pm",0
"Mar 4, 07:00 pm",0
"Mar 4, 08:00 pm",0
"Mar 4, 09:00 pm",0
"Mar 4, 10:00 pm",0
"Mar 4, 11:00 pm",0
"Mar 5, 12:00 am",0
"Mar 5, 01:00 am",0
"Mar 5, 02:00 am",0
"Mar 5, 03:00 am",0
"Mar 5, 04:00 am",0
"Mar 5, 05:00 am",0
"Mar 5, 06:00 am",0
"Mar 5, 07:00 am",0.394388
"Mar 5, 08:00 am",0.661907
"Mar 5, 09:00 am",3.56614
"Mar 5, 10:00 am",7.31644
"Mar 5, 11:00 am",9.99747
"Mar 5, 12:00 pm",11.5687
"Mar 5, 01:00 pm",12.1654
"Mar 5, 02:00 pm",12.2493
"Mar 5, 03:00 pm",11.5215
"Mar 5, 04:00 pm",9.59794
"Mar 5, 05:00 pm",6.02765
"Mar 5, 06:00 pm",0
"Mar 5, 07:00 pm",0
"Mar 5, 08:00 pm",0
"Mar 5, 09:00 pm",0
"Mar 5, 10:00 pm",0
"Mar 5, 11:00 pm",0
"Mar 6, 12:00 am",0
"Mar 6, 01:00 am",0
"Mar 6, 02:00 am",0
"Mar 6, 03:00 am",0
"Mar 6, 04:00 am",0
"Mar 6, 05:00 am",0
"Mar 6, 06:00 am",0
"Mar 6, 07:00 am",0.356716
"Mar 6, 08:00 am",0.535594
"Mar 6, 09:00 am",3.61392
"Mar 6, 10:00 am",7.48465
"Mar 6, 11:00 am",10.363
"Mar 6, 12:00 pm",12.2927
"Mar 6, 01:00 pm",13.3006
"Mar 6, 02:00 pm",13.3468
"Mar 6, 03:00 pm",12.3203
"Mar 6, 04:00 pm",10.1378
"Mar 6, 05:00 pm",6.14781
"Mar 6, 06:00 pm",0
"Mar 6, 07:00 pm",0
"Mar 6, 08:00 pm",0
"Mar 6, 09:00 pm",0
"Mar 6, 10:00 pm",0
"Mar 6, 11:00 pm",0
"Mar 7, 12:00 am",0
"Mar 7, 01:00 am",0
"Mar 7, 02:00 am",0
"Mar 7, 03:00 am",0
"Mar 7, 04:00 am",0
"Mar 7, 05:00 am",0
"Mar 7, 06:00 am",0
"Mar 7, 07:00 am",0.448674
"Mar 7, 08:00 am",0.720598
"Mar 7, 09:00 am",0.705581
"Mar 7, 10:00 am",1.96766
"Mar 7, 11:00 am",0.614881
"Mar 7, 12:00 pm",3.85796
"Mar 7, 01:00 pm",2.07401
"Mar 7, 02:00 pm",2.77759
"Mar 7, 03:00 pm",6.30606
"Mar 7, 04:00 pm",3.9266
"Mar 7, 05:00 pm",-0
"Mar 7, 06:00 pm",0
"Mar 7, 07:00 pm",0
"Mar 7, 08:00 pm",0
"Mar 7, 09:00 pm",0
"Mar 7, 10:00 pm",0
"Mar 7, 11:00 pm",0
"Mar 8, 12:00 am",0
"Mar 8, 01:00 am",0
"Mar 8, 02:00 am",0
"Mar 8, 03:00 am",0
"Mar 8, 04:00 am",0
"Mar 8, 05:00 am",0
"Mar 8, 06:00 am",0
"Mar 8, 07:00 am",0.518806
"Mar 8, 08:00 am",0.807935
"Mar 8, 09:00 am",3.86655
"Mar 8, 10:00 am",7.71402
"Mar 8, 11:00 am",10.6077
"Mar 8, 12:00 pm",12.5363
"Mar 8, 01:00 pm",13.476
"Mar 8, 02:00 pm",13.4659
"Mar 8, 03:00 pm",12.4097
"Mar 8, 04:00 pm",10.2016
"Mar 8, 05:00 pm",3.37709
"Mar 8, 06:00 pm",-0
"Mar 8, 07:00 pm",0
"Mar 8, 08:00 pm",0
"Mar 8, 09:00 pm",0
"Mar 8, 10:00 pm",0
"Mar 8, 11:00 pm",0
"Mar 9, 12:00 am",0
"Mar 9, 01:00 am",0
"Mar 9, 02:00 am",0
"Mar 9, 03:00 am",0
"Mar 9, 04:00 am",0
"Mar 9, 05:00 am",0
"Mar 9, 06:00 am",0
"Mar 9, 07:00 am",0.396128
"Mar 9, 08:00 am",0.715231
"Mar 9, 09:00 am",3.95047
"Mar 9, 10:00 am",7.79856
"Mar 9, 11:00 am",10.5701
"Mar 9, 12:00 pm",12.3469
"Mar 9, 01:00 pm",13.2254
"Mar 9, 02:00 pm",13.1857
"Mar 9, 03:00 pm",12.2206
"Mar 9, 04:00 pm",10.079
"Mar 9, 05:00 pm",6.25624
"Mar 9, 06:00 pm",-0
"Mar 9, 07:00 pm",0
"Mar 9, 08:00 pm",0
"Mar 9, 09:00 pm",0
"Mar 9, 10:00 pm",0
"Mar 9, 11:00 pm",0
"Mar 10, 12:00 am",0
"Mar 10, 01:00 am",0
"Mar 10, 02:00 am",0
"Mar 10, 03:00 am",0
"Mar 10, 04:00 am",0
"Mar 10, 05:00 am",0
"Mar 10, 06:00 am",0
"Mar 10, 07:00 am",0.629684
"Mar 10, 08:00 am",1.34273
"Mar 10, 09:00 am",4.05542
"Mar 10, 10:00 am",7.89122
"Mar 10, 11:00 am",10.5692
"Mar 10, 12:00 pm",12.1783
"Mar 10, 01:00 pm",13.0291
"Mar 10, 02:00 pm",13.0481
"Mar 10, 03:00 pm",12.1197
"Mar 10, 04:00 pm",9.90787
"Mar 10, 05:00 pm",6.18328
"Mar 10, 06:00 pm",-0
"Mar 10, 07:00 pm",0
"Mar 10, 08:00 pm",0
"Mar 10, 09:00 pm",0
"Mar 10, 10:00 pm",0
"Mar 10, 11:00 pm",0
"Mar 11, 12:00 am",0
"Mar 11, 01:00 am",0
"Mar 11, 02:00 am",0
"Mar 11, 03:00 am",0
"Mar 11, 04:00 am",0
"Mar 11, 05:00 am",0
"Mar 11, 06:00 am",0
"Mar 11, 07:00 am",0.529051
"Mar 11, 08:00 am",1.02531
"Mar 11, 09:00 am",4.14497
"Mar 11, 10:00 am",7.92467
"Mar 11, 11:00 am",10.7407
"Mar 11, 12:00 pm",12.6124
"Mar 11, 01:00 pm",13.695
"Mar 11, 02:00 pm",13.6593
"Mar 11, 03:00 pm",12.4047
"Mar 11, 04:00 pm",8.62059
"Mar 11, 05:00 pm",4.83841
"Mar 11, 06:00 pm",-0
"Mar 11, 07:00 pm",0
"Mar 11, 08:00 pm",0
"Mar 11, 09:00 pm",0
"Mar 11, 10:00 pm",0
"Mar 11, 11:00 pm",0
"Mar 12, 12:00 am",0
"Mar 12, 01:00 am",0
"Mar 12, 02:00 am",0
"Mar 12, 03:00 am",0
"Mar 12, 04:00 am",0
"Mar 12, 05:00 am",0
"Mar 12, 06:00 am",0
"Mar 12, 07:00 am",0.498672
"Mar 12, 08:00 am",0.901674
"Mar 12, 09:00 am",4.27912
"Mar 12, 10:00 am",8.1752
"Mar 12, 11:00 am",11.1478
"Mar 12, 12:00 pm",13.0716
"Mar 12, 01:00 pm",13.9674
"Mar 12, 02:00 pm",13.8839
"Mar 12, 03:00 pm",12.7279
"Mar 12, 04:00 pm",10.3007
"Mar 12, 05:00 pm",6.21333
"Mar 12, 06:00 pm",-0
"Mar 12, 07:00 pm",0
"Mar 12, 08:00 pm",0
"Mar 12, 09:00 pm",0
"Mar 12, 10:00 pm",0
"Mar 12, 11:00 pm",0
"Mar 13, 12:00 am",0
"Mar 13, 01:00 am",0
"Mar 13, 02:00 am",0
"Mar 13, 03:00 am",0
"Mar 13, 04:00 am",0
"Mar 13, 05:00 am",0
"Mar 13, 06:00 am",0
"Mar 13, 07:00 am",0.49386
"Mar 13, 08:00 am",0.966639
"Mar 13, 09:00 am",4.27771
"Mar 13, 10:00 am",7.91817
"Mar 13, 11:00 am",10.6274
"Mar 13, 12:00 pm",12.4909
"Mar 13, 01:00 pm",13.411
"Mar 13, 02:00 pm",13.4559
"Mar 13, 03:00 pm",12.4945
"Mar 13, 04:00 pm",10.2326
"Mar 13, 05:00 pm",6.38954
"Mar 13, 06:00 pm",-0
"Mar 13, 07:00 pm",0
"Mar 13, 08:00 pm",0
"Mar 13, 09:00 pm",0
"Mar 13, 10:00 pm",0
"Mar 13, 11:00 pm",0
"Mar 14, 12:00 am",0
"Mar 14, 01:00 am",0
"Mar 14, 02:00 am",0
"Mar 14, 03:00 am",0
"Mar 14, 04:00 am",0
"Mar 14, 05:00 am",0
"Mar 14, 06:00 am",0
"Mar 14, 07:00 am",0.525787
"Mar 14, 08:00 am",1.0397
"Mar 14, 09:00 am",4.42582
"Mar 14, 10:00 am",8.09632
"Mar 14, 11:00 am",9.75511
"Mar 14, 12:00 pm",11.3396
"Mar 14, 01:00 pm",11.9852
"Mar 14, 02:00 pm",9.30821
"Mar 14, 03:00 pm",9.77038
"Mar 14, 04:00 pm",0.525798
"Mar 14, 05:00 pm",2.32592
"Mar 14, 06:00 pm",-0
"Mar 14, 07:00 pm",0
"Mar 14, 08:00 pm",0
"Mar 14, 09:00 pm",0
"Mar 14, 10:00 pm",0
"Mar 14, 11:00 pm",0
"Mar 15, 12:00 am",0
"Mar 15, 01:00 am",0
"Mar 15, 02:00 am",0
"Mar 15, 03:00 am",0
"Mar 15, 04:00 am",0
"Mar 15, 05:00 am",0
"Mar 15, 06:00 am",0
"Mar 15, 07:00 am",0.729281
"Mar 15, 08:00 am",1.71963
"Mar 15, 09:00 am",4.01321
"Mar 15, 10:00 am",7.91356
"Mar 15, 11:00 am",11.275
"Mar 15, 12:00 pm",13.1557
"Mar 15, 01:00 pm",14.045
"Mar 15, 02:00 pm",13.9616
"Mar 15, 03:00 pm",12.7507
"Mar 15, 04:00 pm",10.32
"Mar 15, 05:00 pm",6.13331
"Mar 15, 06:00 pm",-0
"Mar 15, 07:00 pm",0
"Mar 15, 08:00 pm",0
"Mar 15, 09:00 pm",0
"Mar 15, 10:00 pm",0
"Mar 15, 11:00 pm",0
"Mar 16, 12:00 am",0
"Mar 16, 01:00 am",0
"Mar 16, 02:00 am",0
"Mar 16, 03:00 am",0
"Mar 16, 04:00 am",0
"Mar 16, 05:00 am",0
"Mar 16, 06:00 am",0
"Mar 16, 07:00 am",0.000222218
"Mar 16, 08:00 am",2.0688
"Mar 16, 09:00 am",0.266405
"Mar 16, 10:00 am",1.85184
"Mar 16, 11:00 am",3.93025
"Mar 16, 12:00 pm",4.02059
"Mar 16, 01:00 pm",5.98344
"Mar 16, 02:00 pm",6.65672
"Mar 16, 03:00 pm",10.4325
"Mar 16, 04:00 pm",0.175667
"Mar 16, 05:00 pm",0.529904
"Mar 16, 06:00 pm",-0
"Mar 16, 07:00 pm",0
"Mar 16, 08:00 pm",0
"Mar 16, 09:00 pm",0
"Mar 16, 10:00 pm",0
"Mar 16, 11:00 pm",0
"Mar 17, 12:00 am",0
"Mar 17, 01:00 am",0
"Mar 17, 02:00 am",0
"Mar 17, 03:00 am",0
"Mar 17, 04:00 am",0
"Mar 17, 05:00 am",0
"Mar 17, 06:00 am",0
"Mar 17, 07:00 am",0.840873
"Mar 17, 08:00 am",1.97963
"Mar 17, 09:00 am",1.57827
"Mar 17, 10:00 am",4.30621
"Mar 17, 11:00 am",2.74878
"Mar 17, 12:00 pm",4.55547
"Mar 17, 01:00 pm",7.17659
"Mar 17, 02:00 pm",10.4567
"Mar 17, 03:00 pm",11.9798
"Mar 17, 04:00 pm",6.82909
"Mar 17, 05:00 pm",2.08769
"Mar 17, 06:00 pm",-0
"Mar 17, 07:00 pm",0
"Mar 17, 08:00 pm",0
"Mar 17, 09:00 pm",0
"Mar 17, 10:00 pm",0
"Mar 17, 11:00 pm",0
"Mar 18, 12:00 am",0
"Mar 18, 01:00 am",0
"Mar 18, 02:00 am",0
"Mar 18, 03:00 am",0
"Mar 18, 04:00 am",0
"Mar 18, 05:00 am",0
"Mar 18, 06:00 am",0
"Mar 18, 07:00 am",0.590951
"Mar 18, 08:00 am",1.19325
"Mar 18, 09:00 am",4.7192
"Mar 18, 10:00 am",8.40213
"Mar 18, 11:00 am",11.1664
"Mar 18, 12:00 pm",12.9562
"Mar 18, 01:00 pm",13.8045
"Mar 18, 02:00 pm",13.6501
"Mar 18, 03:00 pm",12.6359
"Mar 18, 04:00 pm",10.318
"Mar 18, 05:00 pm",6.3303
"Mar 18, 06:00 pm",-0
"Mar 18, 07:00 pm",0
"Mar 18, 08:00 pm",0
"Mar 18, 09:00 pm",0
"Mar 18, 10:00 pm",0
"Mar 18, 11:00 pm",0
"Mar 19, 12:00 am",0
"Mar 19, 01:00 am",0
"Mar 19, 02:00 am",0
"Mar 19, 03:00 am",0
"Mar 19, 04:00 am",0
"Mar 19, 05:00 am",0
"Mar 19, 06:00 am",0
"Mar 19, 07:00 am",0.550199
"Mar 19, 08:00 am",1.17432
"Mar 19, 09:00 am",4.74902
"Mar 19, 10:00 am",8.48823
"Mar 19, 11:00 am",11.1119
"Mar 19, 12:00 pm",12.9115
"Mar 19, 01:00 pm",13.7876
"Mar 19, 02:00 pm",13.7426
"Mar 19, 03:00 pm",11.5653
"Mar 19, 04:00 pm",10.4461
"Mar 19, 05:00 pm",6.5447
"Mar 19, 06:00 pm",-0
"Mar 19, 07:00 pm",0
"Mar 19, 08:00 pm",0
"Mar 19, 09:00 pm",0
"Mar 19, 10:00 pm",0
"Mar 19, 11:00 pm",0
"Mar 20, 12:00 am",0
"Mar 20, 01:00 am",0
"Mar 20, 02:00 am",0
"Mar 20, 03:00 am",0
"Mar 20, 04:00 am",0
"Mar 20, 05:00 am",0
"Mar 20, 06:00 am",0
"Mar 20, 07:00 am",0.593673
"Mar 20, 08:00 am",1.6257
"Mar 20, 09:00 am",4.47455
"Mar 20, 10:00 am",8.25806
"Mar 20, 11:00 am",10.7565
"Mar 20, 12:00 pm",12.5985
"Mar 20, 01:00 pm",13.5092
"Mar 20, 02:00 pm",13.4208
"Mar 20, 03:00 pm",12.3918
"Mar 20, 04:00 pm",10.36
"Mar 20, 05:00 pm",6.87373
"Mar 20, 06:00 pm",0.367126
"Mar 20, 07:00 pm",0
"Mar 20, 08:00 pm",0
"Mar 20, 09:00 pm",0
"Mar 20, 10:00 pm",0
"Mar 20, 11:00 pm",0
"Mar 21, 12:00 am",0
"Mar 21, 01:00 am",0
"Mar 21, 02:00 am",0
"Mar 21, 03:00 am",0
"Mar 21, 04:00 am",0
"Mar 21, 05:00 am",0
"Mar 21, 06:00 am",0
"Mar 21, 07:00 am",0.448784
"Mar 21, 08:00 am",1.19935
"Mar 21, 09:00 am",5.01228
"Mar 21, 10:00 am",8.74857
"Mar 21, 11:00 am",11.3477
"Mar 21, 12:00 pm",13.0442
"Mar 21, 01:00 pm",13.8286
"Mar 21, 02:00 pm",13.6671
"Mar 21, 03:00 pm",12.5807
"Mar 21, 04:00 pm",10.456
"Mar 21, 05:00 pm",6.95026
"Mar 21, 06:00 pm",0.469536
"Mar 21, 07:00 pm",0
"Mar 21, 08:00 pm",0
"Mar 21, 09:00 pm",0
"Mar 21, 10:00 pm",0
"Mar 21, 11:00 pm",0
"Mar 22, 12:00 am",0
"Mar 22, 01:00 am",0
"Mar 22, 02:00 am",0
"Mar 22, 03:00 am",0
"Mar 22, 04:00 am",0
"Mar 22, 05:00 am",0
"Mar 22, 06:00 am",-0
"Mar 22, 07:00 am",0.489126
"Mar 22, 08:00 am",1.2989
"Mar 22, 09:00 am",5.09336
"Mar 22, 10:00 am",8.62535
"Mar 22, 11:00 am",10.9215
"Mar 22, 12:00 pm",12.5725
"Mar 22, 01:00 pm",13.5471
"Mar 22, 02:00 pm",13.6269
"Mar 22, 03:00 pm",12.762
"Mar 22, 04:00 pm",10.5719
"Mar 22, 05:00 pm",6.92187
"Mar 22, 06:00 pm",0.368761
"Mar 22, 07:00 pm",0
"Mar 22, 08:00 pm",0
"Mar 22, 09:00 pm",0
"Mar 22, 10:00 pm",0
"Mar 22, 11:00 pm",0
"Mar 23, 12:00 am",0
"Mar 23, 01:00 am",0
"Mar 23, 02:00 am",0
"Mar 23, 03:00 am",0
"Mar 23, 04:00 am",0
"Mar 23, 05:00 am",0
"Mar 23, 06:00 am",-0
"Mar 23, 07:00 am",0.760627
"Mar 23, 08:00 am",1.63779
"Mar 23, 09:00 am",5.1958
"Mar 23, 10:00 am",8.82267
"Mar 23, 11:00 am",11.3559
"Mar 23, 12:00 pm",13.0466
"Mar 23, 01:00 pm",13.9481
"Mar 23, 02:00 pm",13.7174
"Mar 23, 03:00 pm",12.6113
"Mar 23, 04:00 pm",10.2838
"Mar 23, 05:00 pm",6.4595
"Mar 23, 06:00 pm",0.258453
"Mar 23, 07:00 pm",0
"Mar 23, 08:00 pm",0
"Mar 23, 09:00 pm",0
"Mar 23, 10:00 pm",0
"Mar 23, 11:00 pm",0
"Mar 24, 12:00 am",0
"Mar 24, 01:00 am",0
"Mar 24, 02:00 am",0
"Mar 24, 03:00 am",0
"Mar 24, 04:00 am",0
"Mar 24, 05:00 am",0
"Mar 24, 06:00 am",-0
"Mar 24, 07:00 am",0.59195
"Mar 24, 08:00 am",1.45918
"Mar 24, 09:00 am",5.09334
"Mar 24, 10:00 am",8.45967
"Mar 24, 11:00 am",10.7488
"Mar 24, 12:00 pm",12.4302
"Mar 24, 01:00 pm",13.27
"Mar 24, 02:00 pm",13.2286
"Mar 24, 03:00 pm",12.303
"Mar 24, 04:00 pm",10.2064
"Mar 24, 05:00 pm",6.58583
"Mar 24, 06:00 pm",0.39442
"Mar 24, 07:00 pm",0
"Mar 24, 08:00 pm",0
"Mar 24, 09:00 pm",0
"Mar 24, 10:00 pm",0
"Mar 24, 11:00 pm",0
"Mar 25, 12:00 am",0
"Mar 25, 01:00 am",0
"Mar 25, 02:00 am",0
"Mar 25, 03:00 am",0
"Mar 25, 04:00 am",0
"Mar 25, 05:00 am",0
"Mar 25, 06:00 am",-0
"Mar 25, 07:00 am",0.661095
"Mar 25, 08:00 am",2.30784
"Mar 25, 09:00 am",4.85616
"Mar 25, 10:00 am",8.27467
"Mar 25, 11:00 am",10.1776
"Mar 25, 12:00 pm",12.9309
"Mar 25, 01:00 pm",12.229
"Mar 25, 02:00 pm",9.48372
"Mar 25, 03:00 pm",4.09375
"Mar 25, 04:00 pm",2.01538
"Mar 25, 05:00 pm",2.61233
"Mar 25, 06:00 pm",-0
"Mar 25, 07:00 pm",0
"Mar 25, 08:00 pm",0
"Mar 25, 09:00 pm",0
"Mar 25, 10:00 pm",0
"Mar 25, 11:00 pm",0
"Mar 26, 12:00 am",0
"Mar 26, 01:00 am",0
"Mar 26, 02:00 am",0
"Mar 26, 03:00 am",0
"Mar 26, 04:00 am",0
"Mar 26, 05:00 am",0
"Mar 26, 06:00 am",-0
"Mar 26, 07:00 am",0.070182
"Mar 26, 08:00 am",2.22691
"Mar 26, 09:00 am",3.83401
"Mar 26, 10:00 am",7.00561
"Mar 26, 11:00 am",8.4087
"Mar 26, 12:00 pm",7.42249
"Mar 26, 01:00 pm",5.60404
"Mar 26, 02:00 pm",3.14556
"Mar 26, 03:00 pm",7.30597
"Mar 26, 04:00 pm",6.06374
"Mar 26, 05:00 pm",6.38162
"Mar 26, 06:00 pm",0.0898779
"Mar 26, 07:00 pm",0
"Mar 26, 08:00 pm",0
"Mar 26, 09:00 pm",0
"Mar 26, 10:00 pm",0
"Mar 26, 11:00 pm",0
"Mar 27, 12:00 am",0
"Mar 27, 01:00 am",0
"Mar 27, 02:00 am",0
"Mar 27, 03:00 am",0
"Mar 27, 04:00 am",0
"Mar 27, 05:00 am",0
"Mar 27, 06:00 am",-0
"Mar 27, 07:00 am",0.78211
"Mar 27, 08:00 am",1.7831
"Mar 27, 09:00 am",5.47946
"Mar 27, 10:00 am",9.00595
"Mar 27, 11:00 am",11.4656
"Mar 27, 12:00 pm",13.1512
"Mar 27, 01:00 pm",13.9177
"Mar 27, 02:00 pm",13.8027
"Mar 27, 03:00 pm",12.6936
"Mar 27, 04:00 pm",10.4711
"Mar 27, 05:00 pm",6.74737
"Mar 27, 06:00 pm",0.384047
"Mar 27, 07:00 pm",0
"Mar 27, 08:00 pm",0
"Mar 27, 09:00 pm",0
"Mar 27, 10:00 pm",0
"Mar 27, 11:00 pm",0
"Mar 28, 12:00 am",0
"Mar 28, 01:00 am",0
"Mar 28, 02:00 am",0
"Mar 28, 03:00 am",0
"Mar 28, 04:00 am",0
"Mar 28, 05:00 am",0
"Mar 28, 06:00 am",-0
"Mar 28, 07:00 am",0.647155
"Mar 28, 08:00 am",1.69908
"Mar 28, 09:00 am",5.44851
"Mar 28, 10:00 am",8.97832
"Mar 28, 11:00 am",11.4042
"Mar 28, 12:00 pm",12.9842
"Mar 28, 01:00 pm",13.6219
"Mar 28, 02:00 pm",13.5011
"Mar 28, 03:00 pm",12.5114
"Mar 28, 04:00 pm",10.4587
"Mar 28, 05:00 pm",6.71606
"Mar 28, 06:00 pm",0.57932
"Mar 28, 07:00 pm",0
"Mar 28, 08:00 pm",0
"Mar 28, 09:00 pm",0
"Mar 28, 10:00 pm",0
"Mar 28, 11:00 pm",0
"Mar 29, 12:00 am",0
"Mar 29, 01:00 am",0
"Mar 29, 02:00 am",0
"Mar 29, 03:00 am",0
"Mar 29, 04:00 am",0
"Mar 29, 05:00 am",0
"Mar 29, 06:00 am",0.0177005
"Mar 29, 07:00 am",0.796141
"Mar 29, 08:00 am",1.99539
"Mar 29, 09:00 am",5.51086
"Mar 29, 10:00 am",8.91012
"Mar 29, 11:00 am",11.3865
"Mar 29, 12:00 pm",13.1013
"Mar 29, 01:00 pm",13.873
"Mar 29, 02:00 pm",13.6917
"Mar 29, 03:00 pm",12.5479
"Mar 29, 04:00 pm",10.0573
"Mar 29, 05:00 pm",5.94044
"Mar 29, 06:00 pm",0.194311
"Mar 29, 07:00 pm",0
"Mar 29, 08:00 pm",0
"Mar 29, 09:00 pm",0
"Mar 29, 10:00 pm",0
"Mar 29, 11:00 pm",0
"Mar 30, 12:00 am",0
"Mar 30, 01:00 am",0
"Mar 30, 02:00 am",0
"Mar 30, 03:00 am",0
"Mar 30, 04:00 am",0
"Mar 30, 05:00 am",0
"Mar 30, 06:00 am",0.017171
"Mar 30, 07:00 am",0.846904
"Mar 30, 08:00 am",1.98341
"Mar 30, 09:00 am",5.6335
"Mar 30, 10:00 am",8.93532
"Mar 30, 11:00 am",11.1822
"Mar 30, 12:00 pm",12.7894
"Mar 30, 01:00 pm",13.557
"Mar 30, 02:00 pm",13.2893
"Mar 30, 03:00 pm",12.3634
"Mar 30, 04:00 pm",10.3018
"Mar 30, 05:00 pm",6.34371
"Mar 30, 06:00 pm",0.475666
"Mar 30, 07:00 pm",0
"Mar 30, 08:00 pm",0
"Mar 30, 09:00 pm",0
"Mar 30, 10:00 pm",0
"Mar 30, 11:00 pm",0
"Mar 31, 12:00 am",0
"Mar 31, 01:00 am",0
"Mar 31, 02:00 am",0
"Mar 31, 03:00 am",0
"Mar 31, 04:00 am",0
"Mar 31, 05:00 am",0
"Mar 31, 06:00 am",0.0387991
"Mar 31, 07:00 am",0.905667
"Mar 31, 08:00 am",2.18696
"Mar 31, 09:00 am",5.84824
"Mar 31, 10:00 am",9.42466
"Mar 31, 11:00 am",11.8707
"Mar 31, 12:00 pm",13.5698
"Mar 31, 01:00 pm",14.3763
"Mar 31, 02:00 pm",14.2304
"Mar 31, 03:00 pm",13.0021
"Mar 31, 04:00 pm",10.3672
"Mar 31, 05:00 pm",7.18552
"Mar 31, 06:00 pm",1.12513
"Mar 31, 07:00 pm",0
"Mar 31, 08:00 pm",0
"Mar 31, 09:00 pm",0
"Mar 31, 10:00 pm",0
"Mar 31, 11:00 pm",0
"Apr 1, 12:00 am",0
"Apr 1, 01:00 am",0
"Apr 1, 02:00 am",0
"Apr 1, 03:00 am",0
"Apr 1, 04:00 am",0
"Apr 1, 05:00 am",0
"Apr 1, 06:00 am",0.0678438
"Apr 1, 07:00 am",0.529035
"Apr 1, 08:00 am",1.85878
"Apr 1, 09:00 am",5.6415
"Apr 1, 10:00 am",8.81345
"Apr 1, 11:00 am",10.8736
"Apr 1, 12:00 pm",12.5632
"Apr 1, 01:00 pm",13.4815
"Apr 1, 02:00 pm",13.5408
"Apr 1, 03:00 pm",12.657
"Apr 1, 04:00 pm",10.4682
"Apr 1, 05:00 pm",7.03258
"Apr 1, 06:00 pm",0.977575
"Apr 1, 07:00 pm",0
"Apr 1, 08:00 pm",0
"Apr 1, 09:00 pm",0
"Apr 1, 10:00 pm",0
"Apr 1, 11:00 pm",0
"Apr 2, 12:00 am",0
"Apr 2, 01:00 am",0
"Apr 2, 02:00 am",0
"Apr 2, 03:00 am",0
"Apr 2, 04:00 am",0
"Apr 2, 05:00 am",0
"Apr 2, 06:00 am",0.0558145
"Apr 2, 07:00 am",0.780302
"Apr 2, 08:00 am",2.02906
"Apr 2, 09:00 am",5.60852
"Apr 2, 10:00 am",8.7407
"Apr 2, 11:00 am",10.8698
"Apr 2, 12:00 pm",12.2614
"Apr 2, 01:00 pm",11.4986
"Apr 2, 02:00 pm",8.98981
"Apr 2, 03:00 pm",7.5661
"Apr 2, 04:00 pm",9.00768
"Apr 2, 05:00 pm",2.19159
"Apr 2, 06:00 pm",0.46705
"Apr 2, 07:00 pm",0
"Apr 2, 08:00 pm",0
"Apr 2, 09:00 pm",0
"Apr 2, 10:00 pm",0
"Apr 2, 11:00 pm",0
"Apr 3, 12:00 am",0
"Apr 3, 01:00 am",0
"Apr 3, 02:00 am",0
"Apr 3, 03:00 am",0
"Apr 3, 04:00 am",0
"Apr 3, 05:00 am",0
"Apr 3, 06:00 am",0.11748
"Apr 3, 07:00 am",0.641753
"Apr 3, 08:00 am",2.07901
"Apr 3, 09:00 am",5.77998
"Apr 3, 10:00 am",9.15168
"Apr 3, 11:00 am",11.3775
"Apr 3, 12:00 pm",12.8351
"Apr 3, 01:00 pm",13.7038
"Apr 3, 02:00 pm",13.7793
"Apr 3, 03:00 pm",12.7241
"Apr 3, 04:00 pm",10.3159
"Apr 3, 05:00 pm",6.25533
"Apr 3, 06:00 pm",0.448154
"Apr 3, 07:00 pm",0
"Apr 3, 08:00 pm",0
"Apr 3, 09:00 pm",0
"Apr 3, 10:00 pm",0
"Apr 3, 11:00 pm",0
"Apr 4, 12:00 am",0
"Apr 4, 01:00 am",0
"Apr 4, 02:00 am",0
"Apr 4, 03:00 am",0
"Apr 4, 04:00 am",0
"Apr 4, 05:00 am",0
"Apr 4, 06:00 am",0.100832
"Apr 4, 07:00 am",0.575737
"Apr 4, 08:00 am",2.1684
"Apr 4, 09:00 am",6.41089
"Apr 4, 10:00 am",10.0645
"Apr 4, 11:00 am",12.4342
"Apr 4, 12:00 pm",13.9613
"Apr 4, 01:00 pm",14.6632
"Apr 4, 02:00 pm",14.4817
"Apr 4, 03:00 pm",13.405
"Apr 4, 04:00 pm",11.3721
"Apr 4, 05:00 pm",7.8946
"Apr 4, 06:00 pm",1.56143
"Apr 4, 07:00 pm",0
"Apr 4, 08:00 pm",0
"Apr 4, 09:00 pm",0
"Apr 4, 10:00 pm",0
"Apr 4, 11:00 pm",0
"Apr 5, 12:00 am",0
"Apr 5, 01:00 am",0
"Apr 5, 02:00 am",0
"Apr 5, 03:00 am",0
"Apr 5, 04:00 am",0
"Apr 5, 05:00 am",0
"Apr 5, 06:00 am",0.0961064
"Apr 5, 07:00 am",0.547975
"Apr 5, 08:00 am",2.1586
"Apr 5, 09:00 am",5.98941
"Apr 5, 10:00 am",9.16
"Apr 5, 11:00 am",11.3634
"Apr 5, 12:00 pm",12.8104
"Apr 5, 01:00 pm",12.4095
"Apr 5, 02:00 pm",12.0063
"Apr 5, 03:00 pm",12.0838
"Apr 5, 04:00 pm",8.258
"Apr 5, 05:00 pm",5.1395
"Apr 5, 06:00 pm",0.269042
"Apr 5, 07:00 pm",0
"Apr 5, 08:00 pm",0
"Apr 5, 09:00 pm",0
"Apr 5, 10:00 pm",0
"Apr 5, 11:00 pm",0
"Apr 6, 12:00 am",0
"Apr 6, 01:00 am",0
"Apr 6, 02:00 am",0
"Apr 6, 03:00 am",0
"Apr 6, 04:00 am",0
"Apr 6, 05:00 am",0
"Apr 6, 06:00 am",0.083659
"Apr 6, 07:00 am",0.392927
"Apr 6, 08:00 am",2.6758
"Apr 6, 09:00 am",4.79967
"Apr 6, 10:00 am",6.08835
"Apr 6, 11:00 am",2.92802
"Apr 6, 12:00 pm",2.36892
"Apr 6, 01:00 pm",4.82917
"Apr 6, 02:00 pm",0.274897
"Apr 6, 03:00 pm",7.41553
"Apr 6, 04:00 pm",0.458265
"Apr 6, 05:00 pm",2.89617
"Apr 6, 06:00 pm",0.0501788
"Apr 6, 07:00 pm",0
"Apr 6, 08:00 pm",0
"Apr 6, 09:00 pm",0
"Apr 6, 10:00 pm",0
"Apr 6, 11:00 pm",0
"Apr 7, 12:00 am",0
"Apr 7, 01:00 am",0
"Apr 7, 02:00 am",0
"Apr 7, 03:00 am",0
"Apr 7, 04:00 am",0
"Apr 7, 05:00 am",0
"Apr 7, 06:00 am",0.0446423
"Apr 7, 07:00 am",1.31598
"Apr 7, 08:00 am",2.33582
"Apr 7, 09:00 am",6.10994
"Apr 7, 10:00 am",9.54253
"Apr 7, 11:00 am",11.9953
"Apr 7, 12:00 pm",9.69944
"Apr 7, 01:00 pm",14.3815
"Apr 7, 02:00 pm",14.3885
"Apr 7, 03:00 pm",13.2776
"Apr 7, 04:00 pm",11.0592
"Apr 7, 05:00 pm",7.33539
"Apr 7, 06:00 pm",1.15294
"Apr 7, 07:00 pm",0
"Apr 7, 08:00 pm",0
"Apr 7, 09:00 pm",0
"Apr 7, 10:00 pm",0
"Apr 7, 11:00 pm",0
"Apr 8, 12:00 am",0
"Apr 8, 01:00 am",0
"Apr 8, 02:00 am",0
"Apr 8, 03:00 am",0
"Apr 8, 04:00 am",0
"Apr 8, 05:00 am",0
"Apr 8, 06:00 am",0.164265
"Apr 8, 07:00 am",1.4223
"Apr 8, 08:00 am",2.99179
"Apr 8, 09:00 am",5.46904
"Apr 8, 10:00 am",9.62533
"Apr 8, 11:00 am",9.96864
"Apr 8, 12:00 pm",11.9104
"Apr 8, 01:00 pm",14.1091
"Apr 8, 02:00 pm",11.7641
"Apr 8, 03:00 pm",9.72557
"Apr 8, 04:00 pm",7.66703
"Apr 8, 05:00 pm",2.07156
"Apr 8, 06:00 pm",0.841987
"Apr 8, 07:00 pm",0
"Apr 8, 08:00 pm",0
"Apr 8, 09:00 pm",0
"Apr 8, 10:00 pm",0
"Apr 8, 11:00 pm",0
"Apr 9, 12:00 am",0
"Apr 9, 01:00 am",0
"Apr 9, 02:00 am",0
"Apr 9, 03:00 am",0
"Apr 9, 04:00 am",0
"Apr 9, 05:00 am",0
"Apr 9, 06:00 am",-0
"Apr 9, 07:00 am",0.900664
"Apr 9, 08:00 am",0.16746
"Apr 9, 09:00 am",1.62994
"Apr 9, 10:00 am",4.30391
"Apr 9, 11:00 am",4.67676
"Apr 9, 12:00 pm",6.13253
"Apr 9, 01:00 pm",6.02642
"Apr 9, 02:00 pm",9.5618
"Apr 9, 03:00 pm",13.7141
"Apr 9, 04:00 pm",11.499
"Apr 9, 05:00 pm",7.77969
"Apr 9, 06:00 pm",-0
"Apr 9, 07:00 pm",0
"Apr 9, 08:00 pm",0
"Apr 9, 09:00 pm",0
"Apr 9, 10:00 pm",0
"Apr 9, 11:00 pm",0
"Apr 10, 12:00 am",0
"Apr 10, 01:00 am",0
"Apr 10, 02:00 am",0
"Apr 10, 03:00 am",0
"Apr 10, 04:00 am",0
"Apr 10, 05:00 am",0
"Apr 10, 06:00 am",0.222046
"Apr 10, 07:00 am",0.665039
"Apr 10, 08:00 am",2.71913
"Apr 10, 09:00 am",6.73171
"Apr 10, 10:00 am",10.1029
"Apr 10, 11:00 am",12.2424
"Apr 10, 12:00 pm",13.9785
"Apr 10, 01:00 pm",14.8144
"Apr 10, 02:00 pm",14.5692
"Apr 10, 03:00 pm",13.4099
"Apr 10, 04:00 pm",11.1543
"Apr 10, 05:00 pm",7.36021
"Apr 10, 06:00 pm",1.48175
"Apr 10, 07:00 pm",0
"Apr 10, 08:00 pm",0
"Apr 10, 09:00 pm",0
"Apr 10, 10:00 pm",0
"Apr 10, 11:00 pm",0
"Apr 11, 12:00 am",0
"Apr 11, 01:00 am",0
"Apr 11, 02:00 am",0
"Apr 11, 03:00 am",0
"Apr 11, 04:00 am",0
"Apr 11, 05:00 am",0
"Apr 11, 06:00 am",0.239058
"Apr 11, 07:00 am",0.648432
"Apr 11, 08:00 am",2.75914
"Apr 11, 09:00 am",6.75268
"Apr 11, 10:00 am",10.0792
"Apr 11, 11:00 am",12.2037
"Apr 11, 12:00 pm",12.5231
"Apr 11, 01:00 pm",14.3218
"Apr 11, 02:00 pm",14.381
"Apr 11, 03:00 pm",13.5673
"Apr 11, 04:00 pm",11.5047
"Apr 11, 05:00 pm",8.05283
"Apr 11, 06:00 pm",2.07151
"Apr 11, 07:00 pm",0
"Apr 11, 08:00 pm",0
"Apr 11, 09:00 pm",0
"Apr 11, 10:00 pm",0
"Apr 11, 11:00 pm",0
"Apr 12, 12:00 am",0
"Apr 12, 01:00 am",0
"Apr 12, 02:00 am",0
"Apr 12, 03:00 am",0
"Apr 12, 04:00 am",0
"Apr 12, 05:00 am",0
"Apr 12, 06:00 am",-0
"Apr 12, 07:00 am",0.547856
"Apr 12, 08:00 am",2.77639
"Apr 12, 09:00 am",6.61657
"Apr 12, 10:00 am",9.82212
"Apr 12, 11:00 am",11.8245
"Apr 12, 12:00 pm",12.9869
"Apr 12, 01:00 pm",13.4252
"Apr 12, 02:00 pm",13.3705
"Apr 12, 03:00 pm",12.3756
"Apr 12, 04:00 pm",10.3298
"Apr 12, 05:00 pm",6.99994
"Apr 12, 06:00 pm",1.59722
"Apr 12, 07:00 pm",0
"Apr 12, 08:00 pm",0
"Apr 12, 09:00 pm",0
"Apr 12, 10:00 pm",0
"Apr 12, 11:00 pm",0
"Apr 13, 12:00 am",0
"Apr 13, 01:00 am",0
"Apr 13, 02:00 am",0
"Apr 13, 03:00 am",0
"Apr 13, 04:00 am",0
"Apr 13, 05:00 am",0
"Apr 13, 06:00 am",0.291542
"Apr 13, 07:00 am",0.87956
"Apr 13, 08:00 am",2.86022
"Apr 13, 09:00 am",6.63962
"Apr 13, 10:00 am",9.74938
"Apr 13, 11:00 am",11.9113
"Apr 13, 12:00 pm",13.3339
"Apr 13, 01:00 pm",14.2655
"Apr 13, 02:00 pm",14.5972
"Apr 13, 03:00 pm",13.5655
"Apr 13, 04:00 pm",11.2387
"Apr 13, 05:00 pm",7.22379
"Apr 13, 06:00 pm",1.39581
"Apr 13, 07:00 pm",0
"Apr 13, 08:00 pm",0
"Apr 13, 09:00 pm",0
"Apr 13, 10:00 pm",0
"Apr 13, 11:00 pm",0
"Apr 14, 12:00 am",0
"Apr 14, 01:00 am",0
"Apr 14, 02:00 am",0
"Apr 14, 03:00 am",0
"Apr 14, 04:00 am",0
"Apr 14, 05:00 am",0
"Apr 14, 06:00 am",0.364044
"Apr 14, 07:00 am",1.00704
"Apr 14, 08:00 am",3.05772
"Apr 14, 09:00 am",7.03592
"Apr 14, 10:00 am",10.4478
"Apr 14, 11:00 am",12.7598
"Apr 14, 12:00 pm",14.3771
"Apr 14, 01:00 pm",15.0895
"Apr 14, 02:00 pm",14.8353
"Apr 14, 03:00 pm",13.5767
"Apr 14, 04:00 pm",11.2459
"Apr 14, 05:00 pm",7.43133
"Apr 14, 06:00 pm",1.72992
"Apr 14, 07:00 pm",0
"Apr 14, 08:00 pm",0
"Apr 14, 09:00 pm",0
"Apr 14, 10:00 pm",0
"Apr 14, 11:00 pm",0
"Apr 15, 12:00 am",0
"Apr 15, 01:00 am",0
"Apr 15, 02:00 am",0
"Apr 15, 03:00 am",0
"Apr 15, 04:00 am",0
"Apr 15, 05:00 am",0
"Apr 15, 06:00 am",0.348579
"Apr 15, 07:00 am",0.860426
"Apr 15, 08:00 am",3.02458
"Apr 15, 09:00 am",6.96355
"Apr 15, 10:00 am",10.2368
"Apr 15, 11:00 am",12.4507
"Apr 15, 12:00 pm",13.9253
"Apr 15, 01:00 pm",14.5347
"Apr 15, 02:00 pm",14.3485
"Apr 15, 03:00 pm",13.2467
"Apr 15, 04:00 pm",11.0661
"Apr 15, 05:00 pm",7.60685
"Apr 15, 06:00 pm",2.18491
"Apr 15, 07:00 pm",0
"Apr 15, 08:00 pm",0
"Apr 15, 09:00 pm",0
"Apr 15, 10:00 pm",0
"Apr 15, 11:00 pm",0
"Apr 16, 12:00 am",0
"Apr 16, 01:00 am",0
"Apr 16, 02:00 am",0
"Apr 16, 03:00 am",0
"Apr 16, 04:00 am",0
"Apr 16, 05:00 am",0
"Apr 16, 06:00 am",0.334781
"Apr 16, 07:00 am",0.674311
"Apr 16, 08:00 am",2.95482
"Apr 16, 09:00 am",6.86775
"Apr 16, 10:00 am",9.98175
"Apr 16, 11:00 am",12.1311
"Apr 16, 12:00 pm",13.5625
"Apr 16, 01:00 pm",14.2084
"Apr 16, 02:00 pm",13.8987
"Apr 16, 03:00 pm",12.9158
"Apr 16, 04:00 pm",10.7686
"Apr 16, 05:00 pm",7.47135
"Apr 16, 06:00 pm",2.22948
"Apr 16, 07:00 pm",0
"Apr 16, 08:00 pm",0
"Apr 16, 09:00 pm",0
"Apr 16, 10:00 pm",0
"Apr 16, 11:00 pm",0
"Apr 17, 12:00 am",0
"Apr 17, 01:00 am",0
"Apr 17, 02:00 am",0
"Apr 17, 03:00 am",0
"Apr 17, 04:00 am",0
"Apr 17, 05:00 am",0
"Apr 17, 06:00 am",0.329306
"Apr 17, 07:00 am",0.760327
"Apr 17, 08:00 am",2.95268
"Apr 17, 09:00 am",6.64079
"Apr 17, 10:00 am",9.59366
"Apr 17, 11:00 am",11.7513
"Apr 17, 12:00 pm",13.2611
"Apr 17, 01:00 pm",13.9577
"Apr 17, 02:00 pm",14.2197
"Apr 17, 03:00 pm",12.9857
"Apr 17, 04:00 pm",10.575
"Apr 17, 05:00 pm",6.70141
"Apr 17, 06:00 pm",1.34676
"Apr 17, 07:00 pm",0
"Apr 17, 08:00 pm",0
"Apr 17, 09:00 pm",0
"Apr 17, 10:00 pm",0
"Apr 17, 11:00 pm",0
"Apr 18, 12:00 am",0
"Apr 18, 01:00 am",0
"Apr 18, 02:00 am",0
"Apr 18, 03:00 am",0
"Apr 18, 04:00 am",0
"Apr 18, 05:00 am",0
"Apr 18, 06:00 am",0.381437
"Apr 18, 07:00 am",1.06845
"Apr 18, 08:00 am",3.03606
"Apr 18, 09:00 am",6.75665
"Apr 18, 10:00 am",9.76995
"Apr 18, 11:00 am",11.9607
"Apr 18, 12:00 pm",13.4194
"Apr 18, 01:00 pm",14.0289
"Apr 18, 02:00 pm",13.8839
"Apr 18, 03:00 pm",13.0052
"Apr 18, 04:00 pm",6.84304
"Apr 18, 05:00 pm",3.68871
"Apr 18, 06:00 pm",0.00068231
"Apr 18, 07:00 pm",0
"Apr 18, 08:00 pm",0
"Apr 18, 09:00 pm",0
"Apr 18, 10:00 pm",0
"Apr 18, 11:00 pm",0
"Apr 19, 12:00 am",0
"Apr 19, 01:00 am",0
"Apr 19, 02:00 am",0
"Apr 19, 03:00 am",0
"Apr 19, 04:00 am",0
"Apr 19, 05:00 am",0
"Apr 19, 06:00 am",0.432773
"Apr 19, 07:00 am",0.99669
"Apr 19, 08:00 am",3.22504
"Apr 19, 09:00 am",6.85082
"Apr 19, 10:00 am",9.73629
"Apr 19, 11:00 am",10.9841
"Apr 19, 12:00 pm",13.0027
"Apr 19, 01:00 pm",13.5051
"Apr 19, 02:00 pm",12.4248
"Apr 19, 03:00 pm",11.7179
"Apr 19, 04:00 pm",7.16882
"Apr 19, 05:00 pm",5.56695
"Apr 19, 06:00 pm",0.70711
"Apr 19, 07:00 pm",0
"Apr 19, 08:00 pm",0
"Apr 19, 09:00 pm",0
"Apr 19, 10:00 pm",0
"Apr 19, 11:00 pm",0
"Apr 20, 12:00 am",0
"Apr 20, 01:00 am",0
"Apr 20, 02:00 am",0
"Apr 20, 03:00 am",0
"Apr 20, 04:00 am",0
"Apr 20, 05:00 am",0
"Apr 20, 06:00 am",0.445432
"Apr 20, 07:00 am",0.920924
"Apr 20, 08:00 am",3.21656
"Apr 20, 09:00 am",6.8286
"Apr 20, 10:00 am",8.32216
"Apr 20, 11:00 am",11.3491
"Apr 20, 12:00 pm",11.7511
"Apr 20, 01:00 pm",11.8062
"Apr 20, 02:00 pm",13.3552
"Apr 20, 03:00 pm",12.6465
"Apr 20, 04:00 pm",10.8502
"Apr 20, 05:00 pm",7.7612
"Apr 20, 06:00 pm",2.59109
"Apr 20, 07:00 pm",0
"Apr 20, 08:00 pm",0
"Apr 20, 09:00 pm",0
"Apr 20, 10:00 pm",0
"Apr 20, 11:00 pm",0
"Apr 21, 12:00 am",0
"Apr 21, 01:00 am",0
"Apr 21, 02:00 am",0
"Apr 21, 03:00 am",0
"Apr 21, 04:00 am",0
"Apr 21, 05:00 am",0
"Apr 21, 06:00 am",0.397097
"Apr 21, 07:00 am",0.734334
"Apr 21, 08:00 am",3.28969
"Apr 21, 09:00 am",7.0466
"Apr 21, 10:00 am",10.1902
"Apr 21, 11:00 am",12.3871
"Apr 21, 12:00 pm",13.892
"Apr 21, 01:00 pm",14.5893
"Apr 21, 02:00 pm",14.441
"Apr 21, 03:00 pm",13.2769
"Apr 21, 04:00 pm",11.0769
"Apr 21, 05:00 pm",7.50085
"Apr 21, 06:00 pm",2.22241
"Apr 21, 07:00 pm",0
"Apr 21, 08:00 pm",0
"Apr 21, 09:00 pm",0
"Apr 21, 10:00 pm",0
"Apr 21, 11:00 pm",0
"Apr 22, 12:00 am",0
"Apr 22, 01:00 am",0
"Apr 22, 02:00 am",0
"Apr 22, 03:00 am",0
"Apr 22, 04:00 am",0
"Apr 22, 05:00 am",0
"Apr 22, 06:00 am",0.410098
"Apr 22, 07:00 am",0.772904
"Apr 22, 08:00 am",3.35851
"Apr 22, 09:00 am",7.0679
"Apr 22, 10:00 am",10.0741
"Apr 22, 11:00 am",12.1755
"Apr 22, 12:00 pm",13.5933
"Apr 22, 01:00 pm",14.2374
"Apr 22, 02:00 pm",14.0623
"Apr 22, 03:00 pm",13.1088
"Apr 22, 04:00 pm",11.0854
"Apr 22, 05:00 pm",7.72849
"Apr 22, 06:00 pm",2.68531
"Apr 22, 07:00 pm",0
"Apr 22, 08:00 pm",0
"Apr 22, 09:00 pm",0
"Apr 22, 10:00 pm",0
"Apr 22, 11:00 pm",0
"Apr 23, 12:00 am",0
"Apr 23, 01:00 am",0
"Apr 23, 02:00 am",0
"Apr 23, 03:00 am",0
"Apr 23, 04:00 am",0
"Apr 23, 05:00 am",0
"Apr 23, 06:00 am",0.279187
"Apr 23, 07:00 am",0.95582
"Apr 23, 08:00 am",2.49011
"Apr 23, 09:00 am",7.04522
"Apr 23, 10:00 am",8.7056
"Apr 23, 11:00 am",11.5835
"Apr 23, 12:00 pm",12.4867
"Apr 23, 01:00 pm",11.4413
"Apr 23, 02:00 pm",11.3807
"Apr 23, 03:00 pm",10.5196
"Apr 23, 04:00 pm",7.64662
"Apr 23, 05:00 pm",5.72606
"Apr 23, 06:00 pm",0.683474
"Apr 23, 07:00 pm",0
"Apr 23, 08:00 pm",0
"Apr 23, 09:00 pm",0
"Apr 23, 10:00 pm",0
"Apr 23, 11:00 pm",0
"Apr 24, 12:00 am",0
"Apr 24, 01:00 am",0
"Apr 24, 02:00 am",0
"Apr 24, 03:00 am",0
"Apr 24, 04:00 am",0
"Apr 24, 05:00 am",0
"Apr 24, 06:00 am",0.52633
"Apr 24, 07:00 am",1.10228
"Apr 24, 08:00 am",3.564
"Apr 24, 09:00 am",7.10365
"Apr 24, 10:00 am",10.16
"Apr 24, 11:00 am",12.2384
"Apr 24, 12:00 pm",13.7522
"Apr 24, 01:00 pm",14.5387
"Apr 24, 02:00 pm",14.4804
"Apr 24, 03:00 pm",11.788
"Apr 24, 04:00 pm",10.0427
"Apr 24, 05:00 pm",6.34916
"Apr 24, 06:00 pm",1.46133
"Apr 24, 07:00 pm",0
"Apr 24, 08:00 pm",0
"Apr 24, 09:00 pm",0
"Apr 24, 10:00 pm",0
"Apr 24, 11:00 pm",0
"Apr 25, 12:00 am",0
"Apr 25, 01:00 am",0
"Apr 25, 02:00 am",0
"Apr 25, 03:00 am",0
"Apr 25, 04:00 am",0
"Apr 25, 05:00 am",0
"Apr 25, 06:00 am",0.608587
"Apr 25, 07:00 am",1.17091
"Apr 25, 08:00 am",3.63542
"Apr 25, 09:00 am",7.20514
"Apr 25, 10:00 am",10.1254
"Apr 25, 11:00 am",12.2281
"Apr 25, 12:00 pm",13.5649
"Apr 25, 01:00 pm",14.1499
"Apr 25, 02:00 pm",13.9852
"Apr 25, 03:00 pm",12.9837
"Apr 25, 04:00 pm",10.7145
"Apr 25, 05:00 pm",7.0316
"Apr 25, 06:00 pm",1.87583
"Apr 25, 07:00 pm",0
"Apr 25, 08:00 pm",0
"Apr 25, 09:00 pm",0
"Apr 25, 10:00 pm",0
"Apr 25, 11:00 pm",0
"Apr 26, 12:00 am",0
"Apr 26, 01:00 am",0
"Apr 26, 02:00 am",0
"Apr 26, 03:00 am",0
"Apr 26, 04:00 am",0
"Apr 26, 05:00 am",0
"Apr 26, 06:00 am",0.510481
"Apr 26, 07:00 am",0.914164
"Apr 26, 08:00 am",3.71429
"Apr 26, 09:00 am",7.57674
"Apr 26, 10:00 am",10.8032
"Apr 26, 11:00 am",12.9283
"Apr 26, 12:00 pm",14.4351
"Apr 26, 01:00 pm",15.1369
"Apr 26, 02:00 pm",14.8918
"Apr 26, 03:00 pm",13.7781
"Apr 26, 04:00 pm",11.5663
"Apr 26, 05:00 pm",8.17755
"Apr 26, 06:00 pm",2.99608
"Apr 26, 07:00 pm",0
"Apr 26, 08:00 pm",0
"Apr 26, 09:00 pm",0
"Apr 26, 10:00 pm",0
"Apr 26, 11:00 pm",0
"Apr 27, 12:00 am",0
"Apr 27, 01:00 am",0
"Apr 27, 02:00 am",0
"Apr 27, 03:00 am",0
"Apr 27, 04:00 am",0
"Apr 27, 05:00 am",0
"Apr 27, 06:00 am",0.359493
"Apr 27, 07:00 am",0.650391
"Apr 27, 08:00 am",3.72408
"Apr 27, 09:00 am",7.66657
"Apr 27, 10:00 am",10.7303
"Apr 27, 11:00 am",12.8828
"Apr 27, 12:00 pm",14.1483
"Apr 27, 01:00 pm",14.6297
"Apr 27, 02:00 pm",14.432
"Apr 27, 03:00 pm",13.5177
"Apr 27, 04:00 pm",11.7016
"Apr 27, 05:00 pm",8.49073
"Apr 27, 06:00 pm",3.62548
"Apr 27, 07:00 pm",0
"Apr 27, 08:00 pm",0
"Apr 27, 09:00 pm",0
"Apr 27, 10:00 pm",0
"Apr 27, 11:00 pm",0
"Apr 28, 12:00 am",0
"Apr 28, 01:00 am",0
"Apr 28, 02:00 am",0
"Apr 28, 03:00 am",0
"Apr 28, 04:00 am",0
"Apr 28, 05:00 am",0
"Apr 28, 06:00 am",0.392954
"Apr 28, 07:00 am",0.737115
"Apr 28, 08:00 am",3.61717
"Apr 28, 09:00 am",7.38144
"Apr 28, 10:00 am",10.3878
"Apr 28, 11:00 am",12.441
"Apr 28, 12:00 pm",13.6887
"Apr 28, 01:00 pm",14.0701
"Apr 28, 02:00 pm",13.6521
"Apr 28, 03:00 pm",12.5752
"Apr 28, 04:00 pm",10.5184
"Apr 28, 05:00 pm",7.43055
"Apr 28, 06:00 pm",2.8064
"Apr 28, 07:00 pm",0
"Apr 28, 08:00 pm",0
"Apr 28, 09:00 pm",0
"Apr 28, 10:00 pm",0
"Apr 28, 11:00 pm",0
"Apr 29, 12:00 am",0
"Apr 29, 01:00 am",0
"Apr 29, 02:00 am",0
"Apr 29, 03:00 am",0
"Apr 29, 04:00 am",0
"Apr 29, 05:00 am",0
"Apr 29, 06:00 am",0.476948
"Apr 29, 07:00 am",0.826958
"Apr 29, 08:00 am",3.75318
"Apr 29, 09:00 am",7.52341
"Apr 29, 10:00 am",10.6239
"Apr 29, 11:00 am",12.928
"Apr 29, 12:00 pm",14.4547
"Apr 29, 01:00 pm",15.125
"Apr 29, 02:00 pm",14.9307
"Apr 29, 03:00 pm",13.8347
"Apr 29, 04:00 pm",11.702
"Apr 29, 05:00 pm",8.40065
"Apr 29, 06:00 pm",3.32952
"Apr 29, 07:00 pm",0
"Apr 29, 08:00 pm",0
"Apr 29, 09:00 pm",0
"Apr 29, 10:00 pm",0
"Apr 29, 11:00 pm",0
"Apr 30, 12:00 am",0
"Apr 30, 01:00 am",0
"Apr 30, 02:00 am",0
"Apr 30, 03:00 am",0
"Apr 30, 04:00 am",0
"Apr 30, 05:00 am",0
"Apr 30, 06:00 am",0.566377
"Apr 30, 07:00 am",0.952408
"Apr 30, 08:00 am",4.04371
"Apr 30, 09:00 am",7.98578
"Apr 30, 10:00 am",11.2145
"Apr 30, 11:00 am",13.5142
"Apr 30, 12:00 pm",14.9798
"Apr 30, 01:00 pm",15.9707
"Apr 30, 02:00 pm",15.7359
"Apr 30, 03:00 pm",14.3783
"Apr 30, 04:00 pm",12.0369
"Apr 30, 05:00 pm",7.6273
"Apr 30, 06:00 pm",2.76944
"Apr 30, 07:00 pm",0
"Apr 30, 08:00 pm",0
"Apr 30, 09:00 pm",0
"Apr 30, 10:00 pm",0
"Apr 30, 11:00 pm",0
"May 1, 12:00 am",0
"May 1, 01:00 am",0
"May 1, 02:00 am",0
"May 1, 03:00 am",0
"May 1, 04:00 am",0
"May 1, 05:00 am",0
"May 1, 06:00 am",0.595353
"May 1, 07:00 am",1.1146
"May 1, 08:00 am",3.82152
"May 1, 09:00 am",7.48247
"May 1, 10:00 am",10.3865
"May 1, 11:00 am",12.6284
"May 1, 12:00 pm",14.1167
"May 1, 01:00 pm",14.8625
"May 1, 02:00 pm",14.8185
"May 1, 03:00 pm",13.6444
"May 1, 04:00 pm",11.5043
"May 1, 05:00 pm",8.10777
"May 1, 06:00 pm",3.02544
"May 1, 07:00 pm",0
"May 1, 08:00 pm",0
"May 1, 09:00 pm",0
"May 1, 10:00 pm",0
"May 1, 11:00 pm",0
"May 2, 12:00 am",0
"May 2, 01:00 am",0
"May 2, 02:00 am",0
"May 2, 03:00 am",0
"May 2, 04:00 am",0
"May 2, 05:00 am",0
"May 2, 06:00 am",0.557137
"May 2, 07:00 am",0.933449
"May 2, 08:00 am",3.9138
"May 2, 09:00 am",7.45809
"May 2, 10:00 am",10.1168
"May 2, 11:00 am",12.0497
"May 2, 12:00 pm",13.1934
"May 2, 01:00 pm",13.5793
"May 2, 02:00 pm",13.6063
"May 2, 03:00 pm",13.021
"May 2, 04:00 pm",11.1423
"May 2, 05:00 pm",7.95182
"May 2, 06:00 pm",2.76449
"May 2, 07:00 pm",0
"May 2, 08:00 pm",0
"May 2, 09:00 pm",0
"May 2, 10:00 pm",0
"May 2, 11:00 pm",0
"May 3, 12:00 am",0
"May 3, 01:00 am",0
"May 3, 02:00 am",0
"May 3, 03:00 am",0
"May 3, 04:00 am",0
"May 3, 05:00 am",0
"May 3, 06:00 am",0.628783
"May 3, 07:00 am",1.42651
"May 3, 08:00 am",4.09687
"May 3, 09:00 am",8.10546
"May 3, 10:00 am",11.3531
"May 3, 11:00 am",13.7189
"May 3, 12:00 pm",15.2484
"May 3, 01:00 pm",15.9338
"May 3, 02:00 pm",15.7166
"May 3, 03:00 pm",14.5188
"May 3, 04:00 pm",12.3224
"May 3, 05:00 pm",8.85749
"May 3, 06:00 pm",3.69201
"May 3, 07:00 pm",0
"May 3, 08:00 pm",0
"May 3, 09:00 pm",0
"May 3, 10:00 pm",0
"May 3, 11:00 pm",0
"May 4, 12:00 am",0
"May 4, 01:00 am",0
"May 4, 02:00 am",0
"May 4, 03:00 am",0
"May 4, 04:00 am",0
"May 4, 05:00 am",0
"May 4, 06:00 am",0.534596
"May 4, 07:00 am",0.944989
"May 4, 08:00 am",4.10857
"May 4, 09:00 am",7.99062
"May 4, 10:00 am",10.9592
"May 4, 11:00 am",13.2014
"May 4, 12:00 pm",14.6095
"May 4, 01:00 pm",15.1628
"May 4, 02:00 pm",14.9531
"May 4, 03:00 pm",13.9633
"May 4, 04:00 pm",11.7538
"May 4, 05:00 pm",8.49091
"May 4, 06:00 pm",3.61667
"May 4, 07:00 pm",0
"May 4, 08:00 pm",0
"May 4, 09:00 pm",0
"May 4, 10:00 pm",0
"May 4, 11:00 pm",0
"May 5, 12:00 am",0
"May 5, 01:00 am",0
"May 5, 02:00 am",0
"May 5, 03:00 am",0
"May 5, 04:00 am",0
"May 5, 05:00 am",0
"May 5, 06:00 am",0.512915
"May 5, 07:00 am",0.889078
"May 5, 08:00 am",4.01966
"May 5, 09:00 am",7.80173
"May 5, 10:00 am",10.7636
"May 5, 11:00 am",13.0519
"May 5, 12:00 pm",14.6088
"May 5, 01:00 pm",15.2534
"May 5, 02:00 pm",15.0888
"May 5, 03:00 pm",13.9697
"May 5, 04:00 pm",11.8863
"May 5, 05:00 pm",8.6967
"May 5, 06:00 pm",3.69841
"May 5, 07:00 pm",0
"May 5, 08:00 pm",0
"May 5, 09:00 pm",0
"May 5, 10:00 pm",0
"May 5, 11:00 pm",0
"May 6, 12:00 am",0
"May 6, 01:00 am",0
"May 6, 02:00 am",0
"May 6, 03:00 am",0
"May 6, 04:00 am",0
"May 6, 05:00 am",0
"May 6, 06:00 am",0.689111
"May 6, 07:00 am",1.24046
"May 6, 08:00 am",4.03367
"May 6, 09:00 am",7.59417
"May 6, 10:00 am",10.5094
"May 6, 11:00 am",12.7966
"May 6, 12:00 pm",14.2709
"May 6, 01:00 pm",14.9114
"May 6, 02:00 pm",14.7735
"May 6, 03:00 pm",13.559
"May 6, 04:00 pm",11.4977
"May 6, 05:00 pm",8.30577
"May 6, 06:00 pm",3.49266
"May 6, 07:00 pm",0
"May 6, 08:00 pm",0
"May 6, 09:00 pm",0
"May 6, 10:00 pm",0
"May 6, 11:00 pm",0
"May 7, 12:00 am",0
"May 7, 01:00 am",0
"May 7, 02:00 am",0
"May 7, 03:00 am",0
"May 7, 04:00 am",0
"May 7, 05:00 am",0
"May 7, 06:00 am",0.643554
"May 7, 07:00 am",1.21889
"May 7, 08:00 am",4.04684
"May 7, 09:00 am",7.46448
"May 7, 10:00 am",10.1183
"May 7, 11:00 am",12.1216
"May 7, 12:00 pm",13.3882
"May 7, 01:00 pm",13.8862
"May 7, 02:00 pm",13.6758
"May 7, 03:00 pm",12.7158
"May 7, 04:00 pm",10.8996
"May 7, 05:00 pm",8.105
"May 7, 06:00 pm",3.62047
"May 7, 07:00 pm",0
"May 7, 08:00 pm",0
"May 7, 09:00 pm",0
"May 7, 10:00 pm",0
"May 7, 11:00 pm",0
"May 8, 12:00 am",0
"May 8, 01:00 am",0
"May 8, 02:00 am",0
"May 8, 03:00 am",0
"May 8, 04:00 am",0
"May 8, 05:00 am",0
"May 8, 06:00 am",0.529062
"May 8, 07:00 am",0.980686
"May 8, 08:00 am",4.02828
"May 8, 09:00 am",7.6
"May 8, 10:00 am",10.164
"May 8, 11:00 am",11.8067
"May 8, 12:00 pm",12.7242
"May 8, 01:00 pm",13.5176
"May 8, 02:00 pm",13.6394
"May 8, 03:00 pm",12.7863
"May 8, 04:00 pm",11.056
"May 8, 05:00 pm",8.19339
"May 8, 06:00 pm",3.70162
"May 8, 07:00 pm",0
"May 8, 08:00 pm",0
"May 8, 09:00 pm",0
"May 8, 10:00 pm",0
"May 8, 11:00 pm",0
"May 9, 12:00 am",0
"May 9, 01:00 am",0
"May 9, 02:00 am",0
"May 9, 03:00 am",0
"May 9, 04:00 am",0
"May 9, 05:00 am",0
"May 9, 06:00 am",0.581778
"May 9, 07:00 am",1.06798
"May 9, 08:00 am",3.98912
"May 9, 09:00 am",7.30404
"May 9, 10:00 am",10.0235
"May 9, 11:00 am",12.1302
"May 9, 12:00 pm",13.615
"May 9, 01:00 pm",14.3019
"May 9, 02:00 pm",14.2257
"May 9, 03:00 pm",13.3102
"May 9, 04:00 pm",11.3197
"May 9, 05:00 pm",8.19955
"May 9, 06:00 pm",3.49613
"May 9, 07:00 pm",0
"May 9, 08:00 pm",0
"May 9, 09:00 pm",0
"May 9, 10:00 pm",0
"May 9, 11:00 pm",0
"May 10, 12:00 am",0
"May 10, 01:00 am",0
"May 10, 02:00 am",0
"May 10, 03:00 am",0
"May 10, 04:00 am",0
"May 10, 05:00 am",0
"May 10, 06:00 am",0.640199
"May 10, 07:00 am",1.20241
"May 10, 08:00 am",4.0467
"May 10, 09:00 am",7.50966
"May 10, 10:00 am",10.3003
"May 10, 11:00 am",12.4453
"May 10, 12:00 pm",13.8894
"May 10, 01:00 pm",14.5212
"May 10, 02:00 pm",14.3781
"May 10, 03:00 pm",13.3842
"May 10, 04:00 pm",11.3244
"May 10, 05:00 pm",8.25434
"May 10, 06:00 pm",3.57897
"May 10, 07:00 pm",0
"May 10, 08:00 pm",0
"May 10, 09:00 pm",0
"May 10, 10:00 pm",0
"May 10, 11:00 pm",0
"May 11, 12:00 am",0
"May 11, 01:00 am",0
"May 11, 02:00 am",0
"May 11, 03:00 am",0
"May 11, 04:00 am",0
"May 11, 05:00 am",0
"May 11, 06:00 am",0.602985
"May 11, 07:00 am",1.16504
"May 11, 08:00 am",4.10855
"May 11, 09:00 am",7.64556
"May 11, 10:00 am",10.3886
"May 11, 11:00 am",12.4581
"May 11, 12:00 pm",13.8692
"May 11, 01:00 pm",14.523
"May 11, 02:00 pm",14.3877
"May 11, 03:00 pm",13.3789
"May 11, 04:00 pm",11.3629
"May 11, 05:00 pm",8.218
"May 11, 06:00 pm",3.56362
"May 11, 07:00 pm",0
"May 11, 08:00 pm",0
"May 11, 09:00 pm",0
"May 11, 10:00 pm",0
"May 11, 11:00 pm",0
"May 12, 12:00 am",0
"May 12, 01:00 am",0
"May 12, 02:00 am",0
"May 12, 03:00 am",0
"May 12, 04:00 am",0
"May 12, 05:00 am",-0
"May 12, 06:00 am",0.725952
"May 12, 07:00 am",1.34391
"May 12, 08:00 am",4.14924
"May 12, 09:00 am",7.56437
"May 12, 10:00 am",10.2411
"May 12, 11:00 am",12.258
"May 12, 12:00 pm",13.6157
"May 12, 01:00 pm",14.176
"May 12, 02:00 pm",13.8798
"May 12, 03:00 pm",12.6986
"May 12, 04:00 pm",7.3788
"May 12, 05:00 pm",3.61678
"May 12, 06:00 pm",0.262934
"May 12, 07:00 pm",0
"May 12, 08:00 pm",0
"May 12, 09:00 pm",0
"May 12, 10:00 pm",0
"May 12, 11:00 pm",0
"May 13, 12:00 am",0
"May 13, 01:00 am",0
"May 13, 02:00 am",0
"May 13, 03:00 am",0
"May 13, 04:00 am",0
"May 13, 05:00 am",-0
"May 13, 06:00 am",0.645197
"May 13, 07:00 am",1.37618
"May 13, 08:00 am",4.12907
"May 13, 09:00 am",7.39668
"May 13, 10:00 am",9.84436
"May 13, 11:00 am",8.39971
"May 13, 12:00 pm",12.8118
"May 13, 01:00 pm",12.7397
"May 13, 02:00 pm",12.7155
"May 13, 03:00 pm",11.0392
"May 13, 04:00 pm",10.598
"May 13, 05:00 pm",5.87194
"May 13, 06:00 pm",3.10813
"May 13, 07:00 pm",0
"May 13, 08:00 pm",0
"May 13, 09:00 pm",0
"May 13, 10:00 pm",0
"May 13, 11:00 pm",0
"May 14, 12:00 am",0
"May 14, 01:00 am",0
"May 14, 02:00 am",0
"May 14, 03:00 am",0
"May 14, 04:00 am",0
"May 14, 05:00 am",-0
"May 14, 06:00 am",0.719086
"May 14, 07:00 am",1.39933
"May 14, 08:00 am",4.22533
"May 14, 09:00 am",7.60597
"May 14, 10:00 am",10.3465
"May 14, 11:00 am",12.4422
"May 14, 12:00 pm",13.8952
"May 14, 01:00 pm",14.634
"May 14, 02:00 pm",14.4618
"May 14, 03:00 pm",13.5573
"May 14, 04:00 pm",11.5807
"May 14, 05:00 pm",8.44963
"May 14, 06:00 pm",1.15582
"May 14, 07:00 pm",0
"May 14, 08:00 pm",0
"May 14, 09:00 pm",0
"May 14, 10:00 pm",0
"May 14, 11:00 pm",0
"May 15, 12:00 am",0
"May 15, 01:00 am",0
"May 15, 02:00 am",0
"May 15, 03:00 am",0
"May 15, 04:00 am",0
"May 15, 05:00 am",-0
"May 15, 06:00 am",0.582335
"May 15, 07:00 am",1.1345
"May 15, 08:00 am",4.26113
"May 15, 09:00 am",7.87903
"May 15, 10:00 am",10.6578
"May 15, 11:00 am",12.8257
"May 15, 12:00 pm",14.3067
"May 15, 01:00 pm",15.0289
"May 15, 02:00 pm",14.9065
"May 15, 03:00 pm",13.8605
"May 15, 04:00 pm",11.9918
"May 15, 05:00 pm",9.01447
"May 15, 06:00 pm",1.07217
"May 15, 07:00 pm",0
"May 15, 08:00 pm",0
"May 15, 09:00 pm",0
"May 15, 10:00 pm",0
"May 15, 11:00 pm",0
"May 16, 12:00 am",0
"May 16, 01:00 am",0
"May 16, 02:00 am",0
"May 16, 03:00 am",0
"May 16, 04:00 am",0
"May 16, 05:00 am",-0
"May 16, 06:00 am",0.498644
"May 16, 07:00 am",1.1251
"May 16, 08:00 am",4.28925
"May 16, 09:00 am",7.86835
"May 16, 10:00 am",10.5411
"May 16, 11:00 am",12.5973
"May 16, 12:00 pm",14.0568
"May 16, 01:00 pm",14.791
"May 16, 02:00 pm",14.8078
"May 16, 03:00 pm",13.9056
"May 16, 04:00 pm",12.0119
"May 16, 05:00 pm",9.20199
"May 16, 06:00 pm",4.90865
"May 16, 07:00 pm",0
"May 16, 08:00 pm",0
"May 16, 09:00 pm",0
"May 16, 10:00 pm",0
"May 16, 11:00 pm",0
"May 17, 12:00 am",0
"May 17, 01:00 am",0
"May 17, 02:00 am",0
"May 17, 03:00 am",0
"May 17, 04:00 am",0
"May 17, 05:00 am",-0
"May 17, 06:00 am",0.454599
"May 17, 07:00 am",1.2096
"May 17, 08:00 am",4.16513
"May 17, 09:00 am",6.90001
"May 17, 10:00 am",9.99983
"May 17, 11:00 am",11.3691
"May 17, 12:00 pm",9.71601
"May 17, 01:00 pm",14.1402
"May 17, 02:00 pm",14.1576
"May 17, 03:00 pm",13.2566
"May 17, 04:00 pm",11.447
"May 17, 05:00 pm",8.59656
"May 17, 06:00 pm",4.22661
"May 17, 07:00 pm",0
"May 17, 08:00 pm",0
"May 17, 09:00 pm",0
"May 17, 10:00 pm",0
"May 17, 11:00 pm",0
"May 18, 12:00 am",0
"May 18, 01:00 am",0
"May 18, 02:00 am",0
"May 18, 03:00 am",0
"May 18, 04:00 am",0
"May 18, 05:00 am",-0
"May 18, 06:00 am",0.60276
"May 18, 07:00 am",1.18625
"May 18, 08:00 am",4.16123
"May 18, 09:00 am",3.84487
"May 18, 10:00 am",10.2289
"May 18, 11:00 am",12.295
"May 18, 12:00 pm",10.8845
"May 18, 01:00 pm",9.88224
"May 18, 02:00 pm",10.0438
"May 18, 03:00 pm",0.386367
"May 18, 04:00 pm",8.03425
"May 18, 05:00 pm",3.02741
"May 18, 06:00 pm",1.24486
"May 18, 07:00 pm",0
"May 18, 08:00 pm",0
"May 18, 09:00 pm",0
"May 18, 10:00 pm",0
"May 18, 11:00 pm",0
"May 19, 12:00 am",0
"May 19, 01:00 am",0
"May 19, 02:00 am",0
"May 19, 03:00 am",0
"May 19, 04:00 am",0
"May 19, 05:00 am",-0
"May 19, 06:00 am",-0
"May 19, 07:00 am",1.21288
"May 19, 08:00 am",1.72571
"May 19, 09:00 am",6.21933
"May 19, 10:00 am",9.26295
"May 19, 11:00 am",5.35783
"May 19, 12:00 pm",9.6857
"May 19, 01:00 pm",10.5328
"May 19, 02:00 pm",11.9812
"May 19, 03:00 pm",5.24838
"May 19, 04:00 pm",2.41632
"May 19, 05:00 pm",-0
"May 19, 06:00 pm",0.56603
"May 19, 07:00 pm",0
"May 19, 08:00 pm",0
"May 19, 09:00 pm",0
"May 19, 10:00 pm",0
"May 19, 11:00 pm",0
"May 20, 12:00 am",0
"May 20, 01:00 am",0
"May 20, 02:00 am",0
"May 20, 03:00 am",0
"May 20, 04:00 am",0
"May 20, 05:00 am",-0
"May 20, 06:00 am",0.618326
"May 20, 07:00 am",1.26442
"May 20, 08:00 am",4.30488
"May 20, 09:00 am",7.78295
"May 20, 10:00 am",10.3292
"May 20, 11:00 am",12.18
"May 20, 12:00 pm",13.1865
"May 20, 01:00 pm",13.5585
"May 20, 02:00 pm",13.3811
"May 20, 03:00 pm",12.6961
"May 20, 04:00 pm",10.8707
"May 20, 05:00 pm",8.13768
"May 20, 06:00 pm",3.79599
"May 20, 07:00 pm",0
"May 20, 08:00 pm",0
"May 20, 09:00 pm",0
"May 20, 10:00 pm",0
"May 20, 11:00 pm",0
"May 21, 12:00 am",0
"May 21, 01:00 am",0
"May 21, 02:00 am",0
"May 21, 03:00 am",0
"May 21, 04:00 am",0
"May 21, 05:00 am",-0
"May 21, 06:00 am",0.574664
"May 21, 07:00 am",1.22995
"May 21, 08:00 am",4.36675
"May 21, 09:00 am",7.82357
"May 21, 10:00 am",10.2246
"May 21, 11:00 am",11.9228
"May 21, 12:00 pm",12.8107
"May 21, 01:00 pm",13.2545
"May 21, 02:00 pm",13.1425
"May 21, 03:00 pm",12.4082
"May 21, 04:00 pm",10.938
"May 21, 05:00 pm",8.48369
"May 21, 06:00 pm",4.57357
"May 21, 07:00 pm",0
"May 21, 08:00 pm",0
"May 21, 09:00 pm",0
"May 21, 10:00 pm",0
"May 21, 11:00 pm",0
"May 22, 12:00 am",0
"May 22, 01:00 am",0
"May 22, 02:00 am",0
"May 22, 03:00 am",0
"May 22, 04:00 am",0
"May 22, 05:00 am",-0
"May 22, 06:00 am",0.48687
"May 22, 07:00 am",1.17659
"May 22, 08:00 am",4.34151
"May 22, 09:00 am",7.81028
"May 22, 10:00 am",10.2714
"May 22, 11:00 am",12.0347
"May 22, 12:00 pm",13.1449
"May 22, 01:00 pm",13.7453
"May 22, 02:00 pm",13.7733
"May 22, 03:00 pm",13.0475
"May 22, 04:00 pm",11.4599
"May 22, 05:00 pm",8.7758
"May 22, 06:00 pm",4.74858
"May 22, 07:00 pm",0
"May 22, 08:00 pm",0
"May 22, 09:00 pm",0
"May 22, 10:00 pm",0
"May 22, 11:00 pm",0
"May 23, 12:00 am",0
"May 23, 01:00 am",0
"May 23, 02:00 am",0
"May 23, 03:00 am",0
"May 23, 04:00 am",0
"May 23, 05:00 am",-0
"May 23, 06:00 am",0.443212
"May 23, 07:00 am",1.15794
"May 23, 08:00 am",4.45659
"May 23, 09:00 am",7.80897
"May 23, 10:00 am",10.2093
"May 23, 11:00 am",12.0078
"May 23, 12:00 pm",13.328
"May 23, 01:00 pm",14.0309
"May 23, 02:00 pm",13.9775
"May 23, 03:00 pm",13.1516
"May 23, 04:00 pm",11.4681
"May 23, 05:00 pm",8.843
"May 23, 06:00 pm",4.9374
"May 23, 07:00 pm",0
"May 23, 08:00 pm",0
"May 23, 09:00 pm",0
"May 23, 10:00 pm",0
"May 23, 11:00 pm",0
"May 24, 12:00 am",0
"May 24, 01:00 am",0
"May 24, 02:00 am",0
"May 24, 03:00 am",0
"May 24, 04:00 am",0
"May 24, 05:00 am",-0
"May 24, 06:00 am",0.476714
"May 24, 07:00 am",1.20851
"May 24, 08:00 am",4.3399
"May 24, 09:00 am",7.63713
"May 24, 10:00 am",10.0931
"May 24, 11:00 am",12.23
"May 24, 12:00 pm",13.7209
"May 24, 01:00 pm",14.424
"May 24, 02:00 pm",14.3646
"May 24, 03:00 pm",13.4188
"May 24, 04:00 pm",11.6207
"May 24, 05:00 pm",8.75058
"May 24, 06:00 pm",4.6283
"May 24, 07:00 pm",0
"May 24, 08:00 pm",0
"May 24, 09:00 pm",0
"May 24, 10:00 pm",0
"May 24, 11:00 pm",0
"May 25, 12:00 am",0
"May 25, 01:00 am",0
"May 25, 02:00 am",0
"May 25, 03:00 am",0
"May 25, 04:00 am",0
"May 25, 05:00 am",-0
"May 25, 06:00 am",0.5651
"May 25, 07:00 am",1.22729
"May 25, 08:00 am",4.33357
"May 25, 09:00 am",7.76806
"May 25, 10:00 am",10.4029
"May 25, 11:00 am",12.4507
"May 25, 12:00 pm",13.8792
"May 25, 01:00 pm",14.6625
"May 25, 02:00 pm",14.6323
"May 25, 03:00 pm",13.6937
"May 25, 04:00 pm",11.8545
"May 25, 05:00 pm",8.91998
"May 25, 06:00 pm",4.64572
"May 25, 07:00 pm",0
"May 25, 08:00 pm",0
"May 25, 09:00 pm",0
"May 25, 10:00 pm",0
"May 25, 11:00 pm",0
"May 26, 12:00 am",0
"May 26, 01:00 am",0
"May 26, 02:00 am",0
"May 26, 03:00 am",0
"May 26, 04:00 am",0
"May 26, 05:00 am",-0
"May 26, 06:00 am",0.563353
"May 26, 07:00 am",2.11448
"May 26, 08:00 am",4.36558
"May 26, 09:00 am",7.79636
"May 26, 10:00 am",10.4012
"May 26, 11:00 am",11.817
"May 26, 12:00 pm",12.9965
"May 26, 01:00 pm",13.9248
"May 26, 02:00 pm",13.8283
"May 26, 03:00 pm",13.6735
"May 26, 04:00 pm",11.802
"May 26, 05:00 pm",6.92436
"May 26, 06:00 pm",4.24597
"May 26, 07:00 pm",0
"May 26, 08:00 pm",0
"May 26, 09:00 pm",0
"May 26, 10:00 pm",0
"May 26, 11:00 pm",0
"May 27, 12:00 am",0
"May 27, 01:00 am",0
"May 27, 02:00 am",0
"May 27, 03:00 am",0
"May 27, 04:00 am",0
"May 27, 05:00 am",-0
"May 27, 06:00 am",0.431024
"May 27, 07:00 am",1.2375
"May 27, 08:00 am",4.27281
"May 27, 09:00 am",7.06491
"May 27, 10:00 am",9.25735
"May 27, 11:00 am",11.0072
"May 27, 12:00 pm",12.1729
"May 27, 01:00 pm",12.5596
"May 27, 02:00 pm",9.30587
"May 27, 03:00 pm",3.84019
"May 27, 04:00 pm",5.10525
"May 27, 05:00 pm",3.33112
"May 27, 06:00 pm",0.0590916
"May 27, 07:00 pm",0
"May 27, 08:00 pm",0
"May 27, 09:00 pm",0
"May 27, 10:00 pm",0
"May 27, 11:00 pm",0
"May 28, 12:00 am",0
"May 28, 01:00 am",0
"May 28, 02:00 am",0
"May 28, 03:00 am",0
"May 28, 04:00 am",0
"May 28, 05:00 am",-0
"May 28, 06:00 am",0.697149
"May 28, 07:00 am",1.47606
"May 28, 08:00 am",4.70411
"May 28, 09:00 am",8.17815
"May 28, 10:00 am",10.8083
"May 28, 11:00 am",12.7341
"May 28, 12:00 pm",14.0537
"May 28, 01:00 pm",14.6538
"May 28, 02:00 pm",14.5355
"May 28, 03:00 pm",13.5101
"May 28, 04:00 pm",11.6973
"May 28, 05:00 pm",8.90562
"May 28, 06:00 pm",4.75709
"May 28, 07:00 pm",-0
"May 28, 08:00 pm",0
"May 28, 09:00 pm",0
"May 28, 10:00 pm",0
"May 28, 11:00 pm",0
"May 29, 12:00 am",0
"May 29, 01:00 am",0
"May 29, 02:00 am",0
"May 29, 03:00 am",0
"May 29, 04:00 am",0
"May 29, 05:00 am",-0
"May 29, 06:00 am",0.59575
"May 29, 07:00 am",1.3534
"May 29, 08:00 am",4.5262
"May 29, 09:00 am",7.74283
"May 29, 10:00 am",10.2884
"May 29, 11:00 am",12.2802
"May 29, 12:00 pm",13.5652
"May 29, 01:00 pm",14.1083
"May 29, 02:00 pm",13.9281
"May 29, 03:00 pm",13.0078
"May 29, 04:00 pm",9.24645
"May 29, 05:00 pm",7.42761
"May 29, 06:00 pm",3.59651
"May 29, 07:00 pm",-0
"May 29, 08:00 pm",0
"May 29, 09:00 pm",0
"May 29, 10:00 pm",0
"May 29, 11:00 pm",0
"May 30, 12:00 am",0
"May 30, 01:00 am",0
"May 30, 02:00 am",0
"May 30, 03:00 am",0
"May 30, 04:00 am",0
"May 30, 05:00 am",0.00267445
"May 30, 06:00 am",0.615238
"May 30, 07:00 am",1.34708
"May 30, 08:00 am",4.4991
"May 30, 09:00 am",7.83376
"May 30, 10:00 am",10.3832
"May 30, 11:00 am",12.3241
"May 30, 12:00 pm",13.6511
"May 30, 01:00 pm",14.2388
"May 30, 02:00 pm",14.0728
"May 30, 03:00 pm",13.1616
"May 30, 04:00 pm",11.2547
"May 30, 05:00 pm",8.44946
"May 30, 06:00 pm",4.39969
"May 30, 07:00 pm",-0
"May 30, 08:00 pm",0
"May 30, 09:00 pm",0
"May 30, 10:00 pm",0
"May 30, 11:00 pm",0
"May 31, 12:00 am",0
"May 31, 01:00 am",0
"May 31, 02:00 am",0
"May 31, 03:00 am",0
"May 31, 04:00 am",0
"May 31, 05:00 am",0.0026648
"May 31, 06:00 am",0.579575
"May 31, 07:00 am",1.31886
"May 31, 08:00 am",4.45517
"May 31, 09:00 am",7.77025
"May 31, 10:00 am",10.2143
"May 31, 11:00 am",12.1606
"May 31, 12:00 pm",13.556
"May 31, 01:00 pm",14.2995
"May 31, 02:00 pm",14.3477
"May 31, 03:00 pm",13.4435
"May 31, 04:00 pm",11.6987
"May 31, 05:00 pm",8.70016
"May 31, 06:00 pm",4.74622
"May 31, 07:00 pm",-0
"May 31, 08:00 pm",0
"May 31, 09:00 pm",0
"May 31, 10:00 pm",0
"May 31, 11:00 pm",0
"Jun 1, 12:00 am",0
"Jun 1, 01:00 am",0
"Jun 1, 02:00 am",0
"Jun 1, 03:00 am",0
"Jun 1, 04:00 am",0
"Jun 1, 05:00 am",0.012651
"Jun 1, 06:00 am",0.523325
"Jun 1, 07:00 am",1.30056
"Jun 1, 08:00 am",4.41267
"Jun 1, 09:00 am",7.69421
"Jun 1, 10:00 am",10.0202
"Jun 1, 11:00 am",11.8626
"Jun 1, 12:00 pm",13.1877
"Jun 1, 01:00 pm",12.2649
"Jun 1, 02:00 pm",13.842
"Jun 1, 03:00 pm",12.9577
"Jun 1, 04:00 pm",11.3122
"Jun 1, 05:00 pm",8.65486
"Jun 1, 06:00 pm",4.68161
"Jun 1, 07:00 pm",-0
"Jun 1, 08:00 pm",0
"Jun 1, 09:00 pm",0
"Jun 1, 10:00 pm",0
"Jun 1, 11:00 pm",0
"Jun 2, 12:00 am",0
"Jun 2, 01:00 am",0
"Jun 2, 02:00 am",0
"Jun 2, 03:00 am",0
"Jun 2, 04:00 am",0
"Jun 2, 05:00 am",-0
"Jun 2, 06:00 am",0.6429
"Jun 2, 07:00 am",1.4079
"Jun 2, 08:00 am",4.49242
"Jun 2, 09:00 am",7.79958
"Jun 2, 10:00 am",10.3817
"Jun 2, 11:00 am",12.2825
"Jun 2, 12:00 pm",13.6664
"Jun 2, 01:00 pm",14.4293
"Jun 2, 02:00 pm",14.3067
"Jun 2, 03:00 pm",13.4563
"Jun 2, 04:00 pm",11.5412
"Jun 2, 05:00 pm",8.68649
"Jun 2, 06:00 pm",4.62615
"Jun 2, 07:00 pm",-0
"Jun 2, 08:00 pm",0
"Jun 2, 09:00 pm",0
"Jun 2, 10:00 pm",0
"Jun 2, 11:00 pm",0
"Jun 3, 12:00 am",0
"Jun 3, 01:00 am",0
"Jun 3, 02:00 am",0
"Jun 3, 03:00 am",0
"Jun 3, 04:00 am",0
"Jun 3, 05:00 am",0.0121539
"Jun 3, 06:00 am",0.509371
"Jun 3, 07:00 am",1.3269
"Jun 3, 08:00 am",4.50397
"Jun 3, 09:00 am",7.97392
"Jun 3, 10:00 am",10.5581
"Jun 3, 11:00 am",12.5312
"Jun 3, 12:00 pm",13.8678
"Jun 3, 01:00 pm",14.5326
"Jun 3, 02:00 pm",14.4595
"Jun 3, 03:00 pm",13.5882
"Jun 3, 04:00 pm",11.8254
"Jun 3, 05:00 pm",8.97791
"Jun 3, 06:00 pm",4.87315
"Jun 3, 07:00 pm",-0
"Jun 3, 08:00 pm",0
"Jun 3, 09:00 pm",0
"Jun 3, 10:00 pm",0
"Jun 3, 11:00 pm",0
"Jun 4, 12:00 am",0
"Jun 4, 01:00 am",0
"Jun 4, 02:00 am",0
"Jun 4, 03:00 am",0
"Jun 4, 04:00 am",0
"Jun 4, 05:00 am",0.0315702
"Jun 4, 06:00 am",0.505316
"Jun 4, 07:00 am",1.30843
"Jun 4, 08:00 am",4.38803
"Jun 4, 09:00 am",7.69406
"Jun 4, 10:00 am",10.1992
"Jun 4, 11:00 am",12.1035
"Jun 4, 12:00 pm",13.3898
"Jun 4, 01:00 pm",14.0138
"Jun 4, 02:00 pm",13.704
"Jun 4, 03:00 pm",12.8701
"Jun 4, 04:00 pm",11.1518
"Jun 4, 05:00 pm",8.28809
"Jun 4, 06:00 pm",4.22865
"Jun 4, 07:00 pm",-0
"Jun 4, 08:00 pm",0
"Jun 4, 09:00 pm",0
"Jun 4, 10:00 pm",0
"Jun 4, 11:00 pm",0
"Jun 5, 12:00 am",0
"Jun 5, 01:00 am",0
"Jun 5, 02:00 am",0
"Jun 5, 03:00 am",0
"Jun 5, 04:00 am",0
"Jun 5, 05:00 am",-0
"Jun 5, 06:00 am",0.727732
"Jun 5, 07:00 am",1.57141
"Jun 5, 08:00 am",4.53839
"Jun 5, 09:00 am",7.77439
"Jun 5, 10:00 am",10.1084
"Jun 5, 11:00 am",11.7358
"Jun 5, 12:00 pm",12.9711
"Jun 5, 01:00 pm",13.6654
"Jun 5, 02:00 pm",13.6039
"Jun 5, 03:00 pm",12.8036
"Jun 5, 04:00 pm",11.2906
"Jun 5, 05:00 pm",8.6963
"Jun 5, 06:00 pm",4.92721
"Jun 5, 07:00 pm",-0
"Jun 5, 08:00 pm",0
"Jun 5, 09:00 pm",0
"Jun 5, 10:00 pm",0
"Jun 5, 11:00 pm",0
"Jun 6, 12:00 am",0
"Jun 6, 01:00 am",0
"Jun 6, 02:00 am",0
"Jun 6, 03:00 am",0
"Jun 6, 04:00 am",0
"Jun 6, 05:00 am",0.0116718
"Jun 6, 06:00 am",0.535581
"Jun 6, 07:00 am",1.29764
"Jun 6, 08:00 am",4.48343
"Jun 6, 09:00 am",7.77979
"Jun 6, 10:00 am",10.0616
"Jun 6, 11:00 am",11.6377
"Jun 6, 12:00 pm",12.9071
"Jun 6, 01:00 pm",13.7264
"Jun 6, 02:00 pm",13.5958
"Jun 6, 03:00 pm",12.7802
"Jun 6, 04:00 pm",11.0218
"Jun 6, 05:00 pm",8.04215
"Jun 6, 06:00 pm",3.9339
"Jun 6, 07:00 pm",-0
"Jun 6, 08:00 pm",0
"Jun 6, 09:00 pm",0
"Jun 6, 10:00 pm",0
"Jun 6, 11:00 pm",0
"Jun 7, 12:00 am",0
"Jun 7, 01:00 am",0
"Jun 7, 02:00 am",0
"Jun 7, 03:00 am",0
"Jun 7, 04:00 am",0
"Jun 7, 05:00 am",0.00173832
"Jun 7, 06:00 am",0.731387
"Jun 7, 07:00 am",1.54269
"Jun 7, 08:00 am",4.4165
"Jun 7, 09:00 am",7.48583
"Jun 7, 10:00 am",9.77835
"Jun 7, 11:00 am",11.7249
"Jun 7, 12:00 pm",13.1525
"Jun 7, 01:00 pm",13.8878
"Jun 7, 02:00 pm",13.9885
"Jun 7, 03:00 pm",13.1447
"Jun 7, 04:00 pm",11.5052
"Jun 7, 05:00 pm",8.79179
"Jun 7, 06:00 pm",4.84172
"Jun 7, 07:00 pm",-0
"Jun 7, 08:00 pm",0
"Jun 7, 09:00 pm",0
"Jun 7, 10:00 pm",0
"Jun 7, 11:00 pm",0
"Jun 8, 12:00 am",0
"Jun 8, 01:00 am",0
"Jun 8, 02:00 am",0
"Jun 8, 03:00 am",0
"Jun 8, 04:00 am",0
"Jun 8, 05:00 am",0.0111734
"Jun 8, 06:00 am",0.570669
"Jun 8, 07:00 am",1.33842
"Jun 8, 08:00 am",4.51623
"Jun 8, 09:00 am",8.00993
"Jun 8, 10:00 am",10.6718
"Jun 8, 11:00 am",12.8221
"Jun 8, 12:00 pm",14.2073
"Jun 8, 01:00 pm",14.8025
"Jun 8, 02:00 pm",14.5513
"Jun 8, 03:00 pm",13.4978
"Jun 8, 04:00 pm",11.4861
"Jun 8, 05:00 pm",8.46152
"Jun 8, 06:00 pm",4.27143
"Jun 8, 07:00 pm",-0
"Jun 8, 08:00 pm",0
"Jun 8, 09:00 pm",0
"Jun 8, 10:00 pm",0
"Jun 8, 11:00 pm",0
"Jun 9, 12:00 am",0
"Jun 9, 01:00 am",0
"Jun 9, 02:00 am",0
"Jun 9, 03:00 am",0
"Jun 9, 04:00 am",0
"Jun 9, 05:00 am",0.0116295
"Jun 9, 06:00 am",0.628029
"Jun 9, 07:00 am",1.39734
"Jun 9, 08:00 am",4.51616
"Jun 9, 09:00 am",7.79918
"Jun 9, 10:00 am",10.3054
"Jun 9, 11:00 am",12.1968
"Jun 9, 12:00 pm",13.616
"Jun 9, 01:00 pm",14.3448
"Jun 9, 02:00 pm",14.5453
"Jun 9, 03:00 pm",13.6653
"Jun 9, 04:00 pm",11.9641
"Jun 9, 05:00 pm",9.23678
"Jun 9, 06:00 pm",5.34043
"Jun 9, 07:00 pm",-0
"Jun 9, 08:00 pm",0
"Jun 9, 09:00 pm",0
"Jun 9, 10:00 pm",0
"Jun 9, 11:00 pm",0
"Jun 10, 12:00 am",0
"Jun 10, 01:00 am",0
"Jun 10, 02:00 am",0
"Jun 10, 03:00 am",0
"Jun 10, 04:00 am",0
"Jun 10, 05:00 am",0.0210597
"Jun 10, 06:00 am",0.516327
"Jun 10, 07:00 am",1.34436
"Jun 10, 08:00 am",4.46669
"Jun 10, 09:00 am",7.82178
"Jun 10, 10:00 am",10.3841
"Jun 10, 11:00 am",11.3301
"Jun 10, 12:00 pm",13.8623
"Jun 10, 01:00 pm",14.5711
"Jun 10, 02:00 pm",14.4179
"Jun 10, 03:00 pm",13.4559
"Jun 10, 04:00 pm",11.543
"Jun 10, 05:00 pm",8.61748
"Jun 10, 06:00 pm",4.58841
"Jun 10, 07:00 pm",-0
"Jun 10, 08:00 pm",0
"Jun 10, 09:00 pm",0
"Jun 10, 10:00 pm",0
"Jun 10, 11:00 pm",0
"Jun 11, 12:00 am",0
"Jun 11, 01:00 am",0
"Jun 11, 02:00 am",0
"Jun 11, 03:00 am",0
"Jun 11, 04:00 am",0
"Jun 11, 05:00 am",0.0116669
"Jun 11, 06:00 am",0.640274
"Jun 11, 07:00 am",1.40034
"Jun 11, 08:00 am",4.4514
"Jun 11, 09:00 am",7.48655
"Jun 11, 10:00 am",9.64689
"Jun 11, 11:00 am",11.4876
"Jun 11, 12:00 pm",12.6492
"Jun 11, 01:00 pm",13.138
"Jun 11, 02:00 pm",13.1042
"Jun 11, 03:00 pm",12.3768
"Jun 11, 04:00 pm",10.9412
"Jun 11, 05:00 pm",8.3796
"Jun 11, 06:00 pm",3.84149
"Jun 11, 07:00 pm",-0
"Jun 11, 08:00 pm",0
"Jun 11, 09:00 pm",0
"Jun 11, 10:00 pm",0
"Jun 11, 11:00 pm",0
"Jun 12, 12:00 am",0
"Jun 12, 01:00 am",0
"Jun 12, 02:00 am",0
"Jun 12, 03:00 am",0
"Jun 12, 04:00 am",0
"Jun 12, 05:00 am",0.0101223
"Jun 12, 06:00 am",0.593832
"Jun 12, 07:00 am",1.38135
"Jun 12, 08:00 am",4.43361
"Jun 12, 09:00 am",7.61933
"Jun 12, 10:00 am",9.6081
"Jun 12, 11:00 am",10.7441
"Jun 12, 12:00 pm",12.777
"Jun 12, 01:00 pm",13.6867
"Jun 12, 02:00 pm",13.8496
"Jun 12, 03:00 pm",12.8862
"Jun 12, 04:00 pm",11.1076
"Jun 12, 05:00 pm",8.31192
"Jun 12, 06:00 pm",4.40363
"Jun 12, 07:00 pm",-0
"Jun 12, 08:00 pm",0
"Jun 12, 09:00 pm",0
"Jun 12, 10:00 pm",0
"Jun 12, 11:00 pm",0
"Jun 13, 12:00 am",0
"Jun 13, 01:00 am",0
"Jun 13, 02:00 am",0
"Jun 13, 03:00 am",0
"Jun 13, 04:00 am",0
"Jun 13, 05:00 am",-0
"Jun 13, 06:00 am",0.838399
"Jun 13, 07:00 am",1.72769
"Jun 13, 08:00 am",4.42944
"Jun 13, 09:00 am",5.71954
"Jun 13, 10:00 am",8.21169
"Jun 13, 11:00 am",11.2606
"Jun 13, 12:00 pm",12.3192
"Jun 13, 01:00 pm",12.5101
"Jun 13, 02:00 pm",12.4301
"Jun 13, 03:00 pm",11.7345
"Jun 13, 04:00 pm",10.3624
"Jun 13, 05:00 pm",7.93067
"Jun 13, 06:00 pm",4.23969
"Jun 13, 07:00 pm",-0
"Jun 13, 08:00 pm",0
"Jun 13, 09:00 pm",0
"Jun 13, 10:00 pm",0
"Jun 13, 11:00 pm",0
"Jun 14, 12:00 am",0
"Jun 14, 01:00 am",0
"Jun 14, 02:00 am",0
"Jun 14, 03:00 am",0
"Jun 14, 04:00 am",0
"Jun 14, 05:00 am",-0
"Jun 14, 06:00 am",0.91322
"Jun 14, 07:00 am",1.8366
"Jun 14, 08:00 am",4.46285
"Jun 14, 09:00 am",7.3495
"Jun 14, 10:00 am",9.73991
"Jun 14, 11:00 am",11.9625
"Jun 14, 12:00 pm",13.3537
"Jun 14, 01:00 pm",14.0649
"Jun 14, 02:00 pm",13.9937
"Jun 14, 03:00 pm",13.2564
"Jun 14, 04:00 pm",11.5282
"Jun 14, 05:00 pm",8.86995
"Jun 14, 06:00 pm",5.04439
"Jun 14, 07:00 pm",-0
"Jun 14, 08:00 pm",0
"Jun 14, 09:00 pm",0
"Jun 14, 10:00 pm",0
"Jun 14, 11:00 pm",0
"Jun 15, 12:00 am",0
"Jun 15, 01:00 am",0
"Jun 15, 02:00 am",0
"Jun 15, 03:00 am",0
"Jun 15, 04:00 am",0
"Jun 15, 05:00 am",0.0106456
"Jun 15, 06:00 am",0.680894
"Jun 15, 07:00 am",1.48385
"Jun 15, 08:00 am",4.3129
"Jun 15, 09:00 am",7.43109
"Jun 15, 10:00 am",9.74994
"Jun 15, 11:00 am",11.6091
"Jun 15, 12:00 pm",12.8465
"Jun 15, 01:00 pm",13.398
"Jun 15, 02:00 pm",13.2305
"Jun 15, 03:00 pm",12.3774
"Jun 15, 04:00 pm",10.6585
"Jun 15, 05:00 pm",7.95038
"Jun 15, 06:00 pm",4.16236
"Jun 15, 07:00 pm",-0
"Jun 15, 08:00 pm",0
"Jun 15, 09:00 pm",0
"Jun 15, 10:00 pm",0
"Jun 15, 11:00 pm",0
"Jun 16, 12:00 am",0
"Jun 16, 01:00 am",0
"Jun 16, 02:00 am",0
"Jun 16, 03:00 am",0
"Jun 16, 04:00 am",0
"Jun 16, 05:00 am",0.011162
"Jun 16, 06:00 am",0.646253
"Jun 16, 07:00 am",1.39404
"Jun 16, 08:00 am",4.40408
"Jun 16, 09:00 am",7.59464
"Jun 16, 10:00 am",9.9552
"Jun 16, 11:00 am",11.3882
"Jun 16, 12:00 pm",12.5916
"Jun 16, 01:00 pm",13.3851
"Jun 16, 02:00 pm",13.4627
"Jun 16, 03:00 pm",12.8623
"Jun 16, 04:00 pm",11.2542
"Jun 16, 05:00 pm",8.69045
"Jun 16, 06:00 pm",4.94655
"Jun 16, 07:00 pm",-0
"Jun 16, 08:00 pm",0
"Jun 16, 09:00 pm",0
"Jun 16, 10:00 pm",0
"Jun 16, 11:00 pm",0
"Jun 17, 12:00 am",0
"Jun 17, 01:00 am",0
"Jun 17, 02:00 am",0
"Jun 17, 03:00 am",0
"Jun 17, 04:00 am",0
"Jun 17, 05:00 am",0.0106592
"Jun 17, 06:00 am",0.452646
"Jun 17, 07:00 am",1.26445
"Jun 17, 08:00 am",4.5303
"Jun 17, 09:00 am",7.81952
"Jun 17, 10:00 am",10.0629
"Jun 17, 11:00 am",11.8418
"Jun 17, 12:00 pm",13.3792
"Jun 17, 01:00 pm",14.1642
"Jun 17, 02:00 pm",14.1639
"Jun 17, 03:00 pm",13.3793
"Jun 17, 04:00 pm",11.7683
"Jun 17, 05:00 pm",9.14594
"Jun 17, 06:00 pm",5.45145
"Jun 17, 07:00 pm",0.192046
"Jun 17, 08:00 pm",0
"Jun 17, 09:00 pm",0
"Jun 17, 10:00 pm",0
"Jun 17, 11:00 pm",0
"Jun 18, 12:00 am",0
"Jun 18, 01:00 am",0
"Jun 18, 02:00 am",0
"Jun 18, 03:00 am",0
"Jun 18, 04:00 am",0
"Jun 18, 05:00 am",0.0111508
"Jun 18, 06:00 am",0.561416
"Jun 18, 07:00 am",1.30312
"Jun 18, 08:00 am",4.47197
"Jun 18, 09:00 am",7.73588
"Jun 18, 10:00 am",10.1812
"Jun 18, 11:00 am",12.2239
"Jun 18, 12:00 pm",13.597
"Jun 18, 01:00 pm",14.2605
"Jun 18, 02:00 pm",14.4055
"Jun 18, 03:00 pm",13.5923
"Jun 18, 04:00 pm",11.9347
"Jun 18, 05:00 pm",9.42488
"Jun 18, 06:00 pm",5.70833
"Jun 18, 07:00 pm",0.238902
"Jun 18, 08:00 pm",0
"Jun 18, 09:00 pm",0
"Jun 18, 10:00 pm",0
"Jun 18, 11:00 pm",0
"Jun 19, 12:00 am",0
"Jun 19, 01:00 am",0
"Jun 19, 02:00 am",0
"Jun 19, 03:00 am",0
"Jun 19, 04:00 am",0
"Jun 19, 05:00 am",0.0121715
"Jun 19, 06:00 am",0.607862
"Jun 19, 07:00 am",1.37129
"Jun 19, 08:00 am",4.55833
"Jun 19, 09:00 am",7.96733
"Jun 19, 10:00 am",10.3926
"Jun 19, 11:00 am",12.1332
"Jun 19, 12:00 pm",13.1402
"Jun 19, 01:00 pm",13.4668
"Jun 19, 02:00 pm",13.258
"Jun 19, 03:00 pm",12.489
"Jun 19, 04:00 pm",10.8863
"Jun 19, 05:00 pm",8.38471
"Jun 19, 06:00 pm",4.78832
"Jun 19, 07:00 pm",0.0685416
"Jun 19, 08:00 pm",0
"Jun 19, 09:00 pm",0
"Jun 19, 10:00 pm",0
"Jun 19, 11:00 pm",0
"Jun 20, 12:00 am",0
"Jun 20, 01:00 am",0
"Jun 20, 02:00 am",0
"Jun 20, 03:00 am",0
"Jun 20, 04:00 am",0
"Jun 20, 05:00 am",0.0126677
"Jun 20, 06:00 am",0.538144
"Jun 20, 07:00 am",1.27279
"Jun 20, 08:00 am",4.42706
"Jun 20, 09:00 am",7.71343
"Jun 20, 10:00 am",10.0005
"Jun 20, 11:00 am",11.8431
"Jun 20, 12:00 pm",13.269
"Jun 20, 01:00 pm",14.114
"Jun 20, 02:00 pm",14.0887
"Jun 20, 03:00 pm",13.2872
"Jun 20, 04:00 pm",11.6815
"Jun 20, 05:00 pm",9.0047
"Jun 20, 06:00 pm",5.10709
"Jun 20, 07:00 pm",0.106266
"Jun 20, 08:00 pm",0
"Jun 20, 09:00 pm",0
"Jun 20, 10:00 pm",0
"Jun 20, 11:00 pm",0
"Jun 21, 12:00 am",0
"Jun 21, 01:00 am",0
"Jun 21, 02:00 am",0
"Jun 21, 03:00 am",0
"Jun 21, 04:00 am",0
"Jun 21, 05:00 am",0.00264971
"Jun 21, 06:00 am",0.59375
"Jun 21, 07:00 am",1.3194
"Jun 21, 08:00 am",4.45903
"Jun 21, 09:00 am",7.15379
"Jun 21, 10:00 am",9.42218
"Jun 21, 11:00 am",11.5028
"Jun 21, 12:00 pm",12.1485
"Jun 21, 01:00 pm",9.23358
"Jun 21, 02:00 pm",14.1966
"Jun 21, 03:00 pm",13.4148
"Jun 21, 04:00 pm",11.6228
"Jun 21, 05:00 pm",8.73151
"Jun 21, 06:00 pm",4.72525
"Jun 21, 07:00 pm",0.0559122
"Jun 21, 08:00 pm",0
"Jun 21, 09:00 pm",0
"Jun 21, 10:00 pm",0
"Jun 21, 11:00 pm",0
"Jun 22, 12:00 am",0
"Jun 22, 01:00 am",0
"Jun 22, 02:00 am",0
"Jun 22, 03:00 am",0
"Jun 22, 04:00 am",0
"Jun 22, 05:00 am",0.00172514
"Jun 22, 06:00 am",0.580565
"Jun 22, 07:00 am",1.15376
"Jun 22, 08:00 am",4.34425
"Jun 22, 09:00 am",7.74824
"Jun 22, 10:00 am",8.43353
"Jun 22, 11:00 am",9.57077
"Jun 22, 12:00 pm",10.0329
"Jun 22, 01:00 pm",12.1635
"Jun 22, 02:00 pm",13.86
"Jun 22, 03:00 pm",13.0739
"Jun 22, 04:00 pm",11.5484
"Jun 22, 05:00 pm",8.88485
"Jun 22, 06:00 pm",5.01277
"Jun 22, 07:00 pm",0.0965163
"Jun 22, 08:00 pm",0
"Jun 22, 09:00 pm",0
"Jun 22, 10:00 pm",0
"Jun 22, 11:00 pm",0
"Jun 23, 12:00 am",0
"Jun 23, 01:00 am",0
"Jun 23, 02:00 am",0
"Jun 23, 03:00 am",0
"Jun 23, 04:00 am",0
"Jun 23, 05:00 am",-0
"Jun 23, 06:00 am",0.641424
"Jun 23, 07:00 am",1.35479
"Jun 23, 08:00 am",4.37521
"Jun 23, 09:00 am",7.54822
"Jun 23, 10:00 am",10.1374
"Jun 23, 11:00 am",12.2304
"Jun 23, 12:00 pm",13.6964
"Jun 23, 01:00 pm",14.4212
"Jun 23, 02:00 pm",14.4741
"Jun 23, 03:00 pm",13.5633
"Jun 23, 04:00 pm",11.8271
"Jun 23, 05:00 pm",9.04971
"Jun 23, 06:00 pm",5.11668
"Jun 23, 07:00 pm",0.00861497
"Jun 23, 08:00 pm",0
"Jun 23, 09:00 pm",0
"Jun 23, 10:00 pm",0
"Jun 23, 11:00 pm",0
"Jun 24, 12:00 am",0
"Jun 24, 01:00 am",0
"Jun 24, 02:00 am",0
"Jun 24, 03:00 am",0
"Jun 24, 04:00 am",0
"Jun 24, 05:00 am",0.00219701
"Jun 24, 06:00 am",0.527223
"Jun 24, 07:00 am",1.21667
"Jun 24, 08:00 am",4.30153
"Jun 24, 09:00 am",7.52145
"Jun 24, 10:00 am",9.79926
"Jun 24, 11:00 am",10.842
"Jun 24, 12:00 pm",13.0387
"Jun 24, 01:00 pm",12.2241
"Jun 24, 02:00 pm",11.1285
"Jun 24, 03:00 pm",12.6058
"Jun 24, 04:00 pm",10.9647
"Jun 24, 05:00 pm",8.33362
"Jun 24, 06:00 pm",4.68117
"Jun 24, 07:00 pm",0.00860378
"Jun 24, 08:00 pm",0
"Jun 24, 09:00 pm",0
"Jun 24, 10:00 pm",0
"Jun 24, 11:00 pm",0
"Jun 25, 12:00 am",0
"Jun 25, 01:00 am",0
"Jun 25, 02:00 am",0
"Jun 25, 03:00 am",0
"Jun 25, 04:00 am",0
"Jun 25, 05:00 am",0.0126677
"Jun 25, 06:00 am",0.474978
"Jun 25, 07:00 am",1.20951
"Jun 25, 08:00 am",4.30099
"Jun 25, 09:00 am",7.67923
"Jun 25, 10:00 am",10.0254
"Jun 25, 11:00 am",11.4744
"Jun 25, 12:00 pm",12.4118
"Jun 25, 01:00 pm",12.957
"Jun 25, 02:00 pm",13.0486
"Jun 25, 03:00 pm",12.4752
"Jun 25, 04:00 pm",11.0882
"Jun 25, 05:00 pm",8.75766
"Jun 25, 06:00 pm",5.04822
"Jun 25, 07:00 pm",0.140784
"Jun 25, 08:00 pm",0
"Jun 25, 09:00 pm",0
"Jun 25, 10:00 pm",0
"Jun 25, 11:00 pm",0
"Jun 26, 12:00 am",0
"Jun 26, 01:00 am",0
"Jun 26, 02:00 am",0
"Jun 26, 03:00 am",0
"Jun 26, 04:00 am",0
"Jun 26, 05:00 am",-0
"Jun 26, 06:00 am",0.502953
"Jun 26, 07:00 am",1.25828
"Jun 26, 08:00 am",4.37798
"Jun 26, 09:00 am",7.89404
"Jun 26, 10:00 am",10.6122
"Jun 26, 11:00 am",12.7369
"Jun 26, 12:00 pm",14.2056
"Jun 26, 01:00 pm",14.9017
"Jun 26, 02:00 pm",14.7361
"Jun 26, 03:00 pm",13.7441
"Jun 26, 04:00 pm",12.0687
"Jun 26, 05:00 pm",9.3805
"Jun 26, 06:00 pm",5.55095
"Jun 26, 07:00 pm",0.250366
"Jun 26, 08:00 pm",0
"Jun 26, 09:00 pm",0
"Jun 26, 10:00 pm",0
"Jun 26, 11:00 pm",0
"Jun 27, 12:00 am",0
"Jun 27, 01:00 am",0
"Jun 27, 02:00 am",0
"Jun 27, 03:00 am",0
"Jun 27, 04:00 am",0
"Jun 27, 05:00 am",-0
"Jun 27, 06:00 am",0.539039
"Jun 27, 07:00 am",1.23682
"Jun 27, 08:00 am",4.29278
"Jun 27, 09:00 am",7.42663
"Jun 27, 10:00 am",9.83249
"Jun 27, 11:00 am",11.7408
"Jun 27, 12:00 pm",13.0987
"Jun 27, 01:00 pm",13.7104
"Jun 27, 02:00 pm",13.7197
"Jun 27, 03:00 pm",12.737
"Jun 27, 04:00 pm",10.9296
"Jun 27, 05:00 pm",8.31213
"Jun 27, 06:00 pm",4.79054
"Jun 27, 07:00 pm",0.153837
"Jun 27, 08:00 pm",0
"Jun 27, 09:00 pm",0
"Jun 27, 10:00 pm",0
"Jun 27, 11:00 pm",0
"Jun 28, 12:00 am",0
"Jun 28, 01:00 am",0
"Jun 28, 02:00 am",0
"Jun 28, 03:00 am",0
"Jun 28, 04:00 am",0
"Jun 28, 05:00 am",-0
"Jun 28, 06:00 am",0.671205
"Jun 28, 07:00 am",1.35984
"Jun 28, 08:00 am",4.16577
"Jun 28, 09:00 am",7.37764
"Jun 28, 10:00 am",9.82224
"Jun 28, 11:00 am",11.442
"Jun 28, 12:00 pm",12.5584
"Jun 28, 01:00 pm",13.0783
"Jun 28, 02:00 pm",12.8209
"Jun 28, 03:00 pm",11.7025
"Jun 28, 04:00 pm",9.80395
"Jun 28, 05:00 pm",7.90479
"Jun 28, 06:00 pm",4.31832
"Jun 28, 07:00 pm",0.0480786
"Jun 28, 08:00 pm",0
"Jun 28, 09:00 pm",0
"Jun 28, 10:00 pm",0
"Jun 28, 11:00 pm",0
"Jun 29, 12:00 am",0
"Jun 29, 01:00 am",0
"Jun 29, 02:00 am",0
"Jun 29, 03:00 am",0
"Jun 29, 04:00 am",0
"Jun 29, 05:00 am",-0
"Jun 29, 06:00 am",0.179908
"Jun 29, 07:00 am",1.90454
"Jun 29, 08:00 am",3.99594
"Jun 29, 09:00 am",5.34559
"Jun 29, 10:00 am",9.347
"Jun 29, 11:00 am",11.0578
"Jun 29, 12:00 pm",12.3935
"Jun 29, 01:00 pm",13.0123
"Jun 29, 02:00 pm",12.875
"Jun 29, 03:00 pm",11.8598
"Jun 29, 04:00 pm",9.95719
"Jun 29, 05:00 pm",7.22191
"Jun 29, 06:00 pm",3.5369
"Jun 29, 07:00 pm",-0
"Jun 29, 08:00 pm",0
"Jun 29, 09:00 pm",0
"Jun 29, 10:00 pm",0
"Jun 29, 11:00 pm",0
"Jun 30, 12:00 am",0
"Jun 30, 01:00 am",0
"Jun 30, 02:00 am",0
"Jun 30, 03:00 am",0
"Jun 30, 04:00 am",0
"Jun 30, 05:00 am",-0
"Jun 30, 06:00 am",0.672752
"Jun 30, 07:00 am",2.01741
"Jun 30, 08:00 am",4.38134
"Jun 30, 09:00 am",7.09666
"Jun 30, 10:00 am",9.4385
"Jun 30, 11:00 am",11.4301
"Jun 30, 12:00 pm",12.7524
"Jun 30, 01:00 pm",13.4093
"Jun 30, 02:00 pm",13.0081
"Jun 30, 03:00 pm",11.999
"Jun 30, 04:00 pm",7.00899
"Jun 30, 05:00 pm",8.98883
"Jun 30, 06:00 pm",5.29219
"Jun 30, 07:00 pm",0.208863
"Jun 30, 08:00 pm",0
"Jun 30, 09:00 pm",0
"Jun 30, 10:00 pm",0
"Jun 30, 11:00 pm",0
"Jul 1, 12:00 am",0
"Jul 1, 01:00 am",0
"Jul 1, 02:00 am",0
"Jul 1, 03:00 am",0
"Jul 1, 04:00 am",0
"Jul 1, 05:00 am",-0
"Jul 1, 06:00 am",0.584809
"Jul 1, 07:00 am",1.23142
"Jul 1, 08:00 am",4.29104
"Jul 1, 09:00 am",7.68852
"Jul 1, 10:00 am",10.2973
"Jul 1, 11:00 am",12.3576
"Jul 1, 12:00 pm",13.7584
"Jul 1, 01:00 pm",14.4973
"Jul 1, 02:00 pm",14.2964
"Jul 1, 03:00 pm",13.4181
"Jul 1, 04:00 pm",11.7462
"Jul 1, 05:00 pm",9.0293
"Jul 1, 06:00 pm",5.278
"Jul 1, 07:00 pm",0.21426
"Jul 1, 08:00 pm",0
"Jul 1, 09:00 pm",0
"Jul 1, 10:00 pm",0
"Jul 1, 11:00 pm",0
"Jul 2, 12:00 am",0
"Jul 2, 01:00 am",0
"Jul 2, 02:00 am",0
"Jul 2, 03:00 am",0
"Jul 2, 04:00 am",0
"Jul 2, 05:00 am",-0
"Jul 2, 06:00 am",0.48724
"Jul 2, 07:00 am",1.09648
"Jul 2, 08:00 am",4.09873
"Jul 2, 09:00 am",7.45158
"Jul 2, 10:00 am",9.96646
"Jul 2, 11:00 am",11.7908
"Jul 2, 12:00 pm",13.0166
"Jul 2, 01:00 pm",13.6214
"Jul 2, 02:00 pm",13.6651
"Jul 2, 03:00 pm",12.788
"Jul 2, 04:00 pm",11.1985
"Jul 2, 05:00 pm",8.63613
"Jul 2, 06:00 pm",4.98157
"Jul 2, 07:00 pm",0.155181
"Jul 2, 08:00 pm",0
"Jul 2, 09:00 pm",0
"Jul 2, 10:00 pm",0
"Jul 2, 11:00 pm",0
"Jul 3, 12:00 am",0
"Jul 3, 01:00 am",0
"Jul 3, 02:00 am",0
"Jul 3, 03:00 am",0
"Jul 3, 04:00 am",0
"Jul 3, 05:00 am",-0
"Jul 3, 06:00 am",0.573126
"Jul 3, 07:00 am",1.20628
"Jul 3, 08:00 am",3.97089
"Jul 3, 09:00 am",7.23353
"Jul 3, 10:00 am",9.78995
"Jul 3, 11:00 am",11.8619
"Jul 3, 12:00 pm",13.2624
"Jul 3, 01:00 pm",13.9557
"Jul 3, 02:00 pm",13.8996
"Jul 3, 03:00 pm",13.088
"Jul 3, 04:00 pm",11.3934
"Jul 3, 05:00 pm",8.74981
"Jul 3, 06:00 pm",5.01192
"Jul 3, 07:00 pm",0.139417
"Jul 3, 08:00 pm",0
"Jul 3, 09:00 pm",0
"Jul 3, 10:00 pm",0
"Jul 3, 11:00 pm",0
"Jul 4, 12:00 am",0
"Jul 4, 01:00 am",0
"Jul 4, 02:00 am",0
"Jul 4, 03:00 am",0
"Jul 4, 04:00 am",0
"Jul 4, 05:00 am",-0
"Jul 4, 06:00 am",0.540226
"Jul 4, 07:00 am",1.14444
"Jul 4, 08:00 am",4.05631
"Jul 4, 09:00 am",7.30258
"Jul 4, 10:00 am",9.90789
"Jul 4, 11:00 am",11.9153
"Jul 4, 12:00 pm",13.3307
"Jul 4, 01:00 pm",14.0488
"Jul 4, 02:00 pm",14.0816
"Jul 4, 03:00 pm",13.2279
"Jul 4, 04:00 pm",11.6572
"Jul 4, 05:00 pm",9.03024
"Jul 4, 06:00 pm",5.30802
"Jul 4, 07:00 pm",0.193249
"Jul 4, 08:00 pm",0
"Jul 4, 09:00 pm",0
"Jul 4, 10:00 pm",0
"Jul 4, 11:00 pm",0
"Jul 5, 12:00 am",0
"Jul 5, 01:00 am",0
"Jul 5, 02:00 am",0
"Jul 5, 03:00 am",0
"Jul 5, 04:00 am",0
"Jul 5, 05:00 am",-0
"Jul 5, 06:00 am",0.694914
"Jul 5, 07:00 am",1.37157
"Jul 5, 08:00 am",4.04639
"Jul 5, 09:00 am",7.26384
"Jul 5, 10:00 am",9.81359
"Jul 5, 11:00 am",11.9121
"Jul 5, 12:00 pm",13.3327
"Jul 5, 01:00 pm",14.0395
"Jul 5, 02:00 pm",13.9473
"Jul 5, 03:00 pm",13.1783
"Jul 5, 04:00 pm",11.5745
"Jul 5, 05:00 pm",8.93927
"Jul 5, 06:00 pm",5.16567
"Jul 5, 07:00 pm",0.138154
"Jul 5, 08:00 pm",0
"Jul 5, 09:00 pm",0
"Jul 5, 10:00 pm",0
"Jul 5, 11:00 pm",0
"Jul 6, 12:00 am",0
"Jul 6, 01:00 am",0
"Jul 6, 02:00 am",0
"Jul 6, 03:00 am",0
"Jul 6, 04:00 am",0
"Jul 6, 05:00 am",-0
"Jul 6, 06:00 am",0.59954
"Jul 6, 07:00 am",1.28683
"Jul 6, 08:00 am",3.94179
"Jul 6, 09:00 am",7.05257
"Jul 6, 10:00 am",9.4428
"Jul 6, 11:00 am",11.2968
"Jul 6, 12:00 pm",12.5723
"Jul 6, 01:00 pm",13.2838
"Jul 6, 02:00 pm",13.4081
"Jul 6, 03:00 pm",12.6778
"Jul 6, 04:00 pm",11.1923
"Jul 6, 05:00 pm",8.5032
"Jul 6, 06:00 pm",4.49898
"Jul 6, 07:00 pm",-0
"Jul 6, 08:00 pm",0
"Jul 6, 09:00 pm",0
"Jul 6, 10:00 pm",0
"Jul 6, 11:00 pm",0
"Jul 7, 12:00 am",0
"Jul 7, 01:00 am",0
"Jul 7, 02:00 am",0
"Jul 7, 03:00 am",0
"Jul 7, 04:00 am",0
"Jul 7, 05:00 am",-0
"Jul 7, 06:00 am",0.698325
"Jul 7, 07:00 am",1.42168
"Jul 7, 08:00 am",3.97852
"Jul 7, 09:00 am",7.0174
"Jul 7, 10:00 am",9.51705
"Jul 7, 11:00 am",11.3204
"Jul 7, 12:00 pm",12.3569
"Jul 7, 01:00 pm",12.9887
"Jul 7, 02:00 pm",12.9919
"Jul 7, 03:00 pm",12.2738
"Jul 7, 04:00 pm",9.6657
"Jul 7, 05:00 pm",7.35177
"Jul 7, 06:00 pm",3.62091
"Jul 7, 07:00 pm",-0
"Jul 7, 08:00 pm",0
"Jul 7, 09:00 pm",0
"Jul 7, 10:00 pm",0
"Jul 7, 11:00 pm",0
"Jul 8, 12:00 am",0
"Jul 8, 01:00 am",0
"Jul 8, 02:00 am",0
"Jul 8, 03:00 am",0
"Jul 8, 04:00 am",0
"Jul 8, 05:00 am",-0
"Jul 8, 06:00 am",0.621205
"Jul 8, 07:00 am",1.26938
"Jul 8, 08:00 am",3.8899
"Jul 8, 09:00 am",5.71866
"Jul 8, 10:00 am",9.52785
"Jul 8, 11:00 am",11.352
"Jul 8, 12:00 pm",12.6214
"Jul 8, 01:00 pm",13.3096
"Jul 8, 02:00 pm",13.2204
"Jul 8, 03:00 pm",11.2504
"Jul 8, 04:00 pm",7.72636
"Jul 8, 05:00 pm",4.70762
"Jul 8, 06:00 pm",2.04695
"Jul 8, 07:00 pm",-0
"Jul 8, 08:00 pm",0
"Jul 8, 09:00 pm",0
"Jul 8, 10:00 pm",0
"Jul 8, 11:00 pm",0
"Jul 9, 12:00 am",0
"Jul 9, 01:00 am",0
"Jul 9, 02:00 am",0
"Jul 9, 03:00 am",0
"Jul 9, 04:00 am",0
"Jul 9, 05:00 am",-0
"Jul 9, 06:00 am",0.685091
"Jul 9, 07:00 am",1.43153
"Jul 9, 08:00 am",3.95204
"Jul 9, 09:00 am",6.9135
"Jul 9, 10:00 am",9.40799
"Jul 9, 11:00 am",11.5364
"Jul 9, 12:00 pm",12.8783
"Jul 9, 01:00 pm",13.6157
"Jul 9, 02:00 pm",13.5553
"Jul 9, 03:00 pm",12.6532
"Jul 9, 04:00 pm",10.9805
"Jul 9, 05:00 pm",8.33991
"Jul 9, 06:00 pm",4.58441
"Jul 9, 07:00 pm",-0
"Jul 9, 08:00 pm",0
"Jul 9, 09:00 pm",0
"Jul 9, 10:00 pm",0
"Jul 9, 11:00 pm",0
"Jul 10, 12:00 am",0
"Jul 10, 01:00 am",0
"Jul 10, 02:00 am",0
"Jul 10, 03:00 am",0
"Jul 10, 04:00 am",0
"Jul 10, 05:00 am",-0
"Jul 10, 06:00 am",0.585465
"Jul 10, 07:00 am",1.16401
"Jul 10, 08:00 am",3.91195
"Jul 10, 09:00 am",7.21815
"Jul 10, 10:00 am",9.74637
"Jul 10, 11:00 am",11.6464
"Jul 10, 12:00 pm",13.123
"Jul 10, 01:00 pm",13.9203
"Jul 10, 02:00 pm",13.8149
"Jul 10, 03:00 pm",12.9255
"Jul 10, 04:00 pm",11.3559
"Jul 10, 05:00 pm",8.70278
"Jul 10, 06:00 pm",4.92078
"Jul 10, 07:00 pm",0.0890989
"Jul 10, 08:00 pm",0
"Jul 10, 09:00 pm",0
"Jul 10, 10:00 pm",0
"Jul 10, 11:00 pm",0
"Jul 11, 12:00 am",0
"Jul 11, 01:00 am",0
"Jul 11, 02:00 am",0
"Jul 11, 03:00 am",0
"Jul 11, 04:00 am",0
"Jul 11, 05:00 am",-0
"Jul 11, 06:00 am",0.723171
"Jul 11, 07:00 am",1.56012
"Jul 11, 08:00 am",3.60234
"Jul 11, 09:00 am",6.11312
"Jul 11, 10:00 am",9.06801
"Jul 11, 11:00 am",9.10001
"Jul 11, 12:00 pm",8.38169
"Jul 11, 01:00 pm",13.4821
"Jul 11, 02:00 pm",13.5007
"Jul 11, 03:00 pm",12.7275
"Jul 11, 04:00 pm",9.3905
"Jul 11, 05:00 pm",6.79369
"Jul 11, 06:00 pm",4.73065
"Jul 11, 07:00 pm",-0
"Jul 11, 08:00 pm",0
"Jul 11, 09:00 pm",0
"Jul 11, 10:00 pm",0
"Jul 11, 11:00 pm",0
"Jul 12, 12:00 am",0
"Jul 12, 01:00 am",0
"Jul 12, 02:00 am",0
"Jul 12, 03:00 am",0
"Jul 12, 04:00 am",0
"Jul 12, 05:00 am",-0
"Jul 12, 06:00 am",0.613372
"Jul 12, 07:00 am",1.18629
"Jul 12, 08:00 am",3.7461
"Jul 12, 09:00 am",6.85037
"Jul 12, 10:00 am",9.34762
"Jul 12, 11:00 am",11.4005
"Jul 12, 12:00 pm",12.8161
"Jul 12, 01:00 pm",13.4941
"Jul 12, 02:00 pm",13.4481
"Jul 12, 03:00 pm",12.6641
"Jul 12, 04:00 pm",10.9247
"Jul 12, 05:00 pm",8.257
"Jul 12, 06:00 pm",4.46083
"Jul 12, 07:00 pm",-0
"Jul 12, 08:00 pm",0
"Jul 12, 09:00 pm",0
"Jul 12, 10:00 pm",0
"Jul 12, 11:00 pm",0
"Jul 13, 12:00 am",0
"Jul 13, 01:00 am",0
"Jul 13, 02:00 am",0
"Jul 13, 03:00 am",0
"Jul 13, 04:00 am",0
"Jul 13, 05:00 am",-0
"Jul 13, 06:00 am",0.579289
"Jul 13, 07:00 am",1.12672
"Jul 13, 08:00 am",3.71109
"Jul 13, 09:00 am",6.84701
"Jul 13, 10:00 am",9.4169
"Jul 13, 11:00 am",11.5438
"Jul 13, 12:00 pm",12.9742
"Jul 13, 01:00 pm",13.6951
"Jul 13, 02:00 pm",13.6718
"Jul 13, 03:00 pm",12.9193
"Jul 13, 04:00 pm",11.1128
"Jul 13, 05:00 pm",8.32445
"Jul 13, 06:00 pm",4.36966
"Jul 13, 07:00 pm",-0
"Jul 13, 08:00 pm",0
"Jul 13, 09:00 pm",0
"Jul 13, 10:00 pm",0
"Jul 13, 11:00 pm",0
"Jul 14, 12:00 am",0
"Jul 14, 01:00 am",0
"Jul 14, 02:00 am",0
"Jul 14, 03:00 am",0
"Jul 14, 04:00 am",0
"Jul 14, 05:00 am",-0
"Jul 14, 06:00 am",0.592519
"Jul 14, 07:00 am",1.16316
"Jul 14, 08:00 am",3.73279
"Jul 14, 09:00 am",6.90169
"Jul 14, 10:00 am",9.35439
"Jul 14, 11:00 am",11.3511
"Jul 14, 12:00 pm",12.718
"Jul 14, 01:00 pm",13.4234
"Jul 14, 02:00 pm",13.2849
"Jul 14, 03:00 pm",12.4487
"Jul 14, 04:00 pm",10.6079
"Jul 14, 05:00 pm",6.33046
"Jul 14, 06:00 pm",3.22391
"Jul 14, 07:00 pm",-0
"Jul 14, 08:00 pm",0
"Jul 14, 09:00 pm",0
"Jul 14, 10:00 pm",0
"Jul 14, 11:00 pm",0
"Jul 15, 12:00 am",0
"Jul 15, 01:00 am",0
"Jul 15, 02:00 am",0
"Jul 15, 03:00 am",0
"Jul 15, 04:00 am",0
"Jul 15, 05:00 am",-0
"Jul 15, 06:00 am",0.698581
"Jul 15, 07:00 am",1.45276
"Jul 15, 08:00 am",3.7205
"Jul 15, 09:00 am",6.74179
"Jul 15, 10:00 am",9.2004
"Jul 15, 11:00 am",11.0748
"Jul 15, 12:00 pm",12.3359
"Jul 15, 01:00 pm",12.9761
"Jul 15, 02:00 pm",12.9108
"Jul 15, 03:00 pm",12.1435
"Jul 15, 04:00 pm",10.383
"Jul 15, 05:00 pm",4.83329
"Jul 15, 06:00 pm",2.26926
"Jul 15, 07:00 pm",-0
"Jul 15, 08:00 pm",0
"Jul 15, 09:00 pm",0
"Jul 15, 10:00 pm",0
"Jul 15, 11:00 pm",0
"Jul 16, 12:00 am",0
"Jul 16, 01:00 am",0
"Jul 16, 02:00 am",0
"Jul 16, 03:00 am",0
"Jul 16, 04:00 am",0
"Jul 16, 05:00 am",-0
"Jul 16, 06:00 am",0.428032
"Jul 16, 07:00 am",1.30282
"Jul 16, 08:00 am",3.77031
"Jul 16, 09:00 am",6.66977
"Jul 16, 10:00 am",9.11486
"Jul 16, 11:00 am",11.0808
"Jul 16, 12:00 pm",12.4475
"Jul 16, 01:00 pm",13.2464
"Jul 16, 02:00 pm",13.1481
"Jul 16, 03:00 pm",12.3109
"Jul 16, 04:00 pm",10.6333
"Jul 16, 05:00 pm",8.01549
"Jul 16, 06:00 pm",4.3029
"Jul 16, 07:00 pm",-0
"Jul 16, 08:00 pm",0
"Jul 16, 09:00 pm",0
"Jul 16, 10:00 pm",0
"Jul 16, 11:00 pm",0
"Jul 17, 12:00 am",0
"Jul 17, 01:00 am",0
"Jul 17, 02:00 am",0
"Jul 17, 03:00 am",0
"Jul 17, 04:00 am",0
"Jul 17, 05:00 am",0
"Jul 17, 06:00 am",0.584668
"Jul 17, 07:00 am",1.75193
"Jul 17, 08:00 am",0.910529
"Jul 17, 09:00 am",5.16156
"Jul 17, 10:00 am",8.12355
"Jul 17, 11:00 am",9.9081
"Jul 17, 12:00 pm",11.9331
"Jul 17, 01:00 pm",13.7926
"Jul 17, 02:00 pm",13.5202
"Jul 17, 03:00 pm",12.666
"Jul 17, 04:00 pm",10.8894
"Jul 17, 05:00 pm",5.81112
"Jul 17, 06:00 pm",2.95017
"Jul 17, 07:00 pm",-0
"Jul 17, 08:00 pm",0
"Jul 17, 09:00 pm",0
"Jul 17, 10:00 pm",0
"Jul 17, 11:00 pm",0
"Jul 18, 12:00 am",0
"Jul 18, 01:00 am",0
"Jul 18, 02:00 am",0
"Jul 18, 03:00 am",0
"Jul 18, 04:00 am",0
"Jul 18, 05:00 am",0
"Jul 18, 06:00 am",0.615842
"Jul 18, 07:00 am",1.22704
"Jul 18, 08:00 am",3.71036
"Jul 18, 09:00 am",6.80513
"Jul 18, 10:00 am",9.42845
"Jul 18, 11:00 am",11.482
"Jul 18, 12:00 pm",12.8596
"Jul 18, 01:00 pm",13.4008
"Jul 18, 02:00 pm",13.0048
"Jul 18, 03:00 pm",11.988
"Jul 18, 04:00 pm",0.161954
"Jul 18, 05:00 pm",0.125101
"Jul 18, 06:00 pm",-0
"Jul 18, 07:00 pm",-0
"Jul 18, 08:00 pm",0
"Jul 18, 09:00 pm",0
"Jul 18, 10:00 pm",0
"Jul 18, 11:00 pm",0
"Jul 19, 12:00 am",0
"Jul 19, 01:00 am",0
"Jul 19, 02:00 am",0
"Jul 19, 03:00 am",0
"Jul 19, 04:00 am",0
"Jul 19, 05:00 am",0
"Jul 19, 06:00 am",0.696222
"Jul 19, 07:00 am",1.35168
"Jul 19, 08:00 am",3.77057
"Jul 19, 09:00 am",6.84584
"Jul 19, 10:00 am",9.38602
"Jul 19, 11:00 am",11.343
"Jul 19, 12:00 pm",12.5468
"Jul 19, 01:00 pm",11.0622
"Jul 19, 02:00 pm",11.3803
"Jul 19, 03:00 pm",10.8645
"Jul 19, 04:00 pm",7.50917
"Jul 19, 05:00 pm",3.57322
"Jul 19, 06:00 pm",1.49683
"Jul 19, 07:00 pm",-0
"Jul 19, 08:00 pm",0
"Jul 19, 09:00 pm",0
"Jul 19, 10:00 pm",0
"Jul 19, 11:00 pm",0
"Jul 20, 12:00 am",0
"Jul 20, 01:00 am",0
"Jul 20, 02:00 am",0
"Jul 20, 03:00 am",0
"Jul 20, 04:00 am",0
"Jul 20, 05:00 am",0
"Jul 20, 06:00 am",0.747946
"Jul 20, 07:00 am",1.81568
"Jul 20, 08:00 am",3.78195
"Jul 20, 09:00 am",4.77027
"Jul 20, 10:00 am",3.66566
"Jul 20, 11:00 am",10.6857
"Jul 20, 12:00 pm",11.7434
"Jul 20, 01:00 pm",12.4104
"Jul 20, 02:00 pm",12.6494
"Jul 20, 03:00 pm",11.9775
"Jul 20, 04:00 pm",10.4751
"Jul 20, 05:00 pm",7.84848
"Jul 20, 06:00 pm",4.11241
"Jul 20, 07:00 pm",-0
"Jul 20, 08:00 pm",0
"Jul 20, 09:00 pm",0
"Jul 20, 10:00 pm",0
"Jul 20, 11:00 pm",0
"Jul 21, 12:00 am",0
"Jul 21, 01:00 am",0
"Jul 21, 02:00 am",0
"Jul 21, 03:00 am",0
"Jul 21, 04:00 am",0
"Jul 21, 05:00 am",0
"Jul 21, 06:00 am",0.642829
"Jul 21, 07:00 am",1.22043
"Jul 21, 08:00 am",3.86757
"Jul 21, 09:00 am",6.84944
"Jul 21, 10:00 am",9.47166
"Jul 21, 11:00 am",11.6217
"Jul 21, 12:00 pm",13.0336
"Jul 21, 01:00 pm",13.6974
"Jul 21, 02:00 pm",13.5224
"Jul 21, 03:00 pm",12.5668
"Jul 21, 04:00 pm",10.7732
"Jul 21, 05:00 pm",8.09917
"Jul 21, 06:00 pm",4.32509
"Jul 21, 07:00 pm",-0
"Jul 21, 08:00 pm",0
"Jul 21, 09:00 pm",0
"Jul 21, 10:00 pm",0
"Jul 21, 11:00 pm",0
"Jul 22, 12:00 am",0
"Jul 22, 01:00 am",0
"Jul 22, 02:00 am",0
"Jul 22, 03:00 am",0
"Jul 22, 04:00 am",0
"Jul 22, 05:00 am",0
"Jul 22, 06:00 am",0.567445
"Jul 22, 07:00 am",1.84276
"Jul 22, 08:00 am",3.77179
"Jul 22, 09:00 am",5.36498
"Jul 22, 10:00 am",9.37635
"Jul 22, 11:00 am",11.438
"Jul 22, 12:00 pm",12.8251
"Jul 22, 01:00 pm",13.4832
"Jul 22, 02:00 pm",13.4282
"Jul 22, 03:00 pm",12.3666
"Jul 22, 04:00 pm",9.75275
"Jul 22, 05:00 pm",3.46714
"Jul 22, 06:00 pm",1.42217
"Jul 22, 07:00 pm",-0
"Jul 22, 08:00 pm",0
"Jul 22, 09:00 pm",0
"Jul 22, 10:00 pm",0
"Jul 22, 11:00 pm",0
"Jul 23, 12:00 am",0
"Jul 23, 01:00 am",0
"Jul 23, 02:00 am",0
"Jul 23, 03:00 am",0
"Jul 23, 04:00 am",0
"Jul 23, 05:00 am",0
"Jul 23, 06:00 am",0.622354
"Jul 23, 07:00 am",1.35843
"Jul 23, 08:00 am",3.28526
"Jul 23, 09:00 am",6.69922
"Jul 23, 10:00 am",9.21879
"Jul 23, 11:00 am",11.1784
"Jul 23, 12:00 pm",12.4867
"Jul 23, 01:00 pm",13.2607
"Jul 23, 02:00 pm",13.1925
"Jul 23, 03:00 pm",12.4191
"Jul 23, 04:00 pm",10.7609
"Jul 23, 05:00 pm",8.15479
"Jul 23, 06:00 pm",4.32126
"Jul 23, 07:00 pm",-0
"Jul 23, 08:00 pm",0
"Jul 23, 09:00 pm",0
"Jul 23, 10:00 pm",0
"Jul 23, 11:00 pm",0
"Jul 24, 12:00 am",0
"Jul 24, 01:00 am",0
"Jul 24, 02:00 am",0
"Jul 24, 03:00 am",0
"Jul 24, 04:00 am",0
"Jul 24, 05:00 am",0
"Jul 24, 06:00 am",0.698675
"Jul 24, 07:00 am",1.53871
"Jul 24, 08:00 am",2.62083
"Jul 24, 09:00 am",0.282876
"Jul 24, 10:00 am",0.508476
"Jul 24, 11:00 am",6.77231
"Jul 24, 12:00 pm",9.42849
"Jul 24, 01:00 pm",12.9143
"Jul 24, 02:00 pm",8.9518
"Jul 24, 03:00 pm",9.10263
"Jul 24, 04:00 pm",8.84965
"Jul 24, 05:00 pm",7.78904
"Jul 24, 06:00 pm",4.11553
"Jul 24, 07:00 pm",-0
"Jul 24, 08:00 pm",0
"Jul 24, 09:00 pm",0
"Jul 24, 10:00 pm",0
"Jul 24, 11:00 pm",0
"Jul 25, 12:00 am",0
"Jul 25, 01:00 am",0
"Jul 25, 02:00 am",0
"Jul 25, 03:00 am",0
"Jul 25, 04:00 am",0
"Jul 25, 05:00 am",0
"Jul 25, 06:00 am",0.523632
"Jul 25, 07:00 am",0.982073
"Jul 25, 08:00 am",3.45928
"Jul 25, 09:00 am",6.72631
"Jul 25, 10:00 am",7.00301
"Jul 25, 11:00 am",10.8055
"Jul 25, 12:00 pm",12.5527
"Jul 25, 01:00 pm",13.226
"Jul 25, 02:00 pm",13.1353
"Jul 25, 03:00 pm",4.20552
"Jul 25, 04:00 pm",10.5543
"Jul 25, 05:00 pm",8.01438
"Jul 25, 06:00 pm",4.30345
"Jul 25, 07:00 pm",-0
"Jul 25, 08:00 pm",0
"Jul 25, 09:00 pm",0
"Jul 25, 10:00 pm",0
"Jul 25, 11:00 pm",0
"Jul 26, 12:00 am",0
"Jul 26, 01:00 am",0
"Jul 26, 02:00 am",0
"Jul 26, 03:00 am",0
"Jul 26, 04:00 am",0
"Jul 26, 05:00 am",0
"Jul 26, 06:00 am",0.440573
"Jul 26, 07:00 am",1.25207
"Jul 26, 08:00 am",3.34279
"Jul 26, 09:00 am",6.52721
"Jul 26, 10:00 am",9.23558
"Jul 26, 11:00 am",11.3598
"Jul 26, 12:00 pm",12.8781
"Jul 26, 01:00 pm",13.6978
"Jul 26, 02:00 pm",13.6789
"Jul 26, 03:00 pm",12.8014
"Jul 26, 04:00 pm",11.1164
"Jul 26, 05:00 pm",7.68479
"Jul 26, 06:00 pm",4.1351
"Jul 26, 07:00 pm",-0
"Jul 26, 08:00 pm",0
"Jul 26, 09:00 pm",0
"Jul 26, 10:00 pm",0
"Jul 26, 11:00 pm",0
"Jul 27, 12:00 am",0
"Jul 27, 01:00 am",0
"Jul 27, 02:00 am",0
"Jul 27, 03:00 am",0
"Jul 27, 04:00 am",0
"Jul 27, 05:00 am",0
"Jul 27, 06:00 am",0.422705
"Jul 27, 07:00 am",0.747162
"Jul 27, 08:00 am",3.32316
"Jul 27, 09:00 am",6.5513
"Jul 27, 10:00 am",9.22761
"Jul 27, 11:00 am",11.2115
"Jul 27, 12:00 pm",12.6114
"Jul 27, 01:00 pm",13.3408
"Jul 27, 02:00 pm",13.2459
"Jul 27, 03:00 pm",12.4801
"Jul 27, 04:00 pm",8.78948
"Jul 27, 05:00 pm",0.979136
"Jul 27, 06:00 pm",0.313647
"Jul 27, 07:00 pm",-0
"Jul 27, 08:00 pm",0
"Jul 27, 09:00 pm",0
"Jul 27, 10:00 pm",0
"Jul 27, 11:00 pm",0
"Jul 28, 12:00 am",0
"Jul 28, 01:00 am",0
"Jul 28, 02:00 am",0
"Jul 28, 03:00 am",0
"Jul 28, 04:00 am",0
"Jul 28, 05:00 am",0
"Jul 28, 06:00 am",0.656588
"Jul 28, 07:00 am",1.72399
"Jul 28, 08:00 am",0.368921
"Jul 28, 09:00 am",5.8185
"Jul 28, 10:00 am",4.24317
"Jul 28, 11:00 am",11.1557
"Jul 28, 12:00 pm",12.982
"Jul 28, 01:00 pm",14.0432
"Jul 28, 02:00 pm",14.1705
"Jul 28, 03:00 pm",13.1233
"Jul 28, 04:00 pm",11.151
"Jul 28, 05:00 pm",8.23944
"Jul 28, 06:00 pm",4.2647
"Jul 28, 07:00 pm",-0
"Jul 28, 08:00 pm",0
"Jul 28, 09:00 pm",0
"Jul 28, 10:00 pm",0
"Jul 28, 11:00 pm",0
"Jul 29, 12:00 am",0
"Jul 29, 01:00 am",0
"Jul 29, 02:00 am",0
"Jul 29, 03:00 am",0
"Jul 29, 04:00 am",0
"Jul 29, 05:00 am",0
"Jul 29, 06:00 am",0.575467
"Jul 29, 07:00 am",1.54405
"Jul 29, 08:00 am",3.64311
"Jul 29, 09:00 am",5.96827
"Jul 29, 10:00 am",8.45127
"Jul 29, 11:00 am",11.1392
"Jul 29, 12:00 pm",12.4896
"Jul 29, 01:00 pm",4.32975
"Jul 29, 02:00 pm",6.84376
"Jul 29, 03:00 pm",11.4017
"Jul 29, 04:00 pm",6.43865
"Jul 29, 05:00 pm",3.39307
"Jul 29, 06:00 pm",1.24387
"Jul 29, 07:00 pm",0
"Jul 29, 08:00 pm",0
"Jul 29, 09:00 pm",0
"Jul 29, 10:00 pm",0
"Jul 29, 11:00 pm",0
"Jul 30, 12:00 am",0
"Jul 30, 01:00 am",0
"Jul 30, 02:00 am",0
"Jul 30, 03:00 am",0
"Jul 30, 04:00 am",0
"Jul 30, 05:00 am",0
"Jul 30, 06:00 am",0.595835
"Jul 30, 07:00 am",1.69993
"Jul 30, 08:00 am",3.31993
"Jul 30, 09:00 am",6.24254
"Jul 30, 10:00 am",8.47945
"Jul 30, 11:00 am",10.4925
"Jul 30, 12:00 pm",9.78134
"Jul 30, 01:00 pm",12.8352
"Jul 30, 02:00 pm",12.6107
"Jul 30, 03:00 pm",11.7115
"Jul 30, 04:00 pm",9.97684
"Jul 30, 05:00 pm",2.13915
"Jul 30, 06:00 pm",0.732293
"Jul 30, 07:00 pm",0
"Jul 30, 08:00 pm",0
"Jul 30, 09:00 pm",0
"Jul 30, 10:00 pm",0
"Jul 30, 11:00 pm",0
"Jul 31, 12:00 am",0
"Jul 31, 01:00 am",0
"Jul 31, 02:00 am",0
"Jul 31, 03:00 am",0
"Jul 31, 04:00 am",0
"Jul 31, 05:00 am",0
"Jul 31, 06:00 am",0.53859
"Jul 31, 07:00 am",1.45739
"Jul 31, 08:00 am",3.17053
"Jul 31, 09:00 am",6.07239
"Jul 31, 10:00 am",7.81217
"Jul 31, 11:00 am",11.0701
"Jul 31, 12:00 pm",12.4166
"Jul 31, 01:00 pm",13.0024
"Jul 31, 02:00 pm",12.6442
"Jul 31, 03:00 pm",11.6225
"Jul 31, 04:00 pm",10.1669
"Jul 31, 05:00 pm",7.40222
"Jul 31, 06:00 pm",1.63454
"Jul 31, 07:00 pm",0
"Jul 31, 08:00 pm",0
"Jul 31, 09:00 pm",0
"Jul 31, 10:00 pm",0
"Jul 31, 11:00 pm",0
"Aug 1, 12:00 am",0
"Aug 1, 01:00 am",0
"Aug 1, 02:00 am",0
"Aug 1, 03:00 am",0
"Aug 1, 04:00 am",0
"Aug 1, 05:00 am",0
"Aug 1, 06:00 am",0.504983
"Aug 1, 07:00 am",0.906791
"Aug 1, 08:00 am",3.25745
"Aug 1, 09:00 am",6.55495
"Aug 1, 10:00 am",9.31933
"Aug 1, 11:00 am",11.3294
"Aug 1, 12:00 pm",12.6742
"Aug 1, 01:00 pm",13.2781
"Aug 1, 02:00 pm",13.2432
"Aug 1, 03:00 pm",12.4496
"Aug 1, 04:00 pm",10.9343
"Aug 1, 05:00 pm",1.71519
"Aug 1, 06:00 pm",0.558659
"Aug 1, 07:00 pm",0
"Aug 1, 08:00 pm",0
"Aug 1, 09:00 pm",0
"Aug 1, 10:00 pm",0
"Aug 1, 11:00 pm",0
"Aug 2, 12:00 am",0
"Aug 2, 01:00 am",0
"Aug 2, 02:00 am",0
"Aug 2, 03:00 am",0
"Aug 2, 04:00 am",0
"Aug 2, 05:00 am",0
"Aug 2, 06:00 am",0.454265
"Aug 2, 07:00 am",0.932365
"Aug 2, 08:00 am",3.3148
"Aug 2, 09:00 am",6.64557
"Aug 2, 10:00 am",9.29107
"Aug 2, 11:00 am",11.0322
"Aug 2, 12:00 pm",12.3772
"Aug 2, 01:00 pm",13.341
"Aug 2, 02:00 pm",13.4629
"Aug 2, 03:00 pm",12.7205
"Aug 2, 04:00 pm",11.1793
"Aug 2, 05:00 pm",8.5823
"Aug 2, 06:00 pm",4.65439
"Aug 2, 07:00 pm",0
"Aug 2, 08:00 pm",0
"Aug 2, 09:00 pm",0
"Aug 2, 10:00 pm",0
"Aug 2, 11:00 pm",0
"Aug 3, 12:00 am",0
"Aug 3, 01:00 am",0
"Aug 3, 02:00 am",0
"Aug 3, 03:00 am",0
"Aug 3, 04:00 am",0
"Aug 3, 05:00 am",0
"Aug 3, 06:00 am",0.382632
"Aug 3, 07:00 am",0.690804
"Aug 3, 08:00 am",3.19431
"Aug 3, 09:00 am",6.47277
"Aug 3, 10:00 am",9.28595
"Aug 3, 11:00 am",11.3401
"Aug 3, 12:00 pm",12.0332
"Aug 3, 01:00 pm",11.6813
"Aug 3, 02:00 pm",11.1361
"Aug 3, 03:00 pm",11.0593
"Aug 3, 04:00 pm",7.53517
"Aug 3, 05:00 pm",5.00604
"Aug 3, 06:00 pm",0.418329
"Aug 3, 07:00 pm",0
"Aug 3, 08:00 pm",0
"Aug 3, 09:00 pm",0
"Aug 3, 10:00 pm",0
"Aug 3, 11:00 pm",0
"Aug 4, 12:00 am",0
"Aug 4, 01:00 am",0
"Aug 4, 02:00 am",0
"Aug 4, 03:00 am",0
"Aug 4, 04:00 am",0
"Aug 4, 05:00 am",0
"Aug 4, 06:00 am",0.252713
"Aug 4, 07:00 am",1.40999
"Aug 4, 08:00 am",3.28275
"Aug 4, 09:00 am",1.92241
"Aug 4, 10:00 am",1.29739
"Aug 4, 11:00 am",2.2136
"Aug 4, 12:00 pm",7.70318
"Aug 4, 01:00 pm",10.2283
"Aug 4, 02:00 pm",14.1448
"Aug 4, 03:00 pm",13.1761
"Aug 4, 04:00 pm",11.3797
"Aug 4, 05:00 pm",8.54732
"Aug 4, 06:00 pm",4.32073
"Aug 4, 07:00 pm",0
"Aug 4, 08:00 pm",0
"Aug 4, 09:00 pm",0
"Aug 4, 10:00 pm",0
"Aug 4, 11:00 pm",0
"Aug 5, 12:00 am",0
"Aug 5, 01:00 am",0
"Aug 5, 02:00 am",0
"Aug 5, 03:00 am",0
"Aug 5, 04:00 am",0
"Aug 5, 05:00 am",0
"Aug 5, 06:00 am",0.416721
"Aug 5, 07:00 am",0.705376
"Aug 5, 08:00 am",3.21169
"Aug 5, 09:00 am",6.54807
"Aug 5, 10:00 am",9.4554
"Aug 5, 11:00 am",11.6335
"Aug 5, 12:00 pm",13.1604
"Aug 5, 01:00 pm",14.0139
"Aug 5, 02:00 pm",14.0236
"Aug 5, 03:00 pm",13.226
"Aug 5, 04:00 pm",11.5643
"Aug 5, 05:00 pm",8.77384
"Aug 5, 06:00 pm",4.65883
"Aug 5, 07:00 pm",0
"Aug 5, 08:00 pm",0
"Aug 5, 09:00 pm",0
"Aug 5, 10:00 pm",0
"Aug 5, 11:00 pm",0
"Aug 6, 12:00 am",0
"Aug 6, 01:00 am",0
"Aug 6, 02:00 am",0
"Aug 6, 03:00 am",0
"Aug 6, 04:00 am",0
"Aug 6, 05:00 am",0
"Aug 6, 06:00 am",0.363897
"Aug 6, 07:00 am",0.634775
"Aug 6, 08:00 am",3.16908
"Aug 6, 09:00 am",6.52568
"Aug 6, 10:00 am",9.06599
"Aug 6, 11:00 am",10.8675
"Aug 6, 12:00 pm",12.356
"Aug 6, 01:00 pm",13.16
"Aug 6, 02:00 pm",13.0344
"Aug 6, 03:00 pm",12.2978
"Aug 6, 04:00 pm",10.7616
"Aug 6, 05:00 pm",8.14379
"Aug 6, 06:00 pm",4.15732
"Aug 6, 07:00 pm",0
"Aug 6, 08:00 pm",0
"Aug 6, 09:00 pm",0
"Aug 6, 10:00 pm",0
"Aug 6, 11:00 pm",0
"Aug 7, 12:00 am",0
"Aug 7, 01:00 am",0
"Aug 7, 02:00 am",0
"Aug 7, 03:00 am",0
"Aug 7, 04:00 am",0
"Aug 7, 05:00 am",0
"Aug 7, 06:00 am",0.403333
"Aug 7, 07:00 am",0.667772
"Aug 7, 08:00 am",3.08672
"Aug 7, 09:00 am",6.43665
"Aug 7, 10:00 am",9.06018
"Aug 7, 11:00 am",10.7865
"Aug 7, 12:00 pm",12.359
"Aug 7, 01:00 pm",13.197
"Aug 7, 02:00 pm",13.2473
"Aug 7, 03:00 pm",12.4528
"Aug 7, 04:00 pm",8.2769
"Aug 7, 05:00 pm",4.93988
"Aug 7, 06:00 pm",1.88564
"Aug 7, 07:00 pm",0
"Aug 7, 08:00 pm",0
"Aug 7, 09:00 pm",0
"Aug 7, 10:00 pm",0
"Aug 7, 11:00 pm",0
"Aug 8, 12:00 am",0
"Aug 8, 01:00 am",0
"Aug 8, 02:00 am",0
"Aug 8, 03:00 am",0
"Aug 8, 04:00 am",0
"Aug 8, 05:00 am",0
"Aug 8, 06:00 am",0.400984
"Aug 8, 07:00 am",1.12413
"Aug 8, 08:00 am",3.44116
"Aug 8, 09:00 am",6.22345
"Aug 8, 10:00 am",8.7644
"Aug 8, 11:00 am",10.6845
"Aug 8, 12:00 pm",12.2141
"Aug 8, 01:00 pm",13.1193
"Aug 8, 02:00 pm",13.2308
"Aug 8, 03:00 pm",12.349
"Aug 8, 04:00 pm",10.5895
"Aug 8, 05:00 pm",6.66512
"Aug 8, 06:00 pm",3.43727
"Aug 8, 07:00 pm",0
"Aug 8, 08:00 pm",0
"Aug 8, 09:00 pm",0
"Aug 8, 10:00 pm",0
"Aug 8, 11:00 pm",0
"Aug 9, 12:00 am",0
"Aug 9, 01:00 am",0
"Aug 9, 02:00 am",0
"Aug 9, 03:00 am",0
"Aug 9, 04:00 am",0
"Aug 9, 05:00 am",0
"Aug 9, 06:00 am",0.305857
"Aug 9, 07:00 am",1.54991
"Aug 9, 08:00 am",3.4342
"Aug 9, 09:00 am",5.98643
"Aug 9, 10:00 am",7.995
"Aug 9, 11:00 am",9.34637
"Aug 9, 12:00 pm",11.7001
"Aug 9, 01:00 pm",10.7681
"Aug 9, 02:00 pm",11.9603
"Aug 9, 03:00 pm",11.4018
"Aug 9, 04:00 pm",9.45614
"Aug 9, 05:00 pm",7.04927
"Aug 9, 06:00 pm",1.33674
"Aug 9, 07:00 pm",0
"Aug 9, 08:00 pm",0
"Aug 9, 09:00 pm",0
"Aug 9, 10:00 pm",0
"Aug 9, 11:00 pm",0
"Aug 10, 12:00 am",0
"Aug 10, 01:00 am",0
"Aug 10, 02:00 am",0
"Aug 10, 03:00 am",0
"Aug 10, 04:00 am",0
"Aug 10, 05:00 am",0
"Aug 10, 06:00 am",0.494374
"Aug 10, 07:00 am",1.40529
"Aug 10, 08:00 am",2.72048
"Aug 10, 09:00 am",4.2306
"Aug 10, 10:00 am",8.20085
"Aug 10, 11:00 am",11.0799
"Aug 10, 12:00 pm",12.4204
"Aug 10, 01:00 pm",13.0154
"Aug 10, 02:00 pm",12.712
"Aug 10, 03:00 pm",11.8509
"Aug 10, 04:00 pm",10.0673
"Aug 10, 05:00 pm",7.26586
"Aug 10, 06:00 pm",0.501251
"Aug 10, 07:00 pm",0
"Aug 10, 08:00 pm",0
"Aug 10, 09:00 pm",0
"Aug 10, 10:00 pm",0
"Aug 10, 11:00 pm",0
"Aug 11, 12:00 am",0
"Aug 11, 01:00 am",0
"Aug 11, 02:00 am",0
"Aug 11, 03:00 am",0
"Aug 11, 04:00 am",0
"Aug 11, 05:00 am",0
"Aug 11, 06:00 am",0.372101
"Aug 11, 07:00 am",0.713163
"Aug 11, 08:00 am",2.94514
"Aug 11, 09:00 am",6.2339
"Aug 11, 10:00 am",8.55627
"Aug 11, 11:00 am",11.0623
"Aug 11, 12:00 pm",12.6069
"Aug 11, 01:00 pm",7.36092
"Aug 11, 02:00 pm",13.4468
"Aug 11, 03:00 pm",12.6313
"Aug 11, 04:00 pm",9.58488
"Aug 11, 05:00 pm",7.65223
"Aug 11, 06:00 pm",3.11024
"Aug 11, 07:00 pm",0
"Aug 11, 08:00 pm",0
"Aug 11, 09:00 pm",0
"Aug 11, 10:00 pm",0
"Aug 11, 11:00 pm",0
"Aug 12, 12:00 am",0
"Aug 12, 01:00 am",0
"Aug 12, 02:00 am",0
"Aug 12, 03:00 am",0
"Aug 12, 04:00 am",0
"Aug 12, 05:00 am",0
"Aug 12, 06:00 am",0.446002
"Aug 12, 07:00 am",1.12406
"Aug 12, 08:00 am",3.34274
"Aug 12, 09:00 am",6.08716
"Aug 12, 10:00 am",8.47009
"Aug 12, 11:00 am",11.0369
"Aug 12, 12:00 pm",11.8081
"Aug 12, 01:00 pm",13.3769
"Aug 12, 02:00 pm",13.3981
"Aug 12, 03:00 pm",12.6659
"Aug 12, 04:00 pm",10.8259
"Aug 12, 05:00 pm",6.83083
"Aug 12, 06:00 pm",1.6077
"Aug 12, 07:00 pm",0
"Aug 12, 08:00 pm",0
"Aug 12, 09:00 pm",0
"Aug 12, 10:00 pm",0
"Aug 12, 11:00 pm",0
"Aug 13, 12:00 am",0
"Aug 13, 01:00 am",0
"Aug 13, 02:00 am",0
"Aug 13, 03:00 am",0
"Aug 13, 04:00 am",0
"Aug 13, 05:00 am",0
"Aug 13, 06:00 am",0.396716
"Aug 13, 07:00 am",1.08088
"Aug 13, 08:00 am",3.17348
"Aug 13, 09:00 am",5.72765
"Aug 13, 10:00 am",8.48958
"Aug 13, 11:00 am",11.1091
"Aug 13, 12:00 pm",12.6473
"Aug 13, 01:00 pm",13.5141
"Aug 13, 02:00 pm",12.2243
"Aug 13, 03:00 pm",12.5612
"Aug 13, 04:00 pm",9.56854
"Aug 13, 05:00 pm",7.6372
"Aug 13, 06:00 pm",1.53882
"Aug 13, 07:00 pm",0
"Aug 13, 08:00 pm",0
"Aug 13, 09:00 pm",0
"Aug 13, 10:00 pm",0
"Aug 13, 11:00 pm",0
"Aug 14, 12:00 am",0
"Aug 14, 01:00 am",0
"Aug 14, 02:00 am",0
"Aug 14, 03:00 am",0
"Aug 14, 04:00 am",0
"Aug 14, 05:00 am",0
"Aug 14, 06:00 am",0.433337
"Aug 14, 07:00 am",0.962548
"Aug 14, 08:00 am",3.03934
"Aug 14, 09:00 am",6.20369
"Aug 14, 10:00 am",8.78866
"Aug 14, 11:00 am",10.6242
"Aug 14, 12:00 pm",12.1003
"Aug 14, 01:00 pm",12.9767
"Aug 14, 02:00 pm",12.9577
"Aug 14, 03:00 pm",12.1268
"Aug 14, 04:00 pm",9.1472
"Aug 14, 05:00 pm",6.38694
"Aug 14, 06:00 pm",0.135083
"Aug 14, 07:00 pm",0
"Aug 14, 08:00 pm",0
"Aug 14, 09:00 pm",0
"Aug 14, 10:00 pm",0
"Aug 14, 11:00 pm",0
"Aug 15, 12:00 am",0
"Aug 15, 01:00 am",0
"Aug 15, 02:00 am",0
"Aug 15, 03:00 am",0
"Aug 15, 04:00 am",0
"Aug 15, 05:00 am",0
"Aug 15, 06:00 am",0.319865
"Aug 15, 07:00 am",1.49166
"Aug 15, 08:00 am",3.26011
"Aug 15, 09:00 am",5.94391
"Aug 15, 10:00 am",4.57011
"Aug 15, 11:00 am",7.08286
"Aug 15, 12:00 pm",8.39075
"Aug 15, 01:00 pm",9.76161
"Aug 15, 02:00 pm",9.84401
"Aug 15, 03:00 pm",12.0737
"Aug 15, 04:00 pm",10.3863
"Aug 15, 05:00 pm",6.20131
"Aug 15, 06:00 pm",2.49834
"Aug 15, 07:00 pm",0
"Aug 15, 08:00 pm",0
"Aug 15, 09:00 pm",0
"Aug 15, 10:00 pm",0
"Aug 15, 11:00 pm",0
"Aug 16, 12:00 am",0
"Aug 16, 01:00 am",0
"Aug 16, 02:00 am",0
"Aug 16, 03:00 am",0
"Aug 16, 04:00 am",0
"Aug 16, 05:00 am",0
"Aug 16, 06:00 am",0.442029
"Aug 16, 07:00 am",1.50113
"Aug 16, 08:00 am",3.31893
"Aug 16, 09:00 am",5.73095
"Aug 16, 10:00 am",8.94261
"Aug 16, 11:00 am",11.0624
"Aug 16, 12:00 pm",11.5257
"Aug 16, 01:00 pm",13.4105
"Aug 16, 02:00 pm",13.4966
"Aug 16, 03:00 pm",11.4487
"Aug 16, 04:00 pm",9.72468
"Aug 16, 05:00 pm",7.56776
"Aug 16, 06:00 pm",2.86224
"Aug 16, 07:00 pm",0
"Aug 16, 08:00 pm",0
"Aug 16, 09:00 pm",0
"Aug 16, 10:00 pm",0
"Aug 16, 11:00 pm",0
"Aug 17, 12:00 am",0
"Aug 17, 01:00 am",0
"Aug 17, 02:00 am",0
"Aug 17, 03:00 am",0
"Aug 17, 04:00 am",0
"Aug 17, 05:00 am",0
"Aug 17, 06:00 am",0.32259
"Aug 17, 07:00 am",0.595688
"Aug 17, 08:00 am",2.79546
"Aug 17, 09:00 am",6.2016
"Aug 17, 10:00 am",8.86193
"Aug 17, 11:00 am",10.9026
"Aug 17, 12:00 pm",12.3531
"Aug 17, 01:00 pm",13.0583
"Aug 17, 02:00 pm",13.0918
"Aug 17, 03:00 pm",12.3126
"Aug 17, 04:00 pm",10.7139
"Aug 17, 05:00 pm",7.91575
"Aug 17, 06:00 pm",3.51006
"Aug 17, 07:00 pm",0
"Aug 17, 08:00 pm",0
"Aug 17, 09:00 pm",0
"Aug 17, 10:00 pm",0
"Aug 17, 11:00 pm",0
"Aug 18, 12:00 am",0
"Aug 18, 01:00 am",0
"Aug 18, 02:00 am",0
"Aug 18, 03:00 am",0
"Aug 18, 04:00 am",0
"Aug 18, 05:00 am",0
"Aug 18, 06:00 am",0.315479
"Aug 18, 07:00 am",0.987432
"Aug 18, 08:00 am",2.79814
"Aug 18, 09:00 am",6.33929
"Aug 18, 10:00 am",9.17344
"Aug 18, 11:00 am",11.1108
"Aug 18, 12:00 pm",12.2854
"Aug 18, 01:00 pm",12.7668
"Aug 18, 02:00 pm",12.6463
"Aug 18, 03:00 pm",11.8453
"Aug 18, 04:00 pm",10.2355
"Aug 18, 05:00 pm",7.49004
"Aug 18, 06:00 pm",3.15315
"Aug 18, 07:00 pm",0
"Aug 18, 08:00 pm",0
"Aug 18, 09:00 pm",0
"Aug 18, 10:00 pm",0
"Aug 18, 11:00 pm",0
"Aug 19, 12:00 am",0
"Aug 19, 01:00 am",0
"Aug 19, 02:00 am",0
"Aug 19, 03:00 am",0
"Aug 19, 04:00 am",0
"Aug 19, 05:00 am",0
"Aug 19, 06:00 am",0.336951
"Aug 19, 07:00 am",1.04869
"Aug 19, 08:00 am",2.80117
"Aug 19, 09:00 am",6.25013
"Aug 19, 10:00 am",9.20835
"Aug 19, 11:00 am",11.194
"Aug 19, 12:00 pm",12.3871
"Aug 19, 01:00 pm",12.7827
"Aug 19, 02:00 pm",12.4157
"Aug 19, 03:00 pm",11.6129
"Aug 19, 04:00 pm",10.16
"Aug 19, 05:00 pm",7.54789
"Aug 19, 06:00 pm",3.16464
"Aug 19, 07:00 pm",0
"Aug 19, 08:00 pm",0
"Aug 19, 09:00 pm",0
"Aug 19, 10:00 pm",0
"Aug 19, 11:00 pm",0
"Aug 20, 12:00 am",0
"Aug 20, 01:00 am",0
"Aug 20, 02:00 am",0
"Aug 20, 03:00 am",0
"Aug 20, 04:00 am",0
"Aug 20, 05:00 am",0
"Aug 20, 06:00 am",0.313284
"Aug 20, 07:00 am",0.697242
"Aug 20, 08:00 am",2.73779
"Aug 20, 09:00 am",6.17261
"Aug 20, 10:00 am",8.85895
"Aug 20, 11:00 am",10.1206
"Aug 20, 12:00 pm",11.4025
"Aug 20, 01:00 pm",11.752
"Aug 20, 02:00 pm",11.2299
"Aug 20, 03:00 pm",9.13783
"Aug 20, 04:00 pm",7.20219
"Aug 20, 05:00 pm",7.284
"Aug 20, 06:00 pm",1.75348
"Aug 20, 07:00 pm",0
"Aug 20, 08:00 pm",0
"Aug 20, 09:00 pm",0
"Aug 20, 10:00 pm",0
"Aug 20, 11:00 pm",0
"Aug 21, 12:00 am",0
"Aug 21, 01:00 am",0
"Aug 21, 02:00 am",0
"Aug 21, 03:00 am",0
"Aug 21, 04:00 am",0
"Aug 21, 05:00 am",0
"Aug 21, 06:00 am",0.309026
"Aug 21, 07:00 am",0.707498
"Aug 21, 08:00 am",2.66867
"Aug 21, 09:00 am",5.94957
"Aug 21, 10:00 am",8.68882
"Aug 21, 11:00 am",10.7704
"Aug 21, 12:00 pm",12.1175
"Aug 21, 01:00 pm",12.8796
"Aug 21, 02:00 pm",12.9387
"Aug 21, 03:00 pm",10.8744
"Aug 21, 04:00 pm",7.73446
"Aug 21, 05:00 pm",1.36224
"Aug 21, 06:00 pm",0.348977
"Aug 21, 07:00 pm",0
"Aug 21, 08:00 pm",0
"Aug 21, 09:00 pm",0
"Aug 21, 10:00 pm",0
"Aug 21, 11:00 pm",0
"Aug 22, 12:00 am",0
"Aug 22, 01:00 am",0
"Aug 22, 02:00 am",0
"Aug 22, 03:00 am",0
"Aug 22, 04:00 am",0
"Aug 22, 05:00 am",0
"Aug 22, 06:00 am",0.361556
"Aug 22, 07:00 am",1.2062
"Aug 22, 08:00 am",1.0165
"Aug 22, 09:00 am",2.50822
"Aug 22, 10:00 am",7.95789
"Aug 22, 11:00 am",3.77477
"Aug 22, 12:00 pm",7.63247
"Aug 22, 01:00 pm",5.11092
"Aug 22, 02:00 pm",5.27793
"Aug 22, 03:00 pm",12.5088
"Aug 22, 04:00 pm",10.4795
"Aug 22, 05:00 pm",7.28799
"Aug 22, 06:00 pm",1.306
"Aug 22, 07:00 pm",0
"Aug 22, 08:00 pm",0
"Aug 22, 09:00 pm",0
"Aug 22, 10:00 pm",0
"Aug 22, 11:00 pm",0
"Aug 23, 12:00 am",0
"Aug 23, 01:00 am",0
"Aug 23, 02:00 am",0
"Aug 23, 03:00 am",0
"Aug 23, 04:00 am",0
"Aug 23, 05:00 am",0
"Aug 23, 06:00 am",0.276647
"Aug 23, 07:00 am",0.641051
"Aug 23, 08:00 am",2.56684
"Aug 23, 09:00 am",5.98024
"Aug 23, 10:00 am",8.83597
"Aug 23, 11:00 am",10.8603
"Aug 23, 12:00 pm",12.2049
"Aug 23, 01:00 pm",12.8512
"Aug 23, 02:00 pm",12.6184
"Aug 23, 03:00 pm",11.6338
"Aug 23, 04:00 pm",8.47588
"Aug 23, 05:00 pm",6.06456
"Aug 23, 06:00 pm",2.2009
"Aug 23, 07:00 pm",0
"Aug 23, 08:00 pm",0
"Aug 23, 09:00 pm",0
"Aug 23, 10:00 pm",0
"Aug 23, 11:00 pm",0
"Aug 24, 12:00 am",0
"Aug 24, 01:00 am",0
"Aug 24, 02:00 am",0
"Aug 24, 03:00 am",0
"Aug 24, 04:00 am",0
"Aug 24, 05:00 am",0
"Aug 24, 06:00 am",-0
"Aug 24, 07:00 am",1.33973
"Aug 24, 08:00 am",0.720155
"Aug 24, 09:00 am",2.20684
"Aug 24, 10:00 am",6.82927
"Aug 24, 11:00 am",9.19512
"Aug 24, 12:00 pm",10.8188
"Aug 24, 01:00 pm",11.3419
"Aug 24, 02:00 pm",11.3458
"Aug 24, 03:00 pm",11.8095
"Aug 24, 04:00 pm",10.0456
"Aug 24, 05:00 pm",6.89106
"Aug 24, 06:00 pm",2.13311
"Aug 24, 07:00 pm",0
"Aug 24, 08:00 pm",0
"Aug 24, 09:00 pm",0
"Aug 24, 10:00 pm",0
"Aug 24, 11:00 pm",0
"Aug 25, 12:00 am",0
"Aug 25, 01:00 am",0
"Aug 25, 02:00 am",0
"Aug 25, 03:00 am",0
"Aug 25, 04:00 am",0
"Aug 25, 05:00 am",0
"Aug 25, 06:00 am",0.00213296
"Aug 25, 07:00 am",0.598688
"Aug 25, 08:00 am",2.5509
"Aug 25, 09:00 am",5.27657
"Aug 25, 10:00 am",5.86477
"Aug 25, 11:00 am",6.98215
"Aug 25, 12:00 pm",11.9667
"Aug 25, 01:00 pm",12.744
"Aug 25, 02:00 pm",12.8555
"Aug 25, 03:00 pm",12.0702
"Aug 25, 04:00 pm",10.1407
"Aug 25, 05:00 pm",1.62042
"Aug 25, 06:00 pm",2.064
"Aug 25, 07:00 pm",0
"Aug 25, 08:00 pm",0
"Aug 25, 09:00 pm",0
"Aug 25, 10:00 pm",0
"Aug 25, 11:00 pm",0
"Aug 26, 12:00 am",0
"Aug 26, 01:00 am",0
"Aug 26, 02:00 am",0
"Aug 26, 03:00 am",0
"Aug 26, 04:00 am",0
"Aug 26, 05:00 am",0
"Aug 26, 06:00 am",0.300344
"Aug 26, 07:00 am",0.743569
"Aug 26, 08:00 am",2.61376
"Aug 26, 09:00 am",6.01546
"Aug 26, 10:00 am",8.68601
"Aug 26, 11:00 am",10.5747
"Aug 26, 12:00 pm",11.9936
"Aug 26, 01:00 pm",12.7938
"Aug 26, 02:00 pm",12.7298
"Aug 26, 03:00 pm",11.7818
"Aug 26, 04:00 pm",9.91999
"Aug 26, 05:00 pm",6.74172
"Aug 26, 06:00 pm",1.9093
"Aug 26, 07:00 pm",0
"Aug 26, 08:00 pm",0
"Aug 26, 09:00 pm",0
"Aug 26, 10:00 pm",0
"Aug 26, 11:00 pm",0
"Aug 27, 12:00 am",0
"Aug 27, 01:00 am",0
"Aug 27, 02:00 am",0
"Aug 27, 03:00 am",0
"Aug 27, 04:00 am",0
"Aug 27, 05:00 am",0
"Aug 27, 06:00 am",0.245845
"Aug 27, 07:00 am",0.567397
"Aug 27, 08:00 am",2.60284
"Aug 27, 09:00 am",6.24868
"Aug 27, 10:00 am",9.18816
"Aug 27, 11:00 am",11.2175
"Aug 27, 12:00 pm",12.4481
"Aug 27, 01:00 pm",13.0959
"Aug 27, 02:00 pm",13.1254
"Aug 27, 03:00 pm",12.3352
"Aug 27, 04:00 pm",10.5923
"Aug 27, 05:00 pm",7.54124
"Aug 27, 06:00 pm",2.57252
"Aug 27, 07:00 pm",0
"Aug 27, 08:00 pm",0
"Aug 27, 09:00 pm",0
"Aug 27, 10:00 pm",0
"Aug 27, 11:00 pm",0
"Aug 28, 12:00 am",0
"Aug 28, 01:00 am",0
"Aug 28, 02:00 am",0
"Aug 28, 03:00 am",0
"Aug 28, 04:00 am",0
"Aug 28, 05:00 am",0
"Aug 28, 06:00 am",0.238039
"Aug 28, 07:00 am",0.553462
"Aug 28, 08:00 am",2.57058
"Aug 28, 09:00 am",6.17186
"Aug 28, 10:00 am",8.94867
"Aug 28, 11:00 am",10.8149
"Aug 28, 12:00 pm",12.0509
"Aug 28, 01:00 pm",12.6361
"Aug 28, 02:00 pm",12.6499
"Aug 28, 03:00 pm",11.9058
"Aug 28, 04:00 pm",10.3267
"Aug 28, 05:00 pm",7.39817
"Aug 28, 06:00 pm",2.42038
"Aug 28, 07:00 pm",0
"Aug 28, 08:00 pm",0
"Aug 28, 09:00 pm",0
"Aug 28, 10:00 pm",0
"Aug 28, 11:00 pm",0
"Aug 29, 12:00 am",0
"Aug 29, 01:00 am",0
"Aug 29, 02:00 am",0
"Aug 29, 03:00 am",0
"Aug 29, 04:00 am",0
"Aug 29, 05:00 am",0
"Aug 29, 06:00 am",0.245076
"Aug 29, 07:00 am",0.658655
"Aug 29, 08:00 am",2.51584
"Aug 29, 09:00 am",6.07545
"Aug 29, 10:00 am",9.14417
"Aug 29, 11:00 am",11.4402
"Aug 29, 12:00 pm",12.9634
"Aug 29, 01:00 pm",13.7623
"Aug 29, 02:00 pm",13.5446
"Aug 29, 03:00 pm",12.6169
"Aug 29, 04:00 pm",10.5241
"Aug 29, 05:00 pm",7.26558
"Aug 29, 06:00 pm",2.01978
"Aug 29, 07:00 pm",0
"Aug 29, 08:00 pm",0
"Aug 29, 09:00 pm",0
"Aug 29, 10:00 pm",0
"Aug 29, 11:00 pm",0
"Aug 30, 12:00 am",0
"Aug 30, 01:00 am",0
"Aug 30, 02:00 am",0
"Aug 30, 03:00 am",0
"Aug 30, 04:00 am",0
"Aug 30, 05:00 am",0
"Aug 30, 06:00 am",0.243528
"Aug 30, 07:00 am",0.772969
"Aug 30, 08:00 am",2.5151
"Aug 30, 09:00 am",5.89064
"Aug 30, 10:00 am",8.81496
"Aug 30, 11:00 am",11.0113
"Aug 30, 12:00 pm",12.514
"Aug 30, 01:00 pm",13.2212
"Aug 30, 02:00 pm",13.1646
"Aug 30, 03:00 pm",12.0568
"Aug 30, 04:00 pm",5.68023
"Aug 30, 05:00 pm",0.79714
"Aug 30, 06:00 pm",0.7923
"Aug 30, 07:00 pm",0
"Aug 30, 08:00 pm",0
"Aug 30, 09:00 pm",0
"Aug 30, 10:00 pm",0
"Aug 30, 11:00 pm",0
"Aug 31, 12:00 am",0
"Aug 31, 01:00 am",0
"Aug 31, 02:00 am",0
"Aug 31, 03:00 am",0
"Aug 31, 04:00 am",0
"Aug 31, 05:00 am",0
"Aug 31, 06:00 am",0.24062
"Aug 31, 07:00 am",0.817104
"Aug 31, 08:00 am",2.47998
"Aug 31, 09:00 am",5.71348
"Aug 31, 10:00 am",8.56456
"Aug 31, 11:00 am",10.6391
"Aug 31, 12:00 pm",11.9666
"Aug 31, 01:00 pm",12.5535
"Aug 31, 02:00 pm",12.4115
"Aug 31, 03:00 pm",11.4415
"Aug 31, 04:00 pm",4.25795
"Aug 31, 05:00 pm",6.87457
"Aug 31, 06:00 pm",1.64017
"Aug 31, 07:00 pm",0
"Aug 31, 08:00 pm",0
"Aug 31, 09:00 pm",0
"Aug 31, 10:00 pm",0
"Aug 31, 11:00 pm",0
"Sep 1, 12:00 am",0
"Sep 1, 01:00 am",0
"Sep 1, 02:00 am",0
"Sep 1, 03:00 am",0
"Sep 1, 04:00 am",0
"Sep 1, 05:00 am",0
"Sep 1, 06:00 am",0.222712
"Sep 1, 07:00 am",0.679968
"Sep 1, 08:00 am",2.42055
"Sep 1, 09:00 am",4.9767
"Sep 1, 10:00 am",7.48746
"Sep 1, 11:00 am",8.91012
"Sep 1, 12:00 pm",11.6649
"Sep 1, 01:00 pm",12.1786
"Sep 1, 02:00 pm",11.8956
"Sep 1, 03:00 pm",11.9475
"Sep 1, 04:00 pm",9.76889
"Sep 1, 05:00 pm",6.48835
"Sep 1, 06:00 pm",0.952891
"Sep 1, 07:00 pm",0
"Sep 1, 08:00 pm",0
"Sep 1, 09:00 pm",0
"Sep 1, 10:00 pm",0
"Sep 1, 11:00 pm",0
"Sep 2, 12:00 am",0
"Sep 2, 01:00 am",0
"Sep 2, 02:00 am",0
"Sep 2, 03:00 am",0
"Sep 2, 04:00 am",0
"Sep 2, 05:00 am",0
"Sep 2, 06:00 am",0.200486
"Sep 2, 07:00 am",0.903548
"Sep 2, 08:00 am",2.85061
"Sep 2, 09:00 am",5.66616
"Sep 2, 10:00 am",8.46038
"Sep 2, 11:00 am",9.76053
"Sep 2, 12:00 pm",10.4249
"Sep 2, 01:00 pm",12.8751
"Sep 2, 02:00 pm",12.7513
"Sep 2, 03:00 pm",11.8431
"Sep 2, 04:00 pm",9.85776
"Sep 2, 05:00 pm",6.6826
"Sep 2, 06:00 pm",1.27371
"Sep 2, 07:00 pm",0
"Sep 2, 08:00 pm",0
"Sep 2, 09:00 pm",0
"Sep 2, 10:00 pm",0
"Sep 2, 11:00 pm",0
"Sep 3, 12:00 am",0
"Sep 3, 01:00 am",0
"Sep 3, 02:00 am",0
"Sep 3, 03:00 am",0
"Sep 3, 04:00 am",0
"Sep 3, 05:00 am",0
"Sep 3, 06:00 am",0.168907
"Sep 3, 07:00 am",0.498518
"Sep 3, 08:00 am",2.27412
"Sep 3, 09:00 am",5.80659
"Sep 3, 10:00 am",8.64149
"Sep 3, 11:00 am",10.4093
"Sep 3, 12:00 pm",11.7236
"Sep 3, 01:00 pm",12.5766
"Sep 3, 02:00 pm",12.6293
"Sep 3, 03:00 pm",11.8582
"Sep 3, 04:00 pm",9.91568
"Sep 3, 05:00 pm",6.71891
"Sep 3, 06:00 pm",1.16058
"Sep 3, 07:00 pm",0
"Sep 3, 08:00 pm",0
"Sep 3, 09:00 pm",0
"Sep 3, 10:00 pm",0
"Sep 3, 11:00 pm",0
"Sep 4, 12:00 am",0
"Sep 4, 01:00 am",0
"Sep 4, 02:00 am",0
"Sep 4, 03:00 am",0
"Sep 4, 04:00 am",0
"Sep 4, 05:00 am",0
"Sep 4, 06:00 am",0.193981
"Sep 4, 07:00 am",0.773257
"Sep 4, 08:00 am",2.3779
"Sep 4, 09:00 am",5.8197
"Sep 4, 10:00 am",8.82066
"Sep 4, 11:00 am",10.9783
"Sep 4, 12:00 pm",12.471
"Sep 4, 01:00 pm",13.1027
"Sep 4, 02:00 pm",12.8214
"Sep 4, 03:00 pm",11.6576
"Sep 4, 04:00 pm",9.35798
"Sep 4, 05:00 pm",5.60191
"Sep 4, 06:00 pm",0.5042
"Sep 4, 07:00 pm",0
"Sep 4, 08:00 pm",0
"Sep 4, 09:00 pm",0
"Sep 4, 10:00 pm",0
"Sep 4, 11:00 pm",0
"Sep 5, 12:00 am",0
"Sep 5, 01:00 am",0
"Sep 5, 02:00 am",0
"Sep 5, 03:00 am",0
"Sep 5, 04:00 am",0
"Sep 5, 05:00 am",0
"Sep 5, 06:00 am",0.060665
"Sep 5, 07:00 am",0.906352
"Sep 5, 08:00 am",2.79501
"Sep 5, 09:00 am",4.84961
"Sep 5, 10:00 am",8.83025
"Sep 5, 11:00 am",11.1149
"Sep 5, 12:00 pm",12.5572
"Sep 5, 01:00 pm",13.1715
"Sep 5, 02:00 pm",13.0641
"Sep 5, 03:00 pm",12.0186
"Sep 5, 04:00 pm",9.88758
"Sep 5, 05:00 pm",6.54678
"Sep 5, 06:00 pm",0.962786
"Sep 5, 07:00 pm",0
"Sep 5, 08:00 pm",0
"Sep 5, 09:00 pm",0
"Sep 5, 10:00 pm",0
"Sep 5, 11:00 pm",0
"Sep 6, 12:00 am",0
"Sep 6, 01:00 am",0
"Sep 6, 02:00 am",0
"Sep 6, 03:00 am",0
"Sep 6, 04:00 am",0
"Sep 6, 05:00 am",0
"Sep 6, 06:00 am",0.161812
"Sep 6, 07:00 am",0.687258
"Sep 6, 08:00 am",2.18812
"Sep 6, 09:00 am",5.57747
"Sep 6, 10:00 am",8.48583
"Sep 6, 11:00 am",10.589
"Sep 6, 12:00 pm",12.0288
"Sep 6, 01:00 pm",11.4004
"Sep 6, 02:00 pm",11.1129
"Sep 6, 03:00 pm",7.22713
"Sep 6, 04:00 pm",0.755543
"Sep 6, 05:00 pm",3.48754
"Sep 6, 06:00 pm",0.156761
"Sep 6, 07:00 pm",0
"Sep 6, 08:00 pm",0
"Sep 6, 09:00 pm",0
"Sep 6, 10:00 pm",0
"Sep 6, 11:00 pm",0
"Sep 7, 12:00 am",0
"Sep 7, 01:00 am",0
"Sep 7, 02:00 am",0
"Sep 7, 03:00 am",0
"Sep 7, 04:00 am",0
"Sep 7, 05:00 am",0
"Sep 7, 06:00 am",0.174356
"Sep 7, 07:00 am",1.0753
"Sep 7, 08:00 am",2.75854
"Sep 7, 09:00 am",5.3789
"Sep 7, 10:00 am",8.32758
"Sep 7, 11:00 am",10.4697
"Sep 7, 12:00 pm",11.9384
"Sep 7, 01:00 pm",12.6108
"Sep 7, 02:00 pm",12.6289
"Sep 7, 03:00 pm",11.635
"Sep 7, 04:00 pm",9.5492
"Sep 7, 05:00 pm",6.1788
"Sep 7, 06:00 pm",0.620339
"Sep 7, 07:00 pm",0
"Sep 7, 08:00 pm",0
"Sep 7, 09:00 pm",0
"Sep 7, 10:00 pm",0
"Sep 7, 11:00 pm",0
"Sep 8, 12:00 am",0
"Sep 8, 01:00 am",0
"Sep 8, 02:00 am",0
"Sep 8, 03:00 am",0
"Sep 8, 04:00 am",0
"Sep 8, 05:00 am",0
"Sep 8, 06:00 am",0.119114
"Sep 8, 07:00 am",0.553345
"Sep 8, 08:00 am",2.14231
"Sep 8, 09:00 am",5.59161
"Sep 8, 10:00 am",8.68224
"Sep 8, 11:00 am",10.9783
"Sep 8, 12:00 pm",12.5288
"Sep 8, 01:00 pm",13.224
"Sep 8, 02:00 pm",12.967
"Sep 8, 03:00 pm",11.905
"Sep 8, 04:00 pm",8.29572
"Sep 8, 05:00 pm",3.45968
"Sep 8, 06:00 pm",0.0177933
"Sep 8, 07:00 pm",0
"Sep 8, 08:00 pm",0
"Sep 8, 09:00 pm",0
"Sep 8, 10:00 pm",0
"Sep 8, 11:00 pm",0
"Sep 9, 12:00 am",0
"Sep 9, 01:00 am",0
"Sep 9, 02:00 am",0
"Sep 9, 03:00 am",0
"Sep 9, 04:00 am",0
"Sep 9, 05:00 am",0
"Sep 9, 06:00 am",0.120106
"Sep 9, 07:00 am",0.830287
"Sep 9, 08:00 am",2.6388
"Sep 9, 09:00 am",4.45256
"Sep 9, 10:00 am",8.59376
"Sep 9, 11:00 am",9.27444
"Sep 9, 12:00 pm",8.51602
"Sep 9, 01:00 pm",11.0426
"Sep 9, 02:00 pm",7.91746
"Sep 9, 03:00 pm",11.2661
"Sep 9, 04:00 pm",8.90187
"Sep 9, 05:00 pm",5.11767
"Sep 9, 06:00 pm",0.0391196
"Sep 9, 07:00 pm",0
"Sep 9, 08:00 pm",0
"Sep 9, 09:00 pm",0
"Sep 9, 10:00 pm",0
"Sep 9, 11:00 pm",0
"Sep 10, 12:00 am",0
"Sep 10, 01:00 am",0
"Sep 10, 02:00 am",0
"Sep 10, 03:00 am",0
"Sep 10, 04:00 am",0
"Sep 10, 05:00 am",0
"Sep 10, 06:00 am",0.127171
"Sep 10, 07:00 am",0.964913
"Sep 10, 08:00 am",2.78057
"Sep 10, 09:00 am",4.26585
"Sep 10, 10:00 am",8.6666
"Sep 10, 11:00 am",10.6719
"Sep 10, 12:00 pm",11.9622
"Sep 10, 01:00 pm",12.4382
"Sep 10, 02:00 pm",12.2133
"Sep 10, 03:00 pm",11.1478
"Sep 10, 04:00 pm",9.14314
"Sep 10, 05:00 pm",6.28077
"Sep 10, 06:00 pm",0.443627
"Sep 10, 07:00 pm",0
"Sep 10, 08:00 pm",0
"Sep 10, 09:00 pm",0
"Sep 10, 10:00 pm",0
"Sep 10, 11:00 pm",0
"Sep 11, 12:00 am",0
"Sep 11, 01:00 am",0
"Sep 11, 02:00 am",0
"Sep 11, 03:00 am",0
"Sep 11, 04:00 am",0
"Sep 11, 05:00 am",0
"Sep 11, 06:00 am",0.0848587
"Sep 11, 07:00 am",0.582745
"Sep 11, 08:00 am",2.08299
"Sep 11, 09:00 am",5.76961
"Sep 11, 10:00 am",8.92436
"Sep 11, 11:00 am",11.0727
"Sep 11, 12:00 pm",12.4316
"Sep 11, 01:00 pm",13.0178
"Sep 11, 02:00 pm",12.8067
"Sep 11, 03:00 pm",11.8076
"Sep 11, 04:00 pm",9.69292
"Sep 11, 05:00 pm",6.38478
"Sep 11, 06:00 pm",0.465686
"Sep 11, 07:00 pm",0
"Sep 11, 08:00 pm",0
"Sep 11, 09:00 pm",0
"Sep 11, 10:00 pm",0
"Sep 11, 11:00 pm",0
"Sep 12, 12:00 am",0
"Sep 12, 01:00 am",0
"Sep 12, 02:00 am",0
"Sep 12, 03:00 am",0
"Sep 12, 04:00 am",0
"Sep 12, 05:00 am",0
"Sep 12, 06:00 am",0.0800389
"Sep 12, 07:00 am",0.449234
"Sep 12, 08:00 am",2.10102
"Sep 12, 09:00 am",5.83953
"Sep 12, 10:00 am",9.00155
"Sep 12, 11:00 am",11.1687
"Sep 12, 12:00 pm",12.5427
"Sep 12, 01:00 pm",13.1213
"Sep 12, 02:00 pm",12.9186
"Sep 12, 03:00 pm",11.8399
"Sep 12, 04:00 pm",9.7504
"Sep 12, 05:00 pm",6.26106
"Sep 12, 06:00 pm",-0
"Sep 12, 07:00 pm",0
"Sep 12, 08:00 pm",0
"Sep 12, 09:00 pm",0
"Sep 12, 10:00 pm",0
"Sep 12, 11:00 pm",0
"Sep 13, 12:00 am",0
"Sep 13, 01:00 am",0
"Sep 13, 02:00 am",0
"Sep 13, 03:00 am",0
"Sep 13, 04:00 am",0
"Sep 13, 05:00 am",0
"Sep 13, 06:00 am",0.0755365
"Sep 13, 07:00 am",0.492484
"Sep 13, 08:00 am",2.07122
"Sep 13, 09:00 am",5.7753
"Sep 13, 10:00 am",8.8247
"Sep 13, 11:00 am",10.715
"Sep 13, 12:00 pm",11.7406
"Sep 13, 01:00 pm",12.4129
"Sep 13, 02:00 pm",12.441
"Sep 13, 03:00 pm",11.6471
"Sep 13, 04:00 pm",9.5239
"Sep 13, 05:00 pm",6.3302
"Sep 13, 06:00 pm",-0
"Sep 13, 07:00 pm",0
"Sep 13, 08:00 pm",0
"Sep 13, 09:00 pm",0
"Sep 13, 10:00 pm",0
"Sep 13, 11:00 pm",0
"Sep 14, 12:00 am",0
"Sep 14, 01:00 am",0
"Sep 14, 02:00 am",0
"Sep 14, 03:00 am",0
"Sep 14, 04:00 am",0
"Sep 14, 05:00 am",0
"Sep 14, 06:00 am",0.0739336
"Sep 14, 07:00 am",0.648794
"Sep 14, 08:00 am",2.02738
"Sep 14, 09:00 am",5.68761
"Sep 14, 10:00 am",8.5988
"Sep 14, 11:00 am",10.7115
"Sep 14, 12:00 pm",12.3078
"Sep 14, 01:00 pm",13.0097
"Sep 14, 02:00 pm",12.9041
"Sep 14, 03:00 pm",11.8657
"Sep 14, 04:00 pm",9.73497
"Sep 14, 05:00 pm",6.15874
"Sep 14, 06:00 pm",-0
"Sep 14, 07:00 pm",0
"Sep 14, 08:00 pm",0
"Sep 14, 09:00 pm",0
"Sep 14, 10:00 pm",0
"Sep 14, 11:00 pm",0
"Sep 15, 12:00 am",0
"Sep 15, 01:00 am",0
"Sep 15, 02:00 am",0
"Sep 15, 03:00 am",0
"Sep 15, 04:00 am",0
"Sep 15, 05:00 am",0
"Sep 15, 06:00 am",0.0568891
"Sep 15, 07:00 am",0.505477
"Sep 15, 08:00 am",1.98611
"Sep 15, 09:00 am",5.6076
"Sep 15, 10:00 am",8.74737
"Sep 15, 11:00 am",11.0327
"Sep 15, 12:00 pm",12.5919
"Sep 15, 01:00 pm",13.2446
"Sep 15, 02:00 pm",13.084
"Sep 15, 03:00 pm",11.9504
"Sep 15, 04:00 pm",9.58541
"Sep 15, 05:00 pm",5.82926
"Sep 15, 06:00 pm",-0
"Sep 15, 07:00 pm",0
"Sep 15, 08:00 pm",0
"Sep 15, 09:00 pm",0
"Sep 15, 10:00 pm",0
"Sep 15, 11:00 pm",0
"Sep 16, 12:00 am",0
"Sep 16, 01:00 am",0
"Sep 16, 02:00 am",0
"Sep 16, 03:00 am",0
"Sep 16, 04:00 am",0
"Sep 16, 05:00 am",0
"Sep 16, 06:00 am",0.0637994
"Sep 16, 07:00 am",0.567516
"Sep 16, 08:00 am",2.00624
"Sep 16, 09:00 am",5.48697
"Sep 16, 10:00 am",8.40653
"Sep 16, 11:00 am",10.3624
"Sep 16, 12:00 pm",11.818
"Sep 16, 01:00 pm",12.4448
"Sep 16, 02:00 pm",12.3286
"Sep 16, 03:00 pm",11.3607
"Sep 16, 04:00 pm",9.37827
"Sep 16, 05:00 pm",5.90128
"Sep 16, 06:00 pm",-0
"Sep 16, 07:00 pm",0
"Sep 16, 08:00 pm",0
"Sep 16, 09:00 pm",0
"Sep 16, 10:00 pm",0
"Sep 16, 11:00 pm",0
"Sep 17, 12:00 am",0
"Sep 17, 01:00 am",0
"Sep 17, 02:00 am",0
"Sep 17, 03:00 am",0
"Sep 17, 04:00 am",0
"Sep 17, 05:00 am",0
"Sep 17, 06:00 am",0.0590307
"Sep 17, 07:00 am",0.523611
"Sep 17, 08:00 am",1.9003
"Sep 17, 09:00 am",5.57522
"Sep 17, 10:00 am",8.78274
"Sep 17, 11:00 am",10.946
"Sep 17, 12:00 pm",12.3428
"Sep 17, 01:00 pm",13.0124
"Sep 17, 02:00 pm",12.8918
"Sep 17, 03:00 pm",11.8387
"Sep 17, 04:00 pm",9.59984
"Sep 17, 05:00 pm",5.93664
"Sep 17, 06:00 pm",-0
"Sep 17, 07:00 pm",0
"Sep 17, 08:00 pm",0
"Sep 17, 09:00 pm",0
"Sep 17, 10:00 pm",0
"Sep 17, 11:00 pm",0
"Sep 18, 12:00 am",0
"Sep 18, 01:00 am",0
"Sep 18, 02:00 am",0
"Sep 18, 03:00 am",0
"Sep 18, 04:00 am",0
"Sep 18, 05:00 am",0
"Sep 18, 06:00 am",0.0632818
"Sep 18, 07:00 am",0.526191
"Sep 18, 08:00 am",1.96081
"Sep 18, 09:00 am",5.70222
"Sep 18, 10:00 am",8.65788
"Sep 18, 11:00 am",10.5739
"Sep 18, 12:00 pm",11.9896
"Sep 18, 01:00 pm",12.5966
"Sep 18, 02:00 pm",12.2399
"Sep 18, 03:00 pm",11.0421
"Sep 18, 04:00 pm",9.01759
"Sep 18, 05:00 pm",5.64432
"Sep 18, 06:00 pm",-0
"Sep 18, 07:00 pm",0
"Sep 18, 08:00 pm",0
"Sep 18, 09:00 pm",0
"Sep 18, 10:00 pm",0
"Sep 18, 11:00 pm",0
"Sep 19, 12:00 am",0
"Sep 19, 01:00 am",0
"Sep 19, 02:00 am",0
"Sep 19, 03:00 am",0
"Sep 19, 04:00 am",0
"Sep 19, 05:00 am",0
"Sep 19, 06:00 am",0.0520867
"Sep 19, 07:00 am",0.494613
"Sep 19, 08:00 am",1.90556
"Sep 19, 09:00 am",5.55414
"Sep 19, 10:00 am",8.54485
"Sep 19, 11:00 am",10.5141
"Sep 19, 12:00 pm",11.7531
"Sep 19, 01:00 pm",12.0586
"Sep 19, 02:00 pm",11.7601
"Sep 19, 03:00 pm",10.9455
"Sep 19, 04:00 pm",8.98399
"Sep 19, 05:00 pm",5.64267
"Sep 19, 06:00 pm",0
"Sep 19, 07:00 pm",0
"Sep 19, 08:00 pm",0
"Sep 19, 09:00 pm",0
"Sep 19, 10:00 pm",0
"Sep 19, 11:00 pm",0
"Sep 20, 12:00 am",0
"Sep 20, 01:00 am",0
"Sep 20, 02:00 am",0
"Sep 20, 03:00 am",0
"Sep 20, 04:00 am",0
"Sep 20, 05:00 am",0
"Sep 20, 06:00 am",0.0429857
"Sep 20, 07:00 am",0.518465
"Sep 20, 08:00 am",1.82923
"Sep 20, 09:00 am",5.4631
"Sep 20, 10:00 am",8.45907
"Sep 20, 11:00 am",10.5237
"Sep 20, 12:00 pm",11.9526
"Sep 20, 01:00 pm",12.4172
"Sep 20, 02:00 pm",12.1845
"Sep 20, 03:00 pm",11.1206
"Sep 20, 04:00 pm",8.96739
"Sep 20, 05:00 pm",5.63703
"Sep 20, 06:00 pm",0
"Sep 20, 07:00 pm",0
"Sep 20, 08:00 pm",0
"Sep 20, 09:00 pm",0
"Sep 20, 10:00 pm",0
"Sep 20, 11:00 pm",0
"Sep 21, 12:00 am",0
"Sep 21, 01:00 am",0
"Sep 21, 02:00 am",0
"Sep 21, 03:00 am",0
"Sep 21, 04:00 am",0
"Sep 21, 05:00 am",0
"Sep 21, 06:00 am",0.0352951
"Sep 21, 07:00 am",0.505465
"Sep 21, 08:00 am",1.80512
"Sep 21, 09:00 am",5.50875
"Sep 21, 10:00 am",8.52654
"Sep 21, 11:00 am",10.4064
"Sep 21, 12:00 pm",11.5778
"Sep 21, 01:00 pm",12.0931
"Sep 21, 02:00 pm",12.0268
"Sep 21, 03:00 pm",11.0525
"Sep 21, 04:00 pm",8.97495
"Sep 21, 05:00 pm",5.41225
"Sep 21, 06:00 pm",0
"Sep 21, 07:00 pm",0
"Sep 21, 08:00 pm",0
"Sep 21, 09:00 pm",0
"Sep 21, 10:00 pm",0
"Sep 21, 11:00 pm",0
"Sep 22, 12:00 am",0
"Sep 22, 01:00 am",0
"Sep 22, 02:00 am",0
"Sep 22, 03:00 am",0
"Sep 22, 04:00 am",0
"Sep 22, 05:00 am",0
"Sep 22, 06:00 am",0.0626139
"Sep 22, 07:00 am",0.484567
"Sep 22, 08:00 am",1.80219
"Sep 22, 09:00 am",5.39036
"Sep 22, 10:00 am",8.40534
"Sep 22, 11:00 am",10.4595
"Sep 22, 12:00 pm",11.8626
"Sep 22, 01:00 pm",8.41335
"Sep 22, 02:00 pm",10.1203
"Sep 22, 03:00 pm",7.81339
"Sep 22, 04:00 pm",3.942
"Sep 22, 05:00 pm",0.781695
"Sep 22, 06:00 pm",0
"Sep 22, 07:00 pm",0
"Sep 22, 08:00 pm",0
"Sep 22, 09:00 pm",0
"Sep 22, 10:00 pm",0
"Sep 22, 11:00 pm",0
"Sep 23, 12:00 am",0
"Sep 23, 01:00 am",0
"Sep 23, 02:00 am",0
"Sep 23, 03:00 am",0
"Sep 23, 04:00 am",0
"Sep 23, 05:00 am",0
"Sep 23, 06:00 am",-0
"Sep 23, 07:00 am",0.895051
"Sep 23, 08:00 am",2.32643
"Sep 23, 09:00 am",4.69802
"Sep 23, 10:00 am",7.06357
"Sep 23, 11:00 am",7.08922
"Sep 23, 12:00 pm",8.58264
"Sep 23, 01:00 pm",7.18996
"Sep 23, 02:00 pm",8.85346
"Sep 23, 03:00 pm",3.9656
"Sep 23, 04:00 pm",2.5517
"Sep 23, 05:00 pm",0.141473
"Sep 23, 06:00 pm",0
"Sep 23, 07:00 pm",0
"Sep 23, 08:00 pm",0
"Sep 23, 09:00 pm",0
"Sep 23, 10:00 pm",0
"Sep 23, 11:00 pm",0
"Sep 24, 12:00 am",0
"Sep 24, 01:00 am",0
"Sep 24, 02:00 am",0
"Sep 24, 03:00 am",0
"Sep 24, 04:00 am",0
"Sep 24, 05:00 am",0
"Sep 24, 06:00 am",0.00268083
"Sep 24, 07:00 am",1.12761
"Sep 24, 08:00 am",2.58302
"Sep 24, 09:00 am",1.99034
"Sep 24, 10:00 am",3.06266
"Sep 24, 11:00 am",3.92753
"Sep 24, 12:00 pm",4.02018
"Sep 24, 01:00 pm",2.34697
"Sep 24, 02:00 pm",1.00925
"Sep 24, 03:00 pm",1.07782
"Sep 24, 04:00 pm",2.05692
"Sep 24, 05:00 pm",-0
"Sep 24, 06:00 pm",0
"Sep 24, 07:00 pm",0
"Sep 24, 08:00 pm",0
"Sep 24, 09:00 pm",0
"Sep 24, 10:00 pm",0
"Sep 24, 11:00 pm",0
"Sep 25, 12:00 am",0
"Sep 25, 01:00 am",0
"Sep 25, 02:00 am",0
"Sep 25, 03:00 am",0
"Sep 25, 04:00 am",0
"Sep 25, 05:00 am",0
"Sep 25, 06:00 am",-0
"Sep 25, 07:00 am",0.748602
"Sep 25, 08:00 am",2.50765
"Sep 25, 09:00 am",5.01253
"Sep 25, 10:00 am",7.59665
"Sep 25, 11:00 am",8.26493
"Sep 25, 12:00 pm",11.5501
"Sep 25, 01:00 pm",11.9892
"Sep 25, 02:00 pm",11.6405
"Sep 25, 03:00 pm",10.4419
"Sep 25, 04:00 pm",4.7845
"Sep 25, 05:00 pm",4.55317
"Sep 25, 06:00 pm",0
"Sep 25, 07:00 pm",0
"Sep 25, 08:00 pm",0
"Sep 25, 09:00 pm",0
"Sep 25, 10:00 pm",0
"Sep 25, 11:00 pm",0
"Sep 26, 12:00 am",0
"Sep 26, 01:00 am",0
"Sep 26, 02:00 am",0
"Sep 26, 03:00 am",0
"Sep 26, 04:00 am",0
"Sep 26, 05:00 am",0
"Sep 26, 06:00 am",0.0227194
"Sep 26, 07:00 am",0.484291
"Sep 26, 08:00 am",1.6578
"Sep 26, 09:00 am",5.24599
"Sep 26, 10:00 am",8.36732
"Sep 26, 11:00 am",10.4593
"Sep 26, 12:00 pm",11.6939
"Sep 26, 01:00 pm",12.0751
"Sep 26, 02:00 pm",11.6821
"Sep 26, 03:00 pm",10.523
"Sep 26, 04:00 pm",8.34363
"Sep 26, 05:00 pm",4.63077
"Sep 26, 06:00 pm",0
"Sep 26, 07:00 pm",0
"Sep 26, 08:00 pm",0
"Sep 26, 09:00 pm",0
"Sep 26, 10:00 pm",0
"Sep 26, 11:00 pm",0
"Sep 27, 12:00 am",0
"Sep 27, 01:00 am",0
"Sep 27, 02:00 am",0
"Sep 27, 03:00 am",0
"Sep 27, 04:00 am",0
"Sep 27, 05:00 am",0
"Sep 27, 06:00 am",0.0126705
"Sep 27, 07:00 am",0.499703
"Sep 27, 08:00 am",1.64826
"Sep 27, 09:00 am",5.27463
"Sep 27, 10:00 am",8.50808
"Sep 27, 11:00 am",10.6888
"Sep 27, 12:00 pm",12.0859
"Sep 27, 01:00 pm",12.6089
"Sep 27, 02:00 pm",12.2606
"Sep 27, 03:00 pm",10.997
"Sep 27, 04:00 pm",8.5014
"Sep 27, 05:00 pm",4.47343
"Sep 27, 06:00 pm",0
"Sep 27, 07:00 pm",0
"Sep 27, 08:00 pm",0
"Sep 27, 09:00 pm",0
"Sep 27, 10:00 pm",0
"Sep 27, 11:00 pm",0
"Sep 28, 12:00 am",0
"Sep 28, 01:00 am",0
"Sep 28, 02:00 am",0
"Sep 28, 03:00 am",0
"Sep 28, 04:00 am",0
"Sep 28, 05:00 am",0
"Sep 28, 06:00 am",0.00222813
"Sep 28, 07:00 am",0.549507
"Sep 28, 08:00 am",1.59418
"Sep 28, 09:00 am",5.15026
"Sep 28, 10:00 am",8.27552
"Sep 28, 11:00 am",10.4061
"Sep 28, 12:00 pm",11.7599
"Sep 28, 01:00 pm",12.3071
"Sep 28, 02:00 pm",11.9857
"Sep 28, 03:00 pm",10.8023
"Sep 28, 04:00 pm",8.35844
"Sep 28, 05:00 pm",4.42377
"Sep 28, 06:00 pm",0
"Sep 28, 07:00 pm",0
"Sep 28, 08:00 pm",0
"Sep 28, 09:00 pm",0
"Sep 28, 10:00 pm",0
"Sep 28, 11:00 pm",0
"Sep 29, 12:00 am",0
"Sep 29, 01:00 am",0
"Sep 29, 02:00 am",0
"Sep 29, 03:00 am",0
"Sep 29, 04:00 am",0
"Sep 29, 05:00 am",0
"Sep 29, 06:00 am",0.00220228
"Sep 29, 07:00 am",0.472432
"Sep 29, 08:00 am",1.53517
"Sep 29, 09:00 am",5.04418
"Sep 29, 10:00 am",8.16446
"Sep 29, 11:00 am",10.2676
"Sep 29, 12:00 pm",11.6844
"Sep 29, 01:00 pm",12.318
"Sep 29, 02:00 pm",11.9757
"Sep 29, 03:00 pm",10.738
"Sep 29, 04:00 pm",8.25904
"Sep 29, 05:00 pm",4.24761
"Sep 29, 06:00 pm",0
"Sep 29, 07:00 pm",0
"Sep 29, 08:00 pm",0
"Sep 29, 09:00 pm",0
"Sep 29, 10:00 pm",0
"Sep 29, 11:00 pm",0
"Sep 30, 12:00 am",0
"Sep 30, 01:00 am",0
"Sep 30, 02:00 am",0
"Sep 30, 03:00 am",0
"Sep 30, 04:00 am",0
"Sep 30, 05:00 am",0
"Sep 30, 06:00 am",-0
"Sep 30, 07:00 am",0.53675
"Sep 30, 08:00 am",1.52346
"Sep 30, 09:00 am",4.90152
"Sep 30, 10:00 am",8.09981
"Sep 30, 11:00 am",10.2149
"Sep 30, 12:00 pm",11.6209
"Sep 30, 01:00 pm",12.2088
"Sep 30, 02:00 pm",11.9041
"Sep 30, 03:00 pm",10.7249
"Sep 30, 04:00 pm",8.22081
"Sep 30, 05:00 pm",3.64531
"Sep 30, 06:00 pm",0
"Sep 30, 07:00 pm",0
"Sep 30, 08:00 pm",0
"Sep 30, 09:00 pm",0
"Sep 30, 10:00 pm",0
"Sep 30, 11:00 pm",0
"Oct 1, 12:00 am",0
"Oct 1, 01:00 am",0
"Oct 1, 02:00 am",0
"Oct 1, 03:00 am",0
"Oct 1, 04:00 am",0
"Oct 1, 05:00 am",0
"Oct 1, 06:00 am",-0
"Oct 1, 07:00 am",0.636584
"Oct 1, 08:00 am",1.60023
"Oct 1, 09:00 am",4.71311
"Oct 1, 10:00 am",7.27077
"Oct 1, 11:00 am",9.90649
"Oct 1, 12:00 pm",11.3302
"Oct 1, 01:00 pm",11.9237
"Oct 1, 02:00 pm",11.6394
"Oct 1, 03:00 pm",10.3769
"Oct 1, 04:00 pm",7.94669
"Oct 1, 05:00 pm",3.70825
"Oct 1, 06:00 pm",0
"Oct 1, 07:00 pm",0
"Oct 1, 08:00 pm",0
"Oct 1, 09:00 pm",0
"Oct 1, 10:00 pm",0
"Oct 1, 11:00 pm",0
"Oct 2, 12:00 am",0
"Oct 2, 01:00 am",0
"Oct 2, 02:00 am",0
"Oct 2, 03:00 am",0
"Oct 2, 04:00 am",0
"Oct 2, 05:00 am",0
"Oct 2, 06:00 am",-0
"Oct 2, 07:00 am",0.912564
"Oct 2, 08:00 am",2.29428
"Oct 2, 09:00 am",4.64622
"Oct 2, 10:00 am",0.771441
"Oct 2, 11:00 am",8.83813
"Oct 2, 12:00 pm",9.18892
"Oct 2, 01:00 pm",4.38751
"Oct 2, 02:00 pm",0.303391
"Oct 2, 03:00 pm",0.337482
"Oct 2, 04:00 pm",6.67405
"Oct 2, 05:00 pm",2.24391
"Oct 2, 06:00 pm",0
"Oct 2, 07:00 pm",0
"Oct 2, 08:00 pm",0
"Oct 2, 09:00 pm",0
"Oct 2, 10:00 pm",0
"Oct 2, 11:00 pm",0
"Oct 3, 12:00 am",0
"Oct 3, 01:00 am",0
"Oct 3, 02:00 am",0
"Oct 3, 03:00 am",0
"Oct 3, 04:00 am",0
"Oct 3, 05:00 am",0
"Oct 3, 06:00 am",-0
"Oct 3, 07:00 am",0.546281
"Oct 3, 08:00 am",1.59063
"Oct 3, 09:00 am",5.19039
"Oct 3, 10:00 am",8.71933
"Oct 3, 11:00 am",11.0444
"Oct 3, 12:00 pm",12.5513
"Oct 3, 01:00 pm",13.1702
"Oct 3, 02:00 pm",12.8832
"Oct 3, 03:00 pm",11.443
"Oct 3, 04:00 pm",8.75881
"Oct 3, 05:00 pm",4.11035
"Oct 3, 06:00 pm",0
"Oct 3, 07:00 pm",0
"Oct 3, 08:00 pm",0
"Oct 3, 09:00 pm",0
"Oct 3, 10:00 pm",0
"Oct 3, 11:00 pm",0
"Oct 4, 12:00 am",0
"Oct 4, 01:00 am",0
"Oct 4, 02:00 am",0
"Oct 4, 03:00 am",0
"Oct 4, 04:00 am",0
"Oct 4, 05:00 am",0
"Oct 4, 06:00 am",-0
"Oct 4, 07:00 am",0.479271
"Oct 4, 08:00 am",1.40513
"Oct 4, 09:00 am",5.15733
"Oct 4, 10:00 am",8.54957
"Oct 4, 11:00 am",10.7355
"Oct 4, 12:00 pm",11.9965
"Oct 4, 01:00 pm",12.4178
"Oct 4, 02:00 pm",11.9541
"Oct 4, 03:00 pm",10.6417
"Oct 4, 04:00 pm",8.08105
"Oct 4, 05:00 pm",3.41937
"Oct 4, 06:00 pm",0
"Oct 4, 07:00 pm",0
"Oct 4, 08:00 pm",0
"Oct 4, 09:00 pm",0
"Oct 4, 10:00 pm",0
"Oct 4, 11:00 pm",0
"Oct 5, 12:00 am",0
"Oct 5, 01:00 am",0
"Oct 5, 02:00 am",0
"Oct 5, 03:00 am",0
"Oct 5, 04:00 am",0
"Oct 5, 05:00 am",0
"Oct 5, 06:00 am",-0
"Oct 5, 07:00 am",0.636384
"Oct 5, 08:00 am",1.5412
"Oct 5, 09:00 am",4.99961
"Oct 5, 10:00 am",8.19496
"Oct 5, 11:00 am",10.3802
"Oct 5, 12:00 pm",11.7117
"Oct 5, 01:00 pm",12.1553
"Oct 5, 02:00 pm",11.8816
"Oct 5, 03:00 pm",10.5408
"Oct 5, 04:00 pm",5.76863
"Oct 5, 05:00 pm",2.22109
"Oct 5, 06:00 pm",0
"Oct 5, 07:00 pm",0
"Oct 5, 08:00 pm",0
"Oct 5, 09:00 pm",0
"Oct 5, 10:00 pm",0
"Oct 5, 11:00 pm",0
"Oct 6, 12:00 am",0
"Oct 6, 01:00 am",0
"Oct 6, 02:00 am",0
"Oct 6, 03:00 am",0
"Oct 6, 04:00 am",0
"Oct 6, 05:00 am",0
"Oct 6, 06:00 am",-0
"Oct 6, 07:00 am",0.56512
"Oct 6, 08:00 am",1.31541
"Oct 6, 09:00 am",4.63514
"Oct 6, 10:00 am",8.30273
"Oct 6, 11:00 am",10.4042
"Oct 6, 12:00 pm",11.6825
"Oct 6, 01:00 pm",12.2103
"Oct 6, 02:00 pm",11.9002
"Oct 6, 03:00 pm",10.656
"Oct 6, 04:00 pm",8.03601
"Oct 6, 05:00 pm",3.462
"Oct 6, 06:00 pm",0
"Oct 6, 07:00 pm",0
"Oct 6, 08:00 pm",0
"Oct 6, 09:00 pm",0
"Oct 6, 10:00 pm",0
"Oct 6, 11:00 pm",0
"Oct 7, 12:00 am",0
"Oct 7, 01:00 am",0
"Oct 7, 02:00 am",0
"Oct 7, 03:00 am",0
"Oct 7, 04:00 am",0
"Oct 7, 05:00 am",0
"Oct 7, 06:00 am",-0
"Oct 7, 07:00 am",0.481521
"Oct 7, 08:00 am",1.32352
"Oct 7, 09:00 am",4.9405
"Oct 7, 10:00 am",8.21198
"Oct 7, 11:00 am",10.3645
"Oct 7, 12:00 pm",11.6122
"Oct 7, 01:00 pm",11.9834
"Oct 7, 02:00 pm",11.4506
"Oct 7, 03:00 pm",10.104
"Oct 7, 04:00 pm",7.52419
"Oct 7, 05:00 pm",3.01645
"Oct 7, 06:00 pm",0
"Oct 7, 07:00 pm",0
"Oct 7, 08:00 pm",0
"Oct 7, 09:00 pm",0
"Oct 7, 10:00 pm",0
"Oct 7, 11:00 pm",0
"Oct 8, 12:00 am",0
"Oct 8, 01:00 am",0
"Oct 8, 02:00 am",0
"Oct 8, 03:00 am",0
"Oct 8, 04:00 am",0
"Oct 8, 05:00 am",0
"Oct 8, 06:00 am",-0
"Oct 8, 07:00 am",0.884553
"Oct 8, 08:00 am",1.88443
"Oct 8, 09:00 am",4.5721
"Oct 8, 10:00 am",7.26486
"Oct 8, 11:00 am",9.6322
"Oct 8, 12:00 pm",10.6093
"Oct 8, 01:00 pm",11.0201
"Oct 8, 02:00 pm",10.7827
"Oct 8, 03:00 pm",9.57378
"Oct 8, 04:00 pm",7.09574
"Oct 8, 05:00 pm",2.50876
"Oct 8, 06:00 pm",0
"Oct 8, 07:00 pm",0
"Oct 8, 08:00 pm",0
"Oct 8, 09:00 pm",0
"Oct 8, 10:00 pm",0
"Oct 8, 11:00 pm",0
"Oct 9, 12:00 am",0
"Oct 9, 01:00 am",0
"Oct 9, 02:00 am",0
"Oct 9, 03:00 am",0
"Oct 9, 04:00 am",0
"Oct 9, 05:00 am",0
"Oct 9, 06:00 am",-0
"Oct 9, 07:00 am",0.547839
"Oct 9, 08:00 am",1.30328
"Oct 9, 09:00 am",4.49966
"Oct 9, 10:00 am",7.62781
"Oct 9, 11:00 am",9.81861
"Oct 9, 12:00 pm",11.2097
"Oct 9, 01:00 pm",11.7177
"Oct 9, 02:00 pm",11.434
"Oct 9, 03:00 pm",9.95211
"Oct 9, 04:00 pm",7.26904
"Oct 9, 05:00 pm",2.65596
"Oct 9, 06:00 pm",0
"Oct 9, 07:00 pm",0
"Oct 9, 08:00 pm",0
"Oct 9, 09:00 pm",0
"Oct 9, 10:00 pm",0
"Oct 9, 11:00 pm",0
"Oct 10, 12:00 am",0
"Oct 10, 01:00 am",0
"Oct 10, 02:00 am",0
"Oct 10, 03:00 am",0
"Oct 10, 04:00 am",0
"Oct 10, 05:00 am",0
"Oct 10, 06:00 am",-0
"Oct 10, 07:00 am",0.552449
"Oct 10, 08:00 am",1.3179
"Oct 10, 09:00 am",4.57589
"Oct 10, 10:00 am",7.74158
"Oct 10, 11:00 am",10.0598
"Oct 10, 12:00 pm",11.4263
"Oct 10, 01:00 pm",11.9687
"Oct 10, 02:00 pm",11.5816
"Oct 10, 03:00 pm",10.1246
"Oct 10, 04:00 pm",7.41675
"Oct 10, 05:00 pm",2.57483
"Oct 10, 06:00 pm",0
"Oct 10, 07:00 pm",0
"Oct 10, 08:00 pm",0
"Oct 10, 09:00 pm",0
"Oct 10, 10:00 pm",0
"Oct 10, 11:00 pm",0
"Oct 11, 12:00 am",0
"Oct 11, 01:00 am",0
"Oct 11, 02:00 am",0
"Oct 11, 03:00 am",0
"Oct 11, 04:00 am",0
"Oct 11, 05:00 am",0
"Oct 11, 06:00 am",-0
"Oct 11, 07:00 am",0.422708
"Oct 11, 08:00 am",1.13245
"Oct 11, 09:00 am",4.57005
"Oct 11, 10:00 am",7.83119
"Oct 11, 11:00 am",9.95366
"Oct 11, 12:00 pm",11.1904
"Oct 11, 01:00 pm",11.6029
"Oct 11, 02:00 pm",11.1528
"Oct 11, 03:00 pm",9.78749
"Oct 11, 04:00 pm",7.07267
"Oct 11, 05:00 pm",2.22798
"Oct 11, 06:00 pm",0
"Oct 11, 07:00 pm",0
"Oct 11, 08:00 pm",0
"Oct 11, 09:00 pm",0
"Oct 11, 10:00 pm",0
"Oct 11, 11:00 pm",0
"Oct 12, 12:00 am",0
"Oct 12, 01:00 am",0
"Oct 12, 02:00 am",0
"Oct 12, 03:00 am",0
"Oct 12, 04:00 am",0
"Oct 12, 05:00 am",0
"Oct 12, 06:00 am",0
"Oct 12, 07:00 am",0.534051
"Oct 12, 08:00 am",1.2606
"Oct 12, 09:00 am",4.40684
"Oct 12, 10:00 am",6.58898
"Oct 12, 11:00 am",9.80073
"Oct 12, 12:00 pm",6.63023
"Oct 12, 01:00 pm",8.60188
"Oct 12, 02:00 pm",11.4141
"Oct 12, 03:00 pm",10.0112
"Oct 12, 04:00 pm",7.50957
"Oct 12, 05:00 pm",2.64137
"Oct 12, 06:00 pm",0
"Oct 12, 07:00 pm",0
"Oct 12, 08:00 pm",0
"Oct 12, 09:00 pm",0
"Oct 12, 10:00 pm",0
"Oct 12, 11:00 pm",0
"Oct 13, 12:00 am",0
"Oct 13, 01:00 am",0
"Oct 13, 02:00 am",0
"Oct 13, 03:00 am",0
"Oct 13, 04:00 am",0
"Oct 13, 05:00 am",0
"Oct 13, 06:00 am",0
"Oct 13, 07:00 am",0.428043
"Oct 13, 08:00 am",1.16876
"Oct 13, 09:00 am",4.52623
"Oct 13, 10:00 am",7.84169
"Oct 13, 11:00 am",9.88202
"Oct 13, 12:00 pm",11.0782
"Oct 13, 01:00 pm",11.5519
"Oct 13, 02:00 pm",11.1991
"Oct 13, 03:00 pm",9.92244
"Oct 13, 04:00 pm",7.32309
"Oct 13, 05:00 pm",2.31552
"Oct 13, 06:00 pm",0
"Oct 13, 07:00 pm",0
"Oct 13, 08:00 pm",0
"Oct 13, 09:00 pm",0
"Oct 13, 10:00 pm",0
"Oct 13, 11:00 pm",0
"Oct 14, 12:00 am",0
"Oct 14, 01:00 am",0
"Oct 14, 02:00 am",0
"Oct 14, 03:00 am",0
"Oct 14, 04:00 am",0
"Oct 14, 05:00 am",0
"Oct 14, 06:00 am",0
"Oct 14, 07:00 am",0.41343
"Oct 14, 08:00 am",1.10908
"Oct 14, 09:00 am",4.46871
"Oct 14, 10:00 am",7.67269
"Oct 14, 11:00 am",9.78301
"Oct 14, 12:00 pm",10.9924
"Oct 14, 01:00 pm",11.4556
"Oct 14, 02:00 pm",11.1231
"Oct 14, 03:00 pm",9.85902
"Oct 14, 04:00 pm",7.20317
"Oct 14, 05:00 pm",2.04018
"Oct 14, 06:00 pm",0
"Oct 14, 07:00 pm",0
"Oct 14, 08:00 pm",0
"Oct 14, 09:00 pm",0
"Oct 14, 10:00 pm",0
"Oct 14, 11:00 pm",0
"Oct 15, 12:00 am",0
"Oct 15, 01:00 am",0
"Oct 15, 02:00 am",0
"Oct 15, 03:00 am",0
"Oct 15, 04:00 am",0
"Oct 15, 05:00 am",0
"Oct 15, 06:00 am",0
"Oct 15, 07:00 am",0.405492
"Oct 15, 08:00 am",1.0232
"Oct 15, 09:00 am",4.43024
"Oct 15, 10:00 am",7.6327
"Oct 15, 11:00 am",9.655
"Oct 15, 12:00 pm",11.0768
"Oct 15, 01:00 pm",11.5759
"Oct 15, 02:00 pm",11.1507
"Oct 15, 03:00 pm",9.82391
"Oct 15, 04:00 pm",7.12682
"Oct 15, 05:00 pm",1.64583
"Oct 15, 06:00 pm",0
"Oct 15, 07:00 pm",0
"Oct 15, 08:00 pm",0
"Oct 15, 09:00 pm",0
"Oct 15, 10:00 pm",0
"Oct 15, 11:00 pm",0
"Oct 16, 12:00 am",0
"Oct 16, 01:00 am",0
"Oct 16, 02:00 am",0
"Oct 16, 03:00 am",0
"Oct 16, 04:00 am",0
"Oct 16, 05:00 am",0
"Oct 16, 06:00 am",0
"Oct 16, 07:00 am",0.404416
"Oct 16, 08:00 am",1.05999
"Oct 16, 09:00 am",4.33386
"Oct 16, 10:00 am",7.65838
"Oct 16, 11:00 am",8.50558
"Oct 16, 12:00 pm",10.8761
"Oct 16, 01:00 pm",9.1206
"Oct 16, 02:00 pm",8.93475
"Oct 16, 03:00 pm",9.53424
"Oct 16, 04:00 pm",4.66048
"Oct 16, 05:00 pm",0.817407
"Oct 16, 06:00 pm",0
"Oct 16, 07:00 pm",0
"Oct 16, 08:00 pm",0
"Oct 16, 09:00 pm",0
"Oct 16, 10:00 pm",0
"Oct 16, 11:00 pm",0
"Oct 17, 12:00 am",0
"Oct 17, 01:00 am",0
"Oct 17, 02:00 am",0
"Oct 17, 03:00 am",0
"Oct 17, 04:00 am",0
"Oct 17, 05:00 am",0
"Oct 17, 06:00 am",0
"Oct 17, 07:00 am",0.406866
"Oct 17, 08:00 am",1.03781
"Oct 17, 09:00 am",4.28913
"Oct 17, 10:00 am",7.7329
"Oct 17, 11:00 am",10.0605
"Oct 17, 12:00 pm",11.4034
"Oct 17, 01:00 pm",11.8059
"Oct 17, 02:00 pm",11.4514
"Oct 17, 03:00 pm",9.94384
"Oct 17, 04:00 pm",7.00683
"Oct 17, 05:00 pm",1.43557
"Oct 17, 06:00 pm",0
"Oct 17, 07:00 pm",0
"Oct 17, 08:00 pm",0
"Oct 17, 09:00 pm",0
"Oct 17, 10:00 pm",0
"Oct 17, 11:00 pm",0
"Oct 18, 12:00 am",0
"Oct 18, 01:00 am",0
"Oct 18, 02:00 am",0
"Oct 18, 03:00 am",0
"Oct 18, 04:00 am",0
"Oct 18, 05:00 am",0
"Oct 18, 06:00 am",0
"Oct 18, 07:00 am",0.381459
"Oct 18, 08:00 am",0.972376
"Oct 18, 09:00 am",4.1486
"Oct 18, 10:00 am",7.43046
"Oct 18, 11:00 am",9.59172
"Oct 18, 12:00 pm",10.8907
"Oct 18, 01:00 pm",11.3117
"Oct 18, 02:00 pm",10.9501
"Oct 18, 03:00 pm",9.44107
"Oct 18, 04:00 pm",6.57204
"Oct 18, 05:00 pm",1.06854
"Oct 18, 06:00 pm",0
"Oct 18, 07:00 pm",0
"Oct 18, 08:00 pm",0
"Oct 18, 09:00 pm",0
"Oct 18, 10:00 pm",0
"Oct 18, 11:00 pm",0
"Oct 19, 12:00 am",0
"Oct 19, 01:00 am",0
"Oct 19, 02:00 am",0
"Oct 19, 03:00 am",0
"Oct 19, 04:00 am",0
"Oct 19, 05:00 am",0
"Oct 19, 06:00 am",0
"Oct 19, 07:00 am",0.472746
"Oct 19, 08:00 am",1.00077
"Oct 19, 09:00 am",4.22235
"Oct 19, 10:00 am",7.59803
"Oct 19, 11:00 am",9.91822
"Oct 19, 12:00 pm",11.3314
"Oct 19, 01:00 pm",11.7929
"Oct 19, 02:00 pm",11.4291
"Oct 19, 03:00 pm",9.91835
"Oct 19, 04:00 pm",6.99992
"Oct 19, 05:00 pm",1.37069
"Oct 19, 06:00 pm",0
"Oct 19, 07:00 pm",0
"Oct 19, 08:00 pm",0
"Oct 19, 09:00 pm",0
"Oct 19, 10:00 pm",0
"Oct 19, 11:00 pm",0
"Oct 20, 12:00 am",0
"Oct 20, 01:00 am",0
"Oct 20, 02:00 am",0
"Oct 20, 03:00 am",0
"Oct 20, 04:00 am",0
"Oct 20, 05:00 am",0
"Oct 20, 06:00 am",0
"Oct 20, 07:00 am",0.374996
"Oct 20, 08:00 am",0.874444
"Oct 20, 09:00 am",4.23332
"Oct 20, 10:00 am",7.59849
"Oct 20, 11:00 am",9.90937
"Oct 20, 12:00 pm",11.2333
"Oct 20, 01:00 pm",11.6221
"Oct 20, 02:00 pm",11.0986
"Oct 20, 03:00 pm",9.44598
"Oct 20, 04:00 pm",6.57411
"Oct 20, 05:00 pm",1.07329
"Oct 20, 06:00 pm",0
"Oct 20, 07:00 pm",0
"Oct 20, 08:00 pm",0
"Oct 20, 09:00 pm",0
"Oct 20, 10:00 pm",0
"Oct 20, 11:00 pm",0
"Oct 21, 12:00 am",0
"Oct 21, 01:00 am",0
"Oct 21, 02:00 am",0
"Oct 21, 03:00 am",0
"Oct 21, 04:00 am",0
"Oct 21, 05:00 am",0
"Oct 21, 06:00 am",0
"Oct 21, 07:00 am",0.438744
"Oct 21, 08:00 am",0.952633
"Oct 21, 09:00 am",4.00446
"Oct 21, 10:00 am",7.06619
"Oct 21, 11:00 am",9.24303
"Oct 21, 12:00 pm",10.4326
"Oct 21, 01:00 pm",10.7233
"Oct 21, 02:00 pm",10.32
"Oct 21, 03:00 pm",9.0053
"Oct 21, 04:00 pm",6.36873
"Oct 21, 05:00 pm",1.08664
"Oct 21, 06:00 pm",0
"Oct 21, 07:00 pm",0
"Oct 21, 08:00 pm",0
"Oct 21, 09:00 pm",0
"Oct 21, 10:00 pm",0
"Oct 21, 11:00 pm",0
"Oct 22, 12:00 am",0
"Oct 22, 01:00 am",0
"Oct 22, 02:00 am",0
"Oct 22, 03:00 am",0
"Oct 22, 04:00 am",0
"Oct 22, 05:00 am",0
"Oct 22, 06:00 am",0
"Oct 22, 07:00 am",0.440749
"Oct 22, 08:00 am",0.921166
"Oct 22, 09:00 am",3.90006
"Oct 22, 10:00 am",6.90987
"Oct 22, 11:00 am",8.96956
"Oct 22, 12:00 pm",10.17
"Oct 22, 01:00 pm",10.6208
"Oct 22, 02:00 pm",10.22
"Oct 22, 03:00 pm",8.76388
"Oct 22, 04:00 pm",5.8133
"Oct 22, 05:00 pm",0.608837
"Oct 22, 06:00 pm",0
"Oct 22, 07:00 pm",0
"Oct 22, 08:00 pm",0
"Oct 22, 09:00 pm",0
"Oct 22, 10:00 pm",0
"Oct 22, 11:00 pm",0
"Oct 23, 12:00 am",0
"Oct 23, 01:00 am",0
"Oct 23, 02:00 am",0
"Oct 23, 03:00 am",0
"Oct 23, 04:00 am",0
"Oct 23, 05:00 am",0
"Oct 23, 06:00 am",0
"Oct 23, 07:00 am",0.446027
"Oct 23, 08:00 am",0.879901
"Oct 23, 09:00 am",3.72978
"Oct 23, 10:00 am",6.50071
"Oct 23, 11:00 am",7.85072
"Oct 23, 12:00 pm",10.3104
"Oct 23, 01:00 pm",10.7934
"Oct 23, 02:00 pm",10.4345
"Oct 23, 03:00 pm",8.99062
"Oct 23, 04:00 pm",6.09589
"Oct 23, 05:00 pm",0.587929
"Oct 23, 06:00 pm",0
"Oct 23, 07:00 pm",0
"Oct 23, 08:00 pm",0
"Oct 23, 09:00 pm",0
"Oct 23, 10:00 pm",0
"Oct 23, 11:00 pm",0
"Oct 24, 12:00 am",0
"Oct 24, 01:00 am",0
"Oct 24, 02:00 am",0
"Oct 24, 03:00 am",0
"Oct 24, 04:00 am",0
"Oct 24, 05:00 am",0
"Oct 24, 06:00 am",0
"Oct 24, 07:00 am",0.621038
"Oct 24, 08:00 am",1.29489
"Oct 24, 09:00 am",3.74964
"Oct 24, 10:00 am",5.01834
"Oct 24, 11:00 am",6.44601
"Oct 24, 12:00 pm",8.11841
"Oct 24, 01:00 pm",6.73109
"Oct 24, 02:00 pm",5.522
"Oct 24, 03:00 pm",1.83351
"Oct 24, 04:00 pm",0.803017
"Oct 24, 05:00 pm",-0
"Oct 24, 06:00 pm",0
"Oct 24, 07:00 pm",0
"Oct 24, 08:00 pm",0
"Oct 24, 09:00 pm",0
"Oct 24, 10:00 pm",0
"Oct 24, 11:00 pm",0
"Oct 25, 12:00 am",0
"Oct 25, 01:00 am",0
"Oct 25, 02:00 am",0
"Oct 25, 03:00 am",0
"Oct 25, 04:00 am",0
"Oct 25, 05:00 am",0
"Oct 25, 06:00 am",0
"Oct 25, 07:00 am",0.466831
"Oct 25, 08:00 am",0.910075
"Oct 25, 09:00 am",3.78141
"Oct 25, 10:00 am",6.89186
"Oct 25, 11:00 am",9.0579
"Oct 25, 12:00 pm",10.2548
"Oct 25, 01:00 pm",10.6707
"Oct 25, 02:00 pm",10.2205
"Oct 25, 03:00 pm",8.71821
"Oct 25, 04:00 pm",5.86561
"Oct 25, 05:00 pm",0.475801
"Oct 25, 06:00 pm",0
"Oct 25, 07:00 pm",0
"Oct 25, 08:00 pm",0
"Oct 25, 09:00 pm",0
"Oct 25, 10:00 pm",0
"Oct 25, 11:00 pm",0
"Oct 26, 12:00 am",0
"Oct 26, 01:00 am",0
"Oct 26, 02:00 am",0
"Oct 26, 03:00 am",0
"Oct 26, 04:00 am",0
"Oct 26, 05:00 am",0
"Oct 26, 06:00 am",0
"Oct 26, 07:00 am",0.368107
"Oct 26, 08:00 am",0.799543
"Oct 26, 09:00 am",3.65392
"Oct 26, 10:00 am",6.73457
"Oct 26, 11:00 am",8.97017
"Oct 26, 12:00 pm",10.2431
"Oct 26, 01:00 pm",10.6742
"Oct 26, 02:00 pm",10.2593
"Oct 26, 03:00 pm",8.84305
"Oct 26, 04:00 pm",6.01469
"Oct 26, 05:00 pm",0.573449
"Oct 26, 06:00 pm",0
"Oct 26, 07:00 pm",0
"Oct 26, 08:00 pm",0
"Oct 26, 09:00 pm",0
"Oct 26, 10:00 pm",0
"Oct 26, 11:00 pm",0
"Oct 27, 12:00 am",0
"Oct 27, 01:00 am",0
"Oct 27, 02:00 am",0
"Oct 27, 03:00 am",0
"Oct 27, 04:00 am",0
"Oct 27, 05:00 am",0
"Oct 27, 06:00 am",0
"Oct 27, 07:00 am",0.546083
"Oct 27, 08:00 am",1.51175
"Oct 27, 09:00 am",3.51556
"Oct 27, 10:00 am",6.11666
"Oct 27, 11:00 am",7.27365
"Oct 27, 12:00 pm",7.7381
"Oct 27, 01:00 pm",8.03218
"Oct 27, 02:00 pm",7.86033
"Oct 27, 03:00 pm",6.654
"Oct 27, 04:00 pm",4.12655
"Oct 27, 05:00 pm",0.00811154
"Oct 27, 06:00 pm",0
"Oct 27, 07:00 pm",0
"Oct 27, 08:00 pm",0
"Oct 27, 09:00 pm",0
"Oct 27, 10:00 pm",0
"Oct 27, 11:00 pm",0
"Oct 28, 12:00 am",0
"Oct 28, 01:00 am",0
"Oct 28, 02:00 am",0
"Oct 28, 03:00 am",0
"Oct 28, 04:00 am",0
"Oct 28, 05:00 am",0
"Oct 28, 06:00 am",0
"Oct 28, 07:00 am",0.559241
"Oct 28, 08:00 am",1.64161
"Oct 28, 09:00 am",3.5363
"Oct 28, 10:00 am",3.47343
"Oct 28, 11:00 am",7.22712
"Oct 28, 12:00 pm",8.78862
"Oct 28, 01:00 pm",10.3873
"Oct 28, 02:00 pm",9.98408
"Oct 28, 03:00 pm",5.205
"Oct 28, 04:00 pm",3.11575
"Oct 28, 05:00 pm",-0
"Oct 28, 06:00 pm",0
"Oct 28, 07:00 pm",0
"Oct 28, 08:00 pm",0
"Oct 28, 09:00 pm",0
"Oct 28, 10:00 pm",0
"Oct 28, 11:00 pm",0
"Oct 29, 12:00 am",0
"Oct 29, 01:00 am",0
"Oct 29, 02:00 am",0
"Oct 29, 03:00 am",0
"Oct 29, 04:00 am",0
"Oct 29, 05:00 am",0
"Oct 29, 06:00 am",0
"Oct 29, 07:00 am",0.30674
"Oct 29, 08:00 am",0.664151
"Oct 29, 09:00 am",3.47726
"Oct 29, 10:00 am",6.62343
"Oct 29, 11:00 am",8.77193
"Oct 29, 12:00 pm",9.98734
"Oct 29, 01:00 pm",10.4101
"Oct 29, 02:00 pm",10.0233
"Oct 29, 03:00 pm",8.5425
"Oct 29, 04:00 pm",5.63576
"Oct 29, 05:00 pm",-0
"Oct 29, 06:00 pm",0
"Oct 29, 07:00 pm",0
"Oct 29, 08:00 pm",0
"Oct 29, 09:00 pm",0
"Oct 29, 10:00 pm",0
"Oct 29, 11:00 pm",0
"Oct 30, 12:00 am",0
"Oct 30, 01:00 am",0
"Oct 30, 02:00 am",0
"Oct 30, 03:00 am",0
"Oct 30, 04:00 am",0
"Oct 30, 05:00 am",0
"Oct 30, 06:00 am",0
"Oct 30, 07:00 am",0.347911
"Oct 30, 08:00 am",1.22463
"Oct 30, 09:00 am",3.37424
"Oct 30, 10:00 am",6.10367
"Oct 30, 11:00 am",8.68187
"Oct 30, 12:00 pm",8.68283
"Oct 30, 01:00 pm",8.04645
"Oct 30, 02:00 pm",9.9218
"Oct 30, 03:00 pm",7.10958
"Oct 30, 04:00 pm",4.26499
"Oct 30, 05:00 pm",-0
"Oct 30, 06:00 pm",0
"Oct 30, 07:00 pm",0
"Oct 30, 08:00 pm",0
"Oct 30, 09:00 pm",0
"Oct 30, 10:00 pm",0
"Oct 30, 11:00 pm",0
"Oct 31, 12:00 am",0
"Oct 31, 01:00 am",0
"Oct 31, 02:00 am",0
"Oct 31, 03:00 am",0
"Oct 31, 04:00 am",0
"Oct 31, 05:00 am",0
"Oct 31, 06:00 am",0
"Oct 31, 07:00 am",0.338645
"Oct 31, 08:00 am",0.827732
"Oct 31, 09:00 am",3.36373
"Oct 31, 10:00 am",6.11125
"Oct 31, 11:00 am",7.52349
"Oct 31, 12:00 pm",7.41564
"Oct 31, 01:00 pm",8.44068
"Oct 31, 02:00 pm",10.2825
"Oct 31, 03:00 pm",5.21576
"Oct 31, 04:00 pm",2.8876
"Oct 31, 05:00 pm",-0
"Oct 31, 06:00 pm",0
"Oct 31, 07:00 pm",0
"Oct 31, 08:00 pm",0
"Oct 31, 09:00 pm",0
"Oct 31, 10:00 pm",0
"Oct 31, 11:00 pm",0
"Nov 1, 12:00 am",0
"Nov 1, 01:00 am",0
"Nov 1, 02:00 am",0
"Nov 1, 03:00 am",0
"Nov 1, 04:00 am",0
"Nov 1, 05:00 am",0
"Nov 1, 06:00 am",0
"Nov 1, 07:00 am",0.335909
"Nov 1, 08:00 am",0.676777
"Nov 1, 09:00 am",3.56218
"Nov 1, 10:00 am",6.93089
"Nov 1, 11:00 am",9.2897
"Nov 1, 12:00 pm",10.57
"Nov 1, 01:00 pm",10.8664
"Nov 1, 02:00 pm",10.2658
"Nov 1, 03:00 pm",6.28904
"Nov 1, 04:00 pm",3.84733
"Nov 1, 05:00 pm",-0
"Nov 1, 06:00 pm",0
"Nov 1, 07:00 pm",0
"Nov 1, 08:00 pm",0
"Nov 1, 09:00 pm",0
"Nov 1, 10:00 pm",0
"Nov 1, 11:00 pm",0
"Nov 2, 12:00 am",0
"Nov 2, 01:00 am",0
"Nov 2, 02:00 am",0
"Nov 2, 03:00 am",0
"Nov 2, 04:00 am",0
"Nov 2, 05:00 am",0
"Nov 2, 06:00 am",0
"Nov 2, 07:00 am",0.490138
"Nov 2, 08:00 am",0.706236
"Nov 2, 09:00 am",3.60611
"Nov 2, 10:00 am",5.86649
"Nov 2, 11:00 am",9.43904
"Nov 2, 12:00 pm",8.93489
"Nov 2, 01:00 pm",9.34316
"Nov 2, 02:00 pm",8.45104
"Nov 2, 03:00 pm",6.89167
"Nov 2, 04:00 pm",3.90376
"Nov 2, 05:00 pm",-0
"Nov 2, 06:00 pm",0
"Nov 2, 07:00 pm",0
"Nov 2, 08:00 pm",0
"Nov 2, 09:00 pm",0
"Nov 2, 10:00 pm",0
"Nov 2, 11:00 pm",0
"Nov 3, 12:00 am",0
"Nov 3, 01:00 am",0
"Nov 3, 02:00 am",0
"Nov 3, 03:00 am",0
"Nov 3, 04:00 am",0
"Nov 3, 05:00 am",0
"Nov 3, 06:00 am",0
"Nov 3, 07:00 am",-0
"Nov 3, 08:00 am",1.0989
"Nov 3, 09:00 am",1.97321
"Nov 3, 10:00 am",2.74823
"Nov 3, 11:00 am",3.46514
"Nov 3, 12:00 pm",5.31801
"Nov 3, 01:00 pm",7.16982
"Nov 3, 02:00 pm",3.54209
"Nov 3, 03:00 pm",8.25871
"Nov 3, 04:00 pm",5.06492
"Nov 3, 05:00 pm",-0
"Nov 3, 06:00 pm",0
"Nov 3, 07:00 pm",0
"Nov 3, 08:00 pm",0
"Nov 3, 09:00 pm",0
"Nov 3, 10:00 pm",0
"Nov 3, 11:00 pm",0
"Nov 4, 12:00 am",0
"Nov 4, 01:00 am",0
"Nov 4, 02:00 am",0
"Nov 4, 03:00 am",0
"Nov 4, 04:00 am",0
"Nov 4, 05:00 am",0
"Nov 4, 06:00 am",0
"Nov 4, 07:00 am",0.344895
"Nov 4, 08:00 am",0.648087
"Nov 4, 09:00 am",3.42595
"Nov 4, 10:00 am",6.72786
"Nov 4, 11:00 am",9.24036
"Nov 4, 12:00 pm",10.6309
"Nov 4, 01:00 pm",11.0971
"Nov 4, 02:00 pm",10.6176
"Nov 4, 03:00 pm",8.90491
"Nov 4, 04:00 pm",5.62669
"Nov 4, 05:00 pm",-0
"Nov 4, 06:00 pm",0
"Nov 4, 07:00 pm",0
"Nov 4, 08:00 pm",0
"Nov 4, 09:00 pm",0
"Nov 4, 10:00 pm",0
"Nov 4, 11:00 pm",0
"Nov 5, 12:00 am",0
"Nov 5, 01:00 am",0
"Nov 5, 02:00 am",0
"Nov 5, 03:00 am",0
"Nov 5, 04:00 am",0
"Nov 5, 05:00 am",0
"Nov 5, 06:00 am",0
"Nov 5, 07:00 am",0.288808
"Nov 5, 08:00 am",0.601037
"Nov 5, 09:00 am",3.35513
"Nov 5, 10:00 am",6.78029
"Nov 5, 11:00 am",9.2292
"Nov 5, 12:00 pm",10.4477
"Nov 5, 01:00 pm",10.7737
"Nov 5, 02:00 pm",10.1814
"Nov 5, 03:00 pm",8.6864
"Nov 5, 04:00 pm",5.6819
"Nov 5, 05:00 pm",-0
"Nov 5, 06:00 pm",0
"Nov 5, 07:00 pm",0
"Nov 5, 08:00 pm",0
"Nov 5, 09:00 pm",0
"Nov 5, 10:00 pm",0
"Nov 5, 11:00 pm",0
"Nov 6, 12:00 am",0
"Nov 6, 01:00 am",0
"Nov 6, 02:00 am",0
"Nov 6, 03:00 am",0
"Nov 6, 04:00 am",0
"Nov 6, 05:00 am",0
"Nov 6, 06:00 am",0
"Nov 6, 07:00 am",0.295106
"Nov 6, 08:00 am",0.482511
"Nov 6, 09:00 am",3.19637
"Nov 6, 10:00 am",5.77199
"Nov 6, 11:00 am",7.4044
"Nov 6, 12:00 pm",9.15161
"Nov 6, 01:00 pm",9.39543
"Nov 6, 02:00 pm",10.3673
"Nov 6, 03:00 pm",4.6926
"Nov 6, 04:00 pm",0.580747
"Nov 6, 05:00 pm",-0
"Nov 6, 06:00 pm",0
"Nov 6, 07:00 pm",0
"Nov 6, 08:00 pm",0
"Nov 6, 09:00 pm",0
"Nov 6, 10:00 pm",0
"Nov 6, 11:00 pm",0
"Nov 7, 12:00 am",0
"Nov 7, 01:00 am",0
"Nov 7, 02:00 am",0
"Nov 7, 03:00 am",0
"Nov 7, 04:00 am",0
"Nov 7, 05:00 am",0
"Nov 7, 06:00 am",0
"Nov 7, 07:00 am",0.287415
"Nov 7, 08:00 am",0.608318
"Nov 7, 09:00 am",3.17164
"Nov 7, 10:00 am",5.839
"Nov 7, 11:00 am",8.99445
"Nov 7, 12:00 pm",9.27097
"Nov 7, 01:00 pm",9.08468
"Nov 7, 02:00 pm",8.3969
"Nov 7, 03:00 pm",8.202
"Nov 7, 04:00 pm",2.48908
"Nov 7, 05:00 pm",-0
"Nov 7, 06:00 pm",0
"Nov 7, 07:00 pm",0
"Nov 7, 08:00 pm",0
"Nov 7, 09:00 pm",0
"Nov 7, 10:00 pm",0
"Nov 7, 11:00 pm",0
"Nov 8, 12:00 am",0
"Nov 8, 01:00 am",0
"Nov 8, 02:00 am",0
"Nov 8, 03:00 am",0
"Nov 8, 04:00 am",0
"Nov 8, 05:00 am",0
"Nov 8, 06:00 am",0
"Nov 8, 07:00 am",0.383939
"Nov 8, 08:00 am",0.591549
"Nov 8, 09:00 am",3.11348
"Nov 8, 10:00 am",6.22236
"Nov 8, 11:00 am",7.97241
"Nov 8, 12:00 pm",9.96031
"Nov 8, 01:00 pm",10.4469
"Nov 8, 02:00 pm",8.7104
"Nov 8, 03:00 pm",6.24951
"Nov 8, 04:00 pm",3.84519
"Nov 8, 05:00 pm",0
"Nov 8, 06:00 pm",0
"Nov 8, 07:00 pm",0
"Nov 8, 08:00 pm",0
"Nov 8, 09:00 pm",0
"Nov 8, 10:00 pm",0
"Nov 8, 11:00 pm",0
"Nov 9, 12:00 am",0
"Nov 9, 01:00 am",0
"Nov 9, 02:00 am",0
"Nov 9, 03:00 am",0
"Nov 9, 04:00 am",0
"Nov 9, 05:00 am",0
"Nov 9, 06:00 am",0
"Nov 9, 07:00 am",0.354392
"Nov 9, 08:00 am",0.711613
"Nov 9, 09:00 am",2.92193
"Nov 9, 10:00 am",5.70623
"Nov 9, 11:00 am",7.64109
"Nov 9, 12:00 pm",7.25719
"Nov 9, 01:00 pm",8.59036
"Nov 9, 02:00 pm",7.02771
"Nov 9, 03:00 pm",5.82616
"Nov 9, 04:00 pm",3.6647
"Nov 9, 05:00 pm",0
"Nov 9, 06:00 pm",0
"Nov 9, 07:00 pm",0
"Nov 9, 08:00 pm",0
"Nov 9, 09:00 pm",0
"Nov 9, 10:00 pm",0
"Nov 9, 11:00 pm",0
"Nov 10, 12:00 am",0
"Nov 10, 01:00 am",0
"Nov 10, 02:00 am",0
"Nov 10, 03:00 am",0
"Nov 10, 04:00 am",0
"Nov 10, 05:00 am",0
"Nov 10, 06:00 am",0
"Nov 10, 07:00 am",0.363335
"Nov 10, 08:00 am",1.40262
"Nov 10, 09:00 am",3.01644
"Nov 10, 10:00 am",5.26552
"Nov 10, 11:00 am",4.35351
"Nov 10, 12:00 pm",4.94177
"Nov 10, 01:00 pm",2.8679
"Nov 10, 02:00 pm",3.50503
"Nov 10, 03:00 pm",3.3098
"Nov 10, 04:00 pm",2.43384
"Nov 10, 05:00 pm",0
"Nov 10, 06:00 pm",0
"Nov 10, 07:00 pm",0
"Nov 10, 08:00 pm",0
"Nov 10, 09:00 pm",0
"Nov 10, 10:00 pm",0
"Nov 10, 11:00 pm",0
"Nov 11, 12:00 am",0
"Nov 11, 01:00 am",0
"Nov 11, 02:00 am",0
"Nov 11, 03:00 am",0
"Nov 11, 04:00 am",0
"Nov 11, 05:00 am",0
"Nov 11, 06:00 am",0
"Nov 11, 07:00 am",0.310493
"Nov 11, 08:00 am",0.660032
"Nov 11, 09:00 am",3.02863
"Nov 11, 10:00 am",6.22567
"Nov 11, 11:00 am",8.75194
"Nov 11, 12:00 pm",10.1425
"Nov 11, 01:00 pm",10.6863
"Nov 11, 02:00 pm",10.0877
"Nov 11, 03:00 pm",8.35359
"Nov 11, 04:00 pm",4.87975
"Nov 11, 05:00 pm",0
"Nov 11, 06:00 pm",0
"Nov 11, 07:00 pm",0
"Nov 11, 08:00 pm",0
"Nov 11, 09:00 pm",0
"Nov 11, 10:00 pm",0
"Nov 11, 11:00 pm",0
"Nov 12, 12:00 am",0
"Nov 12, 01:00 am",0
"Nov 12, 02:00 am",0
"Nov 12, 03:00 am",0
"Nov 12, 04:00 am",0
"Nov 12, 05:00 am",0
"Nov 12, 06:00 am",0
"Nov 12, 07:00 am",0.255194
"Nov 12, 08:00 am",0.574315
"Nov 12, 09:00 am",2.9867
"Nov 12, 10:00 am",6.24124
"Nov 12, 11:00 am",8.783
"Nov 12, 12:00 pm",10.1493
"Nov 12, 01:00 pm",10.5761
"Nov 12, 02:00 pm",10.078
"Nov 12, 03:00 pm",8.43005
"Nov 12, 04:00 pm",5.13469
"Nov 12, 05:00 pm",0
"Nov 12, 06:00 pm",0
"Nov 12, 07:00 pm",0
"Nov 12, 08:00 pm",0
"Nov 12, 09:00 pm",0
"Nov 12, 10:00 pm",0
"Nov 12, 11:00 pm",0
"Nov 13, 12:00 am",0
"Nov 13, 01:00 am",0
"Nov 13, 02:00 am",0
"Nov 13, 03:00 am",0
"Nov 13, 04:00 am",0
"Nov 13, 05:00 am",0
"Nov 13, 06:00 am",0
"Nov 13, 07:00 am",0.226942
"Nov 13, 08:00 am",0.475929
"Nov 13, 09:00 am",2.91899
"Nov 13, 10:00 am",6.28834
"Nov 13, 11:00 am",8.83915
"Nov 13, 12:00 pm",10.2266
"Nov 13, 01:00 pm",10.6825
"Nov 13, 02:00 pm",10.1343
"Nov 13, 03:00 pm",8.50793
"Nov 13, 04:00 pm",5.1974
"Nov 13, 05:00 pm",0
"Nov 13, 06:00 pm",0
"Nov 13, 07:00 pm",0
"Nov 13, 08:00 pm",0
"Nov 13, 09:00 pm",0
"Nov 13, 10:00 pm",0
"Nov 13, 11:00 pm",0
"Nov 14, 12:00 am",0
"Nov 14, 01:00 am",0
"Nov 14, 02:00 am",0
"Nov 14, 03:00 am",0
"Nov 14, 04:00 am",0
"Nov 14, 05:00 am",0
"Nov 14, 06:00 am",0
"Nov 14, 07:00 am",0.206036
"Nov 14, 08:00 am",0.472404
"Nov 14, 09:00 am",2.79407
"Nov 14, 10:00 am",6.08865
"Nov 14, 11:00 am",8.60487
"Nov 14, 12:00 pm",10.0083
"Nov 14, 01:00 pm",10.4729
"Nov 14, 02:00 pm",9.87923
"Nov 14, 03:00 pm",8.21628
"Nov 14, 04:00 pm",4.9129
"Nov 14, 05:00 pm",0
"Nov 14, 06:00 pm",0
"Nov 14, 07:00 pm",0
"Nov 14, 08:00 pm",0
"Nov 14, 09:00 pm",0
"Nov 14, 10:00 pm",0
"Nov 14, 11:00 pm",0
"Nov 15, 12:00 am",0
"Nov 15, 01:00 am",0
"Nov 15, 02:00 am",0
"Nov 15, 03:00 am",0
"Nov 15, 04:00 am",0
"Nov 15, 05:00 am",0
"Nov 15, 06:00 am",0
"Nov 15, 07:00 am",0.219397
"Nov 15, 08:00 am",0.490319
"Nov 15, 09:00 am",2.8569
"Nov 15, 10:00 am",6.39432
"Nov 15, 11:00 am",9.15292
"Nov 15, 12:00 pm",10.7212
"Nov 15, 01:00 pm",11.2409
"Nov 15, 02:00 pm",10.7141
"Nov 15, 03:00 pm",9.00217
"Nov 15, 04:00 pm",5.486
"Nov 15, 05:00 pm",0
"Nov 15, 06:00 pm",0
"Nov 15, 07:00 pm",0
"Nov 15, 08:00 pm",0
"Nov 15, 09:00 pm",0
"Nov 15, 10:00 pm",0
"Nov 15, 11:00 pm",0
"Nov 16, 12:00 am",0
"Nov 16, 01:00 am",0
"Nov 16, 02:00 am",0
"Nov 16, 03:00 am",0
"Nov 16, 04:00 am",0
"Nov 16, 05:00 am",0
"Nov 16, 06:00 am",0
"Nov 16, 07:00 am",0.189092
"Nov 16, 08:00 am",0.469552
"Nov 16, 09:00 am",2.7791
"Nov 16, 10:00 am",6.23412
"Nov 16, 11:00 am",8.91856
"Nov 16, 12:00 pm",10.4085
"Nov 16, 01:00 pm",10.8872
"Nov 16, 02:00 pm",10.2187
"Nov 16, 03:00 pm",8.52051
"Nov 16, 04:00 pm",5.09108
"Nov 16, 05:00 pm",0
"Nov 16, 06:00 pm",0
"Nov 16, 07:00 pm",0
"Nov 16, 08:00 pm",0
"Nov 16, 09:00 pm",0
"Nov 16, 10:00 pm",0
"Nov 16, 11:00 pm",0
"Nov 17, 12:00 am",0
"Nov 17, 01:00 am",0
"Nov 17, 02:00 am",0
"Nov 17, 03:00 am",0
"Nov 17, 04:00 am",0
"Nov 17, 05:00 am",0
"Nov 17, 06:00 am",0
"Nov 17, 07:00 am",0.198159
"Nov 17, 08:00 am",0.511419
"Nov 17, 09:00 am",2.67716
"Nov 17, 10:00 am",6.11365
"Nov 17, 11:00 am",8.74135
"Nov 17, 12:00 pm",10.244
"Nov 17, 01:00 pm",10.7129
"Nov 17, 02:00 pm",10.111
"Nov 17, 03:00 pm",8.41481
"Nov 17, 04:00 pm",4.99894
"Nov 17, 05:00 pm",0
"Nov 17, 06:00 pm",0
"Nov 17, 07:00 pm",0
"Nov 17, 08:00 pm",0
"Nov 17, 09:00 pm",0
"Nov 17, 10:00 pm",0
"Nov 17, 11:00 pm",0
"Nov 18, 12:00 am",0
"Nov 18, 01:00 am",0
"Nov 18, 02:00 am",0
"Nov 18, 03:00 am",0
"Nov 18, 04:00 am",0
"Nov 18, 05:00 am",0
"Nov 18, 06:00 am",0
"Nov 18, 07:00 am",0.166297
"Nov 18, 08:00 am",0.474497
"Nov 18, 09:00 am",2.71217
"Nov 18, 10:00 am",6.20264
"Nov 18, 11:00 am",8.93749
"Nov 18, 12:00 pm",10.5182
"Nov 18, 01:00 pm",11.0535
"Nov 18, 02:00 pm",10.4421
"Nov 18, 03:00 pm",8.71902
"Nov 18, 04:00 pm",5.20725
"Nov 18, 05:00 pm",0
"Nov 18, 06:00 pm",0
"Nov 18, 07:00 pm",0
"Nov 18, 08:00 pm",0
"Nov 18, 09:00 pm",0
"Nov 18, 10:00 pm",0
"Nov 18, 11:00 pm",0
"Nov 19, 12:00 am",0
"Nov 19, 01:00 am",0
"Nov 19, 02:00 am",0
"Nov 19, 03:00 am",0
"Nov 19, 04:00 am",0
"Nov 19, 05:00 am",0
"Nov 19, 06:00 am",0
"Nov 19, 07:00 am",0.159851
"Nov 19, 08:00 am",0.480903
"Nov 19, 09:00 am",2.60739
"Nov 19, 10:00 am",5.97725
"Nov 19, 11:00 am",8.5711
"Nov 19, 12:00 pm",10.078
"Nov 19, 01:00 pm",10.551
"Nov 19, 02:00 pm",9.90225
"Nov 19, 03:00 pm",8.21836
"Nov 19, 04:00 pm",4.86728
"Nov 19, 05:00 pm",0
"Nov 19, 06:00 pm",0
"Nov 19, 07:00 pm",0
"Nov 19, 08:00 pm",0
"Nov 19, 09:00 pm",0
"Nov 19, 10:00 pm",0
"Nov 19, 11:00 pm",0
"Nov 20, 12:00 am",0
"Nov 20, 01:00 am",0
"Nov 20, 02:00 am",0
"Nov 20, 03:00 am",0
"Nov 20, 04:00 am",0
"Nov 20, 05:00 am",0
"Nov 20, 06:00 am",0
"Nov 20, 07:00 am",0.134695
"Nov 20, 08:00 am",0.478459
"Nov 20, 09:00 am",2.55778
"Nov 20, 10:00 am",5.94057
"Nov 20, 11:00 am",8.60202
"Nov 20, 12:00 pm",10.1457
"Nov 20, 01:00 pm",10.6584
"Nov 20, 02:00 pm",10.0812
"Nov 20, 03:00 pm",8.2668
"Nov 20, 04:00 pm",4.80642
"Nov 20, 05:00 pm",0
"Nov 20, 06:00 pm",0
"Nov 20, 07:00 pm",0
"Nov 20, 08:00 pm",0
"Nov 20, 09:00 pm",0
"Nov 20, 10:00 pm",0
"Nov 20, 11:00 pm",0
"Nov 21, 12:00 am",0
"Nov 21, 01:00 am",0
"Nov 21, 02:00 am",0
"Nov 21, 03:00 am",0
"Nov 21, 04:00 am",0
"Nov 21, 05:00 am",0
"Nov 21, 06:00 am",0
"Nov 21, 07:00 am",0.115028
"Nov 21, 08:00 am",0.532888
"Nov 21, 09:00 am",2.56561
"Nov 21, 10:00 am",5.09964
"Nov 21, 11:00 am",7.03811
"Nov 21, 12:00 pm",8.89073
"Nov 21, 01:00 pm",8.26718
"Nov 21, 02:00 pm",9.97309
"Nov 21, 03:00 pm",8.21676
"Nov 21, 04:00 pm",4.77132
"Nov 21, 05:00 pm",0
"Nov 21, 06:00 pm",0
"Nov 21, 07:00 pm",0
"Nov 21, 08:00 pm",0
"Nov 21, 09:00 pm",0
"Nov 21, 10:00 pm",0
"Nov 21, 11:00 pm",0
"Nov 22, 12:00 am",0
"Nov 22, 01:00 am",0
"Nov 22, 02:00 am",0
"Nov 22, 03:00 am",0
"Nov 22, 04:00 am",0
"Nov 22, 05:00 am",0
"Nov 22, 06:00 am",0
"Nov 22, 07:00 am",0.123128
"Nov 22, 08:00 am",0.538857
"Nov 22, 09:00 am",2.51937
"Nov 22, 10:00 am",4.70697
"Nov 22, 11:00 am",6.75831
"Nov 22, 12:00 pm",7.41074
"Nov 22, 01:00 pm",8.09332
"Nov 22, 02:00 pm",8.13423
"Nov 22, 03:00 pm",5.95358
"Nov 22, 04:00 pm",3.61169
"Nov 22, 05:00 pm",0
"Nov 22, 06:00 pm",0
"Nov 22, 07:00 pm",0
"Nov 22, 08:00 pm",0
"Nov 22, 09:00 pm",0
"Nov 22, 10:00 pm",0
"Nov 22, 11:00 pm",0
"Nov 23, 12:00 am",0
"Nov 23, 01:00 am",0
"Nov 23, 02:00 am",0
"Nov 23, 03:00 am",0
"Nov 23, 04:00 am",0
"Nov 23, 05:00 am",0
"Nov 23, 06:00 am",0
"Nov 23, 07:00 am",0.124144
"Nov 23, 08:00 am",1.14501
"Nov 23, 09:00 am",2.46571
"Nov 23, 10:00 am",4.1247
"Nov 23, 11:00 am",2.90306
"Nov 23, 12:00 pm",5.35753
"Nov 23, 01:00 pm",2.62934
"Nov 23, 02:00 pm",6.95986
"Nov 23, 03:00 pm",2.4273
"Nov 23, 04:00 pm",2.15363
"Nov 23, 05:00 pm",0
"Nov 23, 06:00 pm",0
"Nov 23, 07:00 pm",0
"Nov 23, 08:00 pm",0
"Nov 23, 09:00 pm",0
"Nov 23, 10:00 pm",0
"Nov 23, 11:00 pm",0
"Nov 24, 12:00 am",0
"Nov 24, 01:00 am",0
"Nov 24, 02:00 am",0
"Nov 24, 03:00 am",0
"Nov 24, 04:00 am",0
"Nov 24, 05:00 am",0
"Nov 24, 06:00 am",0
"Nov 24, 07:00 am",0.105851
"Nov 24, 08:00 am",0.648262
"Nov 24, 09:00 am",2.28115
"Nov 24, 10:00 am",5.33404
"Nov 24, 11:00 am",7.82868
"Nov 24, 12:00 pm",9.23926
"Nov 24, 01:00 pm",9.66525
"Nov 24, 02:00 pm",9.23966
"Nov 24, 03:00 pm",7.57556
"Nov 24, 04:00 pm",4.29363
"Nov 24, 05:00 pm",0
"Nov 24, 06:00 pm",0
"Nov 24, 07:00 pm",0
"Nov 24, 08:00 pm",0
"Nov 24, 09:00 pm",0
"Nov 24, 10:00 pm",0
"Nov 24, 11:00 pm",0
"Nov 25, 12:00 am",0
"Nov 25, 01:00 am",0
"Nov 25, 02:00 am",0
"Nov 25, 03:00 am",0
"Nov 25, 04:00 am",0
"Nov 25, 05:00 am",0
"Nov 25, 06:00 am",0
"Nov 25, 07:00 am",0.0919781
"Nov 25, 08:00 am",0.487391
"Nov 25, 09:00 am",2.20587
"Nov 25, 10:00 am",5.50326
"Nov 25, 11:00 am",8.06249
"Nov 25, 12:00 pm",9.54425
"Nov 25, 01:00 pm",10.0598
"Nov 25, 02:00 pm",9.5634
"Nov 25, 03:00 pm",7.15479
"Nov 25, 04:00 pm",3.69032
"Nov 25, 05:00 pm",0
"Nov 25, 06:00 pm",0
"Nov 25, 07:00 pm",0
"Nov 25, 08:00 pm",0
"Nov 25, 09:00 pm",0
"Nov 25, 10:00 pm",0
"Nov 25, 11:00 pm",0
"Nov 26, 12:00 am",0
"Nov 26, 01:00 am",0
"Nov 26, 02:00 am",0
"Nov 26, 03:00 am",0
"Nov 26, 04:00 am",0
"Nov 26, 05:00 am",0
"Nov 26, 06:00 am",0
"Nov 26, 07:00 am",-0
"Nov 26, 08:00 am",1.03452
"Nov 26, 09:00 am",2.28118
"Nov 26, 10:00 am",5.35574
"Nov 26, 11:00 am",7.8102
"Nov 26, 12:00 pm",8.09573
"Nov 26, 01:00 pm",10.0423
"Nov 26, 02:00 pm",9.78518
"Nov 26, 03:00 pm",7.93877
"Nov 26, 04:00 pm",4.21198
"Nov 26, 05:00 pm",0
"Nov 26, 06:00 pm",0
"Nov 26, 07:00 pm",0
"Nov 26, 08:00 pm",0
"Nov 26, 09:00 pm",0
"Nov 26, 10:00 pm",0
"Nov 26, 11:00 pm",0
"Nov 27, 12:00 am",0
"Nov 27, 01:00 am",0
"Nov 27, 02:00 am",0
"Nov 27, 03:00 am",0
"Nov 27, 04:00 am",0
"Nov 27, 05:00 am",0
"Nov 27, 06:00 am",0
"Nov 27, 07:00 am",0.120998
"Nov 27, 08:00 am",1.0348
"Nov 27, 09:00 am",2.45963
"Nov 27, 10:00 am",5.87617
"Nov 27, 11:00 am",8.80992
"Nov 27, 12:00 pm",10.537
"Nov 27, 01:00 pm",11.1165
"Nov 27, 02:00 pm",10.454
"Nov 27, 03:00 pm",8.66628
"Nov 27, 04:00 pm",4.92737
"Nov 27, 05:00 pm",0
"Nov 27, 06:00 pm",0
"Nov 27, 07:00 pm",0
"Nov 27, 08:00 pm",0
"Nov 27, 09:00 pm",0
"Nov 27, 10:00 pm",0
"Nov 27, 11:00 pm",0
"Nov 28, 12:00 am",0
"Nov 28, 01:00 am",0
"Nov 28, 02:00 am",0
"Nov 28, 03:00 am",0
"Nov 28, 04:00 am",0
"Nov 28, 05:00 am",0
"Nov 28, 06:00 am",0
"Nov 28, 07:00 am",0.0809065
"Nov 28, 08:00 am",0.432539
"Nov 28, 09:00 am",2.21096
"Nov 28, 10:00 am",5.76156
"Nov 28, 11:00 am",8.60131
"Nov 28, 12:00 pm",10.2721
"Nov 28, 01:00 pm",10.849
"Nov 28, 02:00 pm",10.2479
"Nov 28, 03:00 pm",8.53379
"Nov 28, 04:00 pm",4.86332
"Nov 28, 05:00 pm",0
"Nov 28, 06:00 pm",0
"Nov 28, 07:00 pm",0
"Nov 28, 08:00 pm",0
"Nov 28, 09:00 pm",0
"Nov 28, 10:00 pm",0
"Nov 28, 11:00 pm",0
"Nov 29, 12:00 am",0
"Nov 29, 01:00 am",0
"Nov 29, 02:00 am",0
"Nov 29, 03:00 am",0
"Nov 29, 04:00 am",0
"Nov 29, 05:00 am",0
"Nov 29, 06:00 am",0
"Nov 29, 07:00 am",0.0678553
"Nov 29, 08:00 am",0.471577
"Nov 29, 09:00 am",2.03711
"Nov 29, 10:00 am",5.40621
"Nov 29, 11:00 am",8.11771
"Nov 29, 12:00 pm",9.69082
"Nov 29, 01:00 pm",10.1731
"Nov 29, 02:00 pm",9.67139
"Nov 29, 03:00 pm",7.99693
"Nov 29, 04:00 pm",1.11608
"Nov 29, 05:00 pm",0
"Nov 29, 06:00 pm",0
"Nov 29, 07:00 pm",0
"Nov 29, 08:00 pm",0
"Nov 29, 09:00 pm",0
"Nov 29, 10:00 pm",0
"Nov 29, 11:00 pm",0
"Nov 30, 12:00 am",0
"Nov 30, 01:00 am",0
"Nov 30, 02:00 am",0
"Nov 30, 03:00 am",0
"Nov 30, 04:00 am",0
"Nov 30, 05:00 am",0
"Nov 30, 06:00 am",0
"Nov 30, 07:00 am",0.0559678
"Nov 30, 08:00 am",0.466964
"Nov 30, 09:00 am",2.00152
"Nov 30, 10:00 am",5.35203
"Nov 30, 11:00 am",8.06271
"Nov 30, 12:00 pm",9.65914
"Nov 30, 01:00 pm",10.2083
"Nov 30, 02:00 pm",9.70734
"Nov 30, 03:00 pm",8.05184
"Nov 30, 04:00 pm",4.5514
"Nov 30, 05:00 pm",0
"Nov 30, 06:00 pm",0
"Nov 30, 07:00 pm",0
"Nov 30, 08:00 pm",0
"Nov 30, 09:00 pm",0
"Nov 30, 10:00 pm",0
"Nov 30, 11:00 pm",0
"Dec 1, 12:00 am",0
"Dec 1, 01:00 am",0
"Dec 1, 02:00 am",0
"Dec 1, 03:00 am",0
"Dec 1, 04:00 am",0
"Dec 1, 05:00 am",0
"Dec 1, 06:00 am",0
"Dec 1, 07:00 am",0.0814999
"Dec 1, 08:00 am",0.516599
"Dec 1, 09:00 am",1.95025
"Dec 1, 10:00 am",5.02784
"Dec 1, 11:00 am",7.64488
"Dec 1, 12:00 pm",9.14754
"Dec 1, 01:00 pm",9.5967
"Dec 1, 02:00 pm",8.94075
"Dec 1, 03:00 pm",7.20407
"Dec 1, 04:00 pm",3.74458
"Dec 1, 05:00 pm",0
"Dec 1, 06:00 pm",0
"Dec 1, 07:00 pm",0
"Dec 1, 08:00 pm",0
"Dec 1, 09:00 pm",0
"Dec 1, 10:00 pm",0
"Dec 1, 11:00 pm",0
"Dec 2, 12:00 am",0
"Dec 2, 01:00 am",0
"Dec 2, 02:00 am",0
"Dec 2, 03:00 am",0
"Dec 2, 04:00 am",0
"Dec 2, 05:00 am",0
"Dec 2, 06:00 am",0
"Dec 2, 07:00 am",0.0600905
"Dec 2, 08:00 am",0.51872
"Dec 2, 09:00 am",1.89937
"Dec 2, 10:00 am",4.90353
"Dec 2, 11:00 am",7.30603
"Dec 2, 12:00 pm",8.67244
"Dec 2, 01:00 pm",9.09524
"Dec 2, 02:00 pm",9.00392
"Dec 2, 03:00 pm",7.60562
"Dec 2, 04:00 pm",3.02889
"Dec 2, 05:00 pm",0
"Dec 2, 06:00 pm",0
"Dec 2, 07:00 pm",0
"Dec 2, 08:00 pm",0
"Dec 2, 09:00 pm",0
"Dec 2, 10:00 pm",0
"Dec 2, 11:00 pm",0
"Dec 3, 12:00 am",0
"Dec 3, 01:00 am",0
"Dec 3, 02:00 am",0
"Dec 3, 03:00 am",0
"Dec 3, 04:00 am",0
"Dec 3, 05:00 am",0
"Dec 3, 06:00 am",0
"Dec 3, 07:00 am",0.0494406
"Dec 3, 08:00 am",0.461003
"Dec 3, 09:00 am",2.06764
"Dec 3, 10:00 am",4.54786
"Dec 3, 11:00 am",7.37232
"Dec 3, 12:00 pm",8.89081
"Dec 3, 01:00 pm",9.36359
"Dec 3, 02:00 pm",8.87593
"Dec 3, 03:00 pm",7.17546
"Dec 3, 04:00 pm",3.7791
"Dec 3, 05:00 pm",0
"Dec 3, 06:00 pm",0
"Dec 3, 07:00 pm",0
"Dec 3, 08:00 pm",0
"Dec 3, 09:00 pm",0
"Dec 3, 10:00 pm",0
"Dec 3, 11:00 pm",0
"Dec 4, 12:00 am",0
"Dec 4, 01:00 am",0
"Dec 4, 02:00 am",0
"Dec 4, 03:00 am",0
"Dec 4, 04:00 am",0
"Dec 4, 05:00 am",0
"Dec 4, 06:00 am",0
"Dec 4, 07:00 am",0.0282444
"Dec 4, 08:00 am",0.90993
"Dec 4, 09:00 am",2.23919
"Dec 4, 10:00 am",4.81625
"Dec 4, 11:00 am",7.20096
"Dec 4, 12:00 pm",8.66137
"Dec 4, 01:00 pm",9.14241
"Dec 4, 02:00 pm",5.63284
"Dec 4, 03:00 pm",7.3303
"Dec 4, 04:00 pm",4.1015
"Dec 4, 05:00 pm",0
"Dec 4, 06:00 pm",0
"Dec 4, 07:00 pm",0
"Dec 4, 08:00 pm",0
"Dec 4, 09:00 pm",0
"Dec 4, 10:00 pm",0
"Dec 4, 11:00 pm",0
"Dec 5, 12:00 am",0
"Dec 5, 01:00 am",0
"Dec 5, 02:00 am",0
"Dec 5, 03:00 am",0
"Dec 5, 04:00 am",0
"Dec 5, 05:00 am",0
"Dec 5, 06:00 am",0
"Dec 5, 07:00 am",-0
"Dec 5, 08:00 am",0.938858
"Dec 5, 09:00 am",1.74339
"Dec 5, 10:00 am",4.14936
"Dec 5, 11:00 am",7.37424
"Dec 5, 12:00 pm",8.9474
"Dec 5, 01:00 pm",9.45384
"Dec 5, 02:00 pm",9.11628
"Dec 5, 03:00 pm",7.46583
"Dec 5, 04:00 pm",4.14408
"Dec 5, 05:00 pm",0
"Dec 5, 06:00 pm",0
"Dec 5, 07:00 pm",0
"Dec 5, 08:00 pm",0
"Dec 5, 09:00 pm",0
"Dec 5, 10:00 pm",0
"Dec 5, 11:00 pm",0
"Dec 6, 12:00 am",0
"Dec 6, 01:00 am",0
"Dec 6, 02:00 am",0
"Dec 6, 03:00 am",0
"Dec 6, 04:00 am",0
"Dec 6, 05:00 am",0
"Dec 6, 06:00 am",0
"Dec 6, 07:00 am",-0
"Dec 6, 08:00 am",0.884922
"Dec 6, 09:00 am",2.13603
"Dec 6, 10:00 am",4.13808
"Dec 6, 11:00 am",6.25743
"Dec 6, 12:00 pm",8.90526
"Dec 6, 01:00 pm",7.65971
"Dec 6, 02:00 pm",5.41067
"Dec 6, 03:00 pm",3.63471
"Dec 6, 04:00 pm",1.06232
"Dec 6, 05:00 pm",0
"Dec 6, 06:00 pm",0
"Dec 6, 07:00 pm",0
"Dec 6, 08:00 pm",0
"Dec 6, 09:00 pm",0
"Dec 6, 10:00 pm",0
"Dec 6, 11:00 pm",0
"Dec 7, 12:00 am",0
"Dec 7, 01:00 am",0
"Dec 7, 02:00 am",0
"Dec 7, 03:00 am",0
"Dec 7, 04:00 am",0
"Dec 7, 05:00 am",0
"Dec 7, 06:00 am",0
"Dec 7, 07:00 am",0.0181929
"Dec 7, 08:00 am",0.456022
"Dec 7, 09:00 am",1.65477
"Dec 7, 10:00 am",4.74631
"Dec 7, 11:00 am",7.41803
"Dec 7, 12:00 pm",9.01887
"Dec 7, 01:00 pm",9.5436
"Dec 7, 02:00 pm",9.1173
"Dec 7, 03:00 pm",7.44021
"Dec 7, 04:00 pm",4.10485
"Dec 7, 05:00 pm",0
"Dec 7, 06:00 pm",0
"Dec 7, 07:00 pm",0
"Dec 7, 08:00 pm",0
"Dec 7, 09:00 pm",0
"Dec 7, 10:00 pm",0
"Dec 7, 11:00 pm",0
"Dec 8, 12:00 am",0
"Dec 8, 01:00 am",0
"Dec 8, 02:00 am",0
"Dec 8, 03:00 am",0
"Dec 8, 04:00 am",0
"Dec 8, 05:00 am",0
"Dec 8, 06:00 am",0
"Dec 8, 07:00 am",0.01919
"Dec 8, 08:00 am",0.491342
"Dec 8, 09:00 am",1.64624
"Dec 8, 10:00 am",4.75767
"Dec 8, 11:00 am",7.40195
"Dec 8, 12:00 pm",8.98086
"Dec 8, 01:00 pm",9.53288
"Dec 8, 02:00 pm",9.23668
"Dec 8, 03:00 pm",7.66958
"Dec 8, 04:00 pm",4.28798
"Dec 8, 05:00 pm",0
"Dec 8, 06:00 pm",0
"Dec 8, 07:00 pm",0
"Dec 8, 08:00 pm",0
"Dec 8, 09:00 pm",0
"Dec 8, 10:00 pm",0
"Dec 8, 11:00 pm",0
"Dec 9, 12:00 am",0
"Dec 9, 01:00 am",0
"Dec 9, 02:00 am",0
"Dec 9, 03:00 am",0
"Dec 9, 04:00 am",0
"Dec 9, 05:00 am",0
"Dec 9, 06:00 am",0
"Dec 9, 07:00 am",-0
"Dec 9, 08:00 am",0.475085
"Dec 9, 09:00 am",1.65851
"Dec 9, 10:00 am",4.72689
"Dec 9, 11:00 am",7.43553
"Dec 9, 12:00 pm",9.14828
"Dec 9, 01:00 pm",9.80319
"Dec 9, 02:00 pm",9.37359
"Dec 9, 03:00 pm",7.75469
"Dec 9, 04:00 pm",2.70796
"Dec 9, 05:00 pm",0
"Dec 9, 06:00 pm",0
"Dec 9, 07:00 pm",0
"Dec 9, 08:00 pm",0
"Dec 9, 09:00 pm",0
"Dec 9, 10:00 pm",0
"Dec 9, 11:00 pm",0
"Dec 10, 12:00 am",0
"Dec 10, 01:00 am",0
"Dec 10, 02:00 am",0
"Dec 10, 03:00 am",0
"Dec 10, 04:00 am",0
"Dec 10, 05:00 am",0
"Dec 10, 06:00 am",0
"Dec 10, 07:00 am",-0
"Dec 10, 08:00 am",0.37205
"Dec 10, 09:00 am",1.58964
"Dec 10, 10:00 am",4.94625
"Dec 10, 11:00 am",7.87023
"Dec 10, 12:00 pm",9.73173
"Dec 10, 01:00 pm",10.4028
"Dec 10, 02:00 pm",9.85045
"Dec 10, 03:00 pm",8.20739
"Dec 10, 04:00 pm",4.65464
"Dec 10, 05:00 pm",0
"Dec 10, 06:00 pm",0
"Dec 10, 07:00 pm",0
"Dec 10, 08:00 pm",0
"Dec 10, 09:00 pm",0
"Dec 10, 10:00 pm",0
"Dec 10, 11:00 pm",0
"Dec 11, 12:00 am",0
"Dec 11, 01:00 am",0
"Dec 11, 02:00 am",0
"Dec 11, 03:00 am",0
"Dec 11, 04:00 am",0
"Dec 11, 05:00 am",0
"Dec 11, 06:00 am",0
"Dec 11, 07:00 am",-0
"Dec 11, 08:00 am",0.418266
"Dec 11, 09:00 am",1.59588
"Dec 11, 10:00 am",4.81282
"Dec 11, 11:00 am",7.47668
"Dec 11, 12:00 pm",9.12001
"Dec 11, 01:00 pm",9.6363
"Dec 11, 02:00 pm",9.3051
"Dec 11, 03:00 pm",7.79002
"Dec 11, 04:00 pm",2.08676
"Dec 11, 05:00 pm",0
"Dec 11, 06:00 pm",0
"Dec 11, 07:00 pm",0
"Dec 11, 08:00 pm",0
"Dec 11, 09:00 pm",0
"Dec 11, 10:00 pm",0
"Dec 11, 11:00 pm",0
"Dec 12, 12:00 am",0
"Dec 12, 01:00 am",0
"Dec 12, 02:00 am",0
"Dec 12, 03:00 am",0
"Dec 12, 04:00 am",0
"Dec 12, 05:00 am",0
"Dec 12, 06:00 am",0
"Dec 12, 07:00 am",-0
"Dec 12, 08:00 am",0.461779
"Dec 12, 09:00 am",1.521
"Dec 12, 10:00 am",3.96406
"Dec 12, 11:00 am",6.20675
"Dec 12, 12:00 pm",9.23356
"Dec 12, 01:00 pm",9.84571
"Dec 12, 02:00 pm",9.44545
"Dec 12, 03:00 pm",7.75795
"Dec 12, 04:00 pm",4.29686
"Dec 12, 05:00 pm",0
"Dec 12, 06:00 pm",0
"Dec 12, 07:00 pm",0
"Dec 12, 08:00 pm",0
"Dec 12, 09:00 pm",0
"Dec 12, 10:00 pm",0
"Dec 12, 11:00 pm",0
"Dec 13, 12:00 am",0
"Dec 13, 01:00 am",0
"Dec 13, 02:00 am",0
"Dec 13, 03:00 am",0
"Dec 13, 04:00 am",0
"Dec 13, 05:00 am",0
"Dec 13, 06:00 am",0
"Dec 13, 07:00 am",-0
"Dec 13, 08:00 am",0.534503
"Dec 13, 09:00 am",1.95075
"Dec 13, 10:00 am",3.95941
"Dec 13, 11:00 am",6.22151
"Dec 13, 12:00 pm",5.44267
"Dec 13, 01:00 pm",4.86596
"Dec 13, 02:00 pm",4.22019
"Dec 13, 03:00 pm",2.2544
"Dec 13, 04:00 pm",0.890953
"Dec 13, 05:00 pm",0
"Dec 13, 06:00 pm",0
"Dec 13, 07:00 pm",0
"Dec 13, 08:00 pm",0
"Dec 13, 09:00 pm",0
"Dec 13, 10:00 pm",0
"Dec 13, 11:00 pm",0
"Dec 14, 12:00 am",0
"Dec 14, 01:00 am",0
"Dec 14, 02:00 am",0
"Dec 14, 03:00 am",0
"Dec 14, 04:00 am",0
"Dec 14, 05:00 am",0
"Dec 14, 06:00 am",0
"Dec 14, 07:00 am",-0
"Dec 14, 08:00 am",0.445678
"Dec 14, 09:00 am",2.01982
"Dec 14, 10:00 am",4.68537
"Dec 14, 11:00 am",7.52568
"Dec 14, 12:00 pm",9.35696
"Dec 14, 01:00 pm",10.0352
"Dec 14, 02:00 pm",0.623688
"Dec 14, 03:00 pm",7.72197
"Dec 14, 04:00 pm",2.00327
"Dec 14, 05:00 pm",0
"Dec 14, 06:00 pm",0
"Dec 14, 07:00 pm",0
"Dec 14, 08:00 pm",0
"Dec 14, 09:00 pm",0
"Dec 14, 10:00 pm",0
"Dec 14, 11:00 pm",0
"Dec 15, 12:00 am",0
"Dec 15, 01:00 am",0
"Dec 15, 02:00 am",0
"Dec 15, 03:00 am",0
"Dec 15, 04:00 am",0
"Dec 15, 05:00 am",0
"Dec 15, 06:00 am",0
"Dec 15, 07:00 am",-0
"Dec 15, 08:00 am",0.774808
"Dec 15, 09:00 am",0.0310337
"Dec 15, 10:00 am",1.13607
"Dec 15, 11:00 am",2.37184
"Dec 15, 12:00 pm",3.71239
"Dec 15, 01:00 pm",2.85864
"Dec 15, 02:00 pm",4.12976
"Dec 15, 03:00 pm",0.290185
"Dec 15, 04:00 pm",-0
"Dec 15, 05:00 pm",0
"Dec 15, 06:00 pm",0
"Dec 15, 07:00 pm",0
"Dec 15, 08:00 pm",0
"Dec 15, 09:00 pm",0
"Dec 15, 10:00 pm",0
"Dec 15, 11:00 pm",0
"Dec 16, 12:00 am",0
"Dec 16, 01:00 am",0
"Dec 16, 02:00 am",0
"Dec 16, 03:00 am",0
"Dec 16, 04:00 am",0
"Dec 16, 05:00 am",0
"Dec 16, 06:00 am",0
"Dec 16, 07:00 am",-0
"Dec 16, 08:00 am",0.464604
"Dec 16, 09:00 am",1.4778
"Dec 16, 10:00 am",4.5225
"Dec 16, 11:00 am",7.18105
"Dec 16, 12:00 pm",8.87689
"Dec 16, 01:00 pm",9.58883
"Dec 16, 02:00 pm",9.30271
"Dec 16, 03:00 pm",7.72947
"Dec 16, 04:00 pm",0.935119
"Dec 16, 05:00 pm",0
"Dec 16, 06:00 pm",0
"Dec 16, 07:00 pm",0
"Dec 16, 08:00 pm",0
"Dec 16, 09:00 pm",0
"Dec 16, 10:00 pm",0
"Dec 16, 11:00 pm",0
"Dec 17, 12:00 am",0
"Dec 17, 01:00 am",0
"Dec 17, 02:00 am",0
"Dec 17, 03:00 am",0
"Dec 17, 04:00 am",0
"Dec 17, 05:00 am",0
"Dec 17, 06:00 am",0
"Dec 17, 07:00 am",-0
"Dec 17, 08:00 am",0.452212
"Dec 17, 09:00 am",1.44009
"Dec 17, 10:00 am",4.4763
"Dec 17, 11:00 am",7.13969
"Dec 17, 12:00 pm",8.86259
"Dec 17, 01:00 pm",9.51755
"Dec 17, 02:00 pm",9.12298
"Dec 17, 03:00 pm",7.59266
"Dec 17, 04:00 pm",4.23121
"Dec 17, 05:00 pm",0
"Dec 17, 06:00 pm",0
"Dec 17, 07:00 pm",0
"Dec 17, 08:00 pm",0
"Dec 17, 09:00 pm",0
"Dec 17, 10:00 pm",0
"Dec 17, 11:00 pm",0
"Dec 18, 12:00 am",0
"Dec 18, 01:00 am",0
"Dec 18, 02:00 am",0
"Dec 18, 03:00 am",0
"Dec 18, 04:00 am",0
"Dec 18, 05:00 am",0
"Dec 18, 06:00 am",0
"Dec 18, 07:00 am",-0
"Dec 18, 08:00 am",0.817064
"Dec 18, 09:00 am",1.41526
"Dec 18, 10:00 am",3.76738
"Dec 18, 11:00 am",5.42602
"Dec 18, 12:00 pm",6.76952
"Dec 18, 01:00 pm",3.62625
"Dec 18, 02:00 pm",1.50064
"Dec 18, 03:00 pm",1.36053
"Dec 18, 04:00 pm",0.320844
"Dec 18, 05:00 pm",0
"Dec 18, 06:00 pm",0
"Dec 18, 07:00 pm",0
"Dec 18, 08:00 pm",0
"Dec 18, 09:00 pm",0
"Dec 18, 10:00 pm",0
"Dec 18, 11:00 pm",0
"Dec 19, 12:00 am",0
"Dec 19, 01:00 am",0
"Dec 19, 02:00 am",0
"Dec 19, 03:00 am",0
"Dec 19, 04:00 am",0
"Dec 19, 05:00 am",0
"Dec 19, 06:00 am",0
"Dec 19, 07:00 am",-0
"Dec 19, 08:00 am",0.492527
"Dec 19, 09:00 am",1.46353
"Dec 19, 10:00 am",4.70072
"Dec 19, 11:00 am",7.77411
"Dec 19, 12:00 pm",9.77514
"Dec 19, 01:00 pm",10.5438
"Dec 19, 02:00 pm",10.1656
"Dec 19, 03:00 pm",8.56312
"Dec 19, 04:00 pm",5.04593
"Dec 19, 05:00 pm",0
"Dec 19, 06:00 pm",0
"Dec 19, 07:00 pm",0
"Dec 19, 08:00 pm",0
"Dec 19, 09:00 pm",0
"Dec 19, 10:00 pm",0
"Dec 19, 11:00 pm",0
"Dec 20, 12:00 am",0
"Dec 20, 01:00 am",0
"Dec 20, 02:00 am",0
"Dec 20, 03:00 am",0
"Dec 20, 04:00 am",0
"Dec 20, 05:00 am",0
"Dec 20, 06:00 am",0
"Dec 20, 07:00 am",-0
"Dec 20, 08:00 am",0.423295
"Dec 20, 09:00 am",1.40383
"Dec 20, 10:00 am",4.74639
"Dec 20, 11:00 am",7.65066
"Dec 20, 12:00 pm",9.54056
"Dec 20, 01:00 pm",10.2466
"Dec 20, 02:00 pm",9.8532
"Dec 20, 03:00 pm",5.61021
"Dec 20, 04:00 pm",2.11617
"Dec 20, 05:00 pm",0
"Dec 20, 06:00 pm",0
"Dec 20, 07:00 pm",0
"Dec 20, 08:00 pm",0
"Dec 20, 09:00 pm",0
"Dec 20, 10:00 pm",0
"Dec 20, 11:00 pm",0
"Dec 21, 12:00 am",0
"Dec 21, 01:00 am",0
"Dec 21, 02:00 am",0
"Dec 21, 03:00 am",0
"Dec 21, 04:00 am",0
"Dec 21, 05:00 am",0
"Dec 21, 06:00 am",0
"Dec 21, 07:00 am",-0
"Dec 21, 08:00 am",0.461633
"Dec 21, 09:00 am",1.35397
"Dec 21, 10:00 am",4.61238
"Dec 21, 11:00 am",7.41768
"Dec 21, 12:00 pm",9.24058
"Dec 21, 01:00 pm",9.88708
"Dec 21, 02:00 pm",9.57458
"Dec 21, 03:00 pm",5.03288
"Dec 21, 04:00 pm",1.39861
"Dec 21, 05:00 pm",0
"Dec 21, 06:00 pm",0
"Dec 21, 07:00 pm",0
"Dec 21, 08:00 pm",0
"Dec 21, 09:00 pm",0
"Dec 21, 10:00 pm",0
"Dec 21, 11:00 pm",0
"Dec 22, 12:00 am",0
"Dec 22, 01:00 am",0
"Dec 22, 02:00 am",0
"Dec 22, 03:00 am",0
"Dec 22, 04:00 am",0
"Dec 22, 05:00 am",0
"Dec 22, 06:00 am",0
"Dec 22, 07:00 am",-0
"Dec 22, 08:00 am",0.478159
"Dec 22, 09:00 am",1.35568
"Dec 22, 10:00 am",4.29466
"Dec 22, 11:00 am",6.8311
"Dec 22, 12:00 pm",8.48445
"Dec 22, 01:00 pm",6.53616
"Dec 22, 02:00 pm",6.72498
"Dec 22, 03:00 pm",2.34487
"Dec 22, 04:00 pm",4.73524
"Dec 22, 05:00 pm",0
"Dec 22, 06:00 pm",0
"Dec 22, 07:00 pm",0
"Dec 22, 08:00 pm",0
"Dec 22, 09:00 pm",0
"Dec 22, 10:00 pm",0
"Dec 22, 11:00 pm",0
"Dec 23, 12:00 am",0
"Dec 23, 01:00 am",0
"Dec 23, 02:00 am",0
"Dec 23, 03:00 am",0
"Dec 23, 04:00 am",0
"Dec 23, 05:00 am",0
"Dec 23, 06:00 am",0
"Dec 23, 07:00 am",-0
"Dec 23, 08:00 am",0.516992
"Dec 23, 09:00 am",1.35399
"Dec 23, 10:00 am",4.38188
"Dec 23, 11:00 am",7.11599
"Dec 23, 12:00 pm",8.87962
"Dec 23, 01:00 pm",9.51711
"Dec 23, 02:00 pm",9.29601
"Dec 23, 03:00 pm",3.86088
"Dec 23, 04:00 pm",1.09229
"Dec 23, 05:00 pm",0
"Dec 23, 06:00 pm",0
"Dec 23, 07:00 pm",0
"Dec 23, 08:00 pm",0
"Dec 23, 09:00 pm",0
"Dec 23, 10:00 pm",0
"Dec 23, 11:00 pm",0
"Dec 24, 12:00 am",0
"Dec 24, 01:00 am",0
"Dec 24, 02:00 am",0
"Dec 24, 03:00 am",0
"Dec 24, 04:00 am",0
"Dec 24, 05:00 am",0
"Dec 24, 06:00 am",0
"Dec 24, 07:00 am",-0
"Dec 24, 08:00 am",0.288188
"Dec 24, 09:00 am",1.25918
"Dec 24, 10:00 am",4.2613
"Dec 24, 11:00 am",7.16816
"Dec 24, 12:00 pm",9.03761
"Dec 24, 01:00 pm",9.76443
"Dec 24, 02:00 pm",9.22475
"Dec 24, 03:00 pm",7.53219
"Dec 24, 04:00 pm",4.05397
"Dec 24, 05:00 pm",0
"Dec 24, 06:00 pm",0
"Dec 24, 07:00 pm",0
"Dec 24, 08:00 pm",0
"Dec 24, 09:00 pm",0
"Dec 24, 10:00 pm",0
"Dec 24, 11:00 pm",0
"Dec 25, 12:00 am",0
"Dec 25, 01:00 am",0
"Dec 25, 02:00 am",0
"Dec 25, 03:00 am",0
"Dec 25, 04:00 am",0
"Dec 25, 05:00 am",0
"Dec 25, 06:00 am",0
"Dec 25, 07:00 am",0
"Dec 25, 08:00 am",0.356706
"Dec 25, 09:00 am",1.87814
"Dec 25, 10:00 am",3.94084
"Dec 25, 11:00 am",5.02455
"Dec 25, 12:00 pm",4.31748
"Dec 25, 01:00 pm",7.6153
"Dec 25, 02:00 pm",4.77263
"Dec 25, 03:00 pm",4.01746
"Dec 25, 04:00 pm",1.61449
"Dec 25, 05:00 pm",0
"Dec 25, 06:00 pm",0
"Dec 25, 07:00 pm",0
"Dec 25, 08:00 pm",0
"Dec 25, 09:00 pm",0
"Dec 25, 10:00 pm",0
"Dec 25, 11:00 pm",0
"Dec 26, 12:00 am",0
"Dec 26, 01:00 am",0
"Dec 26, 02:00 am",0
"Dec 26, 03:00 am",0
"Dec 26, 04:00 am",0
"Dec 26, 05:00 am",0
"Dec 26, 06:00 am",0
"Dec 26, 07:00 am",0
"Dec 26, 08:00 am",0.566207
"Dec 26, 09:00 am",1.7857
"Dec 26, 10:00 am",3.89527
"Dec 26, 11:00 am",5.53237
"Dec 26, 12:00 pm",6.7246
"Dec 26, 01:00 pm",7.24231
"Dec 26, 02:00 pm",9.65376
"Dec 26, 03:00 pm",8.08977
"Dec 26, 04:00 pm",4.77556
"Dec 26, 05:00 pm",0
"Dec 26, 06:00 pm",0
"Dec 26, 07:00 pm",0
"Dec 26, 08:00 pm",0
"Dec 26, 09:00 pm",0
"Dec 26, 10:00 pm",0
"Dec 26, 11:00 pm",0
"Dec 27, 12:00 am",0
"Dec 27, 01:00 am",0
"Dec 27, 02:00 am",0
"Dec 27, 03:00 am",0
"Dec 27, 04:00 am",0
"Dec 27, 05:00 am",0
"Dec 27, 06:00 am",0
"Dec 27, 07:00 am",0
"Dec 27, 08:00 am",0.780064
"Dec 27, 09:00 am",1.90334
"Dec 27, 10:00 am",3.04062
"Dec 27, 11:00 am",5.90883
"Dec 27, 12:00 pm",9.12042
"Dec 27, 01:00 pm",6.65524
"Dec 27, 02:00 pm",9.64987
"Dec 27, 03:00 pm",8.13742
"Dec 27, 04:00 pm",4.96625
"Dec 27, 05:00 pm",0
"Dec 27, 06:00 pm",0
"Dec 27, 07:00 pm",0
"Dec 27, 08:00 pm",0
"Dec 27, 09:00 pm",0
"Dec 27, 10:00 pm",0
"Dec 27, 11:00 pm",0
"Dec 28, 12:00 am",0
"Dec 28, 01:00 am",0
"Dec 28, 02:00 am",0
"Dec 28, 03:00 am",0
"Dec 28, 04:00 am",0
"Dec 28, 05:00 am",0
"Dec 28, 06:00 am",0
"Dec 28, 07:00 am",0
"Dec 28, 08:00 am",0.411105
"Dec 28, 09:00 am",1.18797
"Dec 28, 10:00 am",4.44694
"Dec 28, 11:00 am",7.40285
"Dec 28, 12:00 pm",9.30443
"Dec 28, 01:00 pm",9.99555
"Dec 28, 02:00 pm",9.68768
"Dec 28, 03:00 pm",8.22657
"Dec 28, 04:00 pm",5.13462
"Dec 28, 05:00 pm",0
"Dec 28, 06:00 pm",0
"Dec 28, 07:00 pm",0
"Dec 28, 08:00 pm",0
"Dec 28, 09:00 pm",0
"Dec 28, 10:00 pm",0
"Dec 28, 11:00 pm",0
"Dec 29, 12:00 am",0
"Dec 29, 01:00 am",0
"Dec 29, 02:00 am",0
"Dec 29, 03:00 am",0
"Dec 29, 04:00 am",0
"Dec 29, 05:00 am",0
"Dec 29, 06:00 am",0
"Dec 29, 07:00 am",0
"Dec 29, 08:00 am",0.458354
"Dec 29, 09:00 am",1.23252
"Dec 29, 10:00 am",4.38052
"Dec 29, 11:00 am",7.2217
"Dec 29, 12:00 pm",8.99578
"Dec 29, 01:00 pm",6.41755
"Dec 29, 02:00 pm",6.10617
"Dec 29, 03:00 pm",4.7797
"Dec 29, 04:00 pm",2.37592
"Dec 29, 05:00 pm",0
"Dec 29, 06:00 pm",0
"Dec 29, 07:00 pm",0
"Dec 29, 08:00 pm",0
"Dec 29, 09:00 pm",0
"Dec 29, 10:00 pm",0
"Dec 29, 11:00 pm",0
"Dec 30, 12:00 am",0
"Dec 30, 01:00 am",0
"Dec 30, 02:00 am",0
"Dec 30, 03:00 am",0
"Dec 30, 04:00 am",0
"Dec 30, 05:00 am",0
"Dec 30, 06:00 am",0
"Dec 30, 07:00 am",0
"Dec 30, 08:00 am",0.0753216
"Dec 30, 09:00 am",1.59618
"Dec 30, 10:00 am",1.23806
"Dec 30, 11:00 am",3.16511
"Dec 30, 12:00 pm",5.18807
"Dec 30, 01:00 pm",3.42331
"Dec 30, 02:00 pm",3.32371
"Dec 30, 03:00 pm",1.95833
"Dec 30, 04:00 pm",0.208804
"Dec 30, 05:00 pm",-0
"Dec 30, 06:00 pm",0
"Dec 30, 07:00 pm",0
"Dec 30, 08:00 pm",0
"Dec 30, 09:00 pm",0
"Dec 30, 10:00 pm",0
"Dec 30, 11:00 pm",0
"Dec 31, 12:00 am",0
"Dec 31, 01:00 am",0
"Dec 31, 02:00 am",0
"Dec 31, 03:00 am",0
"Dec 31, 04:00 am",0
"Dec 31, 05:00 am",0
"Dec 31, 06:00 am",0
"Dec 31, 07:00 am",0
"Dec 31, 08:00 am",0.549959
"Dec 31, 09:00 am",1.34665
"Dec 31, 10:00 am",4.37961
"Dec 31, 11:00 am",7.27591
"Dec 31, 12:00 pm",9.21682
"Dec 31, 01:00 pm",10.0134
"Dec 31, 02:00 pm",6.76067
"Dec 31, 03:00 pm",8.27898
"Dec 31, 04:00 pm",5.05175
"Dec 31, 05:00 pm",-0
"Dec 31, 06:00 pm",0
"Dec 31, 07:00 pm",0
"Dec 31, 08:00 pm",0
"Dec 31, 09:00 pm",0
"Dec 31, 10:00 pm",0
"Dec 31, 11:00 pm",0
